{
  "summary": {
    "successRate": 1,
    "total": 10.000954483,
    "slowest": 0.017525016,
    "fastest": 0.002268348,
    "average": 0.0036009832321357393,
    "requestsPerSec": 13857.377336890737,
    "totalData": 1801631,
    "sizePerRequest": 13,
    "sizePerSec": 180145.90537957958
  },
  "responseTimeHistogram": {
    "0.002268348": 1,
    "0.0037940148": 106411,
    "0.0053196816": 30474,
    "0.0068453483999999995": 1339,
    "0.0083710152": 201,
    "0.009896682": 111,
    "0.011422348799999999": 5,
    "0.0129480156": 8,
    "0.0144736824": 17,
    "0.0159993492": 16,
    "0.017525016": 4
  },
  "latencyPercentiles": {
    "p10": 0.003278859,
    "p25": 0.003346795,
    "p50": 0.003438042,
    "p75": 0.00377201,
    "p90": 0.0040296,
    "p95": 0.004319741,
    "p99": 0.005509572
  },
  "rps": {
    "mean": 13858.025092412627,
    "stddev": 1405.014431916744,
    "max": 16615.318223198257,
    "percentiles": {
      "p10": 12586.668019984962,
      "p25": 13344.558816343484,
      "p50": 14106.155926447278,
      "p75": 14759.322143490695,
      "p90": 15068.587355331025,
      "p95": 15248.838981489758,
      "p99": 15694.044389637103
    }
  },
  "details": {
    "DNSDialup": {
      "average": 0.00115358302,
      "fastest": 0.00015309,
      "slowest": 0.002126113
    },
    "DNSLookup": {
      "average": 0.000037312080000000003,
      "fastest": 0.000003526,
      "slowest": 0.001293474
    }
  },
  "statusCodeDistribution": {
    "200": 138587
  },
  "errorDistribution": {}
}