{
  "summary": {
    "successRate": 1,
    "total": 10.000387399,
    "slowest": 0.015279894,
    "fastest": 0.000960381,
    "average": 0.003315412623046441,
    "requestsPerSec": 15049.017002586223,
    "totalData": 1956448,
    "sizePerRequest": 13,
    "sizePerSec": 195637.2210336209
  },
  "responseTimeHistogram": {
    "0.000960381": 1,
    "0.0023923323": 1457,
    "0.0038242835999999997": 114700,
    "0.0052562349": 19406,
    "0.0066881862": 13896,
    "0.0081201375": 556,
    "0.0095520888": 275,
    "0.0109840401": 138,
    "0.0124159914": 20,
    "0.0138479427": 30,
    "0.015279893999999999": 17
  },
  "latencyPercentiles": {
    "p10": 0.002505812,
    "p25": 0.002575296,
    "p50": 0.002690565,
    "p75": 0.003429955,
    "p90": 0.00525402,
    "p95": 0.005627838,
    "p99": 0.006393525
  },
  "rps": {
    "mean": 15048.46806596515,
    "stddev": 1556.7841916234293,
    "max": 17722.951221832474,
    "percentiles": {
      "p10": 13969.68638355486,
      "p25": 14651.938190498306,
      "p50": 15341.477217806529,
      "p75": 15945.58204082223,
      "p90": 16278.098129026299,
      "p95": 16462.204084353187,
      "p99": 16852.252092839324
    }
  },
  "details": {
    "DNSDialup": {
      "average": 0.0012107136399999998,
      "fastest": 0.000090886,
      "slowest": 0.00281144
    },
    "DNSLookup": {
      "average": 0.000010305600000000002,
      "fastest": 0.000004027,
      "slowest": 0.000179008
    }
  },
  "statusCodeDistribution": {
    "200": 150496
  },
  "errorDistribution": {}
}