{
  "summary": {
    "successRate": 1,
    "total": 10.000659168,
    "slowest": 0.015993281,
    "fastest": 0.001140088,
    "average": 0.0035869227491322243,
    "requestsPerSec": 13913.582861141258,
    "totalData": 1808885,
    "sizePerRequest": 13,
    "sizePerSec": 180876.57719483637
  },
  "responseTimeHistogram": {
    "0.001140088": 1,
    "0.0026254073000000003": 709,
    "0.0041107266": 126169,
    "0.0055960459": 10919,
    "0.0070813652": 975,
    "0.008566684500000001": 235,
    "0.0100520038": 88,
    "0.0115373231": 6,
    "0.0130226424": 11,
    "0.014507961699999999": 17,
    "0.015993281": 15
  },
  "latencyPercentiles": {
    "p10": 0.003293089,
    "p25": 0.0033713,
    "p50": 0.003455647,
    "p75": 0.003673568,
    "p90": 0.004072609,
    "p95": 0.004272177,
    "p99": 0.005569303
  },
  "rps": {
    "mean": 13913.99224457501,
    "stddev": 1485.605651508424,
    "max": 21592.200856879255,
    "percentiles": {
      "p10": 12642.535811738053,
      "p25": 13404.270600612212,
      "p50": 14263.03405269277,
      "p75": 14659.739906091962,
      "p90": 15077.236157665426,
      "p95": 15376.919682896954,
      "p99": 16847.785373655992
    }
  },
  "details": {
    "DNSDialup": {
      "average": 0.00080942316,
      "fastest": 0.00009485,
      "slowest": 0.001081227
    },
    "DNSLookup": {
      "average": 0.000006748619999999998,
      "fastest": 0.000003126,
      "slowest": 0.000024506
    }
  },
  "statusCodeDistribution": {
    "200": 139145
  },
  "errorDistribution": {}
}