{
  "summary": {
    "successRate": 1,
    "total": 10.000619034,
    "slowest": 0.0175464,
    "fastest": 0.000609004,
    "average": 0.0036885988386553105,
    "requestsPerSec": 13527.962573121651,
    "totalData": 1758744,
    "sizePerRequest": 13,
    "sizePerSec": 175863.51345058146
  },
  "responseTimeHistogram": {
    "0.000609004": 1,
    "0.0023027436": 173,
    "0.0039964832": 116924,
    "0.0056902228": 16783,
    "0.0073839624": 939,
    "0.009077702": 319,
    "0.0107714416": 99,
    "0.0124651812": 5,
    "0.0141589208": 10,
    "0.015852660400000003": 18,
    "0.0175464": 17
  },
  "latencyPercentiles": {
    "p10": 0.003351243,
    "p25": 0.003437752,
    "p50": 0.00355029,
    "p75": 0.003831939,
    "p90": 0.004145513,
    "p95": 0.004507558,
    "p99": 0.005729616
  },
  "rps": {
    "mean": 13536.308817040128,
    "stddev": 1569.2665300144588,
    "max": 19052.39032538121,
    "percentiles": {
      "p10": 12206.278909871717,
      "p25": 12768.69814978581,
      "p50": 13674.133091275606,
      "p75": 14412.146557117532,
      "p90": 14998.97642120166,
      "p95": 15454.281744504427,
      "p99": 16967.105629927533
    }
  },
  "details": {
    "DNSDialup": {
      "average": 0.00048964994,
      "fastest": 0.000071774,
      "slowest": 0.000909707
    },
    "DNSLookup": {
      "average": 0.00000735238,
      "fastest": 0.000003356,
      "slowest": 0.000036417
    }
  },
  "statusCodeDistribution": {
    "200": 135288
  },
  "errorDistribution": {}
}