{
  "summary": {
    "successRate": 1,
    "total": 10.001321981,
    "slowest": 0.015879704,
    "fastest": 0.000543503,
    "average": 0.002443548776147901,
    "requestsPerSec": 20441.59765962843,
    "totalData": 2657759,
    "sizePerRequest": 13,
    "sizePerSec": 265740.7695751696
  },
  "responseTimeHistogram": {
    "0.000543503": 1,
    "0.0020771231": 135448,
    "0.0036107432": 59191,
    "0.0051443633": 8080,
    "0.0066779834": 814,
    "0.008211603500000001": 568,
    "0.009745223600000002": 84,
    "0.011278843700000001": 107,
    "0.012812463800000002": 88,
    "0.014346083900000002": 30,
    "0.015879704": 32
  },
  "latencyPercentiles": {
    "p10": 0.001936805,
    "p25": 0.001958512,
    "p50": 0.001996406,
    "p75": 0.003023908,
    "p90": 0.003370109,
    "p95": 0.003579223,
    "p99": 0.004762732
  },
  "rps": {
    "mean": 20468.562454841707,
    "stddev": 2950.393754176635,
    "max": 25877.713065297063,
    "percentiles": {
      "p10": 18810.108552335805,
      "p25": 19818.379565209096,
      "p50": 20560.84854621996,
      "p75": 22201.278532452056,
      "p90": 23346.775264242217,
      "p95": 23907.52168803958,
      "p99": 24198.610092333107
    }
  },
  "details": {
    "DNSDialup": {
      "average": 0.00159897044,
      "fastest": 0.000356202,
      "slowest": 0.003047519
    },
    "DNSLookup": {
      "average": 0.00000432604,
      "fastest": 0.0000029,
      "slowest": 0.0000366
    }
  },
  "statusCodeDistribution": {
    "200": 204443
  },
  "errorDistribution": {}
}