{
  "summary": {
    "successRate": 1,
    "total": 10.000736085,
    "slowest": 0.016852828,
    "fastest": 0.000407198,
    "average": 0.0023237237616068785,
    "requestsPerSec": 21496.517673578826,
    "totalData": 2794753,
    "sizePerRequest": 13,
    "sizePerSec": 279454.7297565247
  },
  "responseTimeHistogram": {
    "0.000407198": 1,
    "0.002051761": 146244,
    "0.003696324": 60256,
    "0.005340887": 6368,
    "0.00698545": 1369,
    "0.008630012999999999": 160,
    "0.010274575999999999": 235,
    "0.011919138999999999": 263,
    "0.013563701999999999": 42,
    "0.015208264999999999": 26,
    "0.016852828": 17
  },
  "latencyPercentiles": {
    "p10": 0.001850092,
    "p25": 0.001871892,
    "p50": 0.001906492,
    "p75": 0.002921888,
    "p90": 0.003140187,
    "p95": 0.003347174,
    "p99": 0.005327277
  },
  "rps": {
    "mean": 21501.054960709662,
    "stddev": 3371.736204940071,
    "max": 26061.572988270807,
    "percentiles": {
      "p10": 20108.539865630202,
      "p25": 21150.458013168798,
      "p50": 22125.614824281525,
      "p75": 22849.453071282063,
      "p90": 24410.015353357867,
      "p95": 24840.262367614123,
      "p99": 25558.60571907479
    }
  },
  "details": {
    "DNSDialup": {
      "average": 0.0014929216400000006,
      "fastest": 0.000068399,
      "slowest": 0.001570893
    },
    "DNSLookup": {
      "average": 0.000003839979999999999,
      "fastest": 0.0000029,
      "slowest": 0.0000349
    }
  },
  "statusCodeDistribution": {
    "200": 214981
  },
  "errorDistribution": {}
}