{
  "summary": {
    "successRate": 1,
    "total": 10.000678292,
    "slowest": 0.015782298,
    "fastest": 0.001127089,
    "average": 0.003556250518379732,
    "requestsPerSec": 14033.548115658154,
    "totalData": 1824485,
    "sizePerRequest": 13,
    "sizePerSec": 182436.125503556
  },
  "responseTimeHistogram": {
    "0.001127089": 1,
    "0.0025926099": 232,
    "0.0040581308": 130537,
    "0.0055236517": 8601,
    "0.006989172599999999": 620,
    "0.008454693499999999": 134,
    "0.0099202144": 111,
    "0.0113857353": 18,
    "0.0128512562": 23,
    "0.014316777099999999": 53,
    "0.015782298": 15
  },
  "latencyPercentiles": {
    "p10": 0.003250063,
    "p25": 0.003338306,
    "p50": 0.003430098,
    "p75": 0.003717936,
    "p90": 0.003956452,
    "p95": 0.004277293,
    "p99": 0.005234974
  },
  "rps": {
    "mean": 14035.967238019846,
    "stddev": 1505.3753260960307,
    "max": 19872.81804101436,
    "percentiles": {
      "p10": 12810.590515179321,
      "p25": 13351.515487356266,
      "p50": 14321.076328030993,
      "p75": 14863.765554227559,
      "p90": 15214.508555357834,
      "p95": 15598.116411287094,
      "p99": 17557.388598633956
    }
  },
  "details": {
    "DNSDialup": {
      "average": 0.0007550887,
      "fastest": 0.000175559,
      "slowest": 0.001488546
    },
    "DNSLookup": {
      "average": 0.000007020360000000002,
      "fastest": 0.000003046,
      "slowest": 0.000030226
    }
  },
  "statusCodeDistribution": {
    "200": 140345
  },
  "errorDistribution": {}
}