{
  "summary": {
    "successRate": 1,
    "total": 10.000380068,
    "slowest": 0.015097302,
    "fastest": 0.000934242,
    "average": 0.0034361169224826184,
    "requestsPerSec": 14521.348090027412,
    "totalData": 1887847,
    "sizePerRequest": 13,
    "sizePerSec": 188777.52517035636
  },
  "responseTimeHistogram": {
    "0.000934242": 1,
    "0.002350548": 1397,
    "0.003766854": 123955,
    "0.00518316": 17646,
    "0.006599466": 1692,
    "0.008015772": 242,
    "0.009432078": 186,
    "0.010848384": 58,
    "0.01226469": 8,
    "0.013680995999999999": 17,
    "0.015097302": 17
  },
  "latencyPercentiles": {
    "p10": 0.00310172,
    "p25": 0.00318456,
    "p50": 0.003304067,
    "p75": 0.003517266,
    "p90": 0.003980491,
    "p95": 0.004272003,
    "p99": 0.005804467
  },
  "rps": {
    "mean": 14529.87756343918,
    "stddev": 1726.3872025689054,
    "max": 24029.073289932345,
    "percentiles": {
      "p10": 13127.156147922493,
      "p25": 13930.047111620563,
      "p50": 14839.522099206884,
      "p75": 15516.984891663711,
      "p90": 15909.684246157683,
      "p95": 16134.574780294557,
      "p99": 16610.203430315953
    }
  },
  "details": {
    "DNSDialup": {
      "average": 0.0012373516799999995,
      "fastest": 0.000089028,
      "slowest": 0.002875706
    },
    "DNSLookup": {
      "average": 0.000007866159999999998,
      "fastest": 0.000003546,
      "slowest": 0.000039283
    }
  },
  "statusCodeDistribution": {
    "200": 145219
  },
  "errorDistribution": {}
}