{
  "summary": {
    "successRate": 1,
    "total": 10.001526991,
    "slowest": 0.016386565,
    "fastest": 0.000360597,
    "average": 0.002515677398386535,
    "requestsPerSec": 19854.068301639,
    "totalData": 2581423,
    "sizePerRequest": 13,
    "sizePerSec": 258102.887921307
  },
  "responseTimeHistogram": {
    "0.000360597": 1,
    "0.0019631937999999996": 717,
    "0.0035657905999999994": 183368,
    "0.005168387399999999": 12208,
    "0.006770984199999999": 1237,
    "0.008373581": 846,
    "0.0099761778": 51,
    "0.0115787746": 60,
    "0.0131813714": 36,
    "0.014783968199999999": 24,
    "0.016386565": 23
  },
  "latencyPercentiles": {
    "p10": 0.002288481,
    "p25": 0.002310582,
    "p50": 0.00233928,
    "p75": 0.002380081,
    "p90": 0.003026276,
    "p95": 0.003760971,
    "p99": 0.005459859
  },
  "rps": {
    "mean": 19911.93914557528,
    "stddev": 3272.682117803508,
    "max": 34443.432402869585,
    "percentiles": {
      "p10": 16824.870523607686,
      "p25": 17905.86417051478,
      "p50": 21506.70837247567,
      "p75": 21855.829596729473,
      "p90": 22141.792633597066,
      "p95": 22324.27765194714,
      "p99": 22603.921529232957
    }
  },
  "details": {
    "DNSDialup": {
      "average": 0.0012648896199999999,
      "fastest": 0.0000614,
      "slowest": 0.002681478
    },
    "DNSLookup": {
      "average": 0.00000462396,
      "fastest": 0.000003,
      "slowest": 0.000046399
    }
  },
  "statusCodeDistribution": {
    "200": 198571
  },
  "errorDistribution": {}
}