{
  "summary": {
    "successRate": 1,
    "total": 10.000232719,
    "slowest": 0.014945382,
    "fastest": 0.000764252,
    "average": 0.0035298451923926025,
    "requestsPerSec": 14135.871031422945,
    "totalData": 1837706,
    "sizePerRequest": 13,
    "sizePerSec": 183766.32340849828
  },
  "responseTimeHistogram": {
    "0.000764252": 1,
    "0.002182365": 48,
    "0.003600478": 93740,
    "0.005018590999999999": 45603,
    "0.006436704": 1601,
    "0.007854817": 199,
    "0.009272929999999999": 119,
    "0.010691042999999999": 8,
    "0.012109156": 13,
    "0.013527269": 10,
    "0.014945382": 20
  },
  "latencyPercentiles": {
    "p10": 0.003190494,
    "p25": 0.003253454,
    "p50": 0.003361891,
    "p75": 0.003716076,
    "p90": 0.003988162,
    "p95": 0.004313266,
    "p99": 0.005272063
  },
  "rps": {
    "mean": 14139.676343543008,
    "stddev": 1421.8057184832721,
    "max": 18874.275306466945,
    "percentiles": {
      "p10": 12777.9698944988,
      "p25": 13530.208897405435,
      "p50": 14279.562868390058,
      "p75": 15168.07139295602,
      "p90": 15526.801830273847,
      "p95": 15665.550931317446,
      "p99": 15946.911028172497
    }
  },
  "details": {
    "DNSDialup": {
      "average": 0.001508123,
      "fastest": 0.000111869,
      "slowest": 0.003181246
    },
    "DNSLookup": {
      "average": 0.000009776600000000002,
      "fastest": 0.000005771,
      "slowest": 0.000034805
    }
  },
  "statusCodeDistribution": {
    "200": 141362
  },
  "errorDistribution": {}
}