{
  "summary": {
    "successRate": 1,
    "total": 10.000644141,
    "slowest": 0.01757791,
    "fastest": 0.001968021,
    "average": 0.0034821126578836845,
    "requestsPerSec": 14329.876953872905,
    "totalData": 1863004,
    "sizePerRequest": 13,
    "sizePerSec": 186288.40040034777
  },
  "responseTimeHistogram": {
    "0.001968021": 1,
    "0.0035290098999999995": 94894,
    "0.0050899987999999995": 46648,
    "0.0066509876999999995": 1322,
    "0.008211976599999999": 136,
    "0.0097729655": 255,
    "0.011333954399999999": 3,
    "0.0128949433": 7,
    "0.014455932199999999": 12,
    "0.016016921099999998": 14,
    "0.01757791": 16
  },
  "latencyPercentiles": {
    "p10": 0.002920239,
    "p25": 0.003203669,
    "p50": 0.003432497,
    "p75": 0.003687079,
    "p90": 0.003960613,
    "p95": 0.004209811,
    "p99": 0.005502535
  },
  "rps": {
    "mean": 14343.721533213895,
    "stddev": 1833.4433431698212,
    "max": 19918.330369455645,
    "percentiles": {
      "p10": 12634.779758241164,
      "p25": 13434.246581385276,
      "p50": 14418.23907242621,
      "p75": 15286.162765163243,
      "p90": 16332.45094678789,
      "p95": 17661.093084999593,
      "p99": 17945.682904268637
    }
  },
  "details": {
    "DNSDialup": {
      "average": 0.0008908800400000002,
      "fastest": 0.000117768,
      "slowest": 0.001423219
    },
    "DNSLookup": {
      "average": 0.00000741306,
      "fastest": 0.000004058,
      "slowest": 0.0000374
    }
  },
  "statusCodeDistribution": {
    "200": 143308
  },
  "errorDistribution": {}
}