{
  "summary": {
    "successRate": 1,
    "total": 10.001202472,
    "slowest": 0.028112596,
    "fastest": 0.000676507,
    "average": 0.003083311853184291,
    "requestsPerSec": 16197.952241597215,
    "totalData": 2105987,
    "sizePerRequest": 13,
    "sizePerSec": 210573.3791407638
  },
  "responseTimeHistogram": {
    "0.000676507": 1,
    "0.0034201159000000004": 136982,
    "0.0061637248": 23328,
    "0.0089073337": 946,
    "0.0116509426": 468,
    "0.0143945515": 84,
    "0.0171381604": 139,
    "0.0198817693": 28,
    "0.0226253782": 16,
    "0.0253689871": 4,
    "0.028112596": 3
  },
  "latencyPercentiles": {
    "p10": 0.00278593,
    "p25": 0.002808028,
    "p50": 0.002836329,
    "p75": 0.00288363,
    "p90": 0.003941842,
    "p95": 0.004054242,
    "p99": 0.006273666
  },
  "rps": {
    "mean": 16223.252121834628,
    "stddev": 2659.6332283718302,
    "max": 19347.612610410582,
    "percentiles": {
      "p10": 15238.632411981784,
      "p25": 15605.334028012254,
      "p50": 16309.293035171515,
      "p75": 17829.36725001976,
      "p90": 18721.2497925588,
      "p95": 18847.164775159832,
      "p99": 19203.464795351363
    }
  },
  "details": {
    "DNSDialup": {
      "average": 0.0018538554999999995,
      "fastest": 0.000078001,
      "slowest": 0.002157122
    },
    "DNSLookup": {
      "average": 0.000005474060000000003,
      "fastest": 0.0000037,
      "slowest": 0.0000551
    }
  },
  "statusCodeDistribution": {
    "200": 161999
  },
  "errorDistribution": {}
}