{
  "summary": {
    "successRate": 1,
    "total": 10.000556381,
    "slowest": 0.016238337,
    "fastest": 0.000152107,
    "average": 0.004439280606739852,
    "requestsPerSec": 11254.773805769517,
    "totalData": 1463202,
    "sizePerRequest": 13,
    "sizePerSec": 146312.0594750037
  },
  "responseTimeHistogram": {
    "0.000152107": 1,
    "0.00176073": 119,
    "0.003369353": 1868,
    "0.004977976": 98568,
    "0.006586599": 11225,
    "0.008195222": 449,
    "0.009803845": 74,
    "0.011412468": 206,
    "0.013021091": 12,
    "0.014629714": 16,
    "0.016238337": 16
  },
  "latencyPercentiles": {
    "p10": 0.004124843,
    "p25": 0.004269805,
    "p50": 0.004363872,
    "p75": 0.004473072,
    "p90": 0.005009377,
    "p95": 0.005244911,
    "p99": 0.006204992
  },
  "rps": {
    "mean": 11259.796349924516,
    "stddev": 1123.036454995541,
    "max": 16459.37336503075,
    "percentiles": {
      "p10": 10355.102607505247,
      "p25": 10791.615419101261,
      "p50": 11413.35705175814,
      "p75": 11750.516646113221,
      "p90": 12139.60180902271,
      "p95": 12506.356970997433,
      "p99": 14307.80204445513
    }
  },
  "details": {
    "DNSDialup": {
      "average": 0.0008033888799999999,
      "fastest": 0.000117723,
      "slowest": 0.001230431
    },
    "DNSLookup": {
      "average": 0.00000680672,
      "fastest": 0.000003166,
      "slowest": 0.000025378
    }
  },
  "statusCodeDistribution": {
    "200": 112554
  },
  "errorDistribution": {}
}