{
  "summary": {
    "successRate": 1,
    "total": 10.001610025,
    "slowest": 0.01762726,
    "fastest": 0.000549308,
    "average": 0.0028711206131647057,
    "requestsPerSec": 17392.199812349714,
    "totalData": 2261350,
    "sizePerRequest": 13,
    "sizePerSec": 226098.59756054627
  },
  "responseTimeHistogram": {
    "0.000549308": 1,
    "0.0022571032": 745,
    "0.0039648984": 160979,
    "0.0056726936000000006": 9467,
    "0.0073804888": 1834,
    "0.009088284": 758,
    "0.010796079200000001": 77,
    "0.0125038744": 12,
    "0.0142116696": 56,
    "0.0159194648": 14,
    "0.01762726": 7
  },
  "latencyPercentiles": {
    "p10": 0.002594737,
    "p25": 0.002632037,
    "p50": 0.002665338,
    "p75": 0.002708938,
    "p90": 0.003297147,
    "p95": 0.004409563,
    "p99": 0.006493896
  },
  "rps": {
    "mean": 17414.95685598806,
    "stddev": 2867.207254685815,
    "max": 22545.887645124167,
    "percentiles": {
      "p10": 14903.813885974254,
      "p25": 16392.878444871654,
      "p50": 18026.607272334353,
      "p75": 18942.75258346916,
      "p90": 20256.005580691904,
      "p95": 20449.167589042107,
      "p99": 20891.808745989758
    }
  },
  "details": {
    "DNSDialup": {
      "average": 0.00150561826,
      "fastest": 0.000067001,
      "slowest": 0.003578452
    },
    "DNSLookup": {
      "average": 0.000009302160000000001,
      "fastest": 0.0000035,
      "slowest": 0.000154602
    }
  },
  "statusCodeDistribution": {
    "200": 173950
  },
  "errorDistribution": {}
}