{
  "summary": {
    "successRate": 1,
    "total": 10.000383439,
    "slowest": 0.014419963,
    "fastest": 0.00179173,
    "average": 0.00355169575577588,
    "requestsPerSec": 14049.261296529772,
    "totalData": 1826474,
    "sizePerRequest": 13,
    "sizePerSec": 182640.39685488705
  },
  "responseTimeHistogram": {
    "0.00179173": 1,
    "0.0030545533": 1036,
    "0.0043173766": 133497,
    "0.005580199899999999": 5097,
    "0.006843023199999999": 631,
    "0.0081058465": 175,
    "0.0093686698": 13,
    "0.010631493099999998": 7,
    "0.011894316399999999": 16,
    "0.013157139699999999": 10,
    "0.014419963": 15
  },
  "latencyPercentiles": {
    "p10": 0.003244612,
    "p25": 0.003306238,
    "p50": 0.003403369,
    "p75": 0.003738803,
    "p90": 0.003942416,
    "p95": 0.004265901,
    "p99": 0.005154908
  },
  "rps": {
    "mean": 14049.352016327237,
    "stddev": 1336.0014651206181,
    "max": 21921.98117052032,
    "percentiles": {
      "p10": 12740.75384933795,
      "p25": 13452.368726213996,
      "p50": 14166.460532945044,
      "p75": 14947.737093180534,
      "p90": 15275.480475372788,
      "p95": 15459.716245942695,
      "p99": 15737.09040481882
    }
  },
  "details": {
    "DNSDialup": {
      "average": 0.0011057275400000002,
      "fastest": 0.000121607,
      "slowest": 0.001770186
    },
    "DNSLookup": {
      "average": 0.000009597779999999998,
      "fastest": 0.000004949,
      "slowest": 0.000031069
    }
  },
  "statusCodeDistribution": {
    "200": 140498
  },
  "errorDistribution": {}
}