{
  "summary": {
    "successRate": 1,
    "total": 10.000761375,
    "slowest": 0.015122364,
    "fastest": 0.000543069,
    "average": 0.0032202679032412337,
    "requestsPerSec": 15493.020400159283,
    "totalData": 2014246,
    "sizePerRequest": 13,
    "sizePerSec": 201409.26520207067
  },
  "responseTimeHistogram": {
    "0.000543069": 1,
    "0.0020009985": 202,
    "0.003458928": 128932,
    "0.0049168575": 23672,
    "0.006374787": 1542,
    "0.0078327165": 277,
    "0.009290646": 242,
    "0.0107485755": 33,
    "0.012206505": 10,
    "0.0136644345": 14,
    "0.015122364": 17
  },
  "latencyPercentiles": {
    "p10": 0.002926401,
    "p25": 0.002991267,
    "p50": 0.00307017,
    "p75": 0.003313822,
    "p90": 0.003689588,
    "p95": 0.003928476,
    "p99": 0.005303691
  },
  "rps": {
    "mean": 15494.64888057775,
    "stddev": 1718.5201744828473,
    "max": 19263.718602020082,
    "percentiles": {
      "p10": 14223.63399023836,
      "p25": 15054.761442148778,
      "p50": 15693.06569021796,
      "p75": 16572.381533586064,
      "p90": 17001.013260391468,
      "p95": 17185.978010793493,
      "p99": 17670.55676611128
    }
  },
  "details": {
    "DNSDialup": {
      "average": 0.0007544877999999999,
      "fastest": 0.00007117,
      "slowest": 0.001724121
    },
    "DNSLookup": {
      "average": 0.0000078854,
      "fastest": 0.000004128,
      "slowest": 0.000033784
    }
  },
  "statusCodeDistribution": {
    "200": 154942
  },
  "errorDistribution": {}
}