{
  "summary": {
    "successRate": 1,
    "total": 10.000737147,
    "slowest": 0.018370437,
    "fastest": 0.000483459,
    "average": 0.0027839872231640852,
    "requestsPerSec": 17941.97741251763,
    "totalData": 2332629,
    "sizePerRequest": 13,
    "sizePerSec": 233245.70636272916
  },
  "responseTimeHistogram": {
    "0.000483459": 1,
    "0.0022721568000000003": 53415,
    "0.0040608546": 112404,
    "0.005849552400000001": 12021,
    "0.007638250200000001": 806,
    "0.009426948000000001": 437,
    "0.011215645800000002": 165,
    "0.013004343600000001": 25,
    "0.014793041400000002": 63,
    "0.0165817392": 69,
    "0.018370437": 27
  },
  "latencyPercentiles": {
    "p10": 0.002041993,
    "p25": 0.00222772,
    "p50": 0.002404345,
    "p75": 0.003386887,
    "p90": 0.003972371,
    "p95": 0.004193603,
    "p99": 0.005594103
  },
  "rps": {
    "mean": 17988.423712367974,
    "stddev": 3152.793570880302,
    "max": 36136.39130998289,
    "percentiles": {
      "p10": 15343.832726951036,
      "p25": 16319.362924110257,
      "p50": 18273.038397635955,
      "p75": 20130.5299617383,
      "p90": 21285.340522658273,
      "p95": 21915.328707101526,
      "p99": 23061.320474284446
    }
  },
  "details": {
    "DNSDialup": {
      "average": 0.0013896852799999996,
      "fastest": 0.000077209,
      "slowest": 0.001600895
    },
    "DNSLookup": {
      "average": 0.000004466579999999999,
      "fastest": 0.0000028,
      "slowest": 0.000048506
    }
  },
  "statusCodeDistribution": {
    "200": 179433
  },
  "errorDistribution": {}
}