{
  "summary": {
    "successRate": 1,
    "total": 10.000638692,
    "slowest": 0.016024822,
    "fastest": 0.00255725,
    "average": 0.0036364205416970444,
    "requestsPerSec": 13724.323438441445,
    "totalData": 1784276,
    "sizePerRequest": 13,
    "sizePerSec": 178416.20469973877
  },
  "responseTimeHistogram": {
    "0.00255725": 1,
    "0.0039040072": 115979,
    "0.0052507644": 19430,
    "0.006597521600000001": 1397,
    "0.007944278800000001": 129,
    "0.009291036": 218,
    "0.010637793200000002": 52,
    "0.011984550400000002": 6,
    "0.013331307600000002": 13,
    "0.014678064800000001": 14,
    "0.016024822": 13
  },
  "latencyPercentiles": {
    "p10": 0.003340344,
    "p25": 0.00340812,
    "p50": 0.003499351,
    "p75": 0.00370786,
    "p90": 0.004092339,
    "p95": 0.004298765,
    "p99": 0.005563367
  },
  "rps": {
    "mean": 13728.507732449403,
    "stddev": 1342.516274943115,
    "max": 15865.146703099661,
    "percentiles": {
      "p10": 12663.40567220029,
      "p25": 13253.332736263983,
      "p50": 14033.312276683151,
      "p75": 14481.344608937421,
      "p90": 14809.64996791943,
      "p95": 15098.291417771761,
      "p99": 15562.82479456541
    }
  },
  "details": {
    "DNSDialup": {
      "average": 0.0005444828400000003,
      "fastest": 0.000083133,
      "slowest": 0.000879354
    },
    "DNSLookup": {
      "average": 0.00000681132,
      "fastest": 0.000003747,
      "slowest": 0.000027771
    }
  },
  "statusCodeDistribution": {
    "200": 137252
  },
  "errorDistribution": {}
}