{
  "summary": {
    "successRate": 1,
    "total": 10.000762879,
    "slowest": 0.017384052,
    "fastest": 0.001924488,
    "average": 0.0036637009285583107,
    "requestsPerSec": 13618.461076203264,
    "totalData": 1770535,
    "sizePerRequest": 13,
    "sizePerSec": 177039.99399064246
  },
  "responseTimeHistogram": {
    "0.001924488": 1,
    "0.0034704443999999997": 47471,
    "0.0050164008": 86189,
    "0.0065623572000000005": 2006,
    "0.0081083136": 229,
    "0.00965427": 242,
    "0.0112002264": 7,
    "0.0127461828": 6,
    "0.0142921392": 12,
    "0.015838095599999998": 17,
    "0.017384051999999997": 15
  },
  "latencyPercentiles": {
    "p10": 0.003266588,
    "p25": 0.003427661,
    "p50": 0.00354632,
    "p75": 0.003871089,
    "p90": 0.004137191,
    "p95": 0.004544839,
    "p99": 0.005775576
  },
  "rps": {
    "mean": 13627.409565515984,
    "stddev": 1844.7189166072899,
    "max": 22921.153932964713,
    "percentiles": {
      "p10": 11919.862066160336,
      "p25": 12723.48118452543,
      "p50": 13723.095970517257,
      "p75": 14416.228348251514,
      "p90": 15223.452124223995,
      "p95": 16400.508878610653,
      "p99": 18995.480784161242
    }
  },
  "details": {
    "DNSDialup": {
      "average": 0.00063221152,
      "fastest": 0.000077956,
      "slowest": 0.001286226
    },
    "DNSLookup": {
      "average": 0.00000803082,
      "fastest": 0.000003156,
      "slowest": 0.000043932
    }
  },
  "statusCodeDistribution": {
    "200": 136195
  },
  "errorDistribution": {}
}