{
  "summary": {
    "successRate": 1,
    "total": 10.000612512,
    "slowest": 0.018147628,
    "fastest": 0.002098817,
    "average": 0.0036583650048374935,
    "requestsPerSec": 13642.564376560858,
    "totalData": 1773642,
    "sizePerRequest": 13,
    "sizePerSec": 177353.33689529117
  },
  "responseTimeHistogram": {
    "0.002098817": 1,
    "0.0037036980999999997": 92235,
    "0.0053085792": 41936,
    "0.0069134602999999985": 1769,
    "0.008518341399999999": 195,
    "0.0101232225": 248,
    "0.011728103599999998": 1,
    "0.013332984699999998": 7,
    "0.014937865799999998": 11,
    "0.0165427469": 15,
    "0.018147628": 16
  },
  "latencyPercentiles": {
    "p10": 0.003312687,
    "p25": 0.003413714,
    "p50": 0.003516942,
    "p75": 0.003809668,
    "p90": 0.004160361,
    "p95": 0.004479971,
    "p99": 0.005809879
  },
  "rps": {
    "mean": 13650.192013688496,
    "stddev": 1659.6626386036576,
    "max": 21238.811804693025,
    "percentiles": {
      "p10": 12255.43747140212,
      "p25": 12945.250121801397,
      "p50": 13947.134340503724,
      "p75": 14517.717422342397,
      "p90": 15045.137431778141,
      "p95": 15494.538018308955,
      "p99": 17587.9231269567
    }
  },
  "details": {
    "DNSDialup": {
      "average": 0.0005468197399999998,
      "fastest": 0.000093656,
      "slowest": 0.000999161
    },
    "DNSLookup": {
      "average": 0.0000061928,
      "fastest": 0.000002976,
      "slowest": 0.000039523
    }
  },
  "statusCodeDistribution": {
    "200": 136434
  },
  "errorDistribution": {}
}