{
  "summary": {
    "successRate": 1,
    "total": 10.000253429,
    "slowest": 0.015666334,
    "fastest": 0.001664297,
    "average": 0.003255036298357426,
    "requestsPerSec": 15329.211513325537,
    "totalData": 1992848,
    "sizePerRequest": 13,
    "sizePerSec": 199279.749673232
  },
  "responseTimeHistogram": {
    "0.001664297": 1,
    "0.0030645007": 58105,
    "0.0044647044": 91972,
    "0.0058649081": 2480,
    "0.0072651118": 360,
    "0.0086653155": 227,
    "0.010065519200000001": 51,
    "0.011465722900000001": 7,
    "0.0128659266": 58,
    "0.0142661303": 17,
    "0.015666334": 18
  },
  "latencyPercentiles": {
    "p10": 0.002948546,
    "p25": 0.003017232,
    "p50": 0.003112068,
    "p75": 0.0033535,
    "p90": 0.003736686,
    "p95": 0.004040162,
    "p99": 0.005214841
  },
  "rps": {
    "mean": 15337.958642047694,
    "stddev": 1779.7581563023386,
    "max": 27236.434178000894,
    "percentiles": {
      "p10": 13842.58671803709,
      "p25": 14876.716250360094,
      "p50": 15511.829321041132,
      "p75": 16338.066060114497,
      "p90": 16838.99894072577,
      "p95": 17047.251571906825,
      "p99": 17651.20260852689
    }
  },
  "details": {
    "DNSDialup": {
      "average": 0.0007604839399999999,
      "fastest": 0.000071343,
      "slowest": 0.001746739
    },
    "DNSLookup": {
      "average": 0.000006928400000000003,
      "fastest": 0.000003687,
      "slowest": 0.000028082
    }
  },
  "statusCodeDistribution": {
    "200": 153296
  },
  "errorDistribution": {}
}