{
  "summary": {
    "successRate": 1,
    "total": 10.000656635,
    "slowest": 0.016775507,
    "fastest": 0.001560079,
    "average": 0.002903357255089364,
    "requestsPerSec": 17191.671134702447,
    "totalData": 2235064,
    "sizePerRequest": 13,
    "sizePerSec": 223491.72475113178
  },
  "responseTimeHistogram": {
    "0.001560079": 1,
    "0.0030816218": 147370,
    "0.004603164599999999": 23017,
    "0.006124707399999999": 1052,
    "0.007646250199999999": 131,
    "0.009167792999999999": 273,
    "0.0106893358": 34,
    "0.012210878599999999": 8,
    "0.013732421399999998": 14,
    "0.015253964199999998": 18,
    "0.016775506999999995": 10
  },
  "latencyPercentiles": {
    "p10": 0.002670819,
    "p25": 0.002722446,
    "p50": 0.002778798,
    "p75": 0.002846998,
    "p90": 0.003506555,
    "p95": 0.003642185,
    "p99": 0.004499943
  },
  "rps": {
    "mean": 17197.300081256813,
    "stddev": 1870.8454486765554,
    "max": 19815.42684290392,
    "percentiles": {
      "p10": 15558.282883509928,
      "p25": 16357.099362454715,
      "p50": 17435.08811483115,
      "p75": 18408.285569334006,
      "p90": 19027.18531753527,
      "p95": 19249.868127648202,
      "p99": 19556.186320168606
    }
  },
  "details": {
    "DNSDialup": {
      "average": 0.0007277122200000001,
      "fastest": 0.000086207,
      "slowest": 0.001561662
    },
    "DNSLookup": {
      "average": 0.00003459844,
      "fastest": 0.000002474,
      "slowest": 0.001491829
    }
  },
  "statusCodeDistribution": {
    "200": 171928
  },
  "errorDistribution": {}
}