{
  "summary": {
    "successRate": 1,
    "total": 10.0006746,
    "slowest": 0.015246387,
    "fastest": 0.00227211,
    "average": 0.0036764107425547054,
    "requestsPerSec": 13574.784245054829,
    "totalData": 1764841,
    "sizePerRequest": 13,
    "sizePerSec": 176472.19518571277
  },
  "responseTimeHistogram": {
    "0.00227211": 1,
    "0.0035695377": 79769,
    "0.004866965399999999": 53222,
    "0.006164393099999999": 2081,
    "0.0074618207999999995": 327,
    "0.0087592485": 91,
    "0.0100566762": 215,
    "0.011354103899999999": 10,
    "0.012651531599999998": 14,
    "0.013948959299999997": 14,
    "0.015246387": 13
  },
  "latencyPercentiles": {
    "p10": 0.003415466,
    "p25": 0.003485863,
    "p50": 0.003547786,
    "p75": 0.003631555,
    "p90": 0.0042109,
    "p95": 0.004369142,
    "p99": 0.005576251
  },
  "rps": {
    "mean": 13579.251345115332,
    "stddev": 1337.2005401566876,
    "max": 15810.016304080309,
    "percentiles": {
      "p10": 12517.68623888521,
      "p25": 13143.528168789078,
      "p50": 13855.691566681406,
      "p75": 14236.783577729966,
      "p90": 14765.13556370095,
      "p95": 14965.790867218486,
      "p99": 15290.347351348228
    }
  },
  "details": {
    "DNSDialup": {
      "average": 0.0007067241199999999,
      "fastest": 0.000069029,
      "slowest": 0.001642792
    },
    "DNSLookup": {
      "average": 0.000007123799999999999,
      "fastest": 0.000003096,
      "slowest": 0.000036428
    }
  },
  "statusCodeDistribution": {
    "200": 135757
  },
  "errorDistribution": {}
}