{
  "summary": {
    "successRate": 1,
    "total": 10.000632118,
    "slowest": 0.017622543,
    "fastest": 0.002587161,
    "average": 0.0036138420906464547,
    "requestsPerSec": 13809.927049653323,
    "totalData": 1795404,
    "sizePerRequest": 13,
    "sizePerSec": 179529.0516454932
  },
  "responseTimeHistogram": {
    "0.002587161": 1,
    "0.004090699200000001": 125947,
    "0.0055942374": 10948,
    "0.007097775600000001": 823,
    "0.0086013138": 250,
    "0.010104852000000001": 89,
    "0.011608390200000002": 0,
    "0.0131119284": 6,
    "0.014615466600000002": 11,
    "0.0161190048": 18,
    "0.017622543": 15
  },
  "latencyPercentiles": {
    "p10": 0.003311801,
    "p25": 0.003376991,
    "p50": 0.003466424,
    "p75": 0.003722851,
    "p90": 0.004054149,
    "p95": 0.00428723,
    "p99": 0.005469205
  },
  "rps": {
    "mean": 13816.90174828306,
    "stddev": 1386.4842705821593,
    "max": 15993.867240461273,
    "percentiles": {
      "p10": 12569.765972075093,
      "p25": 13330.18086249126,
      "p50": 14066.349564260134,
      "p75": 14667.247864735564,
      "p90": 15015.238966026212,
      "p95": 15248.490116145113,
      "p99": 15726.900696333625
    }
  },
  "details": {
    "DNSDialup": {
      "average": 0.00050207692,
      "fastest": 0.000076533,
      "slowest": 0.000894756
    },
    "DNSLookup": {
      "average": 0.000007165660000000001,
      "fastest": 0.000003677,
      "slowest": 0.000031439
    }
  },
  "statusCodeDistribution": {
    "200": 138108
  },
  "errorDistribution": {}
}