{
  "summary": {
    "successRate": 1,
    "total": 10.000372032,
    "slowest": 0.015819045,
    "fastest": 0.000957699,
    "average": 0.002995184522685975,
    "requestsPerSec": 16659.4802140257,
    "totalData": 2165813,
    "sizePerRequest": 13,
    "sizePerSec": 216573.24278233413
  },
  "responseTimeHistogram": {
    "0.000957699": 1,
    "0.0024438336": 1269,
    "0.0039299682": 158374,
    "0.0054161028": 5681,
    "0.0069022374000000004": 901,
    "0.008388372": 71,
    "0.0098745066": 241,
    "0.0113606412": 21,
    "0.0128467758": 8,
    "0.0143329104": 16,
    "0.015819045": 18
  },
  "latencyPercentiles": {
    "p10": 0.002517483,
    "p25": 0.002548872,
    "p50": 0.00304031,
    "p75": 0.003244611,
    "p90": 0.003470522,
    "p95": 0.003860202,
    "p99": 0.005131679
  },
  "rps": {
    "mean": 16677.62983300809,
    "stddev": 2623.5037642326793,
    "max": 22221.585829392687,
    "percentiles": {
      "p10": 14267.2486766376,
      "p25": 15100.945319177057,
      "p50": 16215.695039750926,
      "p75": 19232.01553626327,
      "p90": 19624.147513516327,
      "p95": 20494.7406981985,
      "p99": 21370.343963991592
    }
  },
  "details": {
    "DNSDialup": {
      "average": 0.0015545494600000002,
      "fastest": 0.000067727,
      "slowest": 0.003299214
    },
    "DNSLookup": {
      "average": 0.000014670840000000006,
      "fastest": 0.000003056,
      "slowest": 0.000422049
    }
  },
  "statusCodeDistribution": {
    "200": 166601
  },
  "errorDistribution": {}
}