{
  "summary": {
    "successRate": 1,
    "total": 10.000594214,
    "slowest": 0.015444959,
    "fastest": 0.000644283,
    "average": 0.0036246720274795167,
    "requestsPerSec": 13765.782017960399,
    "totalData": 1789658,
    "sizePerRequest": 13,
    "sizePerSec": 178955.1662334852
  },
  "responseTimeHistogram": {
    "0.000644283": 1,
    "0.0021243506": 417,
    "0.0036044182": 72563,
    "0.005084485799999999": 62150,
    "0.006564553399999999": 1880,
    "0.008044621": 383,
    "0.0095246886": 131,
    "0.0110047562": 98,
    "0.0124848238": 12,
    "0.013964891399999999": 16,
    "0.015444959": 15
  },
  "latencyPercentiles": {
    "p10": 0.002862914,
    "p25": 0.003369795,
    "p50": 0.00355349,
    "p75": 0.003856365,
    "p90": 0.004113049,
    "p95": 0.00451195,
    "p99": 0.005714406
  },
  "rps": {
    "mean": 13771.453226973845,
    "stddev": 1916.697583772503,
    "max": 23868.915572193433,
    "percentiles": {
      "p10": 12144.310947353904,
      "p25": 12750.127124791938,
      "p50": 13630.964098045608,
      "p75": 14671.902593037836,
      "p90": 16013.050963332338,
      "p95": 16757.320089094945,
      "p99": 18905.314128839254
    }
  },
  "details": {
    "DNSDialup": {
      "average": 0.0008602729999999999,
      "fastest": 0.00010774,
      "slowest": 0.0014038
    },
    "DNSLookup": {
      "average": 0.000006972099999999999,
      "fastest": 0.000003616,
      "slowest": 0.000028072
    }
  },
  "statusCodeDistribution": {
    "200": 137666
  },
  "errorDistribution": {}
}