{
  "summary": {
    "successRate": 1,
    "total": 10.000470188,
    "slowest": 0.01633907,
    "fastest": 0.000948929,
    "average": 0.0034016687984537676,
    "requestsPerSec": 14667.410355965956,
    "totalData": 1906853,
    "sizePerRequest": 13,
    "sizePerSec": 190676.33462755743
  },
  "responseTimeHistogram": {
    "0.000948929": 1,
    "0.0024879431": 6196,
    "0.0040269572": 107571,
    "0.005565971300000001": 20393,
    "0.0071049854": 11637,
    "0.0086439995": 487,
    "0.0101830136": 269,
    "0.0117220277": 68,
    "0.0132610418": 31,
    "0.0148000559": 20,
    "0.01633907": 8
  },
  "latencyPercentiles": {
    "p10": 0.002546341,
    "p25": 0.002639272,
    "p50": 0.002795666,
    "p75": 0.003560737,
    "p90": 0.005470915,
    "p95": 0.005814757,
    "p99": 0.006617882
  },
  "rps": {
    "mean": 14672.1996802907,
    "stddev": 1612.9386094745632,
    "max": 25108.775517042817,
    "percentiles": {
      "p10": 13322.156077772399,
      "p25": 14154.27882845089,
      "p50": 14918.382430831436,
      "p75": 15556.791286733342,
      "p90": 15938.24701135561,
      "p95": 16238.86284656394,
      "p99": 17356.16977223402
    }
  },
  "details": {
    "DNSDialup": {
      "average": 0.0013774710799999998,
      "fastest": 0.000076031,
      "slowest": 0.002861448
    },
    "DNSLookup": {
      "average": 0.0000327175,
      "fastest": 0.000003015,
      "slowest": 0.00129958
    }
  },
  "statusCodeDistribution": {
    "200": 146681
  },
  "errorDistribution": {}
}