{
  "summary": {
    "successRate": 1,
    "total": 10.000589368,
    "slowest": 0.017247344,
    "fastest": 0.002238485,
    "average": 0.0036117828944127036,
    "requestsPerSec": 13816.185718225563,
    "totalData": 1796210,
    "sizePerRequest": 13,
    "sizePerSec": 179610.4143369323
  },
  "responseTimeHistogram": {
    "0.002238485": 1,
    "0.0037393709000000004": 98378,
    "0.005240256800000001": 38007,
    "0.0067411427": 1339,
    "0.0082420286": 176,
    "0.009742914500000002": 218,
    "0.0112438004": 2,
    "0.0127446863": 6,
    "0.0142455722": 12,
    "0.0157464581": 15,
    "0.017247344": 16
  },
  "latencyPercentiles": {
    "p10": 0.003286726,
    "p25": 0.00335778,
    "p50": 0.003453999,
    "p75": 0.003803831,
    "p90": 0.004017064,
    "p95": 0.004293615,
    "p99": 0.005444168
  },
  "rps": {
    "mean": 13820.82881183272,
    "stddev": 1424.093006575481,
    "max": 16405.69887105334,
    "percentiles": {
      "p10": 12505.591249846415,
      "p25": 13310.143660483882,
      "p50": 14089.853815753917,
      "p75": 14723.317317635381,
      "p90": 15081.780702808945,
      "p95": 15289.306367422283,
      "p99": 15655.379209742354
    }
  },
  "details": {
    "DNSDialup": {
      "average": 0.0008855287,
      "fastest": 0.000120256,
      "slowest": 0.001244738
    },
    "DNSLookup": {
      "average": 0.000007413060000000001,
      "fastest": 0.000003747,
      "slowest": 0.000032631
    }
  },
  "statusCodeDistribution": {
    "200": 138170
  },
  "errorDistribution": {}
}