{
  "summary": {
    "successRate": 1,
    "total": 10.000650939,
    "slowest": 0.016908991,
    "fastest": 0.000315122,
    "average": 0.003585292036903935,
    "requestsPerSec": 13918.99395839917,
    "totalData": 1809587,
    "sizePerRequest": 13,
    "sizePerSec": 180946.92145918924
  },
  "responseTimeHistogram": {
    "0.000315122": 1,
    "0.0019745089": 3,
    "0.0036338958": 92881,
    "0.0052932827": 44655,
    "0.0069526696": 1264,
    "0.0086120565": 259,
    "0.010271443399999998": 85,
    "0.011930830299999999": 7,
    "0.013590217199999999": 10,
    "0.0152496041": 17,
    "0.016908991": 17
  },
  "latencyPercentiles": {
    "p10": 0.003254687,
    "p25": 0.003325679,
    "p50": 0.003426662,
    "p75": 0.003738838,
    "p90": 0.00401951,
    "p95": 0.004331923,
    "p99": 0.005451232
  },
  "rps": {
    "mean": 13923.360687360928,
    "stddev": 1488.3843667526944,
    "max": 17998.834812275432,
    "percentiles": {
      "p10": 12510.732957803875,
      "p25": 13404.725165620428,
      "p50": 14114.561088936693,
      "p75": 14873.083357000696,
      "p90": 15187.206458204235,
      "p95": 15412.754053979828,
      "p99": 16267.25370700034
    }
  },
  "details": {
    "DNSDialup": {
      "average": 0.00105702804,
      "fastest": 0.000123351,
      "slowest": 0.001517036
    },
    "DNSLookup": {
      "average": 0.000007546539999999999,
      "fastest": 0.000003486,
      "slowest": 0.000033012
    }
  },
  "statusCodeDistribution": {
    "200": 139199
  },
  "errorDistribution": {}
}