{
  "summary": {
    "successRate": 1,
    "total": 10.000898078,
    "slowest": 0.01604264,
    "fastest": 0.000940377,
    "average": 0.0034866063688571754,
    "requestsPerSec": 14312.114660468995,
    "totalData": 1860742,
    "sizePerRequest": 13,
    "sizePerSec": 186057.49058609694
  },
  "responseTimeHistogram": {
    "0.000940377": 1,
    "0.0024506033": 4550,
    "0.0039608296": 127042,
    "0.0054710559": 10704,
    "0.0069812822": 641,
    "0.008491508500000002": 132,
    "0.010001734799999999": 14,
    "0.011511961099999999": 8,
    "0.0130221874": 15,
    "0.0145324137": 10,
    "0.01604264": 17
  },
  "latencyPercentiles": {
    "p10": 0.003186573,
    "p25": 0.003261147,
    "p50": 0.003361918,
    "p75": 0.003725879,
    "p90": 0.00390327,
    "p95": 0.004240959,
    "p99": 0.005131273
  },
  "rps": {
    "mean": 14310.821597668471,
    "stddev": 1737.6057955432514,
    "max": 24548.666472375236,
    "percentiles": {
      "p10": 12650.29885327023,
      "p25": 13538.135574098545,
      "p50": 14302.823377333583,
      "p75": 15170.03397886676,
      "p90": 15512.759244479217,
      "p95": 15732.036328047125,
      "p99": 21323.669272889663
    }
  },
  "details": {
    "DNSDialup": {
      "average": 0.0006383151599999999,
      "fastest": 0.000091051,
      "slowest": 0.001019995
    },
    "DNSLookup": {
      "average": 0.000007974920000000002,
      "fastest": 0.000003837,
      "slowest": 0.000033753
    }
  },
  "statusCodeDistribution": {
    "200": 143134
  },
  "errorDistribution": {}
}