{
  "summary": {
    "successRate": 1,
    "total": 10.00064245,
    "slowest": 0.01619954,
    "fastest": 0.00022324,
    "average": 0.003730854283999334,
    "requestsPerSec": 13377.340572754902,
    "totalData": 1739166,
    "sizePerRequest": 13,
    "sizePerSec": 173905.42744581372
  },
  "responseTimeHistogram": {
    "0.00022324": 1,
    "0.0018208699999999998": 69,
    "0.0034184999999999997": 31833,
    "0.00501613": 98900,
    "0.00661376": 2324,
    "0.008211389999999999": 325,
    "0.009809019999999998": 221,
    "0.011406649999999999": 17,
    "0.013004279999999998": 62,
    "0.014601909999999997": 15,
    "0.01619954": 15
  },
  "latencyPercentiles": {
    "p10": 0.003321862,
    "p25": 0.003423944,
    "p50": 0.003623789,
    "p75": 0.003866178,
    "p90": 0.004284715,
    "p95": 0.004693925,
    "p99": 0.005759505
  },
  "rps": {
    "mean": 13383.494472844255,
    "stddev": 1678.7070365196553,
    "max": 21842.291043919144,
    "percentiles": {
      "p10": 11728.666032651548,
      "p25": 12602.245720187613,
      "p50": 13522.711393785645,
      "p75": 14450.81339514125,
      "p90": 14954.309566050943,
      "p95": 15309.04325328402,
      "p99": 16956.66016084569
    }
  },
  "details": {
    "DNSDialup": {
      "average": 0.0008409720199999998,
      "fastest": 0.000107571,
      "slowest": 0.001278957
    },
    "DNSLookup": {
      "average": 0.000007085639999999999,
      "fastest": 0.000003496,
      "slowest": 0.000025758
    }
  },
  "statusCodeDistribution": {
    "200": 133782
  },
  "errorDistribution": {}
}