{
  "summary": {
    "successRate": 1,
    "total": 10.00034794,
    "slowest": 0.017479945,
    "fastest": 0.000363953,
    "average": 0.00367827556826728,
    "requestsPerSec": 13565.328007977292,
    "totalData": 1763554,
    "sizePerRequest": 13,
    "sizePerSec": 176349.2641037048
  },
  "responseTimeHistogram": {
    "0.000363953": 1,
    "0.0020755521999999997": 260,
    "0.0037871514": 76867,
    "0.0054987505999999995": 57082,
    "0.0072103498": 1216,
    "0.008921949": 139,
    "0.010633548199999999": 47,
    "0.0123451474": 13,
    "0.0140567466": 9,
    "0.0157683458": 19,
    "0.017479945": 5
  },
  "latencyPercentiles": {
    "p10": 0.002897782,
    "p25": 0.003436244,
    "p50": 0.003727119,
    "p75": 0.003909189,
    "p90": 0.004340639,
    "p95": 0.004679365,
    "p99": 0.005554783
  },
  "rps": {
    "mean": 13578.48301786662,
    "stddev": 2098.601004504212,
    "max": 23610.00687397814,
    "percentiles": {
      "p10": 11554.288982211841,
      "p25": 12447.21977293032,
      "p50": 13368.77432262487,
      "p75": 14402.919471778298,
      "p90": 16020.204682143898,
      "p95": 17497.320011074233,
      "p99": 20267.683631129334
    }
  },
  "details": {
    "DNSDialup": {
      "average": 0.0011264866,
      "fastest": 0.000146556,
      "slowest": 0.002258732
    },
    "DNSLookup": {
      "average": 0.00001019034,
      "fastest": 0.000004538,
      "slowest": 0.000027922
    }
  },
  "statusCodeDistribution": {
    "200": 135658
  },
  "errorDistribution": {}
}