{
  "summary": {
    "successRate": 1,
    "total": 10.000902959,
    "slowest": 0.015345907,
    "fastest": 0.00193094,
    "average": 0.0036315556029472822,
    "requestsPerSec": 13740.259310919288,
    "totalData": 1786395,
    "sizePerRequest": 13,
    "sizePerSec": 178623.37104195074
  },
  "responseTimeHistogram": {
    "0.00193094": 1,
    "0.0032724367": 6909,
    "0.0046139334": 126929,
    "0.0059554301": 2796,
    "0.0072969268": 397,
    "0.008638423499999999": 193,
    "0.009979920199999999": 144,
    "0.011321416899999999": 6,
    "0.012662913599999999": 13,
    "0.014004410299999999": 18,
    "0.015345906999999999": 9
  },
  "latencyPercentiles": {
    "p10": 0.003306406,
    "p25": 0.00336803,
    "p50": 0.003486981,
    "p75": 0.003777169,
    "p90": 0.004047148,
    "p95": 0.004358597,
    "p99": 0.005423185
  },
  "rps": {
    "mean": 13741.734195422672,
    "stddev": 1382.5163182805045,
    "max": 20904.628284703143,
    "percentiles": {
      "p10": 12610.676198468404,
      "p25": 13245.744177517046,
      "p50": 13928.17949275097,
      "p75": 14640.124817521806,
      "p90": 14959.806313680814,
      "p95": 15119.597027222599,
      "p99": 15473.83533422726
    }
  },
  "details": {
    "DNSDialup": {
      "average": 0.0008018213800000002,
      "fastest": 0.000127699,
      "slowest": 0.002134054
    },
    "DNSLookup": {
      "average": 0.00004410374,
      "fastest": 0.000003477,
      "slowest": 0.001769844
    }
  },
  "statusCodeDistribution": {
    "200": 137415
  },
  "errorDistribution": {}
}