{
  "summary": {
    "successRate": 1,
    "total": 10.000261087,
    "slowest": 0.015681932,
    "fastest": 0.000881787,
    "average": 0.0033637966715984163,
    "requestsPerSec": 14835.41266666131,
    "totalData": 1928654,
    "sizePerRequest": 13,
    "sizePerSec": 192860.36466659702
  },
  "responseTimeHistogram": {
    "0.000881787": 1,
    "0.0023618015": 52,
    "0.0038418159999999996": 136049,
    "0.0053218305": 11647,
    "0.006801845": 405,
    "0.008281859499999999": 145,
    "0.009761874": 9,
    "0.0112418885": 8,
    "0.012721903": 14,
    "0.0142019175": 10,
    "0.015681932": 18
  },
  "latencyPercentiles": {
    "p10": 0.003026225,
    "p25": 0.003135516,
    "p50": 0.003273217,
    "p75": 0.003500323,
    "p90": 0.003782145,
    "p95": 0.003966033,
    "p99": 0.004757184
  },
  "rps": {
    "mean": 14838.510231152923,
    "stddev": 1333.2068864924638,
    "max": 16996.761307602097,
    "percentiles": {
      "p10": 13537.814740868804,
      "p25": 14241.256921301021,
      "p50": 15091.354002319556,
      "p75": 15611.088556201383,
      "p90": 16214.2442135425,
      "p95": 16461.875250503697,
      "p99": 16761.435690235776
    }
  },
  "details": {
    "DNSDialup": {
      "average": 0.0010241740400000001,
      "fastest": 0.00009065,
      "slowest": 0.002089954
    },
    "DNSLookup": {
      "average": 0.000008831960000000003,
      "fastest": 0.000003767,
      "slowest": 0.000040796
    }
  },
  "statusCodeDistribution": {
    "200": 148358
  },
  "errorDistribution": {}
}