{
  "summary": {
    "successRate": 1,
    "total": 10.000647808,
    "slowest": 0.018537533,
    "fastest": 0.000551006,
    "average": 0.0028945741207946686,
    "requestsPerSec": 17253.782286180474,
    "totalData": 2243137,
    "sizePerRequest": 13,
    "sizePerSec": 224299.16972034617
  },
  "responseTimeHistogram": {
    "0.000551006": 1,
    "0.0023496587": 105525,
    "0.004148311399999999": 50704,
    "0.005946964099999999": 12917,
    "0.007745616799999999": 923,
    "0.009544269499999999": 1920,
    "0.011342922199999998": 347,
    "0.013141574899999998": 104,
    "0.014940227599999998": 69,
    "0.016738880299999998": 22,
    "0.018537533": 17
  },
  "latencyPercentiles": {
    "p10": 0.002185227,
    "p25": 0.002223528,
    "p50": 0.002283329,
    "p75": 0.003666146,
    "p90": 0.004018151,
    "p95": 0.004508356,
    "p99": 0.008540106
  },
  "rps": {
    "mean": 17298.917044784488,
    "stddev": 3765.561192019531,
    "max": 24164.55460162611,
    "percentiles": {
      "p10": 9606.604540622273,
      "p25": 16129.961403306841,
      "p50": 18733.179166207312,
      "p75": 19734.881402879233,
      "p90": 20437.963517233056,
      "p95": 21421.326073316184,
      "p99": 21949.50249689824
    }
  },
  "details": {
    "DNSDialup": {
      "average": 0.0017052134999999999,
      "fastest": 0.000072301,
      "slowest": 0.00314064
    },
    "DNSLookup": {
      "average": 0.00000493414,
      "fastest": 0.0000034,
      "slowest": 0.0000359
    }
  },
  "statusCodeDistribution": {
    "200": 172549
  },
  "errorDistribution": {}
}