{
  "summary": {
    "successRate": 1,
    "total": 10.000592017,
    "slowest": 0.016074444,
    "fastest": 0.000811627,
    "average": 0.0028833252334810543,
    "requestsPerSec": 17310.875166761638,
    "totalData": 2250547,
    "sizePerRequest": 13,
    "sizePerSec": 225041.37716790132
  },
  "responseTimeHistogram": {
    "0.000811627": 1,
    "0.0023379087": 326,
    "0.0038641904": 169138,
    "0.0053904721": 3000,
    "0.0069167538": 266,
    "0.0084430355": 228,
    "0.009969317200000001": 60,
    "0.0114955989": 5,
    "0.0130218806": 33,
    "0.0145481623": 43,
    "0.016074444": 19
  },
  "latencyPercentiles": {
    "p10": 0.002648042,
    "p25": 0.002699512,
    "p50": 0.002758255,
    "p75": 0.002833335,
    "p90": 0.003489702,
    "p95": 0.003651535,
    "p99": 0.004425468
  },
  "rps": {
    "mean": 17313.775653695768,
    "stddev": 1963.1493653986927,
    "max": 22013.30924676956,
    "percentiles": {
      "p10": 15666.03232625492,
      "p25": 16530.34883116319,
      "p50": 17560.122346890916,
      "p75": 18544.820977822554,
      "p90": 19180.69753597081,
      "p95": 19411.596508295523,
      "p99": 19924.36949633034
    }
  },
  "details": {
    "DNSDialup": {
      "average": 0.0007437877400000001,
      "fastest": 0.000136991,
      "slowest": 0.002075453
    },
    "DNSLookup": {
      "average": 0.0000047243199999999995,
      "fastest": 0.000001733,
      "slowest": 0.000028543
    }
  },
  "statusCodeDistribution": {
    "200": 173119
  },
  "errorDistribution": {}
}