{
  "summary": {
    "successRate": 1,
    "total": 10.000395268,
    "slowest": 0.014853437,
    "fastest": 0.000760854,
    "average": 0.003582655806017813,
    "requestsPerSec": 13928.049468774258,
    "totalData": 1810718,
    "sizePerRequest": 13,
    "sizePerSec": 181064.64309406534
  },
  "responseTimeHistogram": {
    "0.000760854": 1,
    "0.0021701123": 872,
    "0.0035793706000000003": 77483,
    "0.0049886289": 59094,
    "0.006397887200000001": 1506,
    "0.007807145500000001": 213,
    "0.0092164038": 66,
    "0.0106256621": 10,
    "0.012034920400000001": 12,
    "0.013444178700000002": 10,
    "0.014853437000000002": 19
  },
  "latencyPercentiles": {
    "p10": 0.00324653,
    "p25": 0.003311791,
    "p50": 0.003455872,
    "p75": 0.003776088,
    "p90": 0.004008132,
    "p95": 0.004304102,
    "p99": 0.005144564
  },
  "rps": {
    "mean": 13927.809135683001,
    "stddev": 1414.5269141903716,
    "max": 22500.473614880066,
    "percentiles": {
      "p10": 12454.567408827292,
      "p25": 13217.151898018226,
      "p50": 14023.195768119618,
      "p75": 14917.728228226188,
      "p90": 15232.25820170274,
      "p95": 15416.183909868178,
      "p99": 16882.50480096225
    }
  },
  "details": {
    "DNSDialup": {
      "average": 0.0010477395,
      "fastest": 0.00013658,
      "slowest": 0.001589559
    },
    "DNSLookup": {
      "average": 0.000009051560000000006,
      "fastest": 0.0000049,
      "slowest": 0.000033673
    }
  },
  "statusCodeDistribution": {
    "200": 139286
  },
  "errorDistribution": {}
}