{
  "summary": {
    "successRate": 1,
    "total": 10.001090068,
    "slowest": 0.016255962,
    "fastest": 0.000553106,
    "average": 0.003073453954537883,
    "requestsPerSec": 16246.928974262688,
    "totalData": 2112331,
    "sizePerRequest": 13,
    "sizePerSec": 211210.07666541496
  },
  "responseTimeHistogram": {
    "0.000553106": 1,
    "0.0021233916": 259,
    "0.0036936771999999994": 145011,
    "0.0052639628": 15510,
    "0.0068342483999999995": 1377,
    "0.008404533999999998": 210,
    "0.009974819599999999": 19,
    "0.011545105199999997": 39,
    "0.013115390799999998": 23,
    "0.014685676399999998": 22,
    "0.016255962": 16
  },
  "latencyPercentiles": {
    "p10": 0.002829228,
    "p25": 0.002857028,
    "p50": 0.002888329,
    "p75": 0.002935229,
    "p90": 0.003835538,
    "p95": 0.004451044,
    "p99": 0.005290752
  },
  "rps": {
    "mean": 16265.731382847516,
    "stddev": 2230.6869958279167,
    "max": 20404.48898757715,
    "percentiles": {
      "p10": 13637.776641296026,
      "p25": 15314.090494666021,
      "p50": 16122.25031766327,
      "p75": 18022.221509686973,
      "p90": 18709.73093105766,
      "p95": 18861.49034467143,
      "p99": 19142.421530428957
    }
  },
  "details": {
    "DNSDialup": {
      "average": 0.00172572516,
      "fastest": 0.000097301,
      "slowest": 0.001850518
    },
    "DNSLookup": {
      "average": 0.00000597006,
      "fastest": 0.0000038,
      "slowest": 0.000065001
    }
  },
  "statusCodeDistribution": {
    "200": 162487
  },
  "errorDistribution": {}
}