{
  "summary": {
    "successRate": 1,
    "total": 10.000941265,
    "slowest": 0.015580056,
    "fastest": 0.00257328,
    "average": 0.0035594039565589528,
    "requestsPerSec": 14022.28013184917,
    "totalData": 1823068,
    "sizePerRequest": 13,
    "sizePerSec": 182289.6417140392
  },
  "responseTimeHistogram": {
    "0.00257328": 1,
    "0.0038739576": 121234,
    "0.0051746351999999995": 17158,
    "0.0064753128": 1377,
    "0.0077759904": 143,
    "0.009076668": 204,
    "0.0103773456": 75,
    "0.011678023200000002": 7,
    "0.0129787008": 11,
    "0.0142793784": 12,
    "0.015580056000000002": 14
  },
  "latencyPercentiles": {
    "p10": 0.003320614,
    "p25": 0.003379696,
    "p50": 0.003442411,
    "p75": 0.003525337,
    "p90": 0.004041869,
    "p95": 0.004184056,
    "p99": 0.005462184
  },
  "rps": {
    "mean": 14026.216324256353,
    "stddev": 1317.3978369208482,
    "max": 15917.762642015208,
    "percentiles": {
      "p10": 13100.708748342864,
      "p25": 13617.761646515903,
      "p50": 14359.35150758594,
      "p75": 14662.989269303196,
      "p90": 14987.192488459292,
      "p95": 15336.388659735292,
      "p99": 15627.214301339745
    }
  },
  "details": {
    "DNSDialup": {
      "average": 0.0007208866,
      "fastest": 0.000075557,
      "slowest": 0.001257023
    },
    "DNSLookup": {
      "average": 0.000006981779999999999,
      "fastest": 0.000003066,
      "slowest": 0.000033082
    }
  },
  "statusCodeDistribution": {
    "200": 140236
  },
  "errorDistribution": {}
}