{
  "summary": {
    "successRate": 1,
    "total": 10.000683291,
    "slowest": 0.018637339,
    "fastest": 0.000466106,
    "average": 0.0028691622221347843,
    "requestsPerSec": 17408.51049214573,
    "totalData": 2263261,
    "sizePerRequest": 13,
    "sizePerSec": 226310.6363978945
  },
  "responseTimeHistogram": {
    "0.000466106": 1,
    "0.0022832293": 895,
    "0.004100352599999999": 168153,
    "0.005917475899999999": 4120,
    "0.007734599199999999": 585,
    "0.009551722499999998": 131,
    "0.0113688458": 89,
    "0.0131859691": 30,
    "0.015003092399999998": 10,
    "0.0168202157": 33,
    "0.018637339": 50
  },
  "latencyPercentiles": {
    "p10": 0.002594853,
    "p25": 0.002626933,
    "p50": 0.002664049,
    "p75": 0.002724644,
    "p90": 0.003677347,
    "p95": 0.003827549,
    "p99": 0.005041564
  },
  "rps": {
    "mean": 17449.166193961144,
    "stddev": 2390.274434340592,
    "max": 23018.941618766275,
    "percentiles": {
      "p10": 15562.222433956238,
      "p25": 16834.463513705792,
      "p50": 17726.339504561864,
      "p75": 18347.672758128665,
      "p90": 19922.663621253152,
      "p95": 20372.350468794113,
      "p99": 21093.54857642019
    }
  },
  "details": {
    "DNSDialup": {
      "average": 0.00165284438,
      "fastest": 0.000332891,
      "slowest": 0.002970015
    },
    "DNSLookup": {
      "average": 0.000005111860000000001,
      "fastest": 0.000003099,
      "slowest": 0.000049099
    }
  },
  "statusCodeDistribution": {
    "200": 174097
  },
  "errorDistribution": {}
}