{
  "summary": {
    "successRate": 1,
    "total": 10.000627836,
    "slowest": 0.015448843,
    "fastest": 0.001352218,
    "average": 0.0035706131754523317,
    "requestsPerSec": 13978.422384320393,
    "totalData": 1817309,
    "sizePerRequest": 13,
    "sizePerSec": 181719.4909961651
  },
  "responseTimeHistogram": {
    "0.001352218": 1,
    "0.0027618805": 510,
    "0.004171543": 129337,
    "0.0055812055": 8834,
    "0.006990868000000001": 733,
    "0.008400530500000001": 171,
    "0.009810193": 158,
    "0.0112198555": 8,
    "0.012629518000000001": 12,
    "0.014039180500000002": 14,
    "0.015448843000000002": 15
  },
  "latencyPercentiles": {
    "p10": 0.002930382,
    "p25": 0.003380663,
    "p50": 0.003482666,
    "p75": 0.003798076,
    "p90": 0.004013979,
    "p95": 0.00438329,
    "p99": 0.005307369
  },
  "rps": {
    "mean": 13991.466619469766,
    "stddev": 1755.831635722126,
    "max": 22452.890027748675,
    "percentiles": {
      "p10": 12466.285734507082,
      "p25": 12958.51547246615,
      "p50": 14094.22321354432,
      "p75": 14751.404218279431,
      "p90": 15956.774202612583,
      "p95": 17033.77215376954,
      "p99": 18103.740232733213
    }
  },
  "details": {
    "DNSDialup": {
      "average": 0.00073336942,
      "fastest": 0.000089376,
      "slowest": 0.001594322
    },
    "DNSLookup": {
      "average": 0.000006863380000000001,
      "fastest": 0.000003467,
      "slowest": 0.000031399
    }
  },
  "statusCodeDistribution": {
    "200": 139793
  },
  "errorDistribution": {}
}