{
  "summary": {
    "successRate": 1,
    "total": 10.000598529,
    "slowest": 0.016343296,
    "fastest": 0.002191634,
    "average": 0.0038561084294256713,
    "requestsPerSec": 12943.025322399682,
    "totalData": 1682694,
    "sizePerRequest": 13,
    "sizePerSec": 168259.32919119587
  },
  "responseTimeHistogram": {
    "0.002191634": 1,
    "0.0036068002000000004": 26573,
    "0.0050219664": 99093,
    "0.006437132600000001": 2964,
    "0.007852298800000001": 452,
    "0.009267465": 140,
    "0.0106826312": 170,
    "0.0120977974": 7,
    "0.0135129636": 12,
    "0.0149281298": 12,
    "0.016343296": 14
  },
  "latencyPercentiles": {
    "p10": 0.003553203,
    "p25": 0.003622441,
    "p50": 0.003701385,
    "p75": 0.003824145,
    "p90": 0.004463666,
    "p95": 0.004785886,
    "p99": 0.006030054
  },
  "rps": {
    "mean": 12953.128170234764,
    "stddev": 1400.9029015531607,
    "max": 16675.351745693133,
    "percentiles": {
      "p10": 11624.103741518491,
      "p25": 12423.888653102704,
      "p50": 13218.358978785756,
      "p75": 13751.301755692437,
      "p90": 14330.707840760439,
      "p95": 14555.72610859406,
      "p99": 14824.278969467223
    }
  },
  "details": {
    "DNSDialup": {
      "average": 0.0007544920200000002,
      "fastest": 0.00007093,
      "slowest": 0.001713455
    },
    "DNSLookup": {
      "average": 0.000008127559999999999,
      "fastest": 0.000003136,
      "slowest": 0.000038341
    }
  },
  "statusCodeDistribution": {
    "200": 129438
  },
  "errorDistribution": {}
}