{
  "summary": {
    "successRate": 1,
    "total": 10.000618795,
    "slowest": 0.01626815,
    "fastest": 0.002003695,
    "average": 0.0036612563108874793,
    "requestsPerSec": 13630.456554163657,
    "totalData": 1772069,
    "sizePerRequest": 13,
    "sizePerSec": 177195.93520412754
  },
  "responseTimeHistogram": {
    "0.002003695": 1,
    "0.0034301405": 18024,
    "0.0048565859999999995": 115856,
    "0.006283031499999999": 1807,
    "0.007709476999999999": 289,
    "0.0091359225": 236,
    "0.010562367999999999": 51,
    "0.011988813499999999": 6,
    "0.013415258999999999": 11,
    "0.014841704499999999": 17,
    "0.01626815": 15
  },
  "latencyPercentiles": {
    "p10": 0.003407045,
    "p25": 0.003481456,
    "p50": 0.003543304,
    "p75": 0.003632118,
    "p90": 0.004121773,
    "p95": 0.004237015,
    "p99": 0.005518807
  },
  "rps": {
    "mean": 13635.80766426946,
    "stddev": 1322.1488808471988,
    "max": 17531.10238045647,
    "percentiles": {
      "p10": 12620.786435258919,
      "p25": 13119.21953457879,
      "p50": 13918.815454732376,
      "p75": 14251.901148412493,
      "p90": 14834.290904470528,
      "p95": 15047.401511461901,
      "p99": 15443.487079324372
    }
  },
  "details": {
    "DNSDialup": {
      "average": 0.0009643087600000001,
      "fastest": 0.00059711,
      "slowest": 0.001368315
    },
    "DNSLookup": {
      "average": 0.000006309279999999999,
      "fastest": 0.000002725,
      "slowest": 0.00003219
    }
  },
  "statusCodeDistribution": {
    "200": 136313
  },
  "errorDistribution": {}
}