{
  "summary": {
    "successRate": 1,
    "total": 10.001020329,
    "slowest": 0.018862191,
    "fastest": 0.000405595,
    "average": 0.002779283315909855,
    "requestsPerSec": 17971.96626816296,
    "totalData": 2336594,
    "sizePerRequest": 13,
    "sizePerSec": 233635.56148611847
  },
  "responseTimeHistogram": {
    "0.000405595": 1,
    "0.0022512546": 102424,
    "0.0040969142": 62852,
    "0.0059425738": 8016,
    "0.0077882334": 5492,
    "0.009633893": 767,
    "0.0114795526": 50,
    "0.013325212199999999": 26,
    "0.0151708718": 43,
    "0.0170165314": 57,
    "0.018862191": 10
  },
  "latencyPercentiles": {
    "p10": 0.001940479,
    "p25": 0.001971978,
    "p50": 0.002042779,
    "p75": 0.003372962,
    "p90": 0.003731259,
    "p95": 0.005241046,
    "p99": 0.006998928
  },
  "rps": {
    "mean": 18045.641485767752,
    "stddev": 4802.076769858926,
    "max": 37348.698864703474,
    "percentiles": {
      "p10": 10954.335695919906,
      "p25": 12603.784916610448,
      "p50": 19927.15517718582,
      "p75": 21871.773229955164,
      "p90": 22993.206152250827,
      "p95": 23508.721735763662,
      "p99": 24616.460474506013
    }
  },
  "details": {
    "DNSDialup": {
      "average": 0.0014733977000000002,
      "fastest": 0.000071699,
      "slowest": 0.002953267
    },
    "DNSLookup": {
      "average": 0.0000043439399999999994,
      "fastest": 0.000003,
      "slowest": 0.000029699
    }
  },
  "statusCodeDistribution": {
    "200": 179738
  },
  "errorDistribution": {}
}