{
  "summary": {
    "successRate": 1,
    "total": 10.000678984,
    "slowest": 0.026443288,
    "fastest": 0.000535204,
    "average": 0.002896593465645544,
    "requestsPerSec": 17241.12935490261,
    "totalData": 2241499,
    "sizePerRequest": 13,
    "sizePerSec": 224134.6816137339
  },
  "responseTimeHistogram": {
    "0.000535204": 1,
    "0.0031260123999999998": 152580,
    "0.0057168207999999995": 18559,
    "0.008307629199999998": 746,
    "0.010898437599999998": 440,
    "0.013489245999999998": 42,
    "0.0160800544": 54,
    "0.0186708628": 0,
    "0.0212616712": 0,
    "0.023852479599999997": 0,
    "0.026443288": 1
  },
  "latencyPercentiles": {
    "p10": 0.002646219,
    "p25": 0.002674419,
    "p50": 0.00270392,
    "p75": 0.002744319,
    "p90": 0.003347423,
    "p95": 0.004523032,
    "p99": 0.005201637
  },
  "rps": {
    "mean": 17275.595137169097,
    "stddev": 2630.8377334641204,
    "max": 22817.62391784683,
    "percentiles": {
      "p10": 14341.919997961579,
      "p25": 16363.866534698389,
      "p50": 17722.55727089431,
      "p75": 19203.645907139202,
      "p90": 19894.519258890636,
      "p95": 20178.094807406207,
      "p99": 20472.275654515273
    }
  },
  "details": {
    "DNSDialup": {
      "average": 0.0014088899999999999,
      "fastest": 0.000071,
      "slowest": 0.003487325
    },
    "DNSLookup": {
      "average": 0.0000051640399999999994,
      "fastest": 0.0000033,
      "slowest": 0.0000415
    }
  },
  "statusCodeDistribution": {
    "200": 172423
  },
  "errorDistribution": {}
}