{
  "summary": {
    "successRate": 1,
    "total": 10.000680654,
    "slowest": 0.020808101,
    "fastest": 0.000375103,
    "average": 0.0049132685095435,
    "requestsPerSec": 10163.308230359977,
    "totalData": 1321320,
    "sizePerRequest": 13,
    "sizePerSec": 132123.00699467972
  },
  "responseTimeHistogram": {
    "0.000375103": 1,
    "0.0024184027999999995": 279,
    "0.004461702599999999": 60062,
    "0.006505002399999999": 20957,
    "0.008548302199999998": 16725,
    "0.010591601999999997": 2929,
    "0.012634901799999997": 320,
    "0.014678201599999998": 182,
    "0.016721501399999998": 131,
    "0.018764801199999997": 20,
    "0.020808100999999996": 34
  },
  "latencyPercentiles": {
    "p10": 0.003492434,
    "p25": 0.003730736,
    "p50": 0.004177834,
    "p75": 0.005439253,
    "p90": 0.007651064,
    "p95": 0.008267469,
    "p99": 0.009858582
  },
  "rps": {
    "mean": 10170.693523088323,
    "stddev": 3059.2200322509916,
    "max": 16056.916921080885,
    "percentiles": {
      "p10": 6034.224916883548,
      "p25": 7006.59811344312,
      "p50": 10843.71970912243,
      "p75": 12831.374355346727,
      "p90": 13714.150260237828,
      "p95": 14065.293927709046,
      "p99": 14909.880498916602
    }
  },
  "details": {
    "DNSDialup": {
      "average": 0.0018826521800000004,
      "fastest": 0.000075401,
      "slowest": 0.004242841
    },
    "DNSLookup": {
      "average": 0.000006982079999999999,
      "fastest": 0.0000049,
      "slowest": 0.0000504
    }
  },
  "statusCodeDistribution": {
    "200": 101640
  },
  "errorDistribution": {}
}