{
  "summary": {
    "successRate": 1,
    "total": 10.000487554,
    "slowest": 0.018388144,
    "fastest": 0.00121106,
    "average": 0.003841462508359136,
    "requestsPerSec": 12991.16661047544,
    "totalData": 1688934,
    "sizePerRequest": 13,
    "sizePerSec": 168885.16593618074
  },
  "responseTimeHistogram": {
    "0.00121106": 1,
    "0.0029287683999999997": 5030,
    "0.0046464767999999995": 117386,
    "0.006364185199999999": 6670,
    "0.008081893599999999": 506,
    "0.009799602": 213,
    "0.011517310399999998": 62,
    "0.013235018799999998": 6,
    "0.014952727199999998": 12,
    "0.0166704356": 16,
    "0.018388144": 16
  },
  "latencyPercentiles": {
    "p10": 0.003568236,
    "p25": 0.003688292,
    "p50": 0.003753914,
    "p75": 0.003873497,
    "p90": 0.004482364,
    "p95": 0.00468407,
    "p99": 0.006021166
  },
  "rps": {
    "mean": 13002.657869350278,
    "stddev": 1697.264188172066,
    "max": 22677.777002923165,
    "percentiles": {
      "p10": 11601.313139743805,
      "p25": 12350.110573652706,
      "p50": 13017.11099239927,
      "p75": 13720.423209828074,
      "p90": 14248.719956064342,
      "p95": 15541.218419493505,
      "p99": 18026.968344643385
    }
  },
  "details": {
    "DNSDialup": {
      "average": 0.0006463975199999999,
      "fastest": 0.000089178,
      "slowest": 0.000936791
    },
    "DNSLookup": {
      "average": 0.00000618928,
      "fastest": 0.000003226,
      "slowest": 0.000028463
    }
  },
  "statusCodeDistribution": {
    "200": 129918
  },
  "errorDistribution": {}
}