{
  "summary": {
    "successRate": 1,
    "total": 10.000267518,
    "slowest": 0.015506064,
    "fastest": 0.000164878,
    "average": 0.0033601447629157738,
    "requestsPerSec": 14849.60274639725,
    "totalData": 1930500,
    "sizePerRequest": 13,
    "sizePerSec": 193044.83570316425
  },
  "responseTimeHistogram": {
    "0.000164878": 1,
    "0.0016989966": 7037,
    "0.0032331151999999996": 98276,
    "0.0047672337999999995": 14093,
    "0.0063013524": 26003,
    "0.007835471": 2321,
    "0.009369589599999999": 485,
    "0.010903708199999999": 164,
    "0.0124378268": 76,
    "0.0139719454": 26,
    "0.015506064": 18
  },
  "latencyPercentiles": {
    "p10": 0.002491245,
    "p25": 0.002659808,
    "p50": 0.002847115,
    "p75": 0.003612686,
    "p90": 0.005592861,
    "p95": 0.005869868,
    "p99": 0.00676901
  },
  "rps": {
    "mean": 14857.835590069806,
    "stddev": 2500.7966003442757,
    "max": 28139.550137719983,
    "percentiles": {
      "p10": 12848.619174958401,
      "p25": 13927.208193927858,
      "p50": 14726.842616036536,
      "p75": 15557.30380333355,
      "p90": 16515.08157249193,
      "p95": 19401.72090084032,
      "p99": 24755.752430048233
    }
  },
  "details": {
    "DNSDialup": {
      "average": 0.0010089860399999998,
      "fastest": 0.000088656,
      "slowest": 0.001846664
    },
    "DNSLookup": {
      "average": 0.000023976859999999998,
      "fastest": 0.000003035,
      "slowest": 0.000767372
    }
  },
  "statusCodeDistribution": {
    "200": 148500
  },
  "errorDistribution": {}
}