{
  "summary": {
    "successRate": 1,
    "total": 10.001415016,
    "slowest": 0.016019906,
    "fastest": 0.00093701,
    "average": 0.0033183772187516947,
    "requestsPerSec": 15029.07336207275,
    "totalData": 1954056,
    "sizePerRequest": 13,
    "sizePerSec": 195377.95370694576
  },
  "responseTimeHistogram": {
    "0.00093701": 1,
    "0.0024452996": 54,
    "0.0039535892000000005": 139241,
    "0.0054618788": 9408,
    "0.006970168400000001": 1257,
    "0.008478458000000001": 244,
    "0.0099867476": 57,
    "0.0114950372": 5,
    "0.013003326800000001": 7,
    "0.014511616400000002": 18,
    "0.016019906": 20
  },
  "latencyPercentiles": {
    "p10": 0.003006295,
    "p25": 0.003072829,
    "p50": 0.003165924,
    "p75": 0.003395317,
    "p90": 0.003821225,
    "p95": 0.004097727,
    "p99": 0.005585346
  },
  "rps": {
    "mean": 15047.40271692913,
    "stddev": 1617.4492420480212,
    "max": 19577.97015605327,
    "percentiles": {
      "p10": 13638.077512416112,
      "p25": 14606.75052507673,
      "p50": 15319.026709893531,
      "p75": 16041.859563747508,
      "p90": 16468.151073930334,
      "p95": 16691.795405932167,
      "p99": 17020.62517058439
    }
  },
  "details": {
    "DNSDialup": {
      "average": 0.0009064024000000002,
      "fastest": 0.000138895,
      "slowest": 0.001463836
    },
    "DNSLookup": {
      "average": 0.0000078535,
      "fastest": 0.000004167,
      "slowest": 0.000038051
    }
  },
  "statusCodeDistribution": {
    "200": 150312
  },
  "errorDistribution": {}
}