{
  "summary": {
    "successRate": 1,
    "total": 10.000382157,
    "slowest": 0.015274853,
    "fastest": 0.000256982,
    "average": 0.0036712414231055137,
    "requestsPerSec": 13592.780542376626,
    "totalData": 1767129,
    "sizePerRequest": 13,
    "sizePerSec": 176706.14705089614
  },
  "responseTimeHistogram": {
    "0.000256982": 1,
    "0.0017587691000000001": 0,
    "0.0032605562000000005": 6733,
    "0.0047623433": 125965,
    "0.006264130400000001": 2583,
    "0.007765917500000001": 318,
    "0.0092677046": 224,
    "0.0107694917": 64,
    "0.0122712788": 12,
    "0.013773065900000001": 16,
    "0.015274853000000001": 17
  },
  "latencyPercentiles": {
    "p10": 0.003305527,
    "p25": 0.003386148,
    "p50": 0.003537689,
    "p75": 0.003818835,
    "p90": 0.004113568,
    "p95": 0.004429842,
    "p99": 0.005657263
  },
  "rps": {
    "mean": 13594.515248648037,
    "stddev": 1450.450676280038,
    "max": 19800.231889929066,
    "percentiles": {
      "p10": 12215.75221247854,
      "p25": 13028.45544954723,
      "p50": 13787.761861802615,
      "p75": 14534.279097251328,
      "p90": 14919.39521377829,
      "p95": 15060.135931371542,
      "p99": 15563.766643367597
    }
  },
  "details": {
    "DNSDialup": {
      "average": 0.00102084966,
      "fastest": 0.000107672,
      "slowest": 0.002210737
    },
    "DNSLookup": {
      "average": 0.000008697140000000003,
      "fastest": 0.000003938,
      "slowest": 0.0000321
    }
  },
  "statusCodeDistribution": {
    "200": 135933
  },
  "errorDistribution": {}
}