{
  "summary": {
    "successRate": 1,
    "total": 10.000844541,
    "slowest": 0.020236639,
    "fastest": 0.00092371,
    "average": 0.0030908335350837263,
    "requestsPerSec": 16158.535345440083,
    "totalData": 2100787,
    "sizePerRequest": 13,
    "sizePerSec": 210060.95949072108
  },
  "responseTimeHistogram": {
    "0.00092371": 1,
    "0.0028550029": 103613,
    "0.0047862958": 49589,
    "0.0067175887": 5086,
    "0.0086488816": 797,
    "0.0105801745": 2078,
    "0.012511467399999998": 136,
    "0.0144427603": 172,
    "0.0163740532": 43,
    "0.0183053461": 64,
    "0.020236639": 20
  },
  "latencyPercentiles": {
    "p10": 0.002290923,
    "p25": 0.002345328,
    "p50": 0.002427529,
    "p75": 0.003839646,
    "p90": 0.004443053,
    "p95": 0.004912251,
    "p99": 0.008810804
  },
  "rps": {
    "mean": 16236.167870235719,
    "stddev": 3722.4833073012096,
    "max": 24218.15715969448,
    "percentiles": {
      "p10": 9247.330612273056,
      "p25": 15709.416842358893,
      "p50": 17124.343641242674,
      "p75": 18751.532962887595,
      "p90": 19798.676088768923,
      "p95": 20021.753113961666,
      "p99": 20567.338609236474
    }
  },
  "details": {
    "DNSDialup": {
      "average": 0.002509463739999999,
      "fastest": 0.0000828,
      "slowest": 0.003002431
    },
    "DNSLookup": {
      "average": 0.000004294019999999999,
      "fastest": 0.0000033,
      "slowest": 0.0000328
    }
  },
  "statusCodeDistribution": {
    "200": 161599
  },
  "errorDistribution": {}
}