{
  "summary": {
    "successRate": 1,
    "total": 10.00061375,
    "slowest": 0.027959233,
    "fastest": 0.000504508,
    "average": 0.0031783320816013505,
    "requestsPerSec": 15713.23560016504,
    "totalData": 2042846,
    "sizePerRequest": 13,
    "sizePerSec": 204272.06280214552
  },
  "responseTimeHistogram": {
    "0.000504508": 1,
    "0.0032499804999999997": 129026,
    "0.0059954529999999995": 27067,
    "0.0087409255": 708,
    "0.011486398": 222,
    "0.0142318705": 23,
    "0.016977343": 69,
    "0.0197228155": 25,
    "0.022468288": 0,
    "0.025213760499999998": 0,
    "0.027959233": 1
  },
  "latencyPercentiles": {
    "p10": 0.002851995,
    "p25": 0.002882396,
    "p50": 0.002919446,
    "p75": 0.002984747,
    "p90": 0.004156839,
    "p95": 0.004353769,
    "p99": 0.005781293
  },
  "rps": {
    "mean": 15750.25124905628,
    "stddev": 2385.234913814134,
    "max": 23841.55583185298,
    "percentiles": {
      "p10": 14019.26667819647,
      "p25": 15005.502517773064,
      "p50": 15704.80330362068,
      "p75": 17343.632075422724,
      "p90": 18342.635622239664,
      "p95": 18629.408384074806,
      "p99": 18953.988540959625
    }
  },
  "details": {
    "DNSDialup": {
      "average": 0.0014040828199999998,
      "fastest": 0.000065802,
      "slowest": 0.001628354
    },
    "DNSLookup": {
      "average": 0.000006010240000000001,
      "fastest": 0.0000034,
      "slowest": 0.000071502
    }
  },
  "statusCodeDistribution": {
    "200": 157142
  },
  "errorDistribution": {}
}