{
  "summary": {
    "successRate": 1,
    "total": 10.000631027,
    "slowest": 0.016082747,
    "fastest": 0.00125433,
    "average": 0.0038178695347210784,
    "requestsPerSec": 13070.475217723477,
    "totalData": 1699269,
    "sizePerRequest": 13,
    "sizePerSec": 169916.1778304052
  },
  "responseTimeHistogram": {
    "0.00125433": 1,
    "0.0027371717": 984,
    "0.0042200134": 112613,
    "0.0057028551": 15388,
    "0.0071856968": 1334,
    "0.008668538500000001": 105,
    "0.0101513802": 188,
    "0.0116342219": 56,
    "0.013117063600000001": 13,
    "0.014599905300000002": 15,
    "0.016082747": 16
  },
  "latencyPercentiles": {
    "p10": 0.003485391,
    "p25": 0.003582195,
    "p50": 0.003671061,
    "p75": 0.003965531,
    "p90": 0.004350201,
    "p95": 0.004703996,
    "p99": 0.005925833
  },
  "rps": {
    "mean": 13079.159568344006,
    "stddev": 1615.2974691549348,
    "max": 20636.90625188072,
    "percentiles": {
      "p10": 11707.018357506073,
      "p25": 12300.114391064004,
      "p50": 13209.338982492804,
      "p75": 13870.038144614819,
      "p90": 14650.59913519066,
      "p95": 14922.0278672895,
      "p99": 17106.72123076892
    }
  },
  "details": {
    "DNSDialup": {
      "average": 0.00116627892,
      "fastest": 0.00064575,
      "slowest": 0.001442179
    },
    "DNSLookup": {
      "average": 0.000006412559999999999,
      "fastest": 0.000002655,
      "slowest": 0.000033793
    }
  },
  "statusCodeDistribution": {
    "200": 130713
  },
  "errorDistribution": {}
}