{
  "summary": {
    "successRate": 1,
    "total": 10.000670698,
    "slowest": 0.015743543,
    "fastest": 0.001100862,
    "average": 0.003806713660455342,
    "requestsPerSec": 13109.620740358867,
    "totalData": 1704365,
    "sizePerRequest": 13,
    "sizePerSec": 170425.06962466528
  },
  "responseTimeHistogram": {
    "0.001100862": 1,
    "0.0025651301": 202,
    "0.0040293982": 111310,
    "0.0054936663": 17797,
    "0.0069579344": 1405,
    "0.0084222025": 83,
    "0.009886470599999999": 228,
    "0.0113507387": 24,
    "0.012815006799999999": 26,
    "0.014279274899999998": 14,
    "0.015743543": 15
  },
  "latencyPercentiles": {
    "p10": 0.003500791,
    "p25": 0.003601007,
    "p50": 0.003706111,
    "p75": 0.003828811,
    "p90": 0.004285413,
    "p95": 0.004482276,
    "p99": 0.005867321
  },
  "rps": {
    "mean": 13115.592590771148,
    "stddev": 1296.495860141236,
    "max": 15933.29580825052,
    "percentiles": {
      "p10": 12031.737316693489,
      "p25": 12693.633316797916,
      "p50": 13278.336876234995,
      "p75": 13838.52912875197,
      "p90": 14270.952257935012,
      "p95": 14546.851043155413,
      "p99": 15139.0516601609
    }
  },
  "details": {
    "DNSDialup": {
      "average": 0.0007350697199999999,
      "fastest": 0.000072884,
      "slowest": 0.001626577
    },
    "DNSLookup": {
      "average": 0.0000067186400000000015,
      "fastest": 0.000003417,
      "slowest": 0.000029776
    }
  },
  "statusCodeDistribution": {
    "200": 131105
  },
  "errorDistribution": {}
}