{
  "summary": {
    "successRate": 1,
    "total": 10.000324375,
    "slowest": 0.016999547,
    "fastest": 0.000141701,
    "average": 0.00229202518718454,
    "requestsPerSec": 21793.293080055715,
    "totalData": 2833220,
    "sizePerRequest": 13,
    "sizePerSec": 283312.8100407243
  },
  "responseTimeHistogram": {
    "0.000141701": 1,
    "0.0018274855999999998": 13847,
    "0.0035132702": 195819,
    "0.005199054799999999": 6807,
    "0.0068848393999999995": 1067,
    "0.008570623999999999": 123,
    "0.010256408599999997": 73,
    "0.011942193199999998": 77,
    "0.013627977799999998": 33,
    "0.015313762399999998": 66,
    "0.016999547": 27
  },
  "latencyPercentiles": {
    "p10": 0.001835401,
    "p25": 0.001857205,
    "p50": 0.001894101,
    "p75": 0.002874908,
    "p90": 0.003136401,
    "p95": 0.003285201,
    "p99": 0.004601412
  },
  "rps": {
    "mean": 21812.874664486237,
    "stddev": 2912.2113707130034,
    "max": 26340.771727487117,
    "percentiles": {
      "p10": 20027.23102602591,
      "p25": 21260.304470945663,
      "p50": 22345.79480453229,
      "p75": 23040.95068164634,
      "p90": 24519.39522473867,
      "p95": 25015.56615547479,
      "p99": 25596.6553703652
    }
  },
  "details": {
    "DNSDialup": {
      "average": 0.00133682568,
      "fastest": 0.0000691,
      "slowest": 0.002867208
    },
    "DNSLookup": {
      "average": 0.0000040660000000000005,
      "fastest": 0.0000029,
      "slowest": 0.0000253
    }
  },
  "statusCodeDistribution": {
    "200": 217940
  },
  "errorDistribution": {}
}