{
  "summary": {
    "successRate": 1,
    "total": 10.000984122,
    "slowest": 0.015774928,
    "fastest": 0.000897867,
    "average": 0.0033203853835536926,
    "requestsPerSec": 15025.621295551937,
    "totalData": 1953523,
    "sizePerRequest": 13,
    "sizePerSec": 195333.07684217519
  },
  "responseTimeHistogram": {
    "0.000897867": 1,
    "0.0023855731000000002": 470,
    "0.0038732792000000004": 136796,
    "0.005360985300000001": 11709,
    "0.006848691400000001": 962,
    "0.0083363975": 235,
    "0.009824103600000002": 48,
    "0.011311809700000001": 4,
    "0.012799515800000001": 12,
    "0.0142872219": 17,
    "0.015774928": 17
  },
  "latencyPercentiles": {
    "p10": 0.002987707,
    "p25": 0.003063379,
    "p50": 0.003177074,
    "p75": 0.003443826,
    "p90": 0.003808836,
    "p95": 0.004098288,
    "p99": 0.005230031
  },
  "rps": {
    "mean": 15029.508855757187,
    "stddev": 1617.119015329691,
    "max": 18666.180191371757,
    "percentiles": {
      "p10": 13410.638659649007,
      "p25": 14462.66673496227,
      "p50": 15245.376338131427,
      "p75": 16056.697433769059,
      "p90": 16564.61918546548,
      "p95": 16823.69280657977,
      "p99": 17334.63807379862
    }
  },
  "details": {
    "DNSDialup": {
      "average": 0.00112440592,
      "fastest": 0.000139571,
      "slowest": 0.001736461
    },
    "DNSLookup": {
      "average": 0.000013987499999999998,
      "fastest": 0.000004689,
      "slowest": 0.000118621
    }
  },
  "statusCodeDistribution": {
    "200": 150271
  },
  "errorDistribution": {}
}