{
  "summary": {
    "successRate": 1,
    "total": 10.000129112,
    "slowest": 0.017159354,
    "fastest": 0.000842494,
    "average": 0.0034734180217407,
    "requestsPerSec": 14364.61453558881,
    "totalData": 1867424,
    "sizePerRequest": 13,
    "sizePerSec": 186739.98896265452
  },
  "responseTimeHistogram": {
    "0.000842494": 1,
    "0.0024741800000000003": 2969,
    "0.0041058660000000005": 126842,
    "0.005737552000000001": 12528,
    "0.007369238000000001": 991,
    "0.009000924": 93,
    "0.01063261": 174,
    "0.012264296000000001": 8,
    "0.013895982000000001": 11,
    "0.015527668000000001": 21,
    "0.017159354": 10
  },
  "latencyPercentiles": {
    "p10": 0.003102883,
    "p25": 0.003225796,
    "p50": 0.003379093,
    "p75": 0.003560155,
    "p90": 0.004079861,
    "p95": 0.004390843,
    "p99": 0.005667145
  },
  "rps": {
    "mean": 14373.225810423288,
    "stddev": 1902.7316793196562,
    "max": 26639.108337593334,
    "percentiles": {
      "p10": 12647.138069008668,
      "p25": 13746.040989690813,
      "p50": 14553.703164677332,
      "p75": 15250.762161854354,
      "p90": 15788.483815897493,
      "p95": 16125.613925158654,
      "p99": 20714.110452041456
    }
  },
  "details": {
    "DNSDialup": {
      "average": 0.0012460700599999995,
      "fastest": 0.000116768,
      "slowest": 0.002740219
    },
    "DNSLookup": {
      "average": 0.000028110259999999998,
      "fastest": 0.000003527,
      "slowest": 0.001075499
    }
  },
  "statusCodeDistribution": {
    "200": 143648
  },
  "errorDistribution": {}
}