{
  "summary": {
    "successRate": 1,
    "total": 10.000598434,
    "slowest": 0.025858171,
    "fastest": 0.000551007,
    "average": 0.00312339471476096,
    "requestsPerSec": 15989.843113422625,
    "totalData": 2078804,
    "sizePerRequest": 13,
    "sizePerSec": 207867.96047449412
  },
  "responseTimeHistogram": {
    "0.000551007": 1,
    "0.0030817234": 127817,
    "0.0056124398": 30304,
    "0.0081431562": 1407,
    "0.010673872599999999": 113,
    "0.013204589": 176,
    "0.0157353054": 63,
    "0.018266021799999997": 0,
    "0.020796738199999998": 0,
    "0.0233274546": 23,
    "0.025858171": 4
  },
  "latencyPercentiles": {
    "p10": 0.00281344,
    "p25": 0.002838741,
    "p50": 0.002877341,
    "p75": 0.002967343,
    "p90": 0.004017458,
    "p95": 0.004197861,
    "p99": 0.005691181
  },
  "rps": {
    "mean": 16016.964447524419,
    "stddev": 2344.0952400869705,
    "max": 19368.48113876233,
    "percentiles": {
      "p10": 14511.981091588374,
      "p25": 15248.487832874484,
      "p50": 16014.985221671795,
      "p75": 17602.388644140032,
      "p90": 18613.229433747394,
      "p95": 18845.891992030003,
      "p99": 19142.454500208514
    }
  },
  "details": {
    "DNSDialup": {
      "average": 0.0020592055599999996,
      "fastest": 0.000086201,
      "slowest": 0.004433464
    },
    "DNSLookup": {
      "average": 0.00000871408,
      "fastest": 0.0000039,
      "slowest": 0.000072001
    }
  },
  "statusCodeDistribution": {
    "200": 159908
  },
  "errorDistribution": {}
}