{
  "summary": {
    "successRate": 1,
    "total": 10.000806775,
    "slowest": 0.024159782,
    "fastest": 0.000466609,
    "average": 0.0027367454417592677,
    "requestsPerSec": 18242.628230360948,
    "totalData": 2371733,
    "sizePerRequest": 13,
    "sizePerSec": 237154.1669946923
  },
  "responseTimeHistogram": {
    "0.000466609": 1,
    "0.0028359263000000004": 126545,
    "0.0052052436": 52920,
    "0.007574560900000001": 2332,
    "0.0099438782": 197,
    "0.0123131955": 152,
    "0.014682512800000002": 147,
    "0.017051830100000002": 89,
    "0.0194211474": 24,
    "0.0217904647": 4,
    "0.024159782": 30
  },
  "latencyPercentiles": {
    "p10": 0.002164639,
    "p25": 0.002189839,
    "p50": 0.00222624,
    "p75": 0.003581165,
    "p90": 0.003736468,
    "p95": 0.003953572,
    "p99": 0.005597205
  },
  "rps": {
    "mean": 18242.588455988323,
    "stddev": 3071.7666047522152,
    "max": 24047.570264078106,
    "percentiles": {
      "p10": 15520.205755872268,
      "p25": 16528.527581844053,
      "p50": 19610.036416636325,
      "p75": 20101.25375257102,
      "p90": 20451.16677415215,
      "p95": 21326.238294356037,
      "p99": 22209.863056733244
    }
  },
  "details": {
    "DNSDialup": {
      "average": 0.0009889787400000002,
      "fastest": 0.000050001,
      "slowest": 0.001315225
    },
    "DNSLookup": {
      "average": 0.0000047721199999999985,
      "fastest": 0.0000032,
      "slowest": 0.000038101
    }
  },
  "statusCodeDistribution": {
    "200": 182441
  },
  "errorDistribution": {}
}