{
  "summary": {
    "successRate": 1,
    "total": 10.000725137,
    "slowest": 0.016483037,
    "fastest": 0.000837194,
    "average": 0.0033040701146998157,
    "requestsPerSec": 15101.804912249136,
    "totalData": 1963377,
    "sizePerRequest": 13,
    "sizePerSec": 196323.46385923875
  },
  "responseTimeHistogram": {
    "0.000837194": 1,
    "0.0024017783": 6561,
    "0.0039663626": 132328,
    "0.005530946900000001": 10791,
    "0.0070955312000000005": 969,
    "0.0086601155": 71,
    "0.0102246998": 156,
    "0.0117892841": 109,
    "0.0133538684": 7,
    "0.0149184527": 18,
    "0.016483037": 18
  },
  "latencyPercentiles": {
    "p10": 0.002659628,
    "p25": 0.003076871,
    "p50": 0.003273506,
    "p75": 0.0035117,
    "p90": 0.003850189,
    "p95": 0.004248717,
    "p99": 0.005392954
  },
  "rps": {
    "mean": 15116.693209792562,
    "stddev": 2417.1382996825632,
    "max": 25936.560175221577,
    "percentiles": {
      "p10": 12968.692570809033,
      "p25": 14085.076680163533,
      "p50": 14958.426116568538,
      "p75": 15876.732226230162,
      "p90": 17845.040883188427,
      "p95": 19562.37700549731,
      "p99": 22831.77670894283
    }
  },
  "details": {
    "DNSDialup": {
      "average": 0.00112758904,
      "fastest": 0.000074789,
      "slowest": 0.002639768
    },
    "DNSLookup": {
      "average": 0.00000711118,
      "fastest": 0.000004088,
      "slowest": 0.000030788
    }
  },
  "statusCodeDistribution": {
    "200": 151029
  },
  "errorDistribution": {}
}