{
  "summary": {
    "successRate": 1,
    "total": 10.000433092,
    "slowest": 0.016607217,
    "fastest": 0.000941667,
    "average": 0.0034999970640122555,
    "requestsPerSec": 14257.58251550732,
    "totalData": 1853566,
    "sizePerRequest": 13,
    "sizePerSec": 185348.57270159517
  },
  "responseTimeHistogram": {
    "0.000941667": 1,
    "0.002508222": 9611,
    "0.004074777": 121032,
    "0.005641332000000001": 11381,
    "0.0072078870000000005": 342,
    "0.008774442": 135,
    "0.010340997000000001": 30,
    "0.011907552": 8,
    "0.013474107": 14,
    "0.015040662000000002": 11,
    "0.016607217": 17
  },
  "latencyPercentiles": {
    "p10": 0.003120054,
    "p25": 0.003259332,
    "p50": 0.003545664,
    "p75": 0.003756061,
    "p90": 0.003953861,
    "p95": 0.004358378,
    "p99": 0.004979774
  },
  "rps": {
    "mean": 14260.613730997855,
    "stddev": 2107.48175538554,
    "max": 24243.952346087503,
    "percentiles": {
      "p10": 12435.434771381199,
      "p25": 13153.31961171006,
      "p50": 14030.82431794386,
      "p75": 15200.275124979898,
      "p90": 15666.496767443918,
      "p95": 18218.086916692682,
      "p99": 22245.25129017496
    }
  },
  "details": {
    "DNSDialup": {
      "average": 0.0008324518000000001,
      "fastest": 0.000093592,
      "slowest": 0.001336575
    },
    "DNSLookup": {
      "average": 0.000010891,
      "fastest": 0.000003797,
      "slowest": 0.000196532
    }
  },
  "statusCodeDistribution": {
    "200": 142582
  },
  "errorDistribution": {}
}