{
  "summary": {
    "successRate": 1,
    "total": 10.000224776,
    "slowest": 0.014654951,
    "fastest": 0.001498569,
    "average": 0.003590491111639543,
    "requestsPerSec": 13897.987606593775,
    "totalData": 1806779,
    "sizePerRequest": 13,
    "sizePerSec": 180673.83888571907
  },
  "responseTimeHistogram": {
    "0.001498569": 1,
    "0.0028142072": 395,
    "0.0041298454": 127679,
    "0.005445483599999999": 9849,
    "0.0067611217999999996": 739,
    "0.008076759999999999": 231,
    "0.009392398199999999": 39,
    "0.010708036399999999": 7,
    "0.0120236746": 13,
    "0.0133393128": 13,
    "0.014654951": 17
  },
  "latencyPercentiles": {
    "p10": 0.003256253,
    "p25": 0.003319361,
    "p50": 0.003429588,
    "p75": 0.003771407,
    "p90": 0.004036835,
    "p95": 0.00434618,
    "p99": 0.0051823
  },
  "rps": {
    "mean": 13897.83214542276,
    "stddev": 1347.6869521549208,
    "max": 16782.359626697395,
    "percentiles": {
      "p10": 12503.748603664048,
      "p25": 13321.216701840973,
      "p50": 14014.398392909297,
      "p75": 14914.772154684579,
      "p90": 15203.25653755005,
      "p95": 15330.38969545781,
      "p99": 15628.81014862868
    }
  },
  "details": {
    "DNSDialup": {
      "average": 0.00131962018,
      "fastest": 0.000132949,
      "slowest": 0.002834333
    },
    "DNSLookup": {
      "average": 0.000023289239999999997,
      "fastest": 0.000004298,
      "slowest": 0.000616076
    }
  },
  "statusCodeDistribution": {
    "200": 138983
  },
  "errorDistribution": {}
}