{
  "summary": {
    "successRate": 1,
    "total": 10.000565083,
    "slowest": 0.017547338,
    "fastest": 0.001159366,
    "average": 0.003552082585323669,
    "requestsPerSec": 14050.406035440628,
    "totalData": 1826656,
    "sizePerRequest": 13,
    "sizePerSec": 182655.27846072815
  },
  "responseTimeHistogram": {
    "0.001159366": 1,
    "0.0027981632000000003": 76,
    "0.0044369604": 136426,
    "0.0060757576": 3123,
    "0.0077145548000000005": 559,
    "0.009353352": 266,
    "0.0109921492": 11,
    "0.0126309464": 6,
    "0.0142697436": 11,
    "0.0159085408": 17,
    "0.017547338": 16
  },
  "latencyPercentiles": {
    "p10": 0.003306173,
    "p25": 0.003370742,
    "p50": 0.003434865,
    "p75": 0.003514312,
    "p90": 0.004023522,
    "p95": 0.004130313,
    "p99": 0.00561735
  },
  "rps": {
    "mean": 14057.529051106821,
    "stddev": 1393.2531086967929,
    "max": 18558.674813790596,
    "percentiles": {
      "p10": 13121.716440709368,
      "p25": 13601.254035622243,
      "p50": 14392.174682755714,
      "p75": 14730.961534954457,
      "p90": 15127.259583976425,
      "p95": 15388.598705591872,
      "p99": 15755.155874759552
    }
  },
  "details": {
    "DNSDialup": {
      "average": 0.0008466215199999997,
      "fastest": 0.000095912,
      "slowest": 0.001703125
    },
    "DNSLookup": {
      "average": 0.00001061944,
      "fastest": 0.000003257,
      "slowest": 0.00017013
    }
  },
  "statusCodeDistribution": {
    "200": 140512
  },
  "errorDistribution": {}
}