{
  "summary": {
    "successRate": 1,
    "total": 10.000710439,
    "slowest": 0.027858885,
    "fastest": 0.000522513,
    "average": 0.003289964943272568,
    "requestsPerSec": 15178.521658625135,
    "totalData": 1973348,
    "sizePerRequest": 13,
    "sizePerSec": 197320.78156212677
  },
  "responseTimeHistogram": {
    "0.000522513": 1,
    "0.0032561502000000003": 118511,
    "0.0059897874": 30842,
    "0.008723424600000002": 1855,
    "0.011457061800000001": 336,
    "0.014190699000000001": 152,
    "0.0169243362": 84,
    "0.0196579734": 10,
    "0.0223916106": 0,
    "0.0251252478": 0,
    "0.027858885": 5
  },
  "latencyPercentiles": {
    "p10": 0.002823268,
    "p25": 0.00286257,
    "p50": 0.002909071,
    "p75": 0.003065974,
    "p90": 0.004235504,
    "p95": 0.005549333,
    "p99": 0.006843065
  },
  "rps": {
    "mean": 15205.79099651824,
    "stddev": 3212.7316505619874,
    "max": 19283.764075866064,
    "percentiles": {
      "p10": 9025.049023564963,
      "p25": 15218.505702934814,
      "p50": 15848.265893779468,
      "p75": 17247.369437977093,
      "p90": 18455.847394215194,
      "p95": 18646.24470952311,
      "p99": 18924.905175210897
    }
  },
  "details": {
    "DNSDialup": {
      "average": 0.0019814707000000006,
      "fastest": 0.000101803,
      "slowest": 0.002177453
    },
    "DNSLookup": {
      "average": 0.0000069302,
      "fastest": 0.0000039,
      "slowest": 0.000078402
    }
  },
  "statusCodeDistribution": {
    "200": 151796
  },
  "errorDistribution": {}
}