{
  "summary": {
    "successRate": 1,
    "total": 10.00121729,
    "slowest": 0.017264934,
    "fastest": 0.002288037,
    "average": 0.0035435489104512757,
    "requestsPerSec": 14085.585375777793,
    "totalData": 1831349,
    "sizePerRequest": 13,
    "sizePerSec": 183112.6098851113
  },
  "responseTimeHistogram": {
    "0.002288037": 1,
    "0.0037857267000000003": 119247,
    "0.0052834164": 20011,
    "0.0067811061": 1210,
    "0.0082787958": 146,
    "0.0097764855": 206,
    "0.0112741752": 2,
    "0.012771864899999999": 6,
    "0.0142695546": 10,
    "0.0157672443": 17,
    "0.017264934": 17
  },
  "latencyPercentiles": {
    "p10": 0.00329385,
    "p25": 0.00335731,
    "p50": 0.003422434,
    "p75": 0.003506729,
    "p90": 0.004037605,
    "p95": 0.004169922,
    "p99": 0.00542739
  },
  "rps": {
    "mean": 14089.507848441126,
    "stddev": 1340.157127274817,
    "max": 16262.896753193121,
    "percentiles": {
      "p10": 13068.633851259965,
      "p25": 13609.325109564837,
      "p50": 14450.346452073587,
      "p75": 14771.58160731028,
      "p90": 15123.797295043847,
      "p95": 15326.930950373047,
      "p99": 15697.148549328977
    }
  },
  "details": {
    "DNSDialup": {
      "average": 0.0009102144599999995,
      "fastest": 0.000057237,
      "slowest": 0.001962427
    },
    "DNSLookup": {
      "average": 0.000006358059999999997,
      "fastest": 0.000002604,
      "slowest": 0.000036058
    }
  },
  "statusCodeDistribution": {
    "200": 140873
  },
  "errorDistribution": {}
}