{
  "summary": {
    "successRate": 1,
    "total": 10.000588737,
    "slowest": 0.017289302,
    "fastest": 0.002676669,
    "average": 0.0036684725483960992,
    "requestsPerSec": 13606.698923289601,
    "totalData": 1768975,
    "sizePerRequest": 13,
    "sizePerSec": 176887.08600276482
  },
  "responseTimeHistogram": {
    "0.002676669": 1,
    "0.0041379323": 121167,
    "0.005599195600000001": 13554,
    "0.0070604589": 960,
    "0.0085217222": 179,
    "0.0099829855": 149,
    "0.011444248800000001": 19,
    "0.0129055121": 7,
    "0.0143667754": 13,
    "0.0158280387": 15,
    "0.017289302": 11
  },
  "latencyPercentiles": {
    "p10": 0.003430847,
    "p25": 0.003491712,
    "p50": 0.003548106,
    "p75": 0.00362284,
    "p90": 0.004159081,
    "p95": 0.004301856,
    "p99": 0.005595783
  },
  "rps": {
    "mean": 13615.133431211041,
    "stddev": 1338.1743360852079,
    "max": 16674.040057108286,
    "percentiles": {
      "p10": 12570.981893422617,
      "p25": 13121.787069405538,
      "p50": 13910.314498200418,
      "p75": 14253.766633116753,
      "p90": 14827.161877843746,
      "p95": 15008.949217166753,
      "p99": 15234.675466214307
    }
  },
  "details": {
    "DNSDialup": {
      "average": 0.00072077378,
      "fastest": 0.000060894,
      "slowest": 0.001170432
    },
    "DNSLookup": {
      "average": 0.000006635279999999999,
      "fastest": 0.000002555,
      "slowest": 0.000033553
    }
  },
  "statusCodeDistribution": {
    "200": 136075
  },
  "errorDistribution": {}
}