{
  "summary": {
    "successRate": 1,
    "total": 10.000285977,
    "slowest": 0.015725225,
    "fastest": 0.000690027,
    "average": 0.00358788428870323,
    "requestsPerSec": 13908.002263123679,
    "totalData": 1808092,
    "sizePerRequest": 13,
    "sizePerSec": 180804.0294206078
  },
  "responseTimeHistogram": {
    "0.000690027": 1,
    "0.0021935467999999996": 20,
    "0.0036970666": 95862,
    "0.005200586399999999": 41796,
    "0.0067041062": 1128,
    "0.008207625999999999": 203,
    "0.009711145799999998": 24,
    "0.011214665599999998": 7,
    "0.012718185399999998": 12,
    "0.014221705199999999": 13,
    "0.015725225": 18
  },
  "latencyPercentiles": {
    "p10": 0.00327315,
    "p25": 0.003334974,
    "p50": 0.003436076,
    "p75": 0.003776132,
    "p90": 0.003985792,
    "p95": 0.004292069,
    "p99": 0.005213463
  },
  "rps": {
    "mean": 13911.454685211873,
    "stddev": 1283.876251534198,
    "max": 16437.06723031112,
    "percentiles": {
      "p10": 12710.783829000058,
      "p25": 13327.383775443812,
      "p50": 14111.137890460526,
      "p75": 14813.757401827525,
      "p90": 15103.74572894114,
      "p95": 15277.089003039478,
      "p99": 15676.149101719418
    }
  },
  "details": {
    "DNSDialup": {
      "average": 0.0010376838600000002,
      "fastest": 0.000115279,
      "slowest": 0.0016615
    },
    "DNSLookup": {
      "average": 0.000009321480000000006,
      "fastest": 0.000003948,
      "slowest": 0.000044694
    }
  },
  "statusCodeDistribution": {
    "200": 139084
  },
  "errorDistribution": {}
}