{
  "summary": {
    "successRate": 1,
    "total": 10.000528691,
    "slowest": 0.021029021,
    "fastest": 0.000338304,
    "average": 0.0039355993394205105,
    "requestsPerSec": 12687.429227035453,
    "totalData": 1649453,
    "sizePerRequest": 13,
    "sizePerSec": 164936.5799514609
  },
  "responseTimeHistogram": {
    "0.000338304": 1,
    "0.0024073756999999996": 410,
    "0.0044764474": 101251,
    "0.0065455191": 20382,
    "0.008614590799999999": 2667,
    "0.010683662499999998": 1288,
    "0.0127527342": 439,
    "0.014821805899999999": 194,
    "0.0168908776": 126,
    "0.0189599493": 64,
    "0.021029021": 59
  },
  "latencyPercentiles": {
    "p10": 0.003300944,
    "p25": 0.003356044,
    "p50": 0.003469546,
    "p75": 0.003905252,
    "p90": 0.005011567,
    "p95": 0.005835661,
    "p99": 0.010118307
  },
  "rps": {
    "mean": 12698.107275508763,
    "stddev": 2855.401556844187,
    "max": 18139.228472652758,
    "percentiles": {
      "p10": 9718.168115291488,
      "p25": 11430.941271834423,
      "p50": 13450.665968570762,
      "p75": 14508.80394223217,
      "p90": 15162.719432639029,
      "p95": 16159.102063733806,
      "p99": 16885.92492427124
    }
  },
  "details": {
    "DNSDialup": {
      "average": 0.0018415893,
      "fastest": 0.000075001,
      "slowest": 0.004345745
    },
    "DNSLookup": {
      "average": 0.00000944608,
      "fastest": 0.000004,
      "slowest": 0.000112801
    }
  },
  "statusCodeDistribution": {
    "200": 126881
  },
  "errorDistribution": {}
}