{
  "summary": {
    "successRate": 1,
    "total": 10.000396348,
    "slowest": 0.014235679,
    "fastest": 0.000955113,
    "average": 0.0031738180731695972,
    "requestsPerSec": 15720.376926004612,
    "totalData": 2043730,
    "sizePerRequest": 13,
    "sizePerSec": 204364.90003805995
  },
  "responseTimeHistogram": {
    "0.000955113": 1,
    "0.0022831696": 233,
    "0.0036112262": 139518,
    "0.004939282799999999": 15201,
    "0.0062673393999999995": 1718,
    "0.007595396": 161,
    "0.0089234526": 259,
    "0.0102515092": 76,
    "0.0115795658": 11,
    "0.0129076224": 15,
    "0.014235679000000001": 17
  },
  "latencyPercentiles": {
    "p10": 0.002514852,
    "p25": 0.002912361,
    "p50": 0.003148625,
    "p75": 0.003368795,
    "p90": 0.003723043,
    "p95": 0.004124714,
    "p99": 0.005281927
  },
  "rps": {
    "mean": 15731.049510676372,
    "stddev": 2400.023689130508,
    "max": 21447.205541541756,
    "percentiles": {
      "p10": 13438.215597516157,
      "p25": 14538.470246117966,
      "p50": 15551.046309511152,
      "p75": 16600.247343685598,
      "p90": 19463.002377163186,
      "p95": 19830.533071771635,
      "p99": 20821.314779940025
    }
  },
  "details": {
    "DNSDialup": {
      "average": 0.0011483372799999995,
      "fastest": 0.000151284,
      "slowest": 0.001679096
    },
    "DNSLookup": {
      "average": 0.00001312864,
      "fastest": 0.000004599,
      "slowest": 0.000111699
    }
  },
  "statusCodeDistribution": {
    "200": 157210
  },
  "errorDistribution": {}
}