{
  "summary": {
    "successRate": 1,
    "total": 10.001196072,
    "slowest": 0.018233582,
    "fastest": 0.003032462,
    "average": 0.003651877439183887,
    "requestsPerSec": 13668.265177073312,
    "totalData": 1777087,
    "sizePerRequest": 13,
    "sizePerSec": 177687.44730195304
  },
  "responseTimeHistogram": {
    "0.003032462": 1,
    "0.004552574": 133572,
    "0.006072686000000001": 2379,
    "0.0075927979999999996": 391,
    "0.00911291": 252,
    "0.010633022": 54,
    "0.012153134": 4,
    "0.013673246": 5,
    "0.015193358": 14,
    "0.01671347": 13,
    "0.018233582": 14
  },
  "latencyPercentiles": {
    "p10": 0.003452054,
    "p25": 0.003489097,
    "p50": 0.003528267,
    "p75": 0.003600679,
    "p90": 0.004119801,
    "p95": 0.004243842,
    "p99": 0.005484651
  },
  "rps": {
    "mean": 13676.009874692363,
    "stddev": 1270.3189668191706,
    "max": 15576.385881119639,
    "percentiles": {
      "p10": 12672.625549763134,
      "p25": 13214.812483311889,
      "p50": 13976.55096730247,
      "p75": 14231.677169846966,
      "p90": 14842.934522904885,
      "p95": 15030.38454003465,
      "p99": 15269.547273829261
    }
  },
  "details": {
    "DNSDialup": {
      "average": 0.00075027554,
      "fastest": 0.000080096,
      "slowest": 0.001240368
    },
    "DNSLookup": {
      "average": 0.00000560538,
      "fastest": 0.000002565,
      "slowest": 0.000031819
    }
  },
  "statusCodeDistribution": {
    "200": 136699
  },
  "errorDistribution": {}
}