{
  "summary": {
    "successRate": 1,
    "total": 10.000909259,
    "slowest": 0.025223515,
    "fastest": 0.000211502,
    "average": 0.0038707783842266497,
    "requestsPerSec": 12900.327026154853,
    "totalData": 1677195,
    "sizePerRequest": 13,
    "sizePerSec": 167704.25134001308
  },
  "responseTimeHistogram": {
    "0.000211502": 1,
    "0.0027127033": 57410,
    "0.0052139045999999994": 55059,
    "0.007715105899999999": 10254,
    "0.0102163072": 4194,
    "0.0127175085": 1454,
    "0.015218709799999999": 284,
    "0.0177199111": 271,
    "0.020221112399999998": 24,
    "0.022722313699999996": 53,
    "0.025223515": 11
  },
  "latencyPercentiles": {
    "p10": 0.002574832,
    "p25": 0.002625733,
    "p50": 0.002786635,
    "p75": 0.004558256,
    "p90": 0.005503072,
    "p95": 0.0076332,
    "p99": 0.010745234
  },
  "rps": {
    "mean": 12966.891823239668,
    "stddev": 4184.541583499168,
    "max": 21207.420544861478,
    "percentiles": {
      "p10": 7325.911749860046,
      "p25": 8831.39878453727,
      "p50": 13658.773437739266,
      "p75": 16816.68645803984,
      "p90": 17426.873793110233,
      "p95": 17665.760223535002,
      "p99": 18136.761401684184
    }
  },
  "details": {
    "DNSDialup": {
      "average": 0.00196617656,
      "fastest": 0.000158402,
      "slowest": 0.004594258
    },
    "DNSLookup": {
      "average": 0.000007358100000000001,
      "fastest": 0.0000039,
      "slowest": 0.0000449
    }
  },
  "statusCodeDistribution": {
    "200": 129015
  },
  "errorDistribution": {}
}