{
  "summary": {
    "successRate": 1,
    "total": 10.000714171,
    "slowest": 0.020105887,
    "fastest": 0.000324908,
    "average": 0.003375305829816727,
    "requestsPerSec": 14795.34335948376,
    "totalData": 1923532,
    "sizePerRequest": 13,
    "sizePerSec": 192339.4636732889
  },
  "responseTimeHistogram": {
    "0.000324908": 1,
    "0.0023030059": 592,
    "0.0042811038": 129912,
    "0.0062592017000000005": 13679,
    "0.008237299600000001": 2560,
    "0.0102153975": 898,
    "0.012193495400000002": 268,
    "0.014171593300000002": 4,
    "0.0161496912": 10,
    "0.0181277891": 13,
    "0.020105887": 27
  },
  "latencyPercentiles": {
    "p10": 0.002876669,
    "p25": 0.002912471,
    "p50": 0.002996873,
    "p75": 0.003112377,
    "p90": 0.005061523,
    "p95": 0.005798542,
    "p99": 0.007912492
  },
  "rps": {
    "mean": 14832.706167678933,
    "stddev": 3361.436278993048,
    "max": 19936.072395478455,
    "percentiles": {
      "p10": 9128.786008392819,
      "p25": 12847.352772849981,
      "p50": 16020.599286562745,
      "p75": 17011.58379808065,
      "p90": 18127.659182380696,
      "p95": 18416.86616603465,
      "p99": 18803.869836412265
    }
  },
  "details": {
    "DNSDialup": {
      "average": 0.0016702465199999999,
      "fastest": 0.000083002,
      "slowest": 0.001974548
    },
    "DNSLookup": {
      "average": 0.000043489140000000006,
      "fastest": 0.0000035,
      "slowest": 0.001907746
    }
  },
  "statusCodeDistribution": {
    "200": 147964
  },
  "errorDistribution": {}
}