{
  "summary": {
    "successRate": 1,
    "total": 10.000415092,
    "slowest": 0.014469021,
    "fastest": 0.000655183,
    "average": 0.0036154865357179346,
    "requestsPerSec": 13802.02708889716,
    "totalData": 1794338,
    "sizePerRequest": 13,
    "sizePerSec": 179426.35215566307
  },
  "responseTimeHistogram": {
    "0.000655183": 1,
    "0.0020365668": 86,
    "0.0034179506": 52403,
    "0.0047993344": 82821,
    "0.0061807182": 2325,
    "0.007562102": 166,
    "0.0089434858": 121,
    "0.0103248696": 61,
    "0.0117062534": 13,
    "0.0130876372": 8,
    "0.014469021": 21
  },
  "latencyPercentiles": {
    "p10": 0.003279772,
    "p25": 0.003365994,
    "p50": 0.003490007,
    "p75": 0.003864221,
    "p90": 0.004148015,
    "p95": 0.0045017,
    "p99": 0.005251001
  },
  "rps": {
    "mean": 13804.970277924924,
    "stddev": 1866.0985253642693,
    "max": 24230.08649840717,
    "percentiles": {
      "p10": 12149.808789810013,
      "p25": 12914.790017528163,
      "p50": 13679.897649493436,
      "p75": 14659.001013177589,
      "p90": 15158.460117288263,
      "p95": 15800.57514093534,
      "p99": 21336.198995212904
    }
  },
  "details": {
    "DNSDialup": {
      "average": 0.0008400253799999998,
      "fastest": 0.000097573,
      "slowest": 0.001679506
    },
    "DNSLookup": {
      "average": 0.00001974618,
      "fastest": 0.000005691,
      "slowest": 0.000254088
    }
  },
  "statusCodeDistribution": {
    "200": 138026
  },
  "errorDistribution": {}
}