{
  "summary": {
    "successRate": 1,
    "total": 10.000624223,
    "slowest": 0.016071068,
    "fastest": 0.00250679,
    "average": 0.0037045806870815512,
    "requestsPerSec": 13471.359086781677,
    "totalData": 1751386,
    "sizePerRequest": 13,
    "sizePerSec": 175127.66812816178
  },
  "responseTimeHistogram": {
    "0.00250679": 1,
    "0.0038632178000000002": 101352,
    "0.0052196456": 31459,
    "0.0065760734": 1366,
    "0.0079325012": 210,
    "0.009288929000000001": 241,
    "0.0106453568": 48,
    "0.0120017846": 6,
    "0.013358212400000001": 12,
    "0.014714640200000002": 13,
    "0.016071068": 14
  },
  "latencyPercentiles": {
    "p10": 0.003389508,
    "p25": 0.003456555,
    "p50": 0.003538634,
    "p75": 0.003859731,
    "p90": 0.004172049,
    "p95": 0.004412325,
    "p99": 0.005628884
  },
  "rps": {
    "mean": 13478.423776837497,
    "stddev": 1367.7380735330746,
    "max": 15918.370595587425,
    "percentiles": {
      "p10": 12244.975944427784,
      "p25": 12938.922867770943,
      "p50": 13772.953959828215,
      "p75": 14307.147851067224,
      "p90": 14658.821452844304,
      "p95": 15028.405788815715,
      "p99": 15347.644507208637
    }
  },
  "details": {
    "DNSDialup": {
      "average": 0.00072177864,
      "fastest": 0.000094075,
      "slowest": 0.001210205
    },
    "DNSLookup": {
      "average": 0.000008810299999999996,
      "fastest": 0.000004218,
      "slowest": 0.000076352
    }
  },
  "statusCodeDistribution": {
    "200": 134722
  },
  "errorDistribution": {}
}