{
  "summary": {
    "successRate": 1,
    "total": 10.00097872,
    "slowest": 0.038101827,
    "fastest": 0.000491621,
    "average": 0.00520298405397356,
    "requestsPerSec": 9596.360784977252,
    "totalData": 1247649,
    "sizePerRequest": 13,
    "sizePerSec": 124752.69020470427
  },
  "responseTimeHistogram": {
    "0.000491621": 1,
    "0.0042526416": 50775,
    "0.0080136622": 37280,
    "0.0117746828": 6030,
    "0.0155357034": 1122,
    "0.019296724": 406,
    "0.023057744600000003": 189,
    "0.0268187652": 104,
    "0.030579785800000002": 22,
    "0.0343408064": 33,
    "0.038101827": 11
  },
  "latencyPercentiles": {
    "p10": 0.003639256,
    "p25": 0.003759761,
    "p50": 0.004143577,
    "p75": 0.006451876,
    "p90": 0.007680528,
    "p95": 0.009007285,
    "p99": 0.014653525
  },
  "rps": {
    "mean": 9608.059416739497,
    "stddev": 2291.9430331852386,
    "max": 13252.147365535327,
    "percentiles": {
      "p10": 6300.7516796752325,
      "p25": 8751.524601088817,
      "p50": 10408.92461196227,
      "p75": 11219.968492084508,
      "p90": 11621.236647849866,
      "p95": 11840.627757494945,
      "p99": 12245.399819832082
    }
  },
  "details": {
    "DNSDialup": {
      "average": 0.0023499903799999995,
      "fastest": 0.000093104,
      "slowest": 0.004793704
    },
    "DNSLookup": {
      "average": 0.000007898420000000004,
      "fastest": 0.0000062,
      "slowest": 0.000026301
    }
  },
  "statusCodeDistribution": {
    "200": 95973
  },
  "errorDistribution": {}
}