{
  "summary": {
    "successRate": 0.37077921649593343,
    "total": 10.000677107,
    "slowest": 0.019047298,
    "fastest": 0.001565347,
    "average": 0.003528819224584395,
    "requestsPerSec": 30318.147137034648,
    "totalData": 1461473,
    "sizePerRequest": 13,
    "sizePerSec": 146137.40493401574
  },
  "responseTimeHistogram": {
    "0.001565347": 1,
    "0.0033135421": 23618,
    "0.0050617372": 86274,
    "0.0068099323": 2105,
    "0.0085581274": 246,
    "0.010306322500000001": 77,
    "0.0120545176": 0,
    "0.0138027127": 11,
    "0.015550907800000001": 27,
    "0.017299102900000002": 43,
    "0.019047298000000004": 19
  },
  "latencyPercentiles": {
    "p10": 0.003261255,
    "p25": 0.003327214,
    "p50": 0.00339496,
    "p75": 0.003484284,
    "p90": 0.003990466,
    "p95": 0.004102045,
    "p99": 0.005789784
  },
  "rps": {
    "mean": 14152.401345285905,
    "stddev": 1575.088296824559,
    "max": 17053.816729453145,
    "percentiles": {
      "p10": 13257.465811305969,
      "p25": 13760.017066438053,
      "p50": 14601.899707153765,
      "p75": 14900.21605313376,
      "p90": 15210.274540452776,
      "p95": 15453.097794982728,
      "p99": 15827.489183213684
    }
  },
  "details": {
    "DNSDialup": {
      "average": 0.0008829083800000001,
      "fastest": 0.000083865,
      "slowest": 0.001152746
    },
    "DNSLookup": {
      "average": 0.000006506680000000001,
      "fastest": 0.000003417,
      "slowest": 0.000024206
    }
  },
  "statusCodeDistribution": {
    "200": 112421
  },
  "errorDistribution": {
    "Connection refused (os error 111)": 190781
  }
}