{
  "summary": {
    "successRate": 1,
    "total": 10.000995214,
    "slowest": 0.025571542,
    "fastest": 0.000531494,
    "average": 0.002681148962236522,
    "requestsPerSec": 18627.24619038099,
    "totalData": 2421783,
    "sizePerRequest": 13,
    "sizePerSec": 242154.20047495287
  },
  "responseTimeHistogram": {
    "0.000531494": 1,
    "0.0030354988": 157555,
    "0.0055395036000000005": 28015,
    "0.0080435084": 428,
    "0.0105475132": 238,
    "0.013051518000000002": 11,
    "0.0155555228": 17,
    "0.0180595276": 18,
    "0.0205635324": 0,
    "0.023067537200000002": 0,
    "0.025571542000000003": 8
  },
  "latencyPercentiles": {
    "p10": 0.002439874,
    "p25": 0.002466474,
    "p50": 0.002499274,
    "p75": 0.002549173,
    "p90": 0.003469058,
    "p95": 0.003568262,
    "p99": 0.004657849
  },
  "rps": {
    "mean": 18634.55163735209,
    "stddev": 2476.3086772038455,
    "max": 22270.138647354015,
    "percentiles": {
      "p10": 16337.915400269614,
      "p25": 17046.378080845727,
      "p50": 19456.259001720027,
      "p75": 20166.386807634422,
      "p90": 20680.66908590344,
      "p95": 21344.139029437818,
      "p99": 21943.215833692546
    }
  },
  "details": {
    "DNSDialup": {
      "average": 0.0032295633799999993,
      "fastest": 0.00196678,
      "slowest": 0.003454765
    },
    "DNSLookup": {
      "average": 0.000004075980000000001,
      "fastest": 0.0000029,
      "slowest": 0.000044
    }
  },
  "statusCodeDistribution": {
    "200": 186291
  },
  "errorDistribution": {}
}