{
  "summary": {
    "successRate": 1,
    "total": 10.000645079,
    "slowest": 0.00591586,
    "fastest": 0.000221084,
    "average": 0.0009982441339602178,
    "requestsPerSec": 50001.17452923358,
    "totalData": 6500572,
    "sizePerRequest": 13,
    "sizePerSec": 650015.2688800367
  },
  "responseTimeHistogram": {
    "0.000221084": 1,
    "0.0007905616": 23939,
    "0.0013600392000000002": 473206,
    "0.0019295168000000003": 2483,
    "0.0024989944": 184,
    "0.003068472": 117,
    "0.0036379496000000003": 42,
    "0.004207427200000001": 23,
    "0.0047769048000000005": 6,
    "0.0053463824": 16,
    "0.00591586": 27
  },
  "latencyPercentiles": {
    "p10": 0.000866017,
    "p25": 0.000931884,
    "p50": 0.001008365,
    "p75": 0.001070621,
    "p90": 0.001118361,
    "p95": 0.001154839,
    "p99": 0.001263662
  },
  "rps": {
    "mean": 49997.242775424515,
    "stddev": 3059.220724104751,
    "max": 66989.10487992813,
    "percentiles": {
      "p10": 48101.18802904876,
      "p25": 48836.7349920609,
      "p50": 49771.81189081944,
      "p75": 51058.814648592896,
      "p90": 52832.61560563645,
      "p95": 54056.32427847122,
      "p99": 56668.856850523625
    }
  },
  "details": {
    "DNSDialup": {
      "average": 0.0007148684399999998,
      "fastest": 0.000091904,
      "slowest": 0.001345075
    },
    "DNSLookup": {
      "average": 0.000007055820000000001,
      "fastest": 0.000003787,
      "slowest": 0.000025047
    }
  },
  "statusCodeDistribution": {
    "200": 500044
  },
  "errorDistribution": {}
}