{
  "summary": {
    "successRate": 1,
    "total": 10.000236775,
    "slowest": 0.007084523,
    "fastest": 0.000171408,
    "average": 0.0010674336372421252,
    "requestsPerSec": 46764.79272662022,
    "totalData": 6079567,
    "sizePerRequest": 13,
    "sizePerSec": 607942.3054460628
  },
  "responseTimeHistogram": {
    "0.000171408": 1,
    "0.0008627195": 26879,
    "0.001554031": 439336,
    "0.0022453425": 1202,
    "0.002936654": 163,
    "0.0036279654999999997": 28,
    "0.004319277": 1,
    "0.0050105885": 0,
    "0.005701899999999999": 11,
    "0.006393211499999999": 29,
    "0.007084522999999999": 9
  },
  "latencyPercentiles": {
    "p10": 0.000963348,
    "p25": 0.001026165,
    "p50": 0.001075361,
    "p75": 0.001125914,
    "p90": 0.001184322,
    "p95": 0.001227182,
    "p99": 0.001354257
  },
  "rps": {
    "mean": 46760.69726420136,
    "stddev": 3546.7128788962677,
    "max": 65362.58109704494,
    "percentiles": {
      "p10": 44619.996768827776,
      "p25": 45403.90473580871,
      "p50": 46245.32967214204,
      "p75": 47209.408835180446,
      "p90": 50323.435623970414,
      "p95": 53203.67430598047,
      "p99": 59657.14557975135
    }
  },
  "details": {
    "DNSDialup": {
      "average": 0.0009100576000000001,
      "fastest": 0.000069156,
      "slowest": 0.002402671
    },
    "DNSLookup": {
      "average": 0.000007157199999999999,
      "fastest": 0.000003256,
      "slowest": 0.000029174
    }
  },
  "statusCodeDistribution": {
    "200": 467659
  },
  "errorDistribution": {}
}