{
  "summary": {
    "successRate": 1,
    "total": 10.000670336,
    "slowest": 0.007071627,
    "fastest": 0.000070391,
    "average": 0.000971154603775988,
    "requestsPerSec": 51405.8540805399,
    "totalData": 6683209,
    "sizePerRequest": 13,
    "sizePerSec": 668276.1030470188
  },
  "responseTimeHistogram": {
    "0.000070391": 1,
    "0.0007705145999999999": 80999,
    "0.0014706381999999999": 430657,
    "0.0021707618": 2078,
    "0.0028708854": 170,
    "0.0035710089999999996": 82,
    "0.004271132600000001": 42,
    "0.0049712562": 25,
    "0.0056713798": 15,
    "0.0063715034": 22,
    "0.007071627": 2
  },
  "latencyPercentiles": {
    "p10": 0.000662583,
    "p25": 0.000905326,
    "p50": 0.001002284,
    "p75": 0.001088202,
    "p90": 0.001139475,
    "p95": 0.001179238,
    "p99": 0.001303171
  },
  "rps": {
    "mean": 51402.62746954483,
    "stddev": 5798.613396961273,
    "max": 75799.16989882645,
    "percentiles": {
      "p10": 47420.35281542868,
      "p25": 48156.151135672364,
      "p50": 49460.24625182887,
      "p75": 53671.775265062126,
      "p90": 58981.1167298382,
      "p95": 63145.69743517994,
      "p99": 71017.1577453069
    }
  },
  "details": {
    "DNSDialup": {
      "average": 0.0007966693199999999,
      "fastest": 0.000085129,
      "slowest": 0.001648021
    },
    "DNSLookup": {
      "average": 0.000006163919999999998,
      "fastest": 0.000003456,
      "slowest": 0.000025367
    }
  },
  "statusCodeDistribution": {
    "200": 514093
  },
  "errorDistribution": {}
}