{
  "summary": {
    "successRate": 1,
    "total": 10.000604991,
    "slowest": 0.005965266,
    "fastest": 0.000189994,
    "average": 0.0009865292514739548,
    "requestsPerSec": 50591.83923925868,
    "totalData": 6577337,
    "sizePerRequest": 13,
    "sizePerSec": 657693.9101103629
  },
  "responseTimeHistogram": {
    "0.000189994": 1,
    "0.0007675212": 22429,
    "0.0013450484": 480585,
    "0.0019225756000000001": 2557,
    "0.0025001028000000004": 169,
    "0.0030776300000000005": 74,
    "0.0036551572000000005": 66,
    "0.0042326844": 20,
    "0.0048102116": 10,
    "0.005387738800000001": 10,
    "0.005965266": 28
  },
  "latencyPercentiles": {
    "p10": 0.00085227,
    "p25": 0.000921167,
    "p50": 0.00099644,
    "p75": 0.001059298,
    "p90": 0.001106065,
    "p95": 0.001141202,
    "p99": 0.001250357
  },
  "rps": {
    "mean": 50588.34602856139,
    "stddev": 3017.8061321626396,
    "max": 62016.5374066251,
    "percentiles": {
      "p10": 48609.74613307414,
      "p25": 49525.532366888154,
      "p50": 50516.51384837601,
      "p75": 51827.54364763158,
      "p90": 53241.76283877057,
      "p95": 54577.298321024544,
      "p99": 57520.46578172357
    }
  },
  "details": {
    "DNSDialup": {
      "average": 0.00075148846,
      "fastest": 0.00008555,
      "slowest": 0.001748524
    },
    "DNSLookup": {
      "average": 0.000007165120000000003,
      "fastest": 0.000003286,
      "slowest": 0.000025788
    }
  },
  "statusCodeDistribution": {
    "200": 505949
  },
  "errorDistribution": {}
}