{
  "summary": {
    "successRate": 1,
    "total": 10.000654978,
    "slowest": 0.008089014,
    "fastest": 0.000113402,
    "average": 0.0008966322260510423,
    "requestsPerSec": 55531.16283100313,
    "totalData": 7219524,
    "sizePerRequest": 13,
    "sizePerSec": 721905.1168030406
  },
  "responseTimeHistogram": {
    "0.000113402": 1,
    "0.0009109631999999999": 449504,
    "0.0017085244": 72827,
    "0.0025060855999999997": 29602,
    "0.0033036467999999998": 3031,
    "0.004101208": 120,
    "0.0048987692": 75,
    "0.0056963304000000005": 127,
    "0.0064938916": 29,
    "0.0072914528": 14,
    "0.008089014": 18
  },
  "latencyPercentiles": {
    "p10": 0.000757109,
    "p25": 0.00077811,
    "p50": 0.000802109,
    "p75": 0.00083891,
    "p90": 0.001009211,
    "p95": 0.001836121,
    "p99": 0.002099524
  },
  "rps": {
    "mean": 55523.76060485626,
    "stddev": 11664.479605076764,
    "max": 63622.165962623076,
    "percentiles": {
      "p10": 32813.485102982726,
      "p25": 58547.17731548031,
      "p50": 60625.21402651191,
      "p75": 61443.37287691293,
      "p90": 62109.83819836953,
      "p95": 62354.77243210455,
      "p99": 63010.009175022446
    }
  },
  "details": {
    "DNSDialup": {
      "average": 0.00162326886,
      "fastest": 0.000078101,
      "slowest": 0.00264683
    },
    "DNSLookup": {
      "average": 0.000012892120000000003,
      "fastest": 0.0000038,
      "slowest": 0.000288603
    }
  },
  "statusCodeDistribution": {
    "200": 555348
  },
  "errorDistribution": {}
}