{
  "summary": {
    "successRate": 1,
    "total": 10.00085546,
    "slowest": 0.008957948,
    "fastest": 0.000239712,
    "average": 0.0008081366504671042,
    "requestsPerSec": 61780.31494117804,
    "totalData": 8032128,
    "sizePerRequest": 13,
    "sizePerSec": 803144.0942353145
  },
  "responseTimeHistogram": {
    "0.000239712": 1,
    "0.0011115356": 585103,
    "0.0019833592": 30361,
    "0.0028551828000000002": 2146,
    "0.0037270064000000003": 92,
    "0.00459883": 2,
    "0.0054706536": 54,
    "0.0063424772": 47,
    "0.0072143008": 49,
    "0.0080861244": 0,
    "0.008957948": 1
  },
  "latencyPercentiles": {
    "p10": 0.000708436,
    "p25": 0.000726636,
    "p50": 0.000744937,
    "p75": 0.000771439,
    "p90": 0.000890445,
    "p95": 0.00120556,
    "p99": 0.001826492
  },
  "rps": {
    "mean": 61768.63679489086,
    "stddev": 10752.87115023136,
    "max": 68373.67597434261,
    "percentiles": {
      "p10": 45104.19520133367,
      "p25": 64389.50140695353,
      "p50": 65736.510148339,
      "p75": 66561.89590700694,
      "p90": 67236.30760610604,
      "p95": 67584.53766201239,
      "p99": 68019.7257204583
    }
  },
  "details": {
    "DNSDialup": {
      "average": 0.0012496706399999994,
      "fastest": 0.000062903,
      "slowest": 0.001446872
    },
    "DNSLookup": {
      "average": 0.00000471428,
      "fastest": 0.000003,
      "slowest": 0.000043602
    }
  },
  "statusCodeDistribution": {
    "200": 617856
  },
  "errorDistribution": {}
}