{
  "summary": {
    "successRate": 1,
    "total": 10.000394267,
    "slowest": 0.006179743,
    "fastest": 0.00028038,
    "average": 0.0009690163806425086,
    "requestsPerSec": 51512.969013624584,
    "totalData": 6696950,
    "sizePerRequest": 13,
    "sizePerSec": 669668.5971771196
  },
  "responseTimeHistogram": {
    "0.00028038": 1,
    "0.0008703163": 94893,
    "0.0014602526": 418846,
    "0.0020501889": 1102,
    "0.0026401252": 152,
    "0.0032300615": 100,
    "0.0038199977999999997": 8,
    "0.0044099341": 2,
    "0.0049998704": 9,
    "0.0055898067": 29,
    "0.006179743": 8
  },
  "latencyPercentiles": {
    "p10": 0.00070002,
    "p25": 0.000908414,
    "p50": 0.000997168,
    "p75": 0.001070444,
    "p90": 0.001123817,
    "p95": 0.001162582,
    "p99": 0.001266942
  },
  "rps": {
    "mean": 51523.874246669686,
    "stddev": 5242.394985228718,
    "max": 78082.79308482033,
    "percentiles": {
      "p10": 47623.140083766244,
      "p25": 48713.90294790181,
      "p50": 49793.672489146964,
      "p75": 53603.425258872936,
      "p90": 58534.16639292355,
      "p95": 61746.53389754208,
      "p99": 67910.94045250579
    }
  },
  "details": {
    "DNSDialup": {
      "average": 0.0008466503999999999,
      "fastest": 0.00010777,
      "slowest": 0.001152024
    },
    "DNSLookup": {
      "average": 0.000007509560000000001,
      "fastest": 0.000003717,
      "slowest": 0.000038462
    }
  },
  "statusCodeDistribution": {
    "200": 515150
  },
  "errorDistribution": {}
}