{
  "summary": {
    "successRate": 1,
    "total": 10.000333846,
    "slowest": 0.005634348,
    "fastest": 0.000083515,
    "average": 0.0010178782433766282,
    "requestsPerSec": 49036.76292728438,
    "totalData": 6374992,
    "sizePerRequest": 13,
    "sizePerSec": 637477.9180546969
  },
  "responseTimeHistogram": {
    "0.000083515": 1,
    "0.0006385983": 11227,
    "0.0011936815999999998": 455109,
    "0.0017487648999999997": 23517,
    "0.0023038482": 302,
    "0.0028589315": 133,
    "0.0034140147999999998": 40,
    "0.0039690980999999995": 6,
    "0.0045241814": 8,
    "0.0050792647": 10,
    "0.005634348": 31
  },
  "latencyPercentiles": {
    "p10": 0.000875754,
    "p25": 0.000950588,
    "p50": 0.001034192,
    "p75": 0.001098402,
    "p90": 0.001152745,
    "p95": 0.001192644,
    "p99": 0.001291807
  },
  "rps": {
    "mean": 49035.0475392174,
    "stddev": 3529.639354077232,
    "max": 72920.76318465063,
    "percentiles": {
      "p10": 46894.13528717456,
      "p25": 47622.02518664922,
      "p50": 48480.25443401077,
      "p75": 49516.89516463058,
      "p90": 52825.11834377224,
      "p95": 55999.85363215141,
      "p99": 60550.19540557134
    }
  },
  "details": {
    "DNSDialup": {
      "average": 0.00077137106,
      "fastest": 0.000072715,
      "slowest": 0.001868676
    },
    "DNSLookup": {
      "average": 0.000008144539999999997,
      "fastest": 0.000003586,
      "slowest": 0.000038752
    }
  },
  "statusCodeDistribution": {
    "200": 490384
  },
  "errorDistribution": {}
}