{
  "summary": {
    "successRate": 1,
    "total": 10.00065547,
    "slowest": 0.010693542,
    "fastest": 0.000160101,
    "average": 0.0013134966745619692,
    "requestsPerSec": 37864.01812720382,
    "totalData": 4922645,
    "sizePerRequest": 13,
    "sizePerSec": 492232.2356536496
  },
  "responseTimeHistogram": {
    "0.000160101": 1,
    "0.0012134451": 215061,
    "0.0022667892000000005": 138302,
    "0.003320133300000001": 19434,
    "0.004373477400000001": 3847,
    "0.005426821500000001": 1180,
    "0.0064801656000000015": 506,
    "0.007533509700000001": 174,
    "0.0085868538": 35,
    "0.009640197900000001": 80,
    "0.010693542": 45
  },
  "latencyPercentiles": {
    "p10": 0.000937604,
    "p25": 0.001018904,
    "p50": 0.001171705,
    "p75": 0.001355005,
    "p90": 0.001704307,
    "p95": 0.00253181,
    "p99": 0.003721215
  },
  "rps": {
    "mean": 37842.38623948712,
    "stddev": 9559.360145509001,
    "max": 53232.34092276916,
    "percentiles": {
      "p10": 21062.05090818106,
      "p25": 33405.207871905666,
      "p50": 40529.813123614775,
      "p75": 45132.12505675727,
      "p90": 47770.99247191315,
      "p95": 49161.75207678535,
      "p99": 51122.284203685806
    }
  },
  "details": {
    "DNSDialup": {
      "average": 0.00179720706,
      "fastest": 0.0000766,
      "slowest": 0.003168513
    },
    "DNSLookup": {
      "average": 0.000017946060000000005,
      "fastest": 0.0000051,
      "slowest": 0.000219301
    }
  },
  "statusCodeDistribution": {
    "200": 378665
  },
  "errorDistribution": {}
}