{
  "summary": {
    "successRate": 1,
    "total": 10.000645387,
    "slowest": 0.006730306,
    "fastest": 0.000263907,
    "average": 0.0010161842436204208,
    "requestsPerSec": 49122.429702246176,
    "totalData": 6386328,
    "sizePerRequest": 13,
    "sizePerSec": 638591.5861292003
  },
  "responseTimeHistogram": {
    "0.000263907": 1,
    "0.0009105469": 70238,
    "0.0015571868000000002": 419662,
    "0.0022038267": 1095,
    "0.0028504666": 102,
    "0.0034971065": 87,
    "0.0041437464": 19,
    "0.0047903863": 9,
    "0.0054370262": 0,
    "0.0060836661": 20,
    "0.006730306": 23
  },
  "latencyPercentiles": {
    "p10": 0.000888218,
    "p25": 0.000945668,
    "p50": 0.001024665,
    "p75": 0.001084302,
    "p90": 0.001135096,
    "p95": 0.001176374,
    "p99": 0.001279267
  },
  "rps": {
    "mean": 49122.92476280963,
    "stddev": 2746.16226741682,
    "max": 57234.8044846108,
    "percentiles": {
      "p10": 47406.3571925002,
      "p25": 48243.59291055402,
      "p50": 49139.953953214565,
      "p75": 50129.32860422726,
      "p90": 51540.56758074501,
      "p95": 52215.7595662607,
      "p99": 54426.170597780605
    }
  },
  "details": {
    "DNSDialup": {
      "average": 0.00071016212,
      "fastest": 0.000091521,
      "slowest": 0.001435158
    },
    "DNSLookup": {
      "average": 0.00000679408,
      "fastest": 0.000003146,
      "slowest": 0.000046737
    }
  },
  "statusCodeDistribution": {
    "200": 491256
  },
  "errorDistribution": {}
}