{
  "summary": {
    "successRate": 1,
    "total": 10.000709623,
    "slowest": 0.008087618,
    "fastest": 0.000196101,
    "average": 0.0008361723847870545,
    "requestsPerSec": 59688.26438347634,
    "totalData": 7760025,
    "sizePerRequest": 13,
    "sizePerSec": 775947.4369851924
  },
  "responseTimeHistogram": {
    "0.000196101": 1,
    "0.0009852526999999999": 548940,
    "0.0017744043999999997": 34902,
    "0.0025635561": 12663,
    "0.0033527077999999997": 202,
    "0.004141859499999999": 113,
    "0.004931011199999999": 3,
    "0.005720162899999999": 34,
    "0.006509314599999999": 27,
    "0.007298466299999999": 29,
    "0.008087618": 11
  },
  "latencyPercentiles": {
    "p10": 0.000713302,
    "p25": 0.00073249,
    "p50": 0.00075209,
    "p75": 0.000781402,
    "p90": 0.000948702,
    "p95": 0.001654578,
    "p99": 0.001904699
  },
  "rps": {
    "mean": 59681.475582126855,
    "stddev": 12155.501557275575,
    "max": 68919.36656428689,
    "percentiles": {
      "p10": 32186.03326692345,
      "p25": 63202.7240374082,
      "p50": 64747.77090538293,
      "p75": 65635.91597322053,
      "p90": 66332.53610896175,
      "p95": 66721.8313832289,
      "p99": 67194.22490709368
    }
  },
  "details": {
    "DNSDialup": {
      "average": 0.0013412052799999998,
      "fastest": 0.0003457,
      "slowest": 0.001693599
    },
    "DNSLookup": {
      "average": 0.000010077999999999999,
      "fastest": 0.0000029,
      "slowest": 0.0000989
    }
  },
  "statusCodeDistribution": {
    "200": 596925
  },
  "errorDistribution": {}
}