{
  "summary": {
    "successRate": 1,
    "total": 10.000596634,
    "slowest": 0.006763092,
    "fastest": 0.000290802,
    "average": 0.00101561368106653,
    "requestsPerSec": 49145.86779043167,
    "totalData": 6389344,
    "sizePerRequest": 13,
    "sizePerSec": 638896.2812756117
  },
  "responseTimeHistogram": {
    "0.000290802": 1,
    "0.000938031": 108715,
    "0.00158526": 381501,
    "0.0022324890000000003": 1062,
    "0.0028797180000000003": 102,
    "0.0035269470000000003": 33,
    "0.004174176": 24,
    "0.004821405": 0,
    "0.005468634": 19,
    "0.006115863": 18,
    "0.006763092": 13
  },
  "latencyPercentiles": {
    "p10": 0.000870203,
    "p25": 0.000947565,
    "p50": 0.001028768,
    "p75": 0.00109288,
    "p90": 0.001147372,
    "p95": 0.00119551,
    "p99": 0.001323117
  },
  "rps": {
    "mean": 49145.08824350846,
    "stddev": 3488.7842641830393,
    "max": 66671.34500629193,
    "percentiles": {
      "p10": 46935.72747575602,
      "p25": 47822.83540390565,
      "p50": 48707.26402058622,
      "p75": 49962.85326941363,
      "p90": 52536.26578426997,
      "p95": 54842.18308048376,
      "p99": 60646.47339256128
    }
  },
  "details": {
    "DNSDialup": {
      "average": 0.00069421132,
      "fastest": 0.000092781,
      "slowest": 0.001221649
    },
    "DNSLookup": {
      "average": 0.0000074808199999999985,
      "fastest": 0.000004248,
      "slowest": 0.000033383
    }
  },
  "statusCodeDistribution": {
    "200": 491488
  },
  "errorDistribution": {}
}