{
  "summary": {
    "successRate": 1,
    "total": 10.000642843,
    "slowest": 0.006911643,
    "fastest": 0.000098984,
    "average": 0.000980876054549887,
    "requestsPerSec": 50889.62859584846,
    "totalData": 6616077,
    "sizePerRequest": 13,
    "sizePerSec": 661565.17174603
  },
  "responseTimeHistogram": {
    "0.000098984": 1,
    "0.0007802499": 41674,
    "0.0014615158": 465202,
    "0.0021427816999999997": 1795,
    "0.0028240476": 104,
    "0.0035053135": 77,
    "0.0041865793999999994": 14,
    "0.0048678453": 10,
    "0.0055491112": 0,
    "0.0062303771": 24,
    "0.006911643": 28
  },
  "latencyPercentiles": {
    "p10": 0.000819943,
    "p25": 0.000918554,
    "p50": 0.000999336,
    "p75": 0.001064515,
    "p90": 0.001112869,
    "p95": 0.001149953,
    "p99": 0.001275764
  },
  "rps": {
    "mean": 50885.00537971781,
    "stddev": 4749.439292443735,
    "max": 79751.13642867499,
    "percentiles": {
      "p10": 48293.2851205443,
      "p25": 49143.07882289553,
      "p50": 50000.92687089166,
      "p75": 51599.395916352434,
      "p90": 54109.18232824268,
      "p95": 57775.03226359224,
      "p99": 72841.75734397472
    }
  },
  "details": {
    "DNSDialup": {
      "average": 0.0006691873999999998,
      "fastest": 0.000084143,
      "slowest": 0.001206644
    },
    "DNSLookup": {
      "average": 0.000005982099999999998,
      "fastest": 0.000002815,
      "slowest": 0.000033332
    }
  },
  "statusCodeDistribution": {
    "200": 508929
  },
  "errorDistribution": {}
}