{
  "summary": {
    "successRate": 1,
    "total": 10.000403628,
    "slowest": 0.005795573,
    "fastest": 0.000130942,
    "average": 0.0009643071491836815,
    "requestsPerSec": 51761.610756457354,
    "totalData": 6729281,
    "sizePerRequest": 13,
    "sizePerSec": 672900.9398339456
  },
  "responseTimeHistogram": {
    "0.000130942": 1,
    "0.0006974050999999999": 46983,
    "0.0012638681999999999": 464160,
    "0.0018303312999999998": 6079,
    "0.0023967944": 247,
    "0.0029632575": 76,
    "0.0035297205999999994": 13,
    "0.0040961837": 29,
    "0.0046626468": 0,
    "0.0052291099": 22,
    "0.005795573": 27
  },
  "latencyPercentiles": {
    "p10": 0.000729616,
    "p25": 0.000900995,
    "p50": 0.000985892,
    "p75": 0.001061971,
    "p90": 0.001117898,
    "p95": 0.00116208,
    "p99": 0.001289285
  },
  "rps": {
    "mean": 51754.29824596963,
    "stddev": 5554.285295531635,
    "max": 76426.03070605532,
    "percentiles": {
      "p10": 48008.26222192653,
      "p25": 48989.762550858286,
      "p50": 50143.43926143112,
      "p75": 52806.146635466845,
      "p90": 59210.462488720965,
      "p95": 63523.18415872058,
      "p99": 71161.37668739745
    }
  },
  "details": {
    "DNSDialup": {
      "average": 0.0007488949600000002,
      "fastest": 0.000087824,
      "slowest": 0.001172263
    },
    "DNSLookup": {
      "average": 0.0000089875,
      "fastest": 0.000003838,
      "slowest": 0.000046907
    }
  },
  "statusCodeDistribution": {
    "200": 517637
  },
  "errorDistribution": {}
}