{
  "summary": {
    "successRate": 1,
    "total": 10.000600279,
    "slowest": 0.006519685,
    "fastest": 0.000278759,
    "average": 0.0010026777040582336,
    "requestsPerSec": 49780.11180442661,
    "totalData": 6471803,
    "sizePerRequest": 13,
    "sizePerSec": 647141.453457546
  },
  "responseTimeHistogram": {
    "0.000278759": 1,
    "0.0009028516000000001": 82092,
    "0.0015269442": 414368,
    "0.0021510368": 1108,
    "0.0027751294": 137,
    "0.003399222": 75,
    "0.0040233146": 0,
    "0.0046474072": 0,
    "0.0052714998": 0,
    "0.0058955924": 33,
    "0.006519685": 17
  },
  "latencyPercentiles": {
    "p10": 0.000848079,
    "p25": 0.000936623,
    "p50": 0.00101778,
    "p75": 0.001084529,
    "p90": 0.00113511,
    "p95": 0.001177883,
    "p99": 0.001298213
  },
  "rps": {
    "mean": 49777.76941697692,
    "stddev": 3813.710145393893,
    "max": 71981.55908648351,
    "percentiles": {
      "p10": 47426.6310018372,
      "p25": 48115.75791071557,
      "p50": 48963.29559928514,
      "p75": 50885.697750015475,
      "p90": 54129.966349370814,
      "p95": 55932.9445043177,
      "p99": 61816.882190524324
    }
  },
  "details": {
    "DNSDialup": {
      "average": 0.00063276882,
      "fastest": 0.000084005,
      "slowest": 0.000998419
    },
    "DNSLookup": {
      "average": 0.00000658182,
      "fastest": 0.000003637,
      "slowest": 0.000033462
    }
  },
  "statusCodeDistribution": {
    "200": 497831
  },
  "errorDistribution": {}
}