{
  "summary": {
    "successRate": 1,
    "total": 10.000734034,
    "slowest": 0.006685324,
    "fastest": 0.000234601,
    "average": 0.0007952154870688915,
    "requestsPerSec": 62758.79329119252,
    "totalData": 8159242,
    "sizePerRequest": 13,
    "sizePerSec": 815864.3127855029
  },
  "responseTimeHistogram": {
    "0.000234601": 1,
    "0.0008796733": 573130,
    "0.0015247456": 17118,
    "0.0021698179": 34824,
    "0.0028148902": 2213,
    "0.0034599625": 192,
    "0.0041050348": 6,
    "0.0047501071": 32,
    "0.0053951794": 69,
    "0.0060402517": 16,
    "0.006685324": 33
  },
  "latencyPercentiles": {
    "p10": 0.000681202,
    "p25": 0.000700603,
    "p50": 0.000719603,
    "p75": 0.000746403,
    "p90": 0.000865303,
    "p95": 0.001578505,
    "p99": 0.001773906
  },
  "rps": {
    "mean": 62748.06891540049,
    "stddev": 12811.58178422303,
    "max": 70275.72212074514,
    "percentiles": {
      "p10": 33998.46976799011,
      "p25": 66762.50973786443,
      "p50": 68311.7922480185,
      "p75": 68867.09912932501,
      "p90": 69427.50361037476,
      "p95": 69612.52168004385,
      "p99": 69914.36294153634
    }
  },
  "details": {
    "DNSDialup": {
      "average": 0.0013033066199999999,
      "fastest": 0.000381401,
      "slowest": 0.001816406
    },
    "DNSLookup": {
      "average": 0.000009076000000000003,
      "fastest": 0.000003,
      "slowest": 0.0001107
    }
  },
  "statusCodeDistribution": {
    "200": 627634
  },
  "errorDistribution": {}
}