{
  "summary": {
    "successRate": 1,
    "total": 10.000717128,
    "slowest": 0.00641209,
    "fastest": 0.000152646,
    "average": 0.0010397687147630074,
    "requestsPerSec": 48005.757372722685,
    "totalData": 6241196,
    "sizePerRequest": 13,
    "sizePerSec": 624074.8458453949
  },
  "responseTimeHistogram": {
    "0.000152646": 1,
    "0.0007785903999999999": 12594,
    "0.0014045347999999999": 464760,
    "0.0020304792": 2350,
    "0.0026564236": 195,
    "0.003282368": 106,
    "0.0039083124": 22,
    "0.0045342568": 4,
    "0.0051602012": 15,
    "0.0057861456": 29,
    "0.00641209": 16
  },
  "latencyPercentiles": {
    "p10": 0.000910461,
    "p25": 0.000968721,
    "p50": 0.001050704,
    "p75": 0.001110917,
    "p90": 0.00116002,
    "p95": 0.001198358,
    "p99": 0.001303379
  },
  "rps": {
    "mean": 48004.00159106926,
    "stddev": 2792.458225211401,
    "max": 71521.3283571436,
    "percentiles": {
      "p10": 46404.30631962931,
      "p25": 47220.56927997745,
      "p50": 47901.85380174124,
      "p75": 48905.223077823546,
      "p90": 50230.243893150815,
      "p95": 51250.53306572045,
      "p99": 54126.60749700962
    }
  },
  "details": {
    "DNSDialup": {
      "average": 0.0009400800800000002,
      "fastest": 0.000057198,
      "slowest": 0.002022261
    },
    "DNSLookup": {
      "average": 0.0000059262399999999995,
      "fastest": 0.000002524,
      "slowest": 0.000031979
    }
  },
  "statusCodeDistribution": {
    "200": 480092
  },
  "errorDistribution": {}
}