{
  "summary": {
    "successRate": 1,
    "total": 10.00040117,
    "slowest": 0.007319174,
    "fastest": 0.000200966,
    "average": 0.0010278220784854747,
    "requestsPerSec": 48562.45182012033,
    "totalData": 6313372,
    "sizePerRequest": 13,
    "sizePerSec": 631311.8736615643
  },
  "responseTimeHistogram": {
    "0.000200966": 1,
    "0.0009127868": 69595,
    "0.0016246076": 415240,
    "0.0023364284": 559,
    "0.0030482492": 172,
    "0.00376007": 29,
    "0.0044718908": 1,
    "0.0051837116": 7,
    "0.0058955324": 24,
    "0.006607353200000001": 15,
    "0.007319174": 1
  },
  "latencyPercentiles": {
    "p10": 0.00087682,
    "p25": 0.000957362,
    "p50": 0.001044866,
    "p75": 0.001110256,
    "p90": 0.001171106,
    "p95": 0.001218875,
    "p99": 0.001316705
  },
  "rps": {
    "mean": 48574.936465792125,
    "stddev": 3686.8700771550507,
    "max": 72258.79740356798,
    "percentiles": {
      "p10": 46215.72721197128,
      "p25": 47109.238121595314,
      "p50": 47896.04329481112,
      "p75": 49028.387030897764,
      "p90": 52812.36337426508,
      "p95": 55806.67445822662,
      "p99": 61019.15821215353
    }
  },
  "details": {
    "DNSDialup": {
      "average": 0.00086317788,
      "fastest": 0.000114244,
      "slowest": 0.001923821
    },
    "DNSLookup": {
      "average": 0.000043155859999999995,
      "fastest": 0.000004218,
      "slowest": 0.001791285
    }
  },
  "statusCodeDistribution": {
    "200": 485644
  },
  "errorDistribution": {}
}