{
  "summary": {
    "successRate": 1,
    "total": 10.000705546,
    "slowest": 0.012884206,
    "fastest": 0.000185303,
    "average": 0.0013153511649480413,
    "requestsPerSec": 37954.1221620925,
    "totalData": 4934384,
    "sizePerRequest": 13,
    "sizePerSec": 493403.5881072025
  },
  "responseTimeHistogram": {
    "0.000185303": 1,
    "0.0014551933000000001": 354210,
    "0.0027250836000000003": 12829,
    "0.0039949739000000005": 10771,
    "0.005264864200000001": 509,
    "0.006534754500000001": 293,
    "0.0078046448000000015": 102,
    "0.009074535100000001": 111,
    "0.010344425400000001": 66,
    "0.0116143157": 412,
    "0.012884206": 264
  },
  "latencyPercentiles": {
    "p10": 0.001038617,
    "p25": 0.001136219,
    "p50": 0.00123862,
    "p75": 0.001284121,
    "p90": 0.001333921,
    "p95": 0.001942931,
    "p99": 0.00377516
  },
  "rps": {
    "mean": 38009.046994725744,
    "stddev": 7909.012283919679,
    "max": 47506.764695650774,
    "percentiles": {
      "p10": 29808.763776549968,
      "p25": 39116.194104358896,
      "p50": 41323.3104794405,
      "p75": 42000.286050490846,
      "p90": 42343.56981213755,
      "p95": 42486.96118453337,
      "p99": 42855.874568732484
    }
  },
  "details": {
    "DNSDialup": {
      "average": 0.0014527932000000005,
      "fastest": 0.000076701,
      "slowest": 0.001625826
    },
    "DNSLookup": {
      "average": 0.000004772059999999999,
      "fastest": 0.0000033,
      "slowest": 0.000048201
    }
  },
  "statusCodeDistribution": {
    "200": 379568
  },
  "errorDistribution": {}
}