{
  "summary": {
    "successRate": 1,
    "total": 10.000364249,
    "slowest": 0.007155974,
    "fastest": 0.000218716,
    "average": 0.0010743590465038583,
    "requestsPerSec": 46461.107658799636,
    "totalData": 6040164,
    "sizePerRequest": 13,
    "sizePerSec": 603994.3995643953
  },
  "responseTimeHistogram": {
    "0.000218716": 1,
    "0.0009124418": 42664,
    "0.0016061676000000001": 420657,
    "0.0022998934": 1061,
    "0.0029936192": 138,
    "0.003687345": 37,
    "0.0043810708": 22,
    "0.0050747966": 1,
    "0.0057685224": 4,
    "0.0064622482": 24,
    "0.007155974": 19
  },
  "latencyPercentiles": {
    "p10": 0.000931647,
    "p25": 0.001036176,
    "p50": 0.001087971,
    "p75": 0.001138915,
    "p90": 0.00119488,
    "p95": 0.001236539,
    "p99": 0.001360684
  },
  "rps": {
    "mean": 46459.424857022546,
    "stddev": 3183.2039100266356,
    "max": 61317.696287148974,
    "percentiles": {
      "p10": 44237.20431324977,
      "p25": 45110.63835162126,
      "p50": 45981.487020985245,
      "p75": 47737.02005905442,
      "p90": 50126.56206523784,
      "p95": 51684.37474177069,
      "p99": 54226.07767287062
    }
  },
  "details": {
    "DNSDialup": {
      "average": 0.0012610482200000003,
      "fastest": 0.000094615,
      "slowest": 0.002189901
    },
    "DNSLookup": {
      "average": 0.000020544460000000004,
      "fastest": 0.000003327,
      "slowest": 0.000704979
    }
  },
  "statusCodeDistribution": {
    "200": 464628
  },
  "errorDistribution": {}
}