{
  "summary": {
    "successRate": 1,
    "total": 10.000702147,
    "slowest": 0.010033878,
    "fastest": 0.000102701,
    "average": 0.0008974942838778236,
    "requestsPerSec": 55498.50318924812,
    "totalData": 7215312,
    "sizePerRequest": 13,
    "sizePerSec": 721480.5414602255
  },
  "responseTimeHistogram": {
    "0.000102701": 1,
    "0.0010958187": 512426,
    "0.0020889364": 36811,
    "0.0030820541000000003": 5457,
    "0.0040751718": 218,
    "0.0050682895": 49,
    "0.0060614072000000005": 13,
    "0.0070545249": 47,
    "0.0080476426": 0,
    "0.0090407603": 1,
    "0.010033878": 1
  },
  "latencyPercentiles": {
    "p10": 0.000756413,
    "p25": 0.000778714,
    "p50": 0.000801915,
    "p75": 0.000839015,
    "p90": 0.001007318,
    "p95": 0.001868533,
    "p99": 0.002094837
  },
  "rps": {
    "mean": 55489.13640923623,
    "stddev": 11900.220347562543,
    "max": 62868.042081947984,
    "percentiles": {
      "p10": 27236.284177782327,
      "p25": 59400.724688839124,
      "p50": 60646.29098310612,
      "p75": 61525.90074271057,
      "p90": 62034.87600729114,
      "p95": 62228.762133857235,
      "p99": 62455.65197585371
    }
  },
  "details": {
    "DNSDialup": {
      "average": 0.0017129184800000004,
      "fastest": 0.000332105,
      "slowest": 0.002039336
    },
    "DNSLookup": {
      "average": 0.0000148923,
      "fastest": 0.000004,
      "slowest": 0.000138702
    }
  },
  "statusCodeDistribution": {
    "200": 555024
  },
  "errorDistribution": {}
}