{
  "summary": {
    "successRate": 1,
    "total": 10.000678403,
    "slowest": 0.006484027,
    "fastest": 0.000125424,
    "average": 0.0010019262854946808,
    "requestsPerSec": 49820.32017453326,
    "totalData": 6477081,
    "sizePerRequest": 13,
    "sizePerSec": 647664.1622689324
  },
  "responseTimeHistogram": {
    "0.000125424": 1,
    "0.0007612843": 14922,
    "0.0013971446": 481034,
    "0.0020330049": 1978,
    "0.0026688652": 96,
    "0.0033047255": 51,
    "0.0039405858": 79,
    "0.0045764461": 24,
    "0.0052123064": 10,
    "0.0058481667": 27,
    "0.006484027": 15
  },
  "latencyPercentiles": {
    "p10": 0.000874624,
    "p25": 0.000934108,
    "p50": 0.00101123,
    "p75": 0.0010712,
    "p90": 0.001119529,
    "p95": 0.001156047,
    "p99": 0.001260953
  },
  "rps": {
    "mean": 49817.948654540465,
    "stddev": 2849.9936325388157,
    "max": 59623.48569101998,
    "percentiles": {
      "p10": 48048.553062872576,
      "p25": 48841.50769294021,
      "p50": 49742.65757427083,
      "p75": 50750.24610359042,
      "p90": 52486.70804168579,
      "p95": 53432.8130905204,
      "p99": 56315.426945117535
    }
  },
  "details": {
    "DNSDialup": {
      "average": 0.0007790323599999999,
      "fastest": 0.000083006,
      "slowest": 0.001334115
    },
    "DNSLookup": {
      "average": 0.00001840792,
      "fastest": 0.000003146,
      "slowest": 0.000608531
    }
  },
  "statusCodeDistribution": {
    "200": 498237
  },
  "errorDistribution": {}
}