{
  "summary": {
    "successRate": 1,
    "total": 10.000684015,
    "slowest": 0.013276074,
    "fastest": 0.000085129,
    "average": 0.001337009283662149,
    "requestsPerSec": 37324.24696552119,
    "totalData": 4852484,
    "sizePerRequest": 13,
    "sizePerSec": 485215.21055177547
  },
  "responseTimeHistogram": {
    "0.000085129": 1,
    "0.0014042235": 268242,
    "0.002723318": 90084,
    "0.0040424125": 10013,
    "0.005361507": 3283,
    "0.006680601499999999": 976,
    "0.007999696": 473,
    "0.0093187905": 143,
    "0.010637885": 21,
    "0.0119569795": 30,
    "0.013276073999999999": 2
  },
  "latencyPercentiles": {
    "p10": 0.000771855,
    "p25": 0.0009888,
    "p50": 0.001188635,
    "p75": 0.001451881,
    "p90": 0.001966292,
    "p95": 0.002508439,
    "p99": 0.004399379
  },
  "rps": {
    "mean": 37316.267507528406,
    "stddev": 9281.109724387674,
    "max": 64607.810902629855,
    "percentiles": {
      "p10": 24815.99758156826,
      "p25": 31694.029847752317,
      "p50": 38102.53381849788,
      "p75": 43119.360592906276,
      "p90": 48608.77264559843,
      "p95": 51955.223055550814,
      "p99": 57612.19650199668
    }
  },
  "details": {
    "DNSDialup": {
      "average": 0.0007113010800000001,
      "fastest": 0.000087995,
      "slowest": 0.001548786
    },
    "DNSLookup": {
      "average": 0.000008581040000000002,
      "fastest": 0.000003948,
      "slowest": 0.000036278
    }
  },
  "statusCodeDistribution": {
    "200": 373268
  },
  "errorDistribution": {}
}