{
  "summary": {
    "successRate": 1,
    "total": 10.000482204,
    "slowest": 0.006376271,
    "fastest": 0.000089166,
    "average": 0.0009721135795729134,
    "requestsPerSec": 51344.124165795074,
    "totalData": 6675058,
    "sizePerRequest": 13,
    "sizePerSec": 667473.6141553359
  },
  "responseTimeHistogram": {
    "0.000089166": 1,
    "0.0007178765000000001": 48126,
    "0.0013465870000000002": 462009,
    "0.0019752975": 2949,
    "0.002604008": 216,
    "0.0032327185": 115,
    "0.0038614290000000004": 1,
    "0.0044901395": 2,
    "0.00511885": 0,
    "0.0057475605": 19,
    "0.006376271": 28
  },
  "latencyPercentiles": {
    "p10": 0.00074241,
    "p25": 0.000909741,
    "p50": 0.000997304,
    "p75": 0.001066472,
    "p90": 0.001122276,
    "p95": 0.001170507,
    "p99": 0.001298163
  },
  "rps": {
    "mean": 51344.3616829746,
    "stddev": 5964.391889873281,
    "max": 80678.29696112384,
    "percentiles": {
      "p10": 48129.0892215267,
      "p25": 48868.818119750336,
      "p50": 49802.40370249192,
      "p75": 50867.16476356327,
      "p90": 57708.46583193191,
      "p95": 65562.49416944357,
      "p99": 74416.34927192781
    }
  },
  "details": {
    "DNSDialup": {
      "average": 0.0011155315,
      "fastest": 0.000132757,
      "slowest": 0.001493386
    },
    "DNSLookup": {
      "average": 0.00001303808,
      "fastest": 0.00000528,
      "slowest": 0.000116236
    }
  },
  "statusCodeDistribution": {
    "200": 513466
  },
  "errorDistribution": {}
}