{
  "summary": {
    "successRate": 1,
    "total": 10.000717627,
    "slowest": 0.006852202,
    "fastest": 0.000232993,
    "average": 0.0010070516813513032,
    "requestsPerSec": 49565.1430715073,
    "totalData": 6443931,
    "sizePerRequest": 13,
    "sizePerSec": 644346.8599295949
  },
  "responseTimeHistogram": {
    "0.000232993": 1,
    "0.0008949139": 62172,
    "0.0015568347999999998": 431852,
    "0.0022187557": 1305,
    "0.0028806765999999998": 222,
    "0.0035425974999999995": 61,
    "0.0042045184": 3,
    "0.0048664393": 21,
    "0.0055283602": 8,
    "0.006190281099999999": 24,
    "0.006852201999999999": 18
  },
  "latencyPercentiles": {
    "p10": 0.000880634,
    "p25": 0.000936694,
    "p50": 0.001015264,
    "p75": 0.001074473,
    "p90": 0.0011215,
    "p95": 0.00116512,
    "p99": 0.00127801
  },
  "rps": {
    "mean": 49563.582513402725,
    "stddev": 2880.3605314307524,
    "max": 57652.186759452095,
    "percentiles": {
      "p10": 47771.67272562338,
      "p25": 48679.16038103729,
      "p50": 49630.33902624547,
      "p75": 50649.85265405507,
      "p90": 52016.45772550929,
      "p95": 53081.666143368486,
      "p99": 54973.98398765035
    }
  },
  "details": {
    "DNSDialup": {
      "average": 0.0005279468600000001,
      "fastest": 0.000103484,
      "slowest": 0.000778388
    },
    "DNSLookup": {
      "average": 0.000007383940000000002,
      "fastest": 0.000003647,
      "slowest": 0.000039644
    }
  },
  "statusCodeDistribution": {
    "200": 495687
  },
  "errorDistribution": {}
}