{
  "summary": {
    "successRate": 1,
    "total": 10.000682031,
    "slowest": 0.006349487,
    "fastest": 0.000204974,
    "average": 0.0010124168393655583,
    "requestsPerSec": 49301.13750958832,
    "totalData": 6409585,
    "sizePerRequest": 13,
    "sizePerSec": 640914.7876246482
  },
  "responseTimeHistogram": {
    "0.000204974": 1,
    "0.0008194253": 22053,
    "0.0014338766": 468965,
    "0.0020483279000000003": 1712,
    "0.0026627792": 206,
    "0.0032772305": 44,
    "0.0038916818000000004": 14,
    "0.0045061331": 0,
    "0.0051205844": 5,
    "0.0057350357": 17,
    "0.006349487": 28
  },
  "latencyPercentiles": {
    "p10": 0.00088502,
    "p25": 0.000943588,
    "p50": 0.001021585,
    "p75": 0.001081409,
    "p90": 0.001129817,
    "p95": 0.001168459,
    "p99": 0.001276872
  },
  "rps": {
    "mean": 49302.165074026496,
    "stddev": 2974.3052300229333,
    "max": 65863.32758947698,
    "percentiles": {
      "p10": 47436.54330009849,
      "p25": 48350.23384660743,
      "p50": 49181.97651846091,
      "p75": 50135.49724608714,
      "p90": 51957.12874876434,
      "p95": 53266.1032341127,
      "p99": 57327.505737252526
    }
  },
  "details": {
    "DNSDialup": {
      "average": 0.0005979624800000002,
      "fastest": 0.00011386,
      "slowest": 0.00081161
    },
    "DNSLookup": {
      "average": 0.000008371900000000005,
      "fastest": 0.000004197,
      "slowest": 0.000035837
    }
  },
  "statusCodeDistribution": {
    "200": 493045
  },
  "errorDistribution": {}
}