{
  "summary": {
    "successRate": 1,
    "total": 10.000795116,
    "slowest": 0.006594511,
    "fastest": 0.000193111,
    "average": 0.0010099586191198893,
    "requestsPerSec": 49416.87078553684,
    "totalData": 6424704,
    "sizePerRequest": 13,
    "sizePerSec": 642419.320211979
  },
  "responseTimeHistogram": {
    "0.000193111": 1,
    "0.0008332509999999999": 49321,
    "0.001473391": 443040,
    "0.002113531": 1430,
    "0.002753671": 275,
    "0.003393811": 73,
    "0.004033951": 10,
    "0.004674091": 7,
    "0.005314231": 8,
    "0.005954371": 16,
    "0.006594511": 27
  },
  "latencyPercentiles": {
    "p10": 0.000833615,
    "p25": 0.0009468,
    "p50": 0.001029126,
    "p75": 0.001098675,
    "p90": 0.001147557,
    "p95": 0.00118563,
    "p99": 0.001300833
  },
  "rps": {
    "mean": 49414.18668708419,
    "stddev": 4086.092530256136,
    "max": 71325.63443302187,
    "percentiles": {
      "p10": 46776.45012516244,
      "p25": 47524.61775199573,
      "p50": 48491.14080942153,
      "p75": 50500.69185947849,
      "p90": 54619.47730560446,
      "p95": 57328.3660755402,
      "p99": 60934.53769596746
    }
  },
  "details": {
    "DNSDialup": {
      "average": 0.0006422640400000002,
      "fastest": 0.000164086,
      "slowest": 0.000948565
    },
    "DNSLookup": {
      "average": 0.000007158379999999999,
      "fastest": 0.000003888,
      "slowest": 0.000032991
    }
  },
  "statusCodeDistribution": {
    "200": 494208
  },
  "errorDistribution": {}
}