{
  "summary": {
    "successRate": 1,
    "total": 10.000402244,
    "slowest": 0.006854193,
    "fastest": 0.000172028,
    "average": 0.0010603880246137748,
    "requestsPerSec": 47073.406500467565,
    "totalData": 6119789,
    "sizePerRequest": 13,
    "sizePerSec": 611954.2845060783
  },
  "responseTimeHistogram": {
    "0.000172028": 1,
    "0.0008402444999999999": 36127,
    "0.001508461": 432937,
    "0.0021766775": 1361,
    "0.0028448939999999997": 215,
    "0.0035131104999999996": 37,
    "0.004181327": 24,
    "0.0048495435": 3,
    "0.00551776": 10,
    "0.0061859765": 19,
    "0.006854193": 19
  },
  "latencyPercentiles": {
    "p10": 0.000909979,
    "p25": 0.001021688,
    "p50": 0.001074436,
    "p75": 0.00112793,
    "p90": 0.001191935,
    "p95": 0.001236629,
    "p99": 0.001356573
  },
  "rps": {
    "mean": 47072.35343435591,
    "stddev": 3651.3482997209103,
    "max": 68106.23853144991,
    "percentiles": {
      "p10": 44417.673792401656,
      "p25": 45276.82410887241,
      "p50": 46296.17981033656,
      "p75": 48308.792200179516,
      "p90": 51463.30851691629,
      "p95": 53604.70522591368,
      "p99": 57659.12451599435
    }
  },
  "details": {
    "DNSDialup": {
      "average": 0.0011762928199999998,
      "fastest": 0.000158262,
      "slowest": 0.001968406
    },
    "DNSLookup": {
      "average": 0.0000067886600000000005,
      "fastest": 0.000003847,
      "slowest": 0.000029194
    }
  },
  "statusCodeDistribution": {
    "200": 470753
  },
  "errorDistribution": {}
}