{
  "summary": {
    "successRate": 1,
    "total": 10.000613985,
    "slowest": 0.006844231,
    "fastest": 0.000182114,
    "average": 0.0010228342463747327,
    "requestsPerSec": 48799.90375910905,
    "totalData": 6344377,
    "sizePerRequest": 13,
    "sizePerSec": 634398.7488684177
  },
  "responseTimeHistogram": {
    "0.000182114": 1,
    "0.0008483257000000001": 22646,
    "0.0015145374": 463763,
    "0.0021807491": 1272,
    "0.0028469608": 182,
    "0.0035131725000000003": 75,
    "0.0041793842": 21,
    "0.0048455959": 19,
    "0.0055118076": 2,
    "0.0061780192999999995": 29,
    "0.006844231": 19
  },
  "latencyPercentiles": {
    "p10": 0.000899915,
    "p25": 0.000952433,
    "p50": 0.001030614,
    "p75": 0.001089303,
    "p90": 0.001135178,
    "p95": 0.001172546,
    "p99": 0.001280107
  },
  "rps": {
    "mean": 48797.58877232001,
    "stddev": 2713.6539889795886,
    "max": 56456.06527172532,
    "percentiles": {
      "p10": 47338.8841594504,
      "p25": 48012.15639734482,
      "p50": 48774.59098199264,
      "p75": 49690.655632134396,
      "p90": 50989.33841984745,
      "p95": 52087.72339803767,
      "p99": 54252.997125796704
    }
  },
  "details": {
    "DNSDialup": {
      "average": 0.0005655460200000001,
      "fastest": 0.000084969,
      "slowest": 0.000918263
    },
    "DNSLookup": {
      "average": 0.000006512459999999999,
      "fastest": 0.000003537,
      "slowest": 0.000036088
    }
  },
  "statusCodeDistribution": {
    "200": 488029
  },
  "errorDistribution": {}
}