{
  "summary": {
    "successRate": 1,
    "total": 10.00510655,
    "slowest": 0.024743405,
    "fastest": 0.000046301,
    "average": 0.0010163507098968408,
    "requestsPerSec": 49092.63060271957,
    "totalData": 6385301,
    "sizePerRequest": 13,
    "sizePerSec": 638204.1978353544
  },
  "responseTimeHistogram": {
    "0.000046301": 1,
    "0.0025160114": 481353,
    "0.0049857218000000005": 4321,
    "0.007455432200000001": 3167,
    "0.0099251426": 1363,
    "0.012394853": 267,
    "0.014864563400000001": 595,
    "0.0173342738": 95,
    "0.0198039842": 13,
    "0.022273694599999998": 1,
    "0.024743405": 1
  },
  "latencyPercentiles": {
    "p10": 0.000696017,
    "p25": 0.000787919,
    "p50": 0.000877222,
    "p75": 0.000967324,
    "p90": 0.001301332,
    "p95": 0.001524438,
    "p99": 0.005895444
  },
  "rps": {
    "mean": 49139.61724848846,
    "stddev": 14313.215158044963,
    "max": 62420.32405751346,
    "percentiles": {
      "p10": 25625.07716642577,
      "p25": 43034.07697020705,
      "p50": 56320.0274017441,
      "p75": 59367.37677546018,
      "p90": 60267.29751795138,
      "p95": 60688.42280988054,
      "p99": 61253.31561367351
    }
  },
  "details": {
    "DNSDialup": {
      "average": 0.00143002492,
      "fastest": 0.000088602,
      "slowest": 0.002386958
    },
    "DNSLookup": {
      "average": 0.000008534180000000002,
      "fastest": 0.0000038,
      "slowest": 0.000050701
    }
  },
  "statusCodeDistribution": {
    "200": 491177
  },
  "errorDistribution": {}
}