{
  "summary": {
    "successRate": 1,
    "total": 10.000354603,
    "slowest": 0.006536299,
    "fastest": 0.000333451,
    "average": 0.0010591825208562042,
    "requestsPerSec": 47125.72890751522,
    "totalData": 6126562,
    "sizePerRequest": 13,
    "sizePerSec": 612634.4757976979
  },
  "responseTimeHistogram": {
    "0.000333451": 1,
    "0.0009537358": 49982,
    "0.0015740206": 419925,
    "0.0021943054": 1031,
    "0.0028145901999999997": 232,
    "0.0034348749999999996": 34,
    "0.0040551598": 20,
    "0.0046754446": 1,
    "0.0052957294": 11,
    "0.0059160142": 10,
    "0.006536299": 27
  },
  "latencyPercentiles": {
    "p10": 0.000944713,
    "p25": 0.001020994,
    "p50": 0.001070235,
    "p75": 0.001119588,
    "p90": 0.001174096,
    "p95": 0.001214206,
    "p99": 0.00133984
  },
  "rps": {
    "mean": 47132.17296127081,
    "stddev": 3354.0486017137646,
    "max": 63796.36201245337,
    "percentiles": {
      "p10": 45052.720693755306,
      "p25": 45744.97188185734,
      "p50": 46572.04594920743,
      "p75": 47732.43418903249,
      "p90": 51175.87847501483,
      "p95": 53196.56129398081,
      "p99": 57102.77767379921
    }
  },
  "details": {
    "DNSDialup": {
      "average": 0.00107447184,
      "fastest": 0.000072636,
      "slowest": 0.00253109
    },
    "DNSLookup": {
      "average": 0.000007461099999999999,
      "fastest": 0.000003677,
      "slowest": 0.000038943
    }
  },
  "statusCodeDistribution": {
    "200": 471274
  },
  "errorDistribution": {}
}