{
  "summary": {
    "successRate": 1,
    "total": 10.000222086,
    "slowest": 0.006233861,
    "fastest": 0.000259252,
    "average": 0.0010174933914722773,
    "requestsPerSec": 49057.81049470984,
    "totalData": 6377657,
    "sizePerRequest": 13,
    "sizePerSec": 637751.5364312279
  },
  "responseTimeHistogram": {
    "0.000259252": 1,
    "0.0008567129": 44563,
    "0.0014541738": 444316,
    "0.0020516347000000003": 1258,
    "0.0026490956000000004": 336,
    "0.0032465565000000004": 49,
    "0.0038440174000000005": 10,
    "0.0044414783": 6,
    "0.0050389392": 9,
    "0.0056364001": 16,
    "0.006233861": 25
  },
  "latencyPercentiles": {
    "p10": 0.00086845,
    "p25": 0.000949075,
    "p50": 0.001033673,
    "p75": 0.001099173,
    "p90": 0.001154264,
    "p95": 0.001195134,
    "p99": 0.001294678
  },
  "rps": {
    "mean": 49053.7093715611,
    "stddev": 3566.8942122719836,
    "max": 72076.73288983447,
    "percentiles": {
      "p10": 46706.679055110915,
      "p25": 47571.56666488939,
      "p50": 48463.36029487503,
      "p75": 49907.71074130806,
      "p90": 53214.35723357963,
      "p95": 55173.46385181593,
      "p99": 59128.27287517512
    }
  },
  "details": {
    "DNSDialup": {
      "average": 0.0011235777000000002,
      "fastest": 0.00006996,
      "slowest": 0.00216865
    },
    "DNSLookup": {
      "average": 0.00000668464,
      "fastest": 0.000003857,
      "slowest": 0.000027431
    }
  },
  "statusCodeDistribution": {
    "200": 490589
  },
  "errorDistribution": {}
}