{
  "summary": {
    "successRate": 1,
    "total": 10.000652787,
    "slowest": 0.01229881,
    "fastest": 0.000083401,
    "average": 0.0008682799048393755,
    "requestsPerSec": 57113.371713341934,
    "totalData": 7425223,
    "sizePerRequest": 13,
    "sizePerSec": 742473.8322734452
  },
  "responseTimeHistogram": {
    "0.000083401": 1,
    "0.0013049419": 525396,
    "0.0025264828": 44248,
    "0.0037480237": 1301,
    "0.0049695646": 102,
    "0.0061911055": 64,
    "0.0074126464": 3,
    "0.0086341873": 54,
    "0.0098557282": 0,
    "0.0110772691": 1,
    "0.01229881": 1
  },
  "latencyPercentiles": {
    "p10": 0.000724512,
    "p25": 0.000753212,
    "p50": 0.000769813,
    "p75": 0.000807114,
    "p90": 0.000950316,
    "p95": 0.001805831,
    "p99": 0.001983133
  },
  "rps": {
    "mean": 57064.45624255012,
    "stddev": 12984.122262401854,
    "max": 65531.25254572435,
    "percentiles": {
      "p10": 27862.21632906142,
      "p25": 60702.161738203125,
      "p50": 63402.26785804866,
      "p75": 64027.07705088597,
      "p90": 64542.78541245439,
      "p95": 64786.13055307698,
      "p99": 65075.89363290002
    }
  },
  "details": {
    "DNSDialup": {
      "average": 0.0015362982399999999,
      "fastest": 0.000075801,
      "slowest": 0.002725246
    },
    "DNSLookup": {
      "average": 0.000007804279999999998,
      "fastest": 0.0000032,
      "slowest": 0.000180303
    }
  },
  "statusCodeDistribution": {
    "200": 571171
  },
  "errorDistribution": {}
}