{
  "summary": {
    "successRate": 1,
    "total": 10.000086133,
    "slowest": 0.007256532,
    "fastest": 0.000255762,
    "average": 0.001065879317507866,
    "requestsPerSec": 46831.19662885408,
    "totalData": 6088108,
    "sizePerRequest": 13,
    "sizePerSec": 608805.556175103
  },
  "responseTimeHistogram": {
    "0.000255762": 1,
    "0.0009558390000000001": 39695,
    "0.0016559160000000003": 427680,
    "0.0023559930000000002": 792,
    "0.0030560700000000006": 81,
    "0.003756147000000001": 17,
    "0.004456224": 1,
    "0.005156301": 0,
    "0.005856378000000001": 18,
    "0.006556455000000001": 21,
    "0.007256532000000001": 10
  },
  "latencyPercentiles": {
    "p10": 0.000968769,
    "p25": 0.0010194,
    "p50": 0.0010678,
    "p75": 0.001119182,
    "p90": 0.001178293,
    "p95": 0.001221363,
    "p99": 0.001347214
  },
  "rps": {
    "mean": 46830.79528323273,
    "stddev": 2912.837844166029,
    "max": 68962.28621186396,
    "percentiles": {
      "p10": 45010.514315799715,
      "p25": 45814.060335117414,
      "p50": 46553.30353254432,
      "p75": 47420.128109010366,
      "p90": 49363.36372034349,
      "p95": 51510.16847950258,
      "p99": 55004.614887188545
    }
  },
  "details": {
    "DNSDialup": {
      "average": 0.00119059188,
      "fastest": 0.000166791,
      "slowest": 0.002433512
    },
    "DNSLookup": {
      "average": 0.000021310400000000005,
      "fastest": 0.000003818,
      "slowest": 0.000698398
    }
  },
  "statusCodeDistribution": {
    "200": 468316
  },
  "errorDistribution": {}
}