{
  "summary": {
    "successRate": 1,
    "total": 10.000346534,
    "slowest": 0.007127041,
    "fastest": 0.000279045,
    "average": 0.0010661404222896387,
    "requestsPerSec": 46816.477649873406,
    "totalData": 6086353,
    "sizePerRequest": 13,
    "sizePerSec": 608614.2094483543
  },
  "responseTimeHistogram": {
    "0.000279045": 1,
    "0.0009638445999999999": 79671,
    "0.0016486442": 387538,
    "0.0023334437999999996": 705,
    "0.0030182433999999996": 191,
    "0.0037030429999999996": 19,
    "0.0043878426": 9,
    "0.0050726422": 0,
    "0.0057574418": 12,
    "0.0064422414": 14,
    "0.007127041": 21
  },
  "latencyPercentiles": {
    "p10": 0.000935629,
    "p25": 0.00098941,
    "p50": 0.001073425,
    "p75": 0.001132247,
    "p90": 0.001192871,
    "p95": 0.001238344,
    "p99": 0.001348092
  },
  "rps": {
    "mean": 46815.53546942094,
    "stddev": 2503.9297280474743,
    "max": 69025.82256021819,
    "percentiles": {
      "p10": 45494.55132602221,
      "p25": 46253.45493529026,
      "p50": 46830.09301777268,
      "p75": 47508.77487071989,
      "p90": 48215.7708874781,
      "p95": 48978.640104551756,
      "p99": 52705.14929308596
    }
  },
  "details": {
    "DNSDialup": {
      "average": 0.00127903936,
      "fastest": 0.000100188,
      "slowest": 0.002808515
    },
    "DNSLookup": {
      "average": 0.000025910999999999996,
      "fastest": 0.000003828,
      "slowest": 0.000952549
    }
  },
  "statusCodeDistribution": {
    "200": 468181
  },
  "errorDistribution": {}
}