{
  "summary": {
    "successRate": 1,
    "total": 10.00065092,
    "slowest": 0.01132055,
    "fastest": 0.000174504,
    "average": 0.0009217622831182209,
    "requestsPerSec": 54122.277072740784,
    "totalData": 7036354,
    "sizePerRequest": 13,
    "sizePerSec": 703589.6019456302
  },
  "responseTimeHistogram": {
    "0.000174504": 1,
    "0.0012891086": 503165,
    "0.0024037131999999997": 36289,
    "0.0035183177999999994": 1358,
    "0.0046329223999999995": 275,
    "0.005747527": 144,
    "0.006862131599999999": 24,
    "0.007976736199999999": 1,
    "0.0090913408": 0,
    "0.0102059454": 0,
    "0.01132055": 1
  },
  "latencyPercentiles": {
    "p10": 0.000797145,
    "p25": 0.000819416,
    "p50": 0.000842419,
    "p75": 0.000867719,
    "p90": 0.00101462,
    "p95": 0.00183244,
    "p99": 0.001959243
  },
  "rps": {
    "mean": 54106.212403026424,
    "stddev": 10619.212725024076,
    "max": 62005.44407799022,
    "percentiles": {
      "p10": 32700.65401307989,
      "p25": 57416.7306309191,
      "p50": 58825.759800217435,
      "p75": 59262.10075538123,
      "p90": 59919.168141889924,
      "p95": 60157.34799984991,
      "p99": 60492.69342563627
    }
  },
  "details": {
    "DNSDialup": {
      "average": 0.0014039270399999993,
      "fastest": 0.000073101,
      "slowest": 0.002367052
    },
    "DNSLookup": {
      "average": 0.000012112239999999997,
      "fastest": 0.0000034,
      "slowest": 0.000096202
    }
  },
  "statusCodeDistribution": {
    "200": 541258
  },
  "errorDistribution": {}
}