{
  "summary": {
    "successRate": 1,
    "total": 10.000406768,
    "slowest": 0.005906307,
    "fastest": 0.000317297,
    "average": 0.0009954221991069912,
    "requestsPerSec": 50142.86034889816,
    "totalData": 6518837,
    "sizePerRequest": 13,
    "sizePerSec": 651857.1845356761
  },
  "responseTimeHistogram": {
    "0.000317297": 1,
    "0.000876198": 66600,
    "0.001435099": 433191,
    "0.001994": 1343,
    "0.0025529009999999998": 185,
    "0.0031118020000000003": 63,
    "0.003670703": 17,
    "0.0042296040000000005": 2,
    "0.004788505": 5,
    "0.005347406": 22,
    "0.005906307": 20
  },
  "latencyPercentiles": {
    "p10": 0.000842629,
    "p25": 0.00093042,
    "p50": 0.001013757,
    "p75": 0.001078739,
    "p90": 0.00113276,
    "p95": 0.001172993,
    "p99": 0.001287399
  },
  "rps": {
    "mean": 50140.74631004707,
    "stddev": 4103.693851305385,
    "max": 79614.59335496195,
    "percentiles": {
      "p10": 47568.67376028451,
      "p25": 48504.787422518595,
      "p50": 49255.9953145742,
      "p75": 50516.00495377363,
      "p90": 55018.34028341076,
      "p95": 58174.680603142086,
      "p99": 63566.738749140895
    }
  },
  "details": {
    "DNSDialup": {
      "average": 0.00083933116,
      "fastest": 0.000094115,
      "slowest": 0.00175612
    },
    "DNSLookup": {
      "average": 0.00002482104,
      "fastest": 0.000003707,
      "slowest": 0.000919648
    }
  },
  "statusCodeDistribution": {
    "200": 501449
  },
  "errorDistribution": {}
}