{
  "summary": {
    "successRate": 1,
    "total": 10.00011786,
    "slowest": 0.011858201,
    "fastest": 0.000119401,
    "average": 0.0008014006016392564,
    "requestsPerSec": 62026.96895014396,
    "totalData": 8063601,
    "sizePerRequest": 13,
    "sizePerSec": 806350.5963518714
  },
  "responseTimeHistogram": {
    "0.000119401": 1,
    "0.001293281": 596628,
    "0.002467161": 22532,
    "0.003641041": 992,
    "0.004814921": 50,
    "0.005988801": 36,
    "0.007162681": 17,
    "0.008336561": 16,
    "0.009510441": 2,
    "0.010684321": 2,
    "0.011858201": 1
  },
  "latencyPercentiles": {
    "p10": 0.000668806,
    "p25": 0.000721406,
    "p50": 0.000753807,
    "p75": 0.000792207,
    "p90": 0.000875408,
    "p95": 0.001035808,
    "p99": 0.001957517
  },
  "rps": {
    "mean": 62021.39161980289,
    "stddev": 10658.035172627697,
    "max": 68495.3112255614,
    "percentiles": {
      "p10": 51857.989015791994,
      "p25": 64339.056001736695,
      "p50": 65732.22036125726,
      "p75": 66502.75986452788,
      "p90": 66989.86690645468,
      "p95": 67251.42330471153,
      "p99": 67770.12654613188
    }
  },
  "details": {
    "DNSDialup": {
      "average": 0.0016632545599999998,
      "fastest": 0.000122501,
      "slowest": 0.002631923
    },
    "DNSLookup": {
      "average": 0.000010664059999999999,
      "fastest": 0.0000039,
      "slowest": 0.000200302
    }
  },
  "statusCodeDistribution": {
    "200": 620277
  },
  "errorDistribution": {}
}