{
  "summary": {
    "successRate": 1,
    "total": 10.000373121,
    "slowest": 0.006081666,
    "fastest": 0.000257071,
    "average": 0.0010240978490167014,
    "requestsPerSec": 48743.98125969683,
    "totalData": 6336954,
    "sizePerRequest": 13,
    "sizePerSec": 633671.7563760589
  },
  "responseTimeHistogram": {
    "0.000257071": 1,
    "0.0008395305": 24612,
    "0.00142199": 460749,
    "0.0020044495": 1731,
    "0.002586909": 156,
    "0.0031693685000000003": 133,
    "0.0037518279999999996": 27,
    "0.0043342875": 4,
    "0.004916747": 2,
    "0.0054992065": 10,
    "0.006081666": 33
  },
  "latencyPercentiles": {
    "p10": 0.000891383,
    "p25": 0.000949978,
    "p50": 0.001033746,
    "p75": 0.001093439,
    "p90": 0.00115675,
    "p95": 0.001202051,
    "p99": 0.001305232
  },
  "rps": {
    "mean": 48749.42974862275,
    "stddev": 3046.9702064953403,
    "max": 70448.49396499555,
    "percentiles": {
      "p10": 47081.11133861416,
      "p25": 47733.456379576564,
      "p50": 48620.298974822734,
      "p75": 49418.5270057766,
      "p90": 50825.7418264115,
      "p95": 52825.57814493805,
      "p99": 58328.26767554802
    }
  },
  "details": {
    "DNSDialup": {
      "average": 0.0007663144999999997,
      "fastest": 0.000072506,
      "slowest": 0.001806908
    },
    "DNSLookup": {
      "average": 0.000008628099999999998,
      "fastest": 0.000003868,
      "slowest": 0.000035296
    }
  },
  "statusCodeDistribution": {
    "200": 487458
  },
  "errorDistribution": {}
}