{
  "summary": {
    "successRate": 1,
    "total": 10.000581285,
    "slowest": 0.023411824,
    "fastest": 0.0000711,
    "average": 0.0021629776298696664,
    "requestsPerSec": 23080.2583792008,
    "totalData": 3000608,
    "sizePerRequest": 13,
    "sizePerSec": 300043.35892961046
  },
  "responseTimeHistogram": {
    "0.0000711": 1,
    "0.0024051724000000003": 180720,
    "0.0047392448": 39578,
    "0.007073317200000001": 7828,
    "0.0094073896": 1514,
    "0.011741462": 727,
    "0.0140755344": 308,
    "0.0164096068": 83,
    "0.018743679200000002": 55,
    "0.021077751600000003": 0,
    "0.023411824": 2
  },
  "latencyPercentiles": {
    "p10": 0.001344902,
    "p25": 0.001619103,
    "p50": 0.001841402,
    "p75": 0.002244603,
    "p90": 0.003039905,
    "p95": 0.004514607,
    "p99": 0.007634612
  },
  "rps": {
    "mean": 23172.68659565331,
    "stddev": 7539.17761175784,
    "max": 44151.07475334644,
    "percentiles": {
      "p10": 10516.283413236764,
      "p25": 18679.554354037948,
      "p50": 26116.672883969026,
      "p75": 28574.856396149782,
      "p90": 30209.33166255057,
      "p95": 31159.776916039526,
      "p99": 34406.826314340964
    }
  },
  "details": {
    "DNSDialup": {
      "average": 0.0019506040999999997,
      "fastest": 0.0001102,
      "slowest": 0.003422004
    },
    "DNSLookup": {
      "average": 0.000013474019999999998,
      "fastest": 0.0000058,
      "slowest": 0.0000656
    }
  },
  "statusCodeDistribution": {
    "200": 230816
  },
  "errorDistribution": {}
}