{
  "summary": {
    "successRate": 1,
    "total": 10.000164283,
    "slowest": 0.006107687,
    "fastest": 0.000231129,
    "average": 0.000986239479030422,
    "requestsPerSec": 50610.56855439662,
    "totalData": 6579482,
    "sizePerRequest": 13,
    "sizePerSec": 657937.391207156
  },
  "responseTimeHistogram": {
    "0.000231129": 1,
    "0.0008187848": 70307,
    "0.0014064405999999999": 433487,
    "0.0019940963999999996": 2008,
    "0.0025817521999999997": 135,
    "0.0031694079999999994": 108,
    "0.0037570637999999996": 17,
    "0.0043447196": 2,
    "0.004932375399999999": 5,
    "0.005520031199999999": 10,
    "0.006107686999999999": 34
  },
  "latencyPercentiles": {
    "p10": 0.00071755,
    "p25": 0.000922834,
    "p50": 0.001015405,
    "p75": 0.001088549,
    "p90": 0.001146334,
    "p95": 0.001194777,
    "p99": 0.001301762
  },
  "rps": {
    "mean": 50607.59742415934,
    "stddev": 5698.110126209864,
    "max": 78436.87317408033,
    "percentiles": {
      "p10": 47020.48212201249,
      "p25": 47820.900437291326,
      "p50": 48739.20093931551,
      "p75": 51205.82722313801,
      "p90": 57921.79017746321,
      "p95": 63215.98510153401,
      "p99": 70026.59610119955
    }
  },
  "details": {
    "DNSDialup": {
      "average": 0.0009518726999999997,
      "fastest": 0.000113554,
      "slowest": 0.002151875
    },
    "DNSLookup": {
      "average": 0.000009152519999999997,
      "fastest": 0.000004708,
      "slowest": 0.000025608
    }
  },
  "statusCodeDistribution": {
    "200": 506114
  },
  "errorDistribution": {}
}