{
  "summary": {
    "successRate": 1,
    "total": 10.000340859,
    "slowest": 0.006342593,
    "fastest": 0.00023523,
    "average": 0.0009991579995615918,
    "requestsPerSec": 49955.197232142666,
    "totalData": 6494397,
    "sizePerRequest": 13,
    "sizePerSec": 649417.5640178546
  },
  "responseTimeHistogram": {
    "0.00023523": 1,
    "0.0008459663": 50651,
    "0.0014567026": 447095,
    "0.0020674389": 1423,
    "0.0026781751999999997": 255,
    "0.0032889114999999996": 88,
    "0.0038996478": 7,
    "0.0045103841": 5,
    "0.0051211204": 0,
    "0.0057318567": 16,
    "0.006342593": 28
  },
  "latencyPercentiles": {
    "p10": 0.000844163,
    "p25": 0.000933432,
    "p50": 0.001016857,
    "p75": 0.001082568,
    "p90": 0.001137583,
    "p95": 0.001180698,
    "p99": 0.001301801
  },
  "rps": {
    "mean": 49949.03594020231,
    "stddev": 4481.8171624677425,
    "max": 77567.96505097412,
    "percentiles": {
      "p10": 47308.54392303453,
      "p25": 48230.05214549219,
      "p50": 49060.48176191907,
      "p75": 50272.87957187285,
      "p90": 54951.804035400564,
      "p95": 58405.8021105221,
      "p99": 66672.3995586798
    }
  },
  "details": {
    "DNSDialup": {
      "average": 0.0010453286199999996,
      "fastest": 0.000273811,
      "slowest": 0.001519556
    },
    "DNSLookup": {
      "average": 0.000010076260000000003,
      "fastest": 0.00000526,
      "slowest": 0.000040275
    }
  },
  "statusCodeDistribution": {
    "200": 499569
  },
  "errorDistribution": {}
}