{
  "summary": {
    "successRate": 1,
    "total": 10.000628003,
    "slowest": 0.006338001,
    "fastest": 0.000351456,
    "average": 0.001005353910556343,
    "requestsPerSec": 49650.48193483935,
    "totalData": 6454968,
    "sizePerRequest": 13,
    "sizePerSec": 645456.2651529115
  },
  "responseTimeHistogram": {
    "0.000351456": 1,
    "0.0009501105000000001": 146583,
    "0.0015487650000000001": 348606,
    "0.0021474195": 1043,
    "0.0027460740000000003": 192,
    "0.0033447285000000005": 38,
    "0.003943383": 13,
    "0.0045420375": 11,
    "0.0051406920000000005": 1,
    "0.005739346500000001": 14,
    "0.006338001000000001": 34
  },
  "latencyPercentiles": {
    "p10": 0.000870473,
    "p25": 0.000937115,
    "p50": 0.001014692,
    "p75": 0.001077848,
    "p90": 0.001126422,
    "p95": 0.001167758,
    "p99": 0.001270329
  },
  "rps": {
    "mean": 49646.42384026632,
    "stddev": 2971.041803831342,
    "max": 57816.22323224225,
    "percentiles": {
      "p10": 47582.9137301648,
      "p25": 48615.25546715941,
      "p50": 49552.37190186312,
      "p75": 50964.14857381353,
      "p90": 52747.45160746741,
      "p95": 53656.98908811007,
      "p99": 55621.898341377004
    }
  },
  "details": {
    "DNSDialup": {
      "average": 0.00065879432,
      "fastest": 0.000081582,
      "slowest": 0.001463582
    },
    "DNSLookup": {
      "average": 0.000007435940000000001,
      "fastest": 0.000003206,
      "slowest": 0.000027602
    }
  },
  "statusCodeDistribution": {
    "200": 496536
  },
  "errorDistribution": {}
}