{
  "summary": {
    "successRate": 1,
    "total": 10.000541101,
    "slowest": 0.011069806,
    "fastest": 0.000105607,
    "average": 0.0009922303445888802,
    "requestsPerSec": 50301.27819280686,
    "totalData": 6539520,
    "sizePerRequest": 13,
    "sizePerSec": 653916.6165064892
  },
  "responseTimeHistogram": {
    "0.000105607": 1,
    "0.0012020268999999998": 479792,
    "0.0022984468": 22949,
    "0.0033948666999999997": 170,
    "0.004491286599999999": 27,
    "0.0055877064999999984": 30,
    "0.006684126399999999": 19,
    "0.007780546299999999": 2,
    "0.0088769662": 0,
    "0.009973386099999999": 0,
    "0.011069805999999998": 50
  },
  "latencyPercentiles": {
    "p10": 0.000790207,
    "p25": 0.000925392,
    "p50": 0.001013847,
    "p75": 0.001083848,
    "p90": 0.001147466,
    "p95": 0.001196347,
    "p99": 0.001325206
  },
  "rps": {
    "mean": 50300.77885377966,
    "stddev": 5912.603323166585,
    "max": 82004.64966363637,
    "percentiles": {
      "p10": 47078.09640794219,
      "p25": 48060.661986953615,
      "p50": 49015.09233831816,
      "p75": 50237.57770812594,
      "p90": 56185.287842245576,
      "p95": 62442.40595936802,
      "p99": 74123.28014297485
    }
  },
  "details": {
    "DNSDialup": {
      "average": 0.00103215366,
      "fastest": 0.000104885,
      "slowest": 0.002129624
    },
    "DNSLookup": {
      "average": 0.000038010900000000006,
      "fastest": 0.000004007,
      "slowest": 0.001561376
    }
  },
  "statusCodeDistribution": {
    "200": 503040
  },
  "errorDistribution": {}
}