{
  "summary": {
    "successRate": 1,
    "total": 10.00072615,
    "slowest": 0.005833662,
    "fastest": 0.000215219,
    "average": 0.0010794099833217707,
    "requestsPerSec": 46236.44254072491,
    "totalData": 6011174,
    "sizePerRequest": 13,
    "sizePerSec": 601073.7530294238
  },
  "responseTimeHistogram": {
    "0.000215219": 1,
    "0.0007770633": 9754,
    "0.0013389076": 447693,
    "0.0019007519": 4305,
    "0.0024625962": 332,
    "0.0030244405000000004": 168,
    "0.0035862848": 57,
    "0.0041481291": 20,
    "0.0047099734": 24,
    "0.0052718177000000005": 22,
    "0.005833662000000001": 22
  },
  "latencyPercentiles": {
    "p10": 0.000946602,
    "p25": 0.001007382,
    "p50": 0.001089782,
    "p75": 0.001153533,
    "p90": 0.001200598,
    "p95": 0.001235027,
    "p99": 0.001349466
  },
  "rps": {
    "mean": 46233.036332479096,
    "stddev": 2564.2216270436174,
    "max": 54141.12564945126,
    "percentiles": {
      "p10": 45001.03952401204,
      "p25": 45506.94891109667,
      "p50": 46202.60120644664,
      "p75": 47018.01260062783,
      "p90": 48497.45739779358,
      "p95": 49644.68158851699,
      "p99": 51914.613963830714
    }
  },
  "details": {
    "DNSDialup": {
      "average": 0.0011405161399999997,
      "fastest": 0.00013266,
      "slowest": 0.001611584
    },
    "DNSLookup": {
      "average": 0.000006789200000000001,
      "fastest": 0.000003517,
      "slowest": 0.000036868
    }
  },
  "statusCodeDistribution": {
    "200": 462398
  },
  "errorDistribution": {}
}