{
  "summary": {
    "successRate": 1,
    "total": 10.000677041,
    "slowest": 0.006900347,
    "fastest": 0.000131611,
    "average": 0.0009276910521136234,
    "requestsPerSec": 53811.45674375148,
    "totalData": 6995963,
    "sizePerRequest": 13,
    "sizePerSec": 699548.9376687693
  },
  "responseTimeHistogram": {
    "0.000131611": 1,
    "0.0008084846": 63114,
    "0.0014853582": 473356,
    "0.0021622318": 1306,
    "0.0028391054": 198,
    "0.003515979": 46,
    "0.004192852600000001": 54,
    "0.0048697262000000005": 48,
    "0.0055465998": 7,
    "0.0062234734": 14,
    "0.006900347": 7
  },
  "latencyPercentiles": {
    "p10": 0.000791667,
    "p25": 0.000864647,
    "p50": 0.00094073,
    "p75": 0.000999181,
    "p90": 0.001039796,
    "p95": 0.001082459,
    "p99": 0.001195247
  },
  "rps": {
    "mean": 53803.47607139479,
    "stddev": 3836.464810981226,
    "max": 75200.18800047046,
    "percentiles": {
      "p10": 51870.30501140737,
      "p25": 52528.86219465798,
      "p50": 53247.60569473412,
      "p75": 54490.15429143094,
      "p90": 57485.875477497284,
      "p95": 60235.074884103386,
      "p99": 63906.22446626287
    }
  },
  "details": {
    "DNSDialup": {
      "average": 0.0006321469600000002,
      "fastest": 0.000075633,
      "slowest": 0.001445568
    },
    "DNSLookup": {
      "average": 0.00000535222,
      "fastest": 0.000002754,
      "slowest": 0.000031667
    }
  },
  "statusCodeDistribution": {
    "200": 538151
  },
  "errorDistribution": {}
}