{
  "summary": {
    "successRate": 1,
    "total": 10.000656933,
    "slowest": 0.00696932,
    "fastest": 0.000190737,
    "average": 0.000929826137409821,
    "requestsPerSec": 53689.872935070314,
    "totalData": 6980142,
    "sizePerRequest": 13,
    "sizePerSec": 697968.3481559141
  },
  "responseTimeHistogram": {
    "0.000190737": 1,
    "0.0008685953": 175930,
    "0.0015464536000000001": 359105,
    "0.0022243119": 1511,
    "0.0029021702": 138,
    "0.0035800285": 103,
    "0.0042578868": 71,
    "0.0049357451": 13,
    "0.0056136034": 12,
    "0.006291461700000001": 31,
    "0.00696932": 19
  },
  "latencyPercentiles": {
    "p10": 0.000627865,
    "p25": 0.000738773,
    "p50": 0.000977442,
    "p75": 0.001082804,
    "p90": 0.001139071,
    "p95": 0.001174887,
    "p99": 0.001294844
  },
  "rps": {
    "mean": 53681.07750984288,
    "stddev": 7655.361325622732,
    "max": 78207.85206834607,
    "percentiles": {
      "p10": 47101.79928874047,
      "p25": 48444.684895912185,
      "p50": 51588.954986817684,
      "p75": 57719.11942230096,
      "p90": 64893.05014460248,
      "p95": 68942.64102347252,
      "p99": 75273.07736979259
    }
  },
  "details": {
    "DNSDialup": {
      "average": 0.0005201338599999999,
      "fastest": 0.000081393,
      "slowest": 0.0009087
    },
    "DNSLookup": {
      "average": 0.000006006120000000001,
      "fastest": 0.000003497,
      "slowest": 0.000027372
    }
  },
  "statusCodeDistribution": {
    "200": 536934
  },
  "errorDistribution": {}
}