{
  "summary": {
    "successRate": 1,
    "total": 10.000362738,
    "slowest": 0.006430255,
    "fastest": 0.000255152,
    "average": 0.001010412434425295,
    "requestsPerSec": 49401.40802320565,
    "totalData": 6422416,
    "sizePerRequest": 13,
    "sizePerSec": 642218.3043016734
  },
  "responseTimeHistogram": {
    "0.000255152": 1,
    "0.0008726623000000001": 70855,
    "0.0014901726": 421714,
    "0.0021076829000000004": 1151,
    "0.0027251932": 223,
    "0.0033427035000000004": 36,
    "0.0039602138": 4,
    "0.0045777241": 1,
    "0.0051952344": 6,
    "0.005812744700000001": 27,
    "0.006430255": 14
  },
  "latencyPercentiles": {
    "p10": 0.000795258,
    "p25": 0.000944173,
    "p50": 0.001032986,
    "p75": 0.001108089,
    "p90": 0.001164839,
    "p95": 0.001209727,
    "p99": 0.001315648
  },
  "rps": {
    "mean": 49400.706752292404,
    "stddev": 4070.2783186530123,
    "max": 67000.41351974435,
    "percentiles": {
      "p10": 46255.22709204635,
      "p25": 47271.9346115819,
      "p50": 48461.90523775171,
      "p75": 51312.859002473735,
      "p90": 54712.30795453819,
      "p95": 56410.672899315025,
      "p99": 61839.29887443611
    }
  },
  "details": {
    "DNSDialup": {
      "average": 0.00120878594,
      "fastest": 0.00010377,
      "slowest": 0.002036221
    },
    "DNSLookup": {
      "average": 0.0000068749800000000005,
      "fastest": 0.000003767,
      "slowest": 0.000035978
    }
  },
  "statusCodeDistribution": {
    "200": 494032
  },
  "errorDistribution": {}
}