{
  "summary": {
    "successRate": 1,
    "total": 10.000369288,
    "slowest": 0.007277467,
    "fastest": 0.000141536,
    "average": 0.0010308315140652132,
    "requestsPerSec": 48422.61181105295,
    "totalData": 6295172,
    "sizePerRequest": 13,
    "sizePerSec": 629493.9535436884
  },
  "responseTimeHistogram": {
    "0.000141536": 1,
    "0.0008551291000000001": 39719,
    "0.0015687222000000001": 443308,
    "0.0022823153": 926,
    "0.0029959084": 201,
    "0.0037095014999999998": 38,
    "0.004423094600000001": 4,
    "0.005136687700000001": 0,
    "0.0058502808000000005": 8,
    "0.0065638739": 25,
    "0.007277467": 14
  },
  "latencyPercentiles": {
    "p10": 0.000881833,
    "p25": 0.000961903,
    "p50": 0.001048188,
    "p75": 0.001112682,
    "p90": 0.001171472,
    "p95": 0.001214856,
    "p99": 0.00133136
  },
  "rps": {
    "mean": 48420.06046616842,
    "stddev": 3757.3095966897768,
    "max": 66632.49000212489,
    "percentiles": {
      "p10": 45869.040268793775,
      "p25": 46881.851023700925,
      "p50": 47727.257036492534,
      "p75": 48971.95819130312,
      "p90": 52871.716761697724,
      "p95": 55520.159369864705,
      "p99": 59640.716717304094
    }
  },
  "details": {
    "DNSDialup": {
      "average": 0.0012581566999999999,
      "fastest": 0.000096622,
      "slowest": 0.002677895
    },
    "DNSLookup": {
      "average": 0.000026536,
      "fastest": 0.000004057,
      "slowest": 0.000933272
    }
  },
  "statusCodeDistribution": {
    "200": 484244
  },
  "errorDistribution": {}
}