{
  "summary": {
    "successRate": 1,
    "total": 10.000297372,
    "slowest": 0.027745088,
    "fastest": 0.000125705,
    "average": 0.0007338015669997598,
    "requestsPerSec": 67978.07852228337,
    "totalData": 8837413,
    "sizePerRequest": 13,
    "sizePerSec": 883715.0207896838
  },
  "responseTimeHistogram": {
    "0.000125705": 1,
    "0.0028876432999999997": 678882,
    "0.0056495816": 717,
    "0.0084115199": 137,
    "0.0111734582": 13,
    "0.013935396499999999": 1,
    "0.0166973348": 0,
    "0.0194592731": 10,
    "0.0222212114": 9,
    "0.0249831497": 22,
    "0.027745087999999998": 9
  },
  "latencyPercentiles": {
    "p10": 0.000606124,
    "p25": 0.000649026,
    "p50": 0.000679928,
    "p75": 0.000709428,
    "p90": 0.000800932,
    "p95": 0.000958139,
    "p99": 0.002209588
  },
  "rps": {
    "mean": 68023.0189967609,
    "stddev": 14138.376731582492,
    "max": 75736.28424932124,
    "percentiles": {
      "p10": 46941.73579612948,
      "p25": 71856.77403716215,
      "p50": 73121.21246373566,
      "p75": 73837.66459270832,
      "p90": 74511.92190750051,
      "p95": 74830.5711989746,
      "p99": 75278.30449233469
    }
  },
  "details": {
    "DNSDialup": {
      "average": 0.0013914985000000003,
      "fastest": 0.000066702,
      "slowest": 0.002273389
    },
    "DNSLookup": {
      "average": 0.0000054442,
      "fastest": 0.0000029,
      "slowest": 0.000054002
    }
  },
  "statusCodeDistribution": {
    "200": 679801
  },
  "errorDistribution": {}
}