{
  "summary": {
    "successRate": 1,
    "total": 10.00072177,
    "slowest": 0.00617945,
    "fastest": 0.000120356,
    "average": 0.0010047581672181843,
    "requestsPerSec": 49677.01446212717,
    "totalData": 6458478,
    "sizePerRequest": 13,
    "sizePerSec": 645801.1880076531
  },
  "responseTimeHistogram": {
    "0.000120356": 1,
    "0.0007262654": 11402,
    "0.0013321748": 482197,
    "0.0019380842": 2801,
    "0.0025439936": 182,
    "0.003149903": 99,
    "0.0037558123999999996": 38,
    "0.0043617218": 25,
    "0.0049676312": 19,
    "0.0055735406": 8,
    "0.00617945": 34
  },
  "latencyPercentiles": {
    "p10": 0.000877017,
    "p25": 0.000938305,
    "p50": 0.001014235,
    "p75": 0.001074947,
    "p90": 0.001120676,
    "p95": 0.001154799,
    "p99": 0.001251291
  },
  "rps": {
    "mean": 49676.539818298785,
    "stddev": 2750.3437270180143,
    "max": 60723.65680882391,
    "percentiles": {
      "p10": 47925.52313421244,
      "p25": 48747.17263896153,
      "p50": 49633.35489794008,
      "p75": 50812.808336203874,
      "p90": 52126.37210552049,
      "p95": 53142.63412276388,
      "p99": 54731.70607733011
    }
  },
  "details": {
    "DNSDialup": {
      "average": 0.0007429370000000002,
      "fastest": 0.000150771,
      "slowest": 0.001379278
    },
    "DNSLookup": {
      "average": 0.00000800274,
      "fastest": 0.000003717,
      "slowest": 0.000041207
    }
  },
  "statusCodeDistribution": {
    "200": 496806
  },
  "errorDistribution": {}
}