{
  "summary": {
    "successRate": 1,
    "total": 10.000639194,
    "slowest": 0.006875463,
    "fastest": 0.00022535,
    "average": 0.0010352298605878802,
    "requestsPerSec": 48215.818073838214,
    "totalData": 6268457,
    "sizePerRequest": 13,
    "sizePerSec": 626805.6349598968
  },
  "responseTimeHistogram": {
    "0.00022535": 1,
    "0.0008903613": 38025,
    "0.0015553726": 442631,
    "0.0022203839": 1274,
    "0.0028853952": 93,
    "0.0035504064999999996": 64,
    "0.0042154178": 43,
    "0.0048804291": 22,
    "0.0055454404": 8,
    "0.0062104516999999995": 22,
    "0.006875462999999999": 6
  },
  "latencyPercentiles": {
    "p10": 0.000906369,
    "p25": 0.00096324,
    "p50": 0.001044109,
    "p75": 0.001104622,
    "p90": 0.001155156,
    "p95": 0.001194486,
    "p99": 0.001312891
  },
  "rps": {
    "mean": 48216.01034626356,
    "stddev": 2688.274330189644,
    "max": 58399.8735672869,
    "percentiles": {
      "p10": 46510.469506685695,
      "p25": 47412.9812909407,
      "p50": 48122.79095379757,
      "p75": 49112.24603832212,
      "p90": 50741.4202213275,
      "p95": 51829.188672316624,
      "p99": 53705.63372097715
    }
  },
  "details": {
    "DNSDialup": {
      "average": 0.00072347766,
      "fastest": 0.000082343,
      "slowest": 0.001482797
    },
    "DNSLookup": {
      "average": 0.000007475599999999995,
      "fastest": 0.000003286,
      "slowest": 0.000046496
    }
  },
  "statusCodeDistribution": {
    "200": 482189
  },
  "errorDistribution": {}
}