{
  "summary": {
    "successRate": 1,
    "total": 10.000741467,
    "slowest": 0.005219924,
    "fastest": 0.000086298,
    "average": 0.0006602639160674253,
    "requestsPerSec": 75576.49625220534,
    "totalData": 9825673,
    "sizePerRequest": 13,
    "sizePerSec": 982494.4512786694
  },
  "responseTimeHistogram": {
    "0.000086298": 1,
    "0.0005996605999999999": 141698,
    "0.0011130232": 612330,
    "0.0016263857999999998": 1394,
    "0.0021397483999999996": 183,
    "0.0026531109999999997": 61,
    "0.0031664735999999993": 75,
    "0.0036798361999999993": 9,
    "0.0041931988": 21,
    "0.0047065614": 26,
    "0.005219924": 23
  },
  "latencyPercentiles": {
    "p10": 0.000577844,
    "p25": 0.000612053,
    "p50": 0.000662612,
    "p75": 0.000700865,
    "p90": 0.000731822,
    "p95": 0.00076516,
    "p99": 0.000835565
  },
  "rps": {
    "mean": 75574.53500335802,
    "stddev": 4285.860073556859,
    "max": 91240.48167337128,
    "percentiles": {
      "p10": 73693.9229047423,
      "p25": 74721.01154844875,
      "p50": 76014.10061566452,
      "p75": 77100.67848595997,
      "p90": 78012.12308393422,
      "p95": 78817.56297508413,
      "p99": 82110.31344732696
    }
  },
  "details": {
    "DNSDialup": {
      "average": 0.0005690096600000001,
      "fastest": 0.000316085,
      "slowest": 0.000779397
    },
    "DNSLookup": {
      "average": 0.0000044296,
      "fastest": 0.000001965,
      "slowest": 0.000027591
    }
  },
  "statusCodeDistribution": {
    "200": 755821
  },
  "errorDistribution": {}
}