{
  "summary": {
    "successRate": 1,
    "total": 10.000641261,
    "slowest": 0.011790173,
    "fastest": 0.000210014,
    "average": 0.001522262407209846,
    "requestsPerSec": 32747.60002412609,
    "totalData": 4257461,
    "sizePerRequest": 13,
    "sizePerSec": 425718.8003136392
  },
  "responseTimeHistogram": {
    "0.000210014": 1,
    "0.0013680299": 178764,
    "0.0025260458": 128300,
    "0.0036840617": 14250,
    "0.0048420775999999995": 3610,
    "0.0060000934999999995": 1887,
    "0.0071581093999999994": 365,
    "0.0083161253": 138,
    "0.0094741412": 93,
    "0.0106321571": 62,
    "0.011790173": 27
  },
  "latencyPercentiles": {
    "p10": 0.001144675,
    "p25": 0.00121718,
    "p50": 0.001339888,
    "p75": 0.001542301,
    "p90": 0.001973328,
    "p95": 0.002831686,
    "p99": 0.004556399
  },
  "rps": {
    "mean": 32717.890035814293,
    "stddev": 7493.983691879224,
    "max": 41519.76792254738,
    "percentiles": {
      "p10": 20244.629285259165,
      "p25": 30640.58345278351,
      "p50": 35422.06094051887,
      "p75": 37766.349439377445,
      "p90": 39187.171863811134,
      "p95": 39726.7917483533,
      "p99": 40712.800104353264
    }
  },
  "details": {
    "DNSDialup": {
      "average": 0.00255809352,
      "fastest": 0.000108607,
      "slowest": 0.003689639
    },
    "DNSLookup": {
      "average": 0.00001206478,
      "fastest": 0.0000057,
      "slowest": 0.000093306
    }
  },
  "statusCodeDistribution": {
    "200": 327497
  },
  "errorDistribution": {}
}