{
  "summary": {
    "successRate": 1,
    "total": 10.000644595,
    "slowest": 0.018642622,
    "fastest": 0.000046201,
    "average": 0.0010377395163525258,
    "requestsPerSec": 48081.300703397304,
    "totalData": 6250972,
    "sizePerRequest": 13,
    "sizePerSec": 625056.909144165
  },
  "responseTimeHistogram": {
    "0.000046201": 1,
    "0.0019058431000000002": 465109,
    "0.0037654852000000003": 9561,
    "0.0056251273": 1363,
    "0.007484769400000001": 2714,
    "0.0093444115": 1131,
    "0.0112040536": 76,
    "0.0130636957": 404,
    "0.0149233378": 390,
    "0.0167829799": 62,
    "0.018642622": 33
  },
  "latencyPercentiles": {
    "p10": 0.000707412,
    "p25": 0.000792914,
    "p50": 0.000889615,
    "p75": 0.000973917,
    "p90": 0.001365524,
    "p95": 0.001596128,
    "p99": 0.005626197
  },
  "rps": {
    "mean": 48158.04756505512,
    "stddev": 14345.292630426953,
    "max": 63119.73754193801,
    "percentiles": {
      "p10": 24401.285947768003,
      "p25": 42514.47873689508,
      "p50": 54962.32418085259,
      "p75": 59012.551969803375,
      "p90": 60192.175558909476,
      "p95": 60525.13922302418,
      "p99": 61089.122599438306
    }
  },
  "details": {
    "DNSDialup": {
      "average": 0.0014305506999999996,
      "fastest": 0.000122802,
      "slowest": 0.001669429
    },
    "DNSLookup": {
      "average": 0.00000822008,
      "fastest": 0.0000039,
      "slowest": 0.000046701
    }
  },
  "statusCodeDistribution": {
    "200": 480844
  },
  "errorDistribution": {}
}