{
  "summary": {
    "successRate": 1,
    "total": 10.000655934,
    "slowest": 0.006093991,
    "fastest": 0.000200856,
    "average": 0.001002604659164891,
    "requestsPerSec": 49785.0344303226,
    "totalData": 6472479,
    "sizePerRequest": 13,
    "sizePerSec": 647205.4475941939
  },
  "responseTimeHistogram": {
    "0.000200856": 1,
    "0.0007901695": 15669,
    "0.001379483": 479312,
    "0.0019687965000000003": 2580,
    "0.00255811": 148,
    "0.0031474235": 61,
    "0.0037367370000000004": 14,
    "0.0043260505": 22,
    "0.004915364": 25,
    "0.0055046775": 21,
    "0.006093991": 30
  },
  "latencyPercentiles": {
    "p10": 0.00087924,
    "p25": 0.000934165,
    "p50": 0.001010666,
    "p75": 0.001069066,
    "p90": 0.001114945,
    "p95": 0.001151544,
    "p99": 0.001268513
  },
  "rps": {
    "mean": 49784.39588971886,
    "stddev": 2768.4457953039287,
    "max": 59608.696908879836,
    "percentiles": {
      "p10": 47970.973346103754,
      "p25": 49000.078400125356,
      "p50": 49825.076961235034,
      "p75": 50845.42530296345,
      "p90": 52068.981631431794,
      "p95": 53074.50067659922,
      "p99": 54720.89243673193
    }
  },
  "details": {
    "DNSDialup": {
      "average": 0.0007118456000000001,
      "fastest": 0.000070402,
      "slowest": 0.001620892
    },
    "DNSLookup": {
      "average": 0.0000064773,
      "fastest": 0.000003206,
      "slowest": 0.000025267
    }
  },
  "statusCodeDistribution": {
    "200": 497883
  },
  "errorDistribution": {}
}