{
  "summary": {
    "successRate": 1,
    "total": 10.000665146,
    "slowest": 0.008072953,
    "fastest": 0.000158503,
    "average": 0.000878507601902455,
    "requestsPerSec": 56544.43896925974,
    "totalData": 7351266,
    "sizePerRequest": 13,
    "sizePerSec": 735077.7066003766
  },
  "responseTimeHistogram": {
    "0.000158503": 1,
    "0.0009499479999999999": 499674,
    "0.001741393": 27858,
    "0.002532838": 37092,
    "0.003324283": 640,
    "0.004115728": 27,
    "0.004907173": 22,
    "0.005698618": 76,
    "0.006490063": 17,
    "0.007281508": 31,
    "0.008072953": 44
  },
  "latencyPercentiles": {
    "p10": 0.000732312,
    "p25": 0.000755714,
    "p50": 0.000784814,
    "p75": 0.000835115,
    "p90": 0.000973917,
    "p95": 0.001839931,
    "p99": 0.002016939
  },
  "rps": {
    "mean": 56534.4706960893,
    "stddev": 12293.14281148574,
    "max": 64738.62769963547,
    "percentiles": {
      "p10": 28425.102207759453,
      "p25": 59529.353924420655,
      "p50": 62298.6311929052,
      "p75": 63100.19561060711,
      "p90": 63631.370265543774,
      "p95": 63937.153397292415,
      "p99": 64424.68109532834
    }
  },
  "details": {
    "DNSDialup": {
      "average": 0.0016572266599999997,
      "fastest": 0.000086302,
      "slowest": 0.00268715
    },
    "DNSLookup": {
      "average": 0.00000796606,
      "fastest": 0.0000038,
      "slowest": 0.000063801
    }
  },
  "statusCodeDistribution": {
    "200": 565482
  },
  "errorDistribution": {}
}