{
  "summary": {
    "successRate": 1,
    "total": 10.000603613,
    "slowest": 0.006873722,
    "fastest": 0.000105201,
    "average": 0.0010321307689567106,
    "requestsPerSec": 48359.88093471894,
    "totalData": 6287164,
    "sizePerRequest": 13,
    "sizePerSec": 628678.4521513463
  },
  "responseTimeHistogram": {
    "0.000105201": 1,
    "0.0007820530999999999": 14404,
    "0.0014589052": 466796,
    "0.0021357573": 2009,
    "0.0028126094": 198,
    "0.0034894615": 89,
    "0.0041663136": 41,
    "0.0048431657": 54,
    "0.0055200178": 10,
    "0.0061968699": 17,
    "0.006873722": 9
  },
  "latencyPercentiles": {
    "p10": 0.000897929,
    "p25": 0.000959121,
    "p50": 0.001040858,
    "p75": 0.001102595,
    "p90": 0.001156725,
    "p95": 0.001199871,
    "p99": 0.001324925
  },
  "rps": {
    "mean": 48357.84132379572,
    "stddev": 2784.0885709998047,
    "max": 59129.91973938612,
    "percentiles": {
      "p10": 46525.25390782074,
      "p25": 47481.349796607814,
      "p50": 48308.04812081453,
      "p75": 49514.07685204942,
      "p90": 50927.50085045603,
      "p95": 51957.85259708676,
      "p99": 54111.17395742153
    }
  },
  "details": {
    "DNSDialup": {
      "average": 0.0006775225399999999,
      "fastest": 0.000071876,
      "slowest": 0.001340595
    },
    "DNSLookup": {
      "average": 0.000006778880000000001,
      "fastest": 0.000003306,
      "slowest": 0.000034824
    }
  },
  "statusCodeDistribution": {
    "200": 483628
  },
  "errorDistribution": {}
}