{
  "summary": {
    "successRate": 1,
    "total": 10.000626689,
    "slowest": 0.00746078,
    "fastest": 0.000248204,
    "average": 0.0009938276322835984,
    "requestsPerSec": 50219.25281466728,
    "totalData": 6528912,
    "sizePerRequest": 13,
    "sizePerSec": 652850.2865906747
  },
  "responseTimeHistogram": {
    "0.000248204": 1,
    "0.0009694616": 189699,
    "0.0016907191999999999": 311517,
    "0.0024119768": 838,
    "0.0031332344": 68,
    "0.003854492": 52,
    "0.0045757496": 2,
    "0.0052970072": 4,
    "0.0060182648": 23,
    "0.0067395224": 19,
    "0.00746078": 1
  },
  "latencyPercentiles": {
    "p10": 0.000808245,
    "p25": 0.000927208,
    "p50": 0.001009431,
    "p75": 0.001084712,
    "p90": 0.00113677,
    "p95": 0.001176664,
    "p99": 0.001305807
  },
  "rps": {
    "mean": 50215.12366012247,
    "stddev": 4114.755879853849,
    "max": 72907.66335067633,
    "percentiles": {
      "p10": 47171.83799207366,
      "p25": 48368.184629872645,
      "p50": 49701.993460780526,
      "p75": 51857.151766957424,
      "p90": 54608.97771593354,
      "p95": 56375.62422893046,
      "p99": 62588.51822689335
    }
  },
  "details": {
    "DNSDialup": {
      "average": 0.0009276610799999998,
      "fastest": 0.000113011,
      "slowest": 0.001945276
    },
    "DNSLookup": {
      "average": 0.0000445026,
      "fastest": 0.000004318,
      "slowest": 0.001841164
    }
  },
  "statusCodeDistribution": {
    "200": 502224
  },
  "errorDistribution": {}
}