{
  "summary": {
    "successRate": 1,
    "total": 10.000381393,
    "slowest": 0.013083928,
    "fastest": 0.000267467,
    "average": 0.0009769531318652603,
    "requestsPerSec": 51090.35144975896,
    "totalData": 6641999,
    "sizePerRequest": 13,
    "sizePerSec": 664174.5688468664
  },
  "responseTimeHistogram": {
    "0.000267467": 1,
    "0.0015491131": 509995,
    "0.0028307592": 847,
    "0.0041124053": 30,
    "0.0053940514000000005": 29,
    "0.006675697500000001": 20,
    "0.0079573436": 0,
    "0.0092389897": 0,
    "0.0105206358": 0,
    "0.011802281900000001": 0,
    "0.013083928000000002": 1
  },
  "latencyPercentiles": {
    "p10": 0.000783059,
    "p25": 0.000914442,
    "p50": 0.001000191,
    "p75": 0.001068431,
    "p90": 0.00112307,
    "p95": 0.00116424,
    "p99": 0.001266274
  },
  "rps": {
    "mean": 51085.66216601052,
    "stddev": 4593.481787110713,
    "max": 71347.70442308289,
    "percentiles": {
      "p10": 47869.731707717416,
      "p25": 48738.04004025178,
      "p50": 49809.87231669263,
      "p75": 52233.63846316877,
      "p90": 57405.06312656728,
      "p95": 60097.90842222526,
      "p99": 65268.335323561994
    }
  },
  "details": {
    "DNSDialup": {
      "average": 0.0010073653599999995,
      "fastest": 0.000105474,
      "slowest": 0.001805956
    },
    "DNSLookup": {
      "average": 0.0000217477,
      "fastest": 0.000004528,
      "slowest": 0.00070581
    }
  },
  "statusCodeDistribution": {
    "200": 510923
  },
  "errorDistribution": {}
}