{
  "summary": {
    "successRate": 1,
    "total": 10.000394306,
    "slowest": 0.006886112,
    "fastest": 0.000229733,
    "average": 0.001064379189203906,
    "requestsPerSec": 46898.35076989013,
    "totalData": 6097026,
    "sizePerRequest": 13,
    "sizePerSec": 609678.5600085717
  },
  "responseTimeHistogram": {
    "0.000229733": 1,
    "0.0008953708999999999": 36883,
    "0.0015610087999999999": 430702,
    "0.0022266467": 1214,
    "0.0028922846": 95,
    "0.0035579225": 35,
    "0.0042235604": 13,
    "0.0048891983": 12,
    "0.0055548362": 4,
    "0.0062204741": 18,
    "0.006886112": 25
  },
  "latencyPercentiles": {
    "p10": 0.000943385,
    "p25": 0.001025773,
    "p50": 0.001076117,
    "p75": 0.00112612,
    "p90": 0.001180807,
    "p95": 0.001219673,
    "p99": 0.001342634
  },
  "rps": {
    "mean": 46894.3562868689,
    "stddev": 3215.9623642197644,
    "max": 64936.98280524671,
    "percentiles": {
      "p10": 44717.11323923667,
      "p25": 45477.8723874773,
      "p50": 46273.32007566119,
      "p75": 47934.17706824946,
      "p90": 51037.65365567489,
      "p95": 52517.627797829504,
      "p99": 55350.94157487058
    }
  },
  "details": {
    "DNSDialup": {
      "average": 0.00123423196,
      "fastest": 0.000101423,
      "slowest": 0.002724045
    },
    "DNSLookup": {
      "average": 0.00002556542000000001,
      "fastest": 0.000003196,
      "slowest": 0.000952232
    }
  },
  "statusCodeDistribution": {
    "200": 469002
  },
  "errorDistribution": {}
}