{
  "summary": {
    "successRate": 1,
    "total": 10.000153022,
    "slowest": 0.006975802,
    "fastest": 0.000161535,
    "average": 0.0010096070991482767,
    "requestsPerSec": 49441.343438674434,
    "totalData": 6427473,
    "sizePerRequest": 13,
    "sizePerSec": 642737.4647027677
  },
  "responseTimeHistogram": {
    "0.000161535": 1,
    "0.0008429617": 55694,
    "0.0015243884": 437468,
    "0.0022058151": 1066,
    "0.0028872418": 99,
    "0.0035686685": 38,
    "0.0042500952": 7,
    "0.0049315219": 3,
    "0.0056129486": 11,
    "0.006294375299999999": 22,
    "0.006975802": 12
  },
  "latencyPercentiles": {
    "p10": 0.000819388,
    "p25": 0.000942525,
    "p50": 0.001030221,
    "p75": 0.001102086,
    "p90": 0.0011592,
    "p95": 0.001202593,
    "p99": 0.001311385
  },
  "rps": {
    "mean": 49439.43279509327,
    "stddev": 3858.3776427738753,
    "max": 70689.38392848292,
    "percentiles": {
      "p10": 46323.991195039715,
      "p25": 47432.382087250866,
      "p50": 48568.80874675796,
      "p75": 51316.10722047693,
      "p90": 54609.65498700142,
      "p95": 56392.98977839481,
      "p99": 59243.63293565893
    }
  },
  "details": {
    "DNSDialup": {
      "average": 0.0011837624600000002,
      "fastest": 0.000092646,
      "slowest": 0.00223012
    },
    "DNSLookup": {
      "average": 0.0000075017600000000005,
      "fastest": 0.000003076,
      "slowest": 0.000058068
    }
  },
  "statusCodeDistribution": {
    "200": 494421
  },
  "errorDistribution": {}
}