{
  "summary": {
    "successRate": 1,
    "total": 10.000454241,
    "slowest": 0.007657739,
    "fastest": 0.00018722,
    "average": 0.0009627442545813415,
    "requestsPerSec": 51843.945035456316,
    "totalData": 6740019,
    "sizePerRequest": 13,
    "sizePerSec": 673971.2854609321
  },
  "responseTimeHistogram": {
    "0.00018722": 1,
    "0.0009342719": 172690,
    "0.0016813238": 345039,
    "0.0024283756999999998": 502,
    "0.0031754276": 147,
    "0.0039224795": 34,
    "0.0046695313999999995": 1,
    "0.0054165833": 4,
    "0.0061636352": 32,
    "0.0069106871": 12,
    "0.007657739": 1
  },
  "latencyPercentiles": {
    "p10": 0.000651321,
    "p25": 0.000900377,
    "p50": 0.000994764,
    "p75": 0.001070461,
    "p90": 0.001129638,
    "p95": 0.00117518,
    "p99": 0.001298466
  },
  "rps": {
    "mean": 51834.65079794147,
    "stddev": 6697.42102062218,
    "max": 80221.78021332195,
    "percentiles": {
      "p10": 47421.5246300257,
      "p25": 48447.14876517761,
      "p50": 49637.98864463287,
      "p75": 52742.4626659093,
      "p90": 61732.68128147269,
      "p95": 66856.08891077514,
      "p99": 73819.0083946624
    }
  },
  "details": {
    "DNSDialup": {
      "average": 0.0010331709600000002,
      "fastest": 0.000078026,
      "slowest": 0.002115655
    },
    "DNSLookup": {
      "average": 0.00000972692,
      "fastest": 0.000004689,
      "slowest": 0.000033482
    }
  },
  "statusCodeDistribution": {
    "200": 518463
  },
  "errorDistribution": {}
}