{
  "summary": {
    "successRate": 1,
    "total": 10.000410209,
    "slowest": 0.006281104,
    "fastest": 0.00019834,
    "average": 0.0009962860267165505,
    "requestsPerSec": 50101.64478543942,
    "totalData": 6513481,
    "sizePerRequest": 13,
    "sizePerSec": 651321.3822107125
  },
  "responseTimeHistogram": {
    "0.00019834": 1,
    "0.0008066163999999999": 46282,
    "0.0014148928": 452727,
    "0.0020231692": 1715,
    "0.0026314456": 125,
    "0.0032397219999999996": 103,
    "0.0038479983999999997": 33,
    "0.0044562748": 4,
    "0.0050645512": 7,
    "0.005672827599999999": 21,
    "0.006281103999999999": 19
  },
  "latencyPercentiles": {
    "p10": 0.000822452,
    "p25": 0.000931474,
    "p50": 0.001016735,
    "p75": 0.001085391,
    "p90": 0.001138696,
    "p95": 0.001177609,
    "p99": 0.001281289
  },
  "rps": {
    "mean": 50098.05550557325,
    "stddev": 3912.863293449248,
    "max": 69115.1485459094,
    "percentiles": {
      "p10": 47409.353865517834,
      "p25": 48226.934743054095,
      "p50": 49126.22357814826,
      "p75": 51505.84967166352,
      "p90": 54970.925644585666,
      "p95": 57145.927841336175,
      "p99": 61543.45583416463
    }
  },
  "details": {
    "DNSDialup": {
      "average": 0.00079664696,
      "fastest": 0.000108633,
      "slowest": 0.001134136
    },
    "DNSLookup": {
      "average": 0.00000654178,
      "fastest": 0.000003928,
      "slowest": 0.000028723
    }
  },
  "statusCodeDistribution": {
    "200": 501037
  },
  "errorDistribution": {}
}