{
  "summary": {
    "successRate": 1,
    "total": 10.000634578,
    "slowest": 0.005950006,
    "fastest": 0.000162423,
    "average": 0.0010023941060177892,
    "requestsPerSec": 49794.1401734117,
    "totalData": 6473649,
    "sizePerRequest": 13,
    "sizePerSec": 647323.8222543522
  },
  "responseTimeHistogram": {
    "0.000162423": 1,
    "0.0007411812999999999": 12173,
    "0.0013199396": 482395,
    "0.0018986978999999998": 2963,
    "0.0024774562": 184,
    "0.0030562145": 123,
    "0.0036349727999999996": 47,
    "0.0042137311": 25,
    "0.0047924894": 20,
    "0.0053712477": 7,
    "0.005950006": 35
  },
  "latencyPercentiles": {
    "p10": 0.000876045,
    "p25": 0.000934734,
    "p50": 0.001011554,
    "p75": 0.00107149,
    "p90": 0.001117495,
    "p95": 0.001152783,
    "p99": 0.001256756
  },
  "rps": {
    "mean": 49794.41470931507,
    "stddev": 2766.681912318485,
    "max": 63451.05793362279,
    "percentiles": {
      "p10": 48102.85249915312,
      "p25": 48897.92265661949,
      "p50": 49693.12737021251,
      "p75": 50822.417768478386,
      "p90": 52302.60725491642,
      "p95": 53225.1755080147,
      "p99": 55344.00728045739
    }
  },
  "details": {
    "DNSDialup": {
      "average": 0.0006275442799999999,
      "fastest": 0.000070441,
      "slowest": 0.001205712
    },
    "DNSLookup": {
      "average": 0.000008938299999999999,
      "fastest": 0.000003687,
      "slowest": 0.000052258
    }
  },
  "statusCodeDistribution": {
    "200": 497973
  },
  "errorDistribution": {}
}