{
  "summary": {
    "successRate": 1,
    "total": 10.000656894,
    "slowest": 0.007942221,
    "fastest": 0.000270257,
    "average": 0.0011364931466557725,
    "requestsPerSec": 43926.51449361882,
    "totalData": 5710822,
    "sizePerRequest": 13,
    "sizePerSec": 571044.6884170447
  },
  "responseTimeHistogram": {
    "0.000270257": 1,
    "0.0010374534": 93875,
    "0.0018046497999999996": 344072,
    "0.0025718461999999997": 1158,
    "0.0033390425999999993": 72,
    "0.004106238999999999": 16,
    "0.0048734354": 13,
    "0.0056406317999999995": 36,
    "0.006407828199999999": 1,
    "0.007175024599999999": 18,
    "0.007942220999999998": 32
  },
  "latencyPercentiles": {
    "p10": 0.000996362,
    "p25": 0.001048749,
    "p50": 0.00114271,
    "p75": 0.001204886,
    "p90": 0.001263472,
    "p95": 0.001315945,
    "p99": 0.001486137
  },
  "rps": {
    "mean": 43923.3289370478,
    "stddev": 2823.0806496228383,
    "max": 61952.75896953608,
    "percentiles": {
      "p10": 41836.65727910604,
      "p25": 43219.74710245063,
      "p50": 44304.44373571329,
      "p75": 45209.050851981534,
      "p90": 45908.64918950628,
      "p95": 46559.467448571064,
      "p99": 48055.17695417825
    }
  },
  "details": {
    "DNSDialup": {
      "average": 0.00067853358,
      "fastest": 0.000100228,
      "slowest": 0.001397117
    },
    "DNSLookup": {
      "average": 0.000007522899999999999,
      "fastest": 0.000003286,
      "slowest": 0.000033713
    }
  },
  "statusCodeDistribution": {
    "200": 439294
  },
  "errorDistribution": {}
}