{
  "summary": {
    "successRate": 1,
    "total": 10.00016259,
    "slowest": 0.006776045,
    "fastest": 0.00029941,
    "average": 0.0010806389414850827,
    "requestsPerSec": 46194.348926080806,
    "totalData": 6005363,
    "sizePerRequest": 13,
    "sizePerSec": 600526.5360390506
  },
  "responseTimeHistogram": {
    "0.00029941": 1,
    "0.0009470735": 59286,
    "0.001594737": 401196,
    "0.0022424005": 1193,
    "0.002890064": 166,
    "0.0035377275": 42,
    "0.004185391": 22,
    "0.0048330544999999996": 9,
    "0.005480718": 19,
    "0.0061283815": 10,
    "0.006776045": 7
  },
  "latencyPercentiles": {
    "p10": 0.000916855,
    "p25": 0.001007069,
    "p50": 0.001095601,
    "p75": 0.001169846,
    "p90": 0.00121845,
    "p95": 0.001258856,
    "p99": 0.001391905
  },
  "rps": {
    "mean": 46189.21952379195,
    "stddev": 3096.097038232563,
    "max": 60664.52902237786,
    "percentiles": {
      "p10": 43610.02150255262,
      "p25": 45032.98666273042,
      "p50": 45991.102187380435,
      "p75": 47602.83974589853,
      "p90": 49603.015863363966,
      "p95": 50750.36168426025,
      "p99": 53104.27489412771
    }
  },
  "details": {
    "DNSDialup": {
      "average": 0.0007818920800000001,
      "fastest": 0.000099936,
      "slowest": 0.001363853
    },
    "DNSLookup": {
      "average": 0.000008327240000000002,
      "fastest": 0.000004368,
      "slowest": 0.000029295
    }
  },
  "statusCodeDistribution": {
    "200": 461951
  },
  "errorDistribution": {}
}