{
  "summary": {
    "successRate": 1,
    "total": 10.000415912,
    "slowest": 0.006364831,
    "fastest": 0.000337671,
    "average": 0.0011018581592654073,
    "requestsPerSec": 45301.11587222954,
    "totalData": 5889390,
    "sizePerRequest": 13,
    "sizePerSec": 588914.506338984
  },
  "responseTimeHistogram": {
    "0.000337671": 1,
    "0.0009403869999999999": 44351,
    "0.0015431029999999997": 406138,
    "0.0021458189999999998": 2088,
    "0.0027485349999999994": 291,
    "0.003351250999999999": 37,
    "0.003953966999999999": 27,
    "0.004556683": 9,
    "0.005159398999999999": 17,
    "0.005762114999999999": 46,
    "0.006364830999999999": 25
  },
  "latencyPercentiles": {
    "p10": 0.000942707,
    "p25": 0.001025281,
    "p50": 0.001114276,
    "p75": 0.001188885,
    "p90": 0.001238929,
    "p95": 0.001280256,
    "p99": 0.001422031
  },
  "rps": {
    "mean": 45298.41523518902,
    "stddev": 3110.28266279445,
    "max": 56393.799807217976,
    "percentiles": {
      "p10": 42975.76197077833,
      "p25": 44223.21718902352,
      "p50": 45217.61225997561,
      "p75": 46664.269088702844,
      "p90": 48528.84113328638,
      "p95": 49768.00683747774,
      "p99": 51730.82639944851
    }
  },
  "details": {
    "DNSDialup": {
      "average": 0.0008846290000000001,
      "fastest": 0.000100806,
      "slowest": 0.00171126
    },
    "DNSLookup": {
      "average": 0.00002245698,
      "fastest": 0.000003858,
      "slowest": 0.000553671
    }
  },
  "statusCodeDistribution": {
    "200": 453030
  },
  "errorDistribution": {}
}