{
  "summary": {
    "successRate": 1,
    "total": 10.000244949,
    "slowest": 0.005602206,
    "fastest": 0.000278883,
    "average": 0.001108952243447039,
    "requestsPerSec": 45016.49732539966,
    "totalData": 5852288,
    "sizePerRequest": 13,
    "sizePerSec": 585214.4652301956
  },
  "responseTimeHistogram": {
    "0.000278883": 1,
    "0.0008112153": 11801,
    "0.0013435476": 428728,
    "0.0018758799": 9156,
    "0.0024082122000000004": 355,
    "0.0029405445000000004": 53,
    "0.0034728768000000004": 26,
    "0.0040052091000000005": 14,
    "0.0045375414": 33,
    "0.005069873700000001": 8,
    "0.005602206": 1
  },
  "latencyPercentiles": {
    "p10": 0.000968361,
    "p25": 0.001030817,
    "p50": 0.00112332,
    "p75": 0.001187361,
    "p90": 0.001240799,
    "p95": 0.00128357,
    "p99": 0.001411208
  },
  "rps": {
    "mean": 45008.1366567347,
    "stddev": 2790.0027416812964,
    "max": 61687.96796814578,
    "percentiles": {
      "p10": 43049.10298462277,
      "p25": 44093.73004195208,
      "p50": 44903.00299857915,
      "p75": 45790.44987564089,
      "p90": 47492.95796662643,
      "p95": 49079.96685493153,
      "p99": 53195.103681773515
    }
  },
  "details": {
    "DNSDialup": {
      "average": 0.0008951124400000001,
      "fastest": 0.0000856,
      "slowest": 0.00191146
    },
    "DNSLookup": {
      "average": 0.000007453100000000003,
      "fastest": 0.000004479,
      "slowest": 0.000034113
    }
  },
  "statusCodeDistribution": {
    "200": 450176
  },
  "errorDistribution": {}
}