{
  "summary": {
    "successRate": 1,
    "total": 10.000632927,
    "slowest": 0.008637572,
    "fastest": 0.000252403,
    "average": 0.0010955115291718283,
    "requestsPerSec": 45570.21573800636,
    "totalData": 5924503,
    "sizePerRequest": 13,
    "sizePerSec": 592412.8045940826
  },
  "responseTimeHistogram": {
    "0.000252403": 1,
    "0.0010909199": 213705,
    "0.0019294368": 241316,
    "0.0027679537": 567,
    "0.0036064706": 40,
    "0.0044449875": 2,
    "0.0052835044": 33,
    "0.0061220213": 17,
    "0.0069605382": 0,
    "0.0077990551": 38,
    "0.008637572": 12
  },
  "latencyPercentiles": {
    "p10": 0.000965394,
    "p25": 0.001014447,
    "p50": 0.001103235,
    "p75": 0.001165872,
    "p90": 0.001212128,
    "p95": 0.00125189,
    "p99": 0.001374986
  },
  "rps": {
    "mean": 45568.20431003801,
    "stddev": 2652.227406374918,
    "max": 56842.86520465456,
    "percentiles": {
      "p10": 44020.0775573737,
      "p25": 45209.20911589691,
      "p50": 45802.40274733228,
      "p75": 46630.012650661985,
      "p90": 47526.720494855836,
      "p95": 48028.31269033267,
      "p99": 49208.3169937147
    }
  },
  "details": {
    "DNSDialup": {
      "average": 0.0004752856799999999,
      "fastest": 0.000067145,
      "slowest": 0.000771704
    },
    "DNSLookup": {
      "average": 0.000006202359999999999,
      "fastest": 0.000003136,
      "slowest": 0.000025097
    }
  },
  "statusCodeDistribution": {
    "200": 455731
  },
  "errorDistribution": {}
}