{
  "summary": {
    "successRate": 0.9372428194858101,
    "total": 10.000174178,
    "slowest": 0.021104239,
    "fastest": 0.000402105,
    "average": 0.0017640359022857886,
    "requestsPerSec": 29210.49121750607,
    "totalData": 3559114,
    "sizePerRequest": 13,
    "sizePerSec": 355905.2009143915
  },
  "responseTimeHistogram": {
    "0.000402105": 1,
    "0.0024723184": 253735,
    "0.0045425318": 17444,
    "0.006612745200000001": 991,
    "0.0086829586": 267,
    "0.010753172": 174,
    "0.012823385400000002": 892,
    "0.014893598800000001": 124,
    "0.0169638122": 28,
    "0.0190340256": 59,
    "0.021104239": 63
  },
  "latencyPercentiles": {
    "p10": 0.001382316,
    "p25": 0.001519717,
    "p50": 0.001592118,
    "p75": 0.001692919,
    "p90": 0.001960522,
    "p95": 0.003008435,
    "p99": 0.004375649
  },
  "rps": {
    "mean": 28442.528518578645,
    "stddev": 6740.302413323982,
    "max": 38958.16368320484,
    "percentiles": {
      "p10": 20286.87180295704,
      "p25": 25375.804544430997,
      "p50": 31418.810441811438,
      "p75": 32321.86276696583,
      "p90": 32977.139637994194,
      "p95": 33292.04851104114,
      "p99": 34516.926315250224
    }
  },
  "details": {
    "DNSDialup": {
      "average": 0.0027199833600000008,
      "fastest": 0.000061001,
      "slowest": 0.003255837
    },
    "DNSLookup": {
      "average": 0.0000036900400000000005,
      "fastest": 0.0000034,
      "slowest": 0.0000057
    }
  },
  "statusCodeDistribution": {
    "200": 273778
  },
  "errorDistribution": {
    "Connection refused (os error 111)": 18332
  }
}