{
  "summary": {
    "successRate": 1,
    "total": 40.000706074,
    "slowest": 0.019806544,
    "fastest": 0.0001009,
    "average": 0.00035826486816672195,
    "requestsPerSec": 33404.86034241597,
    "totalData": 17370834,
    "sizePerRequest": 13,
    "sizePerSec": 434263.1844514075
  },
  "responseTimeHistogram": {
    "0.0001009": 1,
    "0.0020714644": 1329100,
    "0.0040420288": 6151,
    "0.0060125932": 281,
    "0.007983157599999999": 58,
    "0.009953721999999998": 36,
    "0.0119242864": 567,
    "0.013894850799999999": 10,
    "0.0158654152": 2,
    "0.0178359796": 1,
    "0.019806544": 11
  },
  "latencyPercentiles": {
    "p10": 0.000315299,
    "p25": 0.000321199,
    "p50": 0.000330399,
    "p75": 0.0003361,
    "p90": 0.000349399,
    "p95": 0.000368199,
    "p99": 0.000713998
  },
  "rps": {
    "mean": 33464.84372901929,
    "stddev": 6331.5075133934715,
    "max": 38745.3021321622,
    "percentiles": {
      "p10": 25228.073800527232,
      "p25": 34628.29743935795,
      "p50": 36361.18860818951,
      "p75": 36564.643275732,
      "p90": 36690.12824455565,
      "p95": 36769.607166976864,
      "p99": 36909.33067879475
    }
  },
  "details": {
    "DNSDialup": {
      "average": 0.00034441583333333337,
      "fastest": 0.00005,
      "slowest": 0.000741198
    },
    "DNSLookup": {
      "average": 0.000008458333333333333,
      "fastest": 0.0000029,
      "slowest": 0.0000394
    }
  },
  "statusCodeDistribution": {
    "200": 1336218
  },
  "errorDistribution": {}
}