{
  "summary": {
    "successRate": 0.965367424904492,
    "total": 10.000761929,
    "slowest": 0.013883429,
    "fastest": 0.000362928,
    "average": 0.0018049019238639342,
    "requestsPerSec": 28032.16414812028,
    "totalData": 3518242,
    "sizePerRequest": 13,
    "sizePerSec": 351797.3955362217
  },
  "responseTimeHistogram": {
    "0.000362928": 1,
    "0.0017149780999999998": 149050,
    "0.0030670281999999995": 110291,
    "0.0044190782999999996": 9284,
    "0.0057711284": 408,
    "0.0071231785": 181,
    "0.008475228599999999": 44,
    "0.009827278699999999": 64,
    "0.011179328799999999": 258,
    "0.0125313789": 700,
    "0.013883429": 353
  },
  "latencyPercentiles": {
    "p10": 0.001426485,
    "p25": 0.001589624,
    "p50": 0.001697402,
    "p75": 0.001797339,
    "p90": 0.001959617,
    "p95": 0.00252185,
    "p99": 0.004168121
  },
  "rps": {
    "mean": 27790.376051306648,
    "stddev": 5919.113021364084,
    "max": 69856.09644122064,
    "percentiles": {
      "p10": 22565.67740408451,
      "p25": 26972.936489020205,
      "p50": 29601.30524343539,
      "p75": 30660.86043134662,
      "p90": 31631.48140533133,
      "p95": 32222.032358371645,
      "p99": 33752.12906896082
    }
  },
  "details": {
    "DNSDialup": {
      "average": 0.0019912510199999994,
      "fastest": 0.000068205,
      "slowest": 0.002303337
    },
    "DNSLookup": {
      "average": 0.0000045484400000000015,
      "fastest": 0.0000039,
      "slowest": 0.000015001
    }
  },
  "statusCodeDistribution": {
    "200": 270634
  },
  "errorDistribution": {
    "Connection refused (os error 111)": 9709
  }
}