{
  "summary": {
    "successRate": 1,
    "total": 10.000644608,
    "slowest": 0.009056203,
    "fastest": 0.00039571,
    "average": 0.00114433913942956,
    "requestsPerSec": 43622.08808530435,
    "totalData": 5671237,
    "sizePerRequest": 13,
    "sizePerSec": 567087.1451089566
  },
  "responseTimeHistogram": {
    "0.00039571": 1,
    "0.0012617593": 386286,
    "0.0021278086": 49486,
    "0.0029938579000000002": 337,
    "0.0038599072": 39,
    "0.0047259565": 5,
    "0.0055920058": 23,
    "0.0064580550999999995": 21,
    "0.0073241044": 1,
    "0.008190153700000001": 0,
    "0.009056203": 50
  },
  "latencyPercentiles": {
    "p10": 0.001006374,
    "p25": 0.001058551,
    "p50": 0.001153124,
    "p75": 0.001212328,
    "p90": 0.001271128,
    "p95": 0.001321864,
    "p99": 0.001456788
  },
  "rps": {
    "mean": 43614.28221854351,
    "stddev": 2722.4814077362694,
    "max": 55384.14837322726,
    "percentiles": {
      "p10": 41886.41511793586,
      "p25": 42914.62530430264,
      "p50": 43950.21751853925,
      "p75": 44622.13704218819,
      "p90": 45410.97285204289,
      "p95": 46214.358801280294,
      "p99": 48824.30366240155
    }
  },
  "details": {
    "DNSDialup": {
      "average": 0.0007678461400000001,
      "fastest": 0.000144989,
      "slowest": 0.001143369
    },
    "DNSLookup": {
      "average": 0.000007508959999999997,
      "fastest": 0.000004058,
      "slowest": 0.00003256
    }
  },
  "statusCodeDistribution": {
    "200": 436249
  },
  "errorDistribution": {}
}