{
  "summary": {
    "successRate": 1,
    "total": 10.000736182,
    "slowest": 0.006433525,
    "fastest": 0.000164469,
    "average": 0.0010546199531692134,
    "requestsPerSec": 47339.314964843055,
    "totalData": 6154564,
    "sizePerRequest": 13,
    "sizePerSec": 615411.0945429597
  },
  "responseTimeHistogram": {
    "0.000164469": 1,
    "0.0007913746000000001": 4211,
    "0.0014182802000000001": 465163,
    "0.0020451858": 3347,
    "0.0026720914000000003": 460,
    "0.003298997": 100,
    "0.0039259026": 47,
    "0.004552808200000001": 10,
    "0.005179713800000001": 28,
    "0.005806619400000001": 10,
    "0.006433525000000001": 51
  },
  "latencyPercentiles": {
    "p10": 0.000933665,
    "p25": 0.000973289,
    "p50": 0.001066843,
    "p75": 0.001116907,
    "p90": 0.001154668,
    "p95": 0.001196044,
    "p99": 0.001370357
  },
  "rps": {
    "mean": 47336.53879656258,
    "stddev": 2598.668781412474,
    "max": 54566.34175830901,
    "percentiles": {
      "p10": 46437.929374945474,
      "p25": 47051.88757494403,
      "p50": 47612.81857361273,
      "p75": 48111.082563637254,
      "p90": 48638.96954239571,
      "p95": 49021.49381550822,
      "p99": 51284.1406936801
    }
  },
  "details": {
    "DNSDialup": {
      "average": 0.0005767305800000001,
      "fastest": 0.000066378,
      "slowest": 0.001660676
    },
    "DNSLookup": {
      "average": 0.00003778824,
      "fastest": 0.000002673,
      "slowest": 0.001566617
    }
  },
  "statusCodeDistribution": {
    "200": 473428
  },
  "errorDistribution": {}
}