{
  "summary": {
    "successRate": 1,
    "total": 10.000681538,
    "slowest": 0.006031017,
    "fastest": 0.000357816,
    "average": 0.0011031943483371263,
    "requestsPerSec": 45249.91604627176,
    "totalData": 5882890,
    "sizePerRequest": 13,
    "sizePerSec": 588248.9086015329
  },
  "responseTimeHistogram": {
    "0.000357816": 1,
    "0.0009251360999999998": 18031,
    "0.0014924561999999997": 431720,
    "0.0020597763": 2216,
    "0.0026270963999999995": 399,
    "0.0031944164999999996": 32,
    "0.0037617365999999992": 34,
    "0.004329056699999999": 3,
    "0.004896376799999999": 12,
    "0.0054636968999999995": 25,
    "0.006031017": 57
  },
  "latencyPercentiles": {
    "p10": 0.000972877,
    "p25": 0.001020382,
    "p50": 0.001111935,
    "p75": 0.001171918,
    "p90": 0.001218476,
    "p95": 0.001263079,
    "p99": 0.001392764
  },
  "rps": {
    "mean": 45246.62699306244,
    "stddev": 2617.994920298202,
    "max": 52071.88175794731,
    "percentiles": {
      "p10": 43338.406991283155,
      "p25": 44792.114312726,
      "p50": 45517.64488482563,
      "p75": 46321.02511329926,
      "p90": 47231.1489427282,
      "p95": 47948.24552464515,
      "p99": 49393.99117056737
    }
  },
  "details": {
    "DNSDialup": {
      "average": 0.0007773256599999999,
      "fastest": 0.000101722,
      "slowest": 0.001105854
    },
    "DNSLookup": {
      "average": 0.00000716128,
      "fastest": 0.000003758,
      "slowest": 0.000036919
    }
  },
  "statusCodeDistribution": {
    "200": 452530
  },
  "errorDistribution": {}
}