{
  "summary": {
    "successRate": 1,
    "total": 10.000597523,
    "slowest": 0.007984446,
    "fastest": 0.000275958,
    "average": 0.001104129655979317,
    "requestsPerSec": 45212.59844325404,
    "totalData": 5877989,
    "sizePerRequest": 13,
    "sizePerSec": 587763.7797623025
  },
  "responseTimeHistogram": {
    "0.000275958": 1,
    "0.0010468067999999998": 149621,
    "0.0018176555999999998": 301594,
    "0.0025885043999999994": 753,
    "0.0033593532": 66,
    "0.0041302019999999995": 29,
    "0.004901050799999999": 14,
    "0.0056718995999999995": 25,
    "0.006442748399999999": 0,
    "0.007213597199999999": 22,
    "0.007984446": 28
  },
  "latencyPercentiles": {
    "p10": 0.000973493,
    "p25": 0.001022837,
    "p50": 0.00111171,
    "p75": 0.001173764,
    "p90": 0.001220706,
    "p95": 0.001260834,
    "p99": 0.001390937
  },
  "rps": {
    "mean": 45199.97682259566,
    "stddev": 2718.4057108411525,
    "max": 65413.20692648034,
    "percentiles": {
      "p10": 43429.52754343148,
      "p25": 44659.57587422001,
      "p50": 45469.23290581148,
      "p75": 46297.77483453709,
      "p90": 46992.631875954125,
      "p95": 47695.26015999955,
      "p99": 48852.291492819975
    }
  },
  "details": {
    "DNSDialup": {
      "average": 0.0007294140200000001,
      "fastest": 0.000070012,
      "slowest": 0.001605103
    },
    "DNSLookup": {
      "average": 0.00000729336,
      "fastest": 0.000003627,
      "slowest": 0.000036269
    }
  },
  "statusCodeDistribution": {
    "200": 452153
  },
  "errorDistribution": {}
}