{
  "summary": {
    "successRate": 1,
    "total": 10.000630537,
    "slowest": 0.00858912,
    "fastest": 0.000360155,
    "average": 0.0011275045414287483,
    "requestsPerSec": 44273.20841039886,
    "totalData": 5755880,
    "sizePerRequest": 13,
    "sizePerSec": 575551.7093351851
  },
  "responseTimeHistogram": {
    "0.000360155": 1,
    "0.0011830515000000002": 291101,
    "0.0020059480000000005": 150983,
    "0.0028288445000000002": 524,
    "0.0036517410000000004": 45,
    "0.004474637500000001": 6,
    "0.0052975340000000004": 22,
    "0.006120430500000001": 22,
    "0.006943327000000001": 6,
    "0.007766223500000001": 33,
    "0.008589120000000002": 17
  },
  "latencyPercentiles": {
    "p10": 0.000986666,
    "p25": 0.001046816,
    "p50": 0.001137142,
    "p75": 0.001204682,
    "p90": 0.001254229,
    "p95": 0.001295722,
    "p99": 0.001430122
  },
  "rps": {
    "mean": 44271.71658483154,
    "stddev": 2767.244248392078,
    "max": 53809.588868737585,
    "percentiles": {
      "p10": 42326.79709524107,
      "p25": 43403.64156552889,
      "p50": 44322.44162335503,
      "p75": 45337.435120180504,
      "p90": 46532.54640063627,
      "p95": 47649.323449825395,
      "p99": 49585.82314269585
    }
  },
  "details": {
    "DNSDialup": {
      "average": 0.0006204873199999998,
      "fastest": 0.000084615,
      "slowest": 0.000862275
    },
    "DNSLookup": {
      "average": 0.00000759656,
      "fastest": 0.000003888,
      "slowest": 0.000034314
    }
  },
  "statusCodeDistribution": {
    "200": 442760
  },
  "errorDistribution": {}
}