{
  "summary": {
    "successRate": 1,
    "total": 10.001687914,
    "slowest": 0.042833577,
    "fastest": 0.004928226,
    "average": 0.009195327760758909,
    "requestsPerSec": 5427.083954901334,
    "totalData": 705640,
    "sizePerRequest": 13,
    "sizePerSec": 70552.09141371735
  },
  "responseTimeHistogram": {
    "0.004928226": 1,
    "0.0087187611": 22065,
    "0.012509296199999999": 30023,
    "0.0162998313": 1453,
    "0.0200903664": 515,
    "0.0238809015": 103,
    "0.0276714366": 13,
    "0.0314619717": 17,
    "0.0352525068": 3,
    "0.0390430419": 20,
    "0.042833577": 67
  },
  "latencyPercentiles": {
    "p10": 0.007782241,
    "p25": 0.008171006,
    "p50": 0.00898144,
    "p75": 0.009466981,
    "p90": 0.010376614,
    "p95": 0.0119828,
    "p99": 0.017482286
  },
  "rps": {
    "mean": 5436.713360543161,
    "stddev": 843.7553039998975,
    "max": 7326.661396354041,
    "percentiles": {
      "p10": 4474.013210499095,
      "p25": 5373.170220106406,
      "p50": 5676.637077625976,
      "p75": 5867.351347452969,
      "p90": 6056.971877479318,
      "p95": 6228.1850285280925,
      "p99": 6622.381663307881
    }
  },
  "details": {
    "DNSDialup": {
      "average": 0.00493845594,
      "fastest": 0.000672181,
      "slowest": 0.008260369
    },
    "DNSLookup": {
      "average": 0.00004532798,
      "fastest": 0.000018959,
      "slowest": 0.000181814
    }
  },
  "statusCodeDistribution": {
    "200": 54280
  },
  "errorDistribution": {}
}