{
  "summary": {
    "successRate": 1,
    "total": 10.000591509,
    "slowest": 0.008343638,
    "fastest": 0.000372402,
    "average": 0.00111715066781993,
    "requestsPerSec": 44683.35693922202,
    "totalData": 5809180,
    "sizePerRequest": 13,
    "sizePerSec": 580883.6402098864
  },
  "responseTimeHistogram": {
    "0.000372402": 1,
    "0.0011695256": 300174,
    "0.0019666492": 145927,
    "0.0027637727999999997": 594,
    "0.0035608963999999997": 61,
    "0.00435802": 13,
    "0.005155143599999999": 21,
    "0.0059522672": 19,
    "0.0067493907999999995": 0,
    "0.007546514399999999": 25,
    "0.008343638": 25
  },
  "latencyPercentiles": {
    "p10": 0.000985703,
    "p25": 0.001033374,
    "p50": 0.00112491,
    "p75": 0.001186422,
    "p90": 0.001232994,
    "p95": 0.001274671,
    "p99": 0.001408355
  },
  "rps": {
    "mean": 44677.10517619241,
    "stddev": 2624.4139824366785,
    "max": 50727.20422308778,
    "percentiles": {
      "p10": 43014.607760797866,
      "p25": 44267.499646864315,
      "p50": 45101.72694512636,
      "p75": 45669.78855192616,
      "p90": 46521.8482410683,
      "p95": 47129.144663061,
      "p99": 48370.746063789964
    }
  },
  "details": {
    "DNSDialup": {
      "average": 0.0007964470400000001,
      "fastest": 0.000104765,
      "slowest": 0.001167551
    },
    "DNSLookup": {
      "average": 0.000006377080000000001,
      "fastest": 0.000003316,
      "slowest": 0.000033011
    }
  },
  "statusCodeDistribution": {
    "200": 446860
  },
  "errorDistribution": {}
}