{
  "summary": {
    "successRate": 0.906681484803286,
    "total": 10.000773988,
    "slowest": 0.013532528,
    "fastest": 0.000237501,
    "average": 0.001703497818722349,
    "requestsPerSec": 30770.71838332199,
    "totalData": 3627182,
    "sizePerRequest": 13,
    "sizePerSec": 362690.12821930397
  },
  "responseTimeHistogram": {
    "0.000237501": 1,
    "0.0015670037": 133238,
    "0.0028965064000000002": 131948,
    "0.0042260091": 11438,
    "0.0055555118": 765,
    "0.006885014500000001": 194,
    "0.008214517199999999": 87,
    "0.009544019899999999": 64,
    "0.0108735226": 490,
    "0.0122030253": 692,
    "0.013532528": 97
  },
  "latencyPercentiles": {
    "p10": 0.001351423,
    "p25": 0.001505123,
    "p50": 0.001573126,
    "p75": 0.001666328,
    "p90": 0.001867104,
    "p95": 0.002873444,
    "p99": 0.00392996
  },
  "rps": {
    "mean": 29557.964337513396,
    "stddev": 7757.164650321897,
    "max": 172411.09073157373,
    "percentiles": {
      "p10": 24469.034588397713,
      "p25": 26887.092066354286,
      "p50": 31934.588352645394,
      "p75": 32670.99648731721,
      "p90": 33212.15679746113,
      "p95": 33719.33754687473,
      "p99": 35169.136788828924
    }
  },
  "details": {
    "DNSDialup": {
      "average": 0.0014422793399999996,
      "fastest": 0.0000355,
      "slowest": 0.001703104
    },
    "DNSLookup": {
      "average": 0.000003782020000000001,
      "fastest": 0.0000034,
      "slowest": 0.0000086
    }
  },
  "statusCodeDistribution": {
    "200": 279014
  },
  "errorDistribution": {
    "Connection refused (os error 111)": 28717
  }
}