{
  "summary": {
    "successRate": 1,
    "total": 10.000395049,
    "slowest": 0.007073146,
    "fastest": 0.000351179,
    "average": 0.0011419632766967711,
    "requestsPerSec": 43711.47318262307,
    "totalData": 5682716,
    "sizePerRequest": 13,
    "sizePerSec": 568249.1513740999
  },
  "responseTimeHistogram": {
    "0.000351179": 1,
    "0.0010233757": 60920,
    "0.0016955724": 375055,
    "0.0023677691": 967,
    "0.0030399657999999998": 88,
    "0.0037121624999999995": 44,
    "0.0043843592": 13,
    "0.0050565559": 7,
    "0.0057287525999999995": 21,
    "0.006400949299999999": 6,
    "0.007073145999999999": 10
  },
  "latencyPercentiles": {
    "p10": 0.001004095,
    "p25": 0.001060509,
    "p50": 0.001153442,
    "p75": 0.001218726,
    "p90": 0.001266325,
    "p95": 0.001306782,
    "p99": 0.001420879
  },
  "rps": {
    "mean": 43710.75600401292,
    "stddev": 2288.28066148713,
    "max": 51903.56577496754,
    "percentiles": {
      "p10": 42018.699840169706,
      "p25": 43041.6557143997,
      "p50": 43777.03444751936,
      "p75": 44587.87717016084,
      "p90": 45695.9798360473,
      "p95": 46434.95623505656,
      "p99": 48052.545458458466
    }
  },
  "details": {
    "DNSDialup": {
      "average": 0.00111133436,
      "fastest": 0.000251373,
      "slowest": 0.001794054
    },
    "DNSLookup": {
      "average": 0.000009617420000000002,
      "fastest": 0.000004819,
      "slowest": 0.000035887
    }
  },
  "statusCodeDistribution": {
    "200": 437132
  },
  "errorDistribution": {}
}