{
  "summary": {
    "successRate": 1,
    "total": 10.00074937,
    "slowest": 0.021533326,
    "fastest": 0.000243402,
    "average": 0.001992876770111738,
    "requestsPerSec": 25058.12221949524,
    "totalData": 3257800,
    "sizePerRequest": 13,
    "sizePerSec": 325755.5888534381
  },
  "responseTimeHistogram": {
    "0.000243402": 1,
    "0.0023723944": 225946,
    "0.0045013868": 20261,
    "0.0066303792": 2656,
    "0.0087593716": 416,
    "0.010888364": 119,
    "0.0130173564": 307,
    "0.015146348799999999": 689,
    "0.0172753412": 169,
    "0.0194043336": 31,
    "0.021533326": 5
  },
  "latencyPercentiles": {
    "p10": 0.001514516,
    "p25": 0.001702518,
    "p50": 0.001794218,
    "p75": 0.00193552,
    "p90": 0.002351024,
    "p95": 0.003597238,
    "p99": 0.005447458
  },
  "rps": {
    "mean": 25240.78286101201,
    "stddev": 6029.848552324412,
    "max": 58750.95470312113,
    "percentiles": {
      "p10": 18565.689121248703,
      "p25": 22344.770876719533,
      "p50": 27763.23672665811,
      "p75": 28765.38948337339,
      "p90": 29400.965065060274,
      "p95": 29709.325724212416,
      "p99": 30928.03987300616
    }
  },
  "details": {
    "DNSDialup": {
      "average": 0.0026253271,
      "fastest": 0.000084401,
      "slowest": 0.003397932
    },
    "DNSLookup": {
      "average": 0.000009052059999999996,
      "fastest": 0.000004,
      "slowest": 0.000047201
    }
  },
  "statusCodeDistribution": {
    "200": 250600
  },
  "errorDistribution": {}
}