{
  "summary": {
    "successRate": 1,
    "total": 10.000715168,
    "slowest": 0.013241419,
    "fastest": 0.000484897,
    "average": 0.0013253592531331261,
    "requestsPerSec": 37691.30443851873,
    "totalData": 4900220,
    "sizePerRequest": 13,
    "sizePerSec": 489986.9577007435
  },
  "responseTimeHistogram": {
    "0.000484897": 1,
    "0.0017605492": 357659,
    "0.0030362014": 9334,
    "0.0043118536": 8479,
    "0.0055875058": 403,
    "0.006863157999999999": 162,
    "0.0081388102": 51,
    "0.0094144624": 36,
    "0.0106901146": 280,
    "0.0119657668": 180,
    "0.013241418999999999": 355
  },
  "latencyPercentiles": {
    "p10": 0.001012394,
    "p25": 0.001081693,
    "p50": 0.001268094,
    "p75": 0.001307592,
    "p90": 0.001354993,
    "p95": 0.001799489,
    "p99": 0.003925881
  },
  "rps": {
    "mean": 37770.34621071403,
    "stddev": 7569.4596193034895,
    "max": 45295.41376629696,
    "percentiles": {
      "p10": 29716.822693325645,
      "p25": 37897.62807969633,
      "p50": 41147.14630991758,
      "p75": 41631.222166681946,
      "p90": 42114.605139626365,
      "p95": 42476.11020050093,
      "p99": 42853.18762571172
    }
  },
  "details": {
    "DNSDialup": {
      "average": 0.00142735902,
      "fastest": 0.0000653,
      "slowest": 0.002828586
    },
    "DNSLookup": {
      "average": 0.000004642000000000001,
      "fastest": 0.000003,
      "slowest": 0.0000446
    }
  },
  "statusCodeDistribution": {
    "200": 376940
  },
  "errorDistribution": {}
}