{
  "summary": {
    "successRate": 1,
    "total": 10.000410963,
    "slowest": 0.005503351,
    "fastest": 0.000259305,
    "average": 0.0011153703145832983,
    "requestsPerSec": 44755.46071615977,
    "totalData": 5818449,
    "sizePerRequest": 13,
    "sizePerSec": 581820.989310077
  },
  "responseTimeHistogram": {
    "0.000259305": 1,
    "0.0007837096": 12111,
    "0.0013081142": 410701,
    "0.0018325188": 23968,
    "0.0023569234": 582,
    "0.0028813280000000003": 119,
    "0.0034057326": 33,
    "0.003930137199999999": 7,
    "0.0044545418": 12,
    "0.0049789464": 22,
    "0.005503351": 17
  },
  "latencyPercentiles": {
    "p10": 0.000957698,
    "p25": 0.001033209,
    "p50": 0.001129132,
    "p75": 0.001200733,
    "p90": 0.001257678,
    "p95": 0.001317245,
    "p99": 0.001447296
  },
  "rps": {
    "mean": 44754.88632732936,
    "stddev": 2901.9889042576046,
    "max": 59536.18609390894,
    "percentiles": {
      "p10": 42622.589972685426,
      "p25": 43703.64925471287,
      "p50": 44588.298003860655,
      "p75": 45784.371308636444,
      "p90": 47547.41123906404,
      "p95": 48758.478445940644,
      "p99": 53192.316163011965
    }
  },
  "details": {
    "DNSDialup": {
      "average": 0.00072511876,
      "fastest": 0.000094347,
      "slowest": 0.000938722
    },
    "DNSLookup": {
      "average": 0.0000076245199999999984,
      "fastest": 0.000004078,
      "slowest": 0.000040997
    }
  },
  "statusCodeDistribution": {
    "200": 447573
  },
  "errorDistribution": {}
}