{
  "summary": {
    "successRate": 1,
    "total": 10.000715306,
    "slowest": 0.009185577,
    "fastest": 0.000448626,
    "average": 0.0011088700319967836,
    "requestsPerSec": 45016.87991556951,
    "totalData": 5852613,
    "sizePerRequest": 13,
    "sizePerSec": 585219.4389024037
  },
  "responseTimeHistogram": {
    "0.000448626": 1,
    "0.0013223211": 438635,
    "0.0021960162": 11181,
    "0.0030697113000000002": 250,
    "0.0039434064": 40,
    "0.0048171015": 14,
    "0.0056907966": 30,
    "0.006564491699999999": 0,
    "0.0074381868": 0,
    "0.0083118819": 6,
    "0.009185577": 44
  },
  "latencyPercentiles": {
    "p10": 0.00097468,
    "p25": 0.001026259,
    "p50": 0.001114691,
    "p75": 0.001180646,
    "p90": 0.001229409,
    "p95": 0.001273426,
    "p99": 0.001410345
  },
  "rps": {
    "mean": 45010.4157213221,
    "stddev": 2656.356608145652,
    "max": 54808.221233184864,
    "percentiles": {
      "p10": 43353.87152075097,
      "p25": 44444.21310319494,
      "p50": 45307.73726845238,
      "p75": 46157.17951398304,
      "p90": 46904.62479600527,
      "p95": 47524.40413618501,
      "p99": 48725.481342822175
    }
  },
  "details": {
    "DNSDialup": {
      "average": 0.00084276682,
      "fastest": 0.000103594,
      "slowest": 0.00132954
    },
    "DNSLookup": {
      "average": 0.000005600940000000002,
      "fastest": 0.000002795,
      "slowest": 0.000028203
    }
  },
  "statusCodeDistribution": {
    "200": 450201
  },
  "errorDistribution": {}
}