{
  "summary": {
    "successRate": 1,
    "total": 10.000700897,
    "slowest": 0.008669576,
    "fastest": 0.000292274,
    "average": 0.0011147762960642417,
    "requestsPerSec": 44778.36149807611,
    "totalData": 5821595,
    "sizePerRequest": 13,
    "sizePerSec": 582118.6994749894
  },
  "responseTimeHistogram": {
    "0.000292274": 1,
    "0.0011300041999999998": 229920,
    "0.0019677343999999998": 216974,
    "0.0028054645999999995": 715,
    "0.0036431947999999996": 105,
    "0.004480925": 2,
    "0.0053186551999999995": 23,
    "0.0061563854": 25,
    "0.0069941156": 0,
    "0.007831845799999999": 42,
    "0.008669576": 8
  },
  "latencyPercentiles": {
    "p10": 0.000970766,
    "p25": 0.001037352,
    "p50": 0.001124269,
    "p75": 0.001194793,
    "p90": 0.001239746,
    "p95": 0.001274641,
    "p99": 0.001420833
  },
  "rps": {
    "mean": 44774.705378919425,
    "stddev": 2982.702016012351,
    "max": 55547.07058761594,
    "percentiles": {
      "p10": 42972.055542735216,
      "p25": 44048.57677046082,
      "p50": 44780.25068725549,
      "p75": 45856.31155058397,
      "p90": 47376.01481576748,
      "p95": 48447.75495205836,
      "p99": 50708.20115963457
    }
  },
  "details": {
    "DNSDialup": {
      "average": 0.0008617366,
      "fastest": 0.00011273,
      "slowest": 0.001246408
    },
    "DNSLookup": {
      "average": 0.00000749272,
      "fastest": 0.000004438,
      "slowest": 0.000033512
    }
  },
  "statusCodeDistribution": {
    "200": 447815
  },
  "errorDistribution": {}
}