{
  "summary": {
    "successRate": 1,
    "total": 10.000677583,
    "slowest": 0.009456638,
    "fastest": 0.000538116,
    "average": 0.0011979643214253134,
    "requestsPerSec": 41666.57674359303,
    "totalData": 5417022,
    "sizePerRequest": 13,
    "sizePerSec": 541665.4976667095
  },
  "responseTimeHistogram": {
    "0.000538116": 1,
    "0.0014299682": 409385,
    "0.0023218204": 6811,
    "0.0032136726": 372,
    "0.0041055248": 31,
    "0.004997377": 20,
    "0.0058892292": 22,
    "0.0067810814": 2,
    "0.0076729336": 0,
    "0.0085647858": 25,
    "0.009456638": 25
  },
  "latencyPercentiles": {
    "p10": 0.001058144,
    "p25": 0.001110386,
    "p50": 0.001205987,
    "p75": 0.001272262,
    "p90": 0.001318927,
    "p95": 0.00135462,
    "p99": 0.001516531
  },
  "rps": {
    "mean": 41656.688048488555,
    "stddev": 2451.215432248992,
    "max": 47410.24535401912,
    "percentiles": {
      "p10": 40773.54323994195,
      "p25": 41247.97711790779,
      "p50": 41929.65487881572,
      "p75": 42527.343878510736,
      "p90": 43203.13914613361,
      "p95": 43593.27234715198,
      "p99": 44762.7170428506
    }
  },
  "details": {
    "DNSDialup": {
      "average": 0.0008768447400000002,
      "fastest": 0.000101454,
      "slowest": 0.001441225
    },
    "DNSLookup": {
      "average": 0.0000067087600000000015,
      "fastest": 0.000003546,
      "slowest": 0.000036658
    }
  },
  "statusCodeDistribution": {
    "200": 416694
  },
  "errorDistribution": {}
}