{
  "summary": {
    "successRate": 1,
    "total": 10.000675934,
    "slowest": 0.008745799,
    "fastest": 0.000186368,
    "average": 0.0011163841062907377,
    "requestsPerSec": 44716.77744097572,
    "totalData": 5813574,
    "sizePerRequest": 13,
    "sizePerSec": 581318.1067326844
  },
  "responseTimeHistogram": {
    "0.000186368": 1,
    "0.0010423111": 124834,
    "0.0018982542000000001": 321556,
    "0.0027541973000000004": 644,
    "0.0036101404000000005": 68,
    "0.004466083500000001": 16,
    "0.005322026600000001": 25,
    "0.006177969700000001": 4,
    "0.007033912800000001": 0,
    "0.007889855900000001": 27,
    "0.008745799": 23
  },
  "latencyPercentiles": {
    "p10": 0.000985733,
    "p25": 0.001034154,
    "p50": 0.001123974,
    "p75": 0.001185666,
    "p90": 0.001232635,
    "p95": 0.001273393,
    "p99": 0.001405719
  },
  "rps": {
    "mean": 44716.033731679156,
    "stddev": 2550.8236009831157,
    "max": 50317.99874815205,
    "percentiles": {
      "p10": 43046.83926580469,
      "p25": 44300.30195852758,
      "p50": 45043.007063142715,
      "p75": 45661.54935470494,
      "p90": 46474.81981241593,
      "p95": 47236.703018536544,
      "p99": 48329.09269235673
    }
  },
  "details": {
    "DNSDialup": {
      "average": 0.0007448490799999999,
      "fastest": 0.000084147,
      "slowest": 0.001206365
    },
    "DNSLookup": {
      "average": 0.00000692944,
      "fastest": 0.000003606,
      "slowest": 0.00003231
    }
  },
  "statusCodeDistribution": {
    "200": 447198
  },
  "errorDistribution": {}
}