{
  "summary": {
    "successRate": 1,
    "total": 10.000667413,
    "slowest": 0.009521759,
    "fastest": 0.000228825,
    "average": 0.0011456475512892493,
    "requestsPerSec": 43576.39165497164,
    "totalData": 5665309,
    "sizePerRequest": 13,
    "sizePerSec": 566493.0915146313
  },
  "responseTimeHistogram": {
    "0.000228825": 1,
    "0.0011581183999999998": 225283,
    "0.0020874118": 209901,
    "0.0030167052": 480,
    "0.003945998599999999": 28,
    "0.004875292": 21,
    "0.005804585399999999": 29,
    "0.0067338788": 0,
    "0.007663172199999999": 0,
    "0.0085924656": 20,
    "0.009521759": 30
  },
  "latencyPercentiles": {
    "p10": 0.001005868,
    "p25": 0.001058706,
    "p50": 0.001152453,
    "p75": 0.001216795,
    "p90": 0.001269383,
    "p95": 0.001315172,
    "p99": 0.001457487
  },
  "rps": {
    "mean": 43574.782090599714,
    "stddev": 2712.535278026094,
    "max": 51653.05378794433,
    "percentiles": {
      "p10": 41869.39433416845,
      "p25": 43130.3072144644,
      "p50": 44021.75555159213,
      "p75": 44642.34773105741,
      "p90": 45453.32877452991,
      "p95": 45928.71463239086,
      "p99": 47615.62024908794
    }
  },
  "details": {
    "DNSDialup": {
      "average": 0.0007412605800000001,
      "fastest": 0.000103239,
      "slowest": 0.000981638
    },
    "DNSLookup": {
      "average": 0.000005869519999999998,
      "fastest": 0.000002725,
      "slowest": 0.00003797
    }
  },
  "statusCodeDistribution": {
    "200": 435793
  },
  "errorDistribution": {}
}