{
  "summary": {
    "successRate": 1,
    "total": 10.000670864,
    "slowest": 0.009546243,
    "fastest": 0.000292502,
    "average": 0.0011455645358040192,
    "requestsPerSec": 43577.37655068577,
    "totalData": 5665439,
    "sizePerRequest": 13,
    "sizePerSec": 566505.895158915
  },
  "responseTimeHistogram": {
    "0.000292502": 1,
    "0.0012178761": 322589,
    "0.0021432502": 112568,
    "0.0030686242999999995": 516,
    "0.0039939984": 29,
    "0.0049193725": 0,
    "0.005844746599999999": 14,
    "0.006770120699999999": 36,
    "0.007695494799999999": 0,
    "0.008620868899999998": 23,
    "0.009546243": 27
  },
  "latencyPercentiles": {
    "p10": 0.001002292,
    "p25": 0.00106141,
    "p50": 0.001154233,
    "p75": 0.001220334,
    "p90": 0.001274862,
    "p95": 0.001321827,
    "p99": 0.001473026
  },
  "rps": {
    "mean": 43575.08207780705,
    "stddev": 2994.265630131483,
    "max": 60894.81912121529,
    "percentiles": {
      "p10": 41805.02496400147,
      "p25": 42906.148451072026,
      "p50": 43735.18495629614,
      "p75": 44691.61978900119,
      "p90": 45975.66549272934,
      "p95": 46602.17993973507,
      "p99": 48748.84484797699
    }
  },
  "details": {
    "DNSDialup": {
      "average": 0.0006081303400000001,
      "fastest": 0.000102614,
      "slowest": 0.000990827
    },
    "DNSLookup": {
      "average": 0.000007183259999999999,
      "fastest": 0.000003978,
      "slowest": 0.000034035
    }
  },
  "statusCodeDistribution": {
    "200": 435803
  },
  "errorDistribution": {}
}