{
  "summary": {
    "successRate": 1,
    "total": 10.000623767,
    "slowest": 0.007986168,
    "fastest": 0.000160167,
    "average": 0.001167719497851471,
    "requestsPerSec": 42746.83359358498,
    "totalData": 5557435,
    "sizePerRequest": 13,
    "sizePerSec": 555708.8367166048
  },
  "responseTimeHistogram": {
    "0.000160167": 1,
    "0.0009427671000000001": 12083,
    "0.0017253672000000003": 412524,
    "0.0025079673000000004": 2223,
    "0.0032905674000000005": 476,
    "0.0040731675000000005": 37,
    "0.004855767600000001": 11,
    "0.005638367700000001": 58,
    "0.006420967800000001": 32,
    "0.007203567900000001": 12,
    "0.007986168": 38
  },
  "latencyPercentiles": {
    "p10": 0.001021723,
    "p25": 0.001076654,
    "p50": 0.001172084,
    "p75": 0.001234369,
    "p90": 0.001299966,
    "p95": 0.00135348,
    "p99": 0.001533663
  },
  "rps": {
    "mean": 42740.62588527731,
    "stddev": 3293.396576536657,
    "max": 63958.432423858605,
    "percentiles": {
      "p10": 40937.6555023352,
      "p25": 42040.84688683285,
      "p50": 43119.96885757661,
      "p75": 43971.674594313015,
      "p90": 44800.61098729355,
      "p95": 45624.72078884873,
      "p99": 47945.36110614509
    }
  },
  "details": {
    "DNSDialup": {
      "average": 0.0005240110199999999,
      "fastest": 0.000079267,
      "slowest": 0.000822192
    },
    "DNSLookup": {
      "average": 0.000007123199999999998,
      "fastest": 0.000004058,
      "slowest": 0.000032591
    }
  },
  "statusCodeDistribution": {
    "200": 427495
  },
  "errorDistribution": {}
}