{
  "summary": {
    "successRate": 1,
    "total": 10.000732383,
    "slowest": 0.008359905,
    "fastest": 0.000187887,
    "average": 0.00115976421334316,
    "requestsPerSec": 43058.4464725797,
    "totalData": 5598008,
    "sizePerRequest": 13,
    "sizePerSec": 559759.8041435361
  },
  "responseTimeHistogram": {
    "0.000187887": 1,
    "0.0010050888000000002": 37402,
    "0.0018222906000000003": 391777,
    "0.0026394924": 1133,
    "0.0034566942000000002": 140,
    "0.004273896000000001": 65,
    "0.0050910978": 8,
    "0.005908299600000001": 27,
    "0.006725501400000001": 33,
    "0.007542703200000001": 5,
    "0.008359905": 25
  },
  "latencyPercentiles": {
    "p10": 0.001015734,
    "p25": 0.001075779,
    "p50": 0.00117178,
    "p75": 0.001243255,
    "p90": 0.001291768,
    "p95": 0.001334532,
    "p99": 0.001500748
  },
  "rps": {
    "mean": 43057.234476716556,
    "stddev": 2871.3479604417435,
    "max": 55436.576164347585,
    "percentiles": {
      "p10": 41623.488134353945,
      "p25": 42242.071729056464,
      "p50": 43042.73401025113,
      "p75": 43871.062045128834,
      "p90": 45372.04627227569,
      "p95": 46576.54389222913,
      "p99": 50406.84524958488
    }
  },
  "details": {
    "DNSDialup": {
      "average": 0.00054315948,
      "fastest": 0.000082943,
      "slowest": 0.001084266
    },
    "DNSLookup": {
      "average": 0.000007400940000000001,
      "fastest": 0.000003516,
      "slowest": 0.000031089
    }
  },
  "statusCodeDistribution": {
    "200": 430616
  },
  "errorDistribution": {}
}