{
  "summary": {
    "successRate": 1,
    "total": 10.000169852,
    "slowest": 0.005775494,
    "fastest": 0.000234796,
    "average": 0.0011066329879538916,
    "requestsPerSec": 45109.13381234037,
    "totalData": 5864287,
    "sizePerRequest": 13,
    "sizePerSec": 586418.7395604248
  },
  "responseTimeHistogram": {
    "0.000234796": 1,
    "0.0007888658": 6061,
    "0.0013429356": 436708,
    "0.0018970054": 7431,
    "0.0024510751999999997": 651,
    "0.003005145": 106,
    "0.0035592148": 36,
    "0.004113284599999999": 9,
    "0.0046673543999999996": 21,
    "0.0052214242": 23,
    "0.005775494": 52
  },
  "latencyPercentiles": {
    "p10": 0.000971442,
    "p25": 0.001026309,
    "p50": 0.001117101,
    "p75": 0.001177686,
    "p90": 0.001228716,
    "p95": 0.001270869,
    "p99": 0.001401123
  },
  "rps": {
    "mean": 45107.27091349788,
    "stddev": 2725.566033141539,
    "max": 54225.46970311859,
    "percentiles": {
      "p10": 43268.97183038699,
      "p25": 44300.85057633156,
      "p50": 45278.57871445127,
      "p75": 46132.731172763764,
      "p90": 47332.181149966455,
      "p95": 48404.602345674895,
      "p99": 51875.0008762628
    }
  },
  "details": {
    "DNSDialup": {
      "average": 0.0008861661199999997,
      "fastest": 0.000124305,
      "slowest": 0.002053964
    },
    "DNSLookup": {
      "average": 0.000008723699999999997,
      "fastest": 0.000003737,
      "slowest": 0.000038642
    }
  },
  "statusCodeDistribution": {
    "200": 451099
  },
  "errorDistribution": {}
}