{
  "summary": {
    "successRate": 1,
    "total": 10.000717007,
    "slowest": 0.008851352,
    "fastest": 0.000385343,
    "average": 0.001142082248170915,
    "requestsPerSec": 43708.266086725795,
    "totalData": 5682482,
    "sizePerRequest": 13,
    "sizePerSec": 568207.4591274353
  },
  "responseTimeHistogram": {
    "0.000385343": 1,
    "0.0012319439": 356951,
    "0.0020785448": 79611,
    "0.0029251456999999995": 423,
    "0.0037717465999999996": 28,
    "0.0046183475": 5,
    "0.005464948399999999": 24,
    "0.006311549299999999": 21,
    "0.0071581501999999995": 0,
    "0.0080047511": 22,
    "0.008851352": 28
  },
  "latencyPercentiles": {
    "p10": 0.001004363,
    "p25": 0.001057723,
    "p50": 0.001154038,
    "p75": 0.001213608,
    "p90": 0.001269345,
    "p95": 0.001318501,
    "p99": 0.001457793
  },
  "rps": {
    "mean": 43699.77334705308,
    "stddev": 3135.6477663800174,
    "max": 67328.43190376539,
    "percentiles": {
      "p10": 41872.141512609276,
      "p25": 42908.122507592925,
      "p50": 43888.641890024264,
      "p75": 44626.927928517674,
      "p90": 45594.08032170406,
      "p95": 46641.87040706448,
      "p99": 51453.578702124476
    }
  },
  "details": {
    "DNSDialup": {
      "average": 0.0005853889200000001,
      "fastest": 0.000071643,
      "slowest": 0.000946467
    },
    "DNSLookup": {
      "average": 0.000010098279999999998,
      "fastest": 0.000004208,
      "slowest": 0.000073025
    }
  },
  "statusCodeDistribution": {
    "200": 437114
  },
  "errorDistribution": {}
}