{
  "summary": {
    "successRate": 1,
    "total": 10.000226082,
    "slowest": 0.005627357,
    "fastest": 0.0002516,
    "average": 0.0010489175460535107,
    "requestsPerSec": 47594.62397122234,
    "totalData": 6187441,
    "sizePerRequest": 13,
    "sizePerSec": 618730.1116258904
  },
  "responseTimeHistogram": {
    "0.0002516": 1,
    "0.0007891757000000001": 22176,
    "0.0013267514": 440186,
    "0.0018643271": 13085,
    "0.0024019028": 343,
    "0.0029394785": 80,
    "0.0034770542": 35,
    "0.0040146299": 0,
    "0.0045522056": 13,
    "0.0050897813": 21,
    "0.005627357": 17
  },
  "latencyPercentiles": {
    "p10": 0.000867087,
    "p25": 0.000957817,
    "p50": 0.001040362,
    "p75": 0.001154034,
    "p90": 0.001225527,
    "p95": 0.00128047,
    "p99": 0.001427845
  },
  "rps": {
    "mean": 47595.56695918956,
    "stddev": 4242.670051885119,
    "max": 61424.969250005175,
    "percentiles": {
      "p10": 43384.50075058291,
      "p25": 44996.684375717756,
      "p50": 46805.19069565044,
      "p75": 51263.15010151338,
      "p90": 52234.716344275745,
      "p95": 52888.62928853097,
      "p99": 57599.589690569526
    }
  },
  "details": {
    "DNSDialup": {
      "average": 0.0006611994400000001,
      "fastest": 0.000093855,
      "slowest": 0.001013602
    },
    "DNSLookup": {
      "average": 0.000009622179999999998,
      "fastest": 0.000003707,
      "slowest": 0.000183164
    }
  },
  "statusCodeDistribution": {
    "200": 475957
  },
  "errorDistribution": {}
}