{
  "summary": {
    "successRate": 1,
    "total": 10.000616212,
    "slowest": 0.009339731,
    "fastest": 0.000299877,
    "average": 0.0011416115141782465,
    "requestsPerSec": 43726.305532581515,
    "totalData": 5684770,
    "sizePerRequest": 13,
    "sizePerSec": 568441.9719235597
  },
  "responseTimeHistogram": {
    "0.000299877": 1,
    "0.0012038624": 310647,
    "0.0021078477999999998": 125943,
    "0.0030118332": 556,
    "0.0039158186": 42,
    "0.004819804": 1,
    "0.005723789399999999": 22,
    "0.0066277748": 26,
    "0.007531760199999999": 2,
    "0.0084357456": 0,
    "0.009339731": 50
  },
  "latencyPercentiles": {
    "p10": 0.001000743,
    "p25": 0.001056217,
    "p50": 0.001151024,
    "p75": 0.001213421,
    "p90": 0.001270375,
    "p95": 0.00132165,
    "p99": 0.001462152
  },
  "rps": {
    "mean": 43724.57759315283,
    "stddev": 3040.2796566707366,
    "max": 63462.31364576992,
    "percentiles": {
      "p10": 41378.89299738285,
      "p25": 42959.32324210865,
      "p50": 44019.00776935526,
      "p75": 44900.84413587276,
      "p90": 46102.21290621932,
      "p95": 46911.5167773686,
      "p99": 49618.333974405556
    }
  },
  "details": {
    "DNSDialup": {
      "average": 0.0005589939,
      "fastest": 0.000080841,
      "slowest": 0.000812064
    },
    "DNSLookup": {
      "average": 0.000007843180000000003,
      "fastest": 0.000003677,
      "slowest": 0.000030216
    }
  },
  "statusCodeDistribution": {
    "200": 437290
  },
  "errorDistribution": {}
}