{
  "summary": {
    "successRate": 1,
    "total": 10.000260474,
    "slowest": 0.008787859,
    "fastest": 0.000318906,
    "average": 0.0011268306032419346,
    "requestsPerSec": 44299.1461224213,
    "totalData": 5759039,
    "sizePerRequest": 13,
    "sizePerSec": 575888.8995914768
  },
  "responseTimeHistogram": {
    "0.000318906": 1,
    "0.0011658012999999998": 276609,
    "0.0020126966": 165740,
    "0.0028595918999999997": 460,
    "0.0037064871999999997": 23,
    "0.0045533825": 73,
    "0.0054002778": 24,
    "0.0062471730999999996": 22,
    "0.0070940683999999995": 1,
    "0.0079409637": 0,
    "0.008787859": 50
  },
  "latencyPercentiles": {
    "p10": 0.000988766,
    "p25": 0.0010431,
    "p50": 0.001134918,
    "p75": 0.001195147,
    "p90": 0.001252319,
    "p95": 0.001300809,
    "p99": 0.001427827
  },
  "rps": {
    "mean": 44298.419352535646,
    "stddev": 2666.184564906501,
    "max": 55204.29489414137,
    "percentiles": {
      "p10": 42616.32205134579,
      "p25": 43483.13540658507,
      "p50": 44440.850029347144,
      "p75": 45333.28508504813,
      "p90": 46091.29302409449,
      "p95": 46857.67975249136,
      "p99": 49629.781879616545
    }
  },
  "details": {
    "DNSDialup": {
      "average": 0.0008692312599999998,
      "fastest": 0.000093122,
      "slowest": 0.001859657
    },
    "DNSLookup": {
      "average": 0.000028324340000000005,
      "fastest": 0.000003817,
      "slowest": 0.001025769
    }
  },
  "statusCodeDistribution": {
    "200": 443003
  },
  "errorDistribution": {}
}