{
  "summary": {
    "successRate": 1,
    "total": 10.000411682,
    "slowest": 0.004804753,
    "fastest": 0.00037517,
    "average": 0.0010978015820507499,
    "requestsPerSec": 45473.027957290455,
    "totalData": 5911737,
    "sizePerRequest": 13,
    "sizePerSec": 591149.3634447759
  },
  "responseTimeHistogram": {
    "0.00037517": 1,
    "0.0008181283": 9493,
    "0.0012610866": 418639,
    "0.0017040449000000001": 25235,
    "0.0021470032": 1082,
    "0.0025899614999999997": 177,
    "0.0030329198000000005": 52,
    "0.0034758781000000004": 19,
    "0.0039188364": 6,
    "0.0043617947": 18,
    "0.004804753": 27
  },
  "latencyPercentiles": {
    "p10": 0.000954014,
    "p25": 0.001016616,
    "p50": 0.001106683,
    "p75": 0.001177165,
    "p90": 0.001229687,
    "p95": 0.00127058,
    "p99": 0.001395793
  },
  "rps": {
    "mean": 45473.23629890526,
    "stddev": 2998.8418248998355,
    "max": 60138.6376012611,
    "percentiles": {
      "p10": 43132.92336040219,
      "p25": 44239.03469015511,
      "p50": 45302.86767152847,
      "p75": 46444.121915821,
      "p90": 48875.449770509775,
      "p95": 50967.38908184387,
      "p99": 52176.84417895094
    }
  },
  "details": {
    "DNSDialup": {
      "average": 0.0009925696200000001,
      "fastest": 0.000118371,
      "slowest": 0.002173305
    },
    "DNSLookup": {
      "average": 0.000010853199999999998,
      "fastest": 0.000004859,
      "slowest": 0.000034905
    }
  },
  "statusCodeDistribution": {
    "200": 454749
  },
  "errorDistribution": {}
}