{
  "summary": {
    "successRate": 1,
    "total": 10.000662992,
    "slowest": 0.007400203,
    "fastest": 0.000262441,
    "average": 0.0011128269965652547,
    "requestsPerSec": 44862.425657068874,
    "totalData": 5832502,
    "sizePerRequest": 13,
    "sizePerSec": 583211.5335418953
  },
  "responseTimeHistogram": {
    "0.000262441": 1,
    "0.0009762172": 41337,
    "0.0016899934": 405695,
    "0.0024037696": 1310,
    "0.0031175458": 171,
    "0.0038313220000000003": 43,
    "0.0045450982": 7,
    "0.0052588744": 21,
    "0.0059726506000000006": 14,
    "0.006686426800000001": 30,
    "0.007400203000000001": 25
  },
  "latencyPercentiles": {
    "p10": 0.000980032,
    "p25": 0.001028852,
    "p50": 0.001121233,
    "p75": 0.001180895,
    "p90": 0.001231864,
    "p95": 0.001279065,
    "p99": 0.001410323
  },
  "rps": {
    "mean": 44857.931356731904,
    "stddev": 2764.1213397079814,
    "max": 60070.01159851802,
    "percentiles": {
      "p10": 42978.99108772014,
      "p25": 44303.89262821229,
      "p50": 45248.30584724318,
      "p75": 45918.44084584414,
      "p90": 46677.9636768643,
      "p95": 47339.73743696616,
      "p99": 49202.06156637973
    }
  },
  "details": {
    "DNSDialup": {
      "average": 0.0007823661200000001,
      "fastest": 0.000086992,
      "slowest": 0.001245221
    },
    "DNSLookup": {
      "average": 0.000019111900000000002,
      "fastest": 0.000003176,
      "slowest": 0.00064826
    }
  },
  "statusCodeDistribution": {
    "200": 448654
  },
  "errorDistribution": {}
}