{
  "summary": {
    "successRate": 1,
    "total": 10.000686993,
    "slowest": 0.007859297,
    "fastest": 0.000193402,
    "average": 0.0010979218263356984,
    "requestsPerSec": 45469.67626506936,
    "totalData": 5911464,
    "sizePerRequest": 13,
    "sizePerSec": 591105.7914459017
  },
  "responseTimeHistogram": {
    "0.000193402": 1,
    "0.0009599914999999999": 36976,
    "0.001726581": 416470,
    "0.0024931705": 1087,
    "0.00325976": 83,
    "0.0040263495": 12,
    "0.0047929389999999995": 17,
    "0.0055595285": 25,
    "0.0063261179999999995": 7,
    "0.007092707499999999": 22,
    "0.007859297": 28
  },
  "latencyPercentiles": {
    "p10": 0.000969562,
    "p25": 0.001016418,
    "p50": 0.001107253,
    "p75": 0.001165642,
    "p90": 0.001210606,
    "p95": 0.001250928,
    "p99": 0.001387589
  },
  "rps": {
    "mean": 45466.19916328252,
    "stddev": 2666.7615070003294,
    "max": 54923.08659312447,
    "percentiles": {
      "p10": 44044.795173013415,
      "p25": 45199.39346623132,
      "p50": 45711.9902550463,
      "p75": 46441.37439930294,
      "p90": 47202.237386052715,
      "p95": 47825.64889550199,
      "p99": 49180.17844491868
    }
  },
  "details": {
    "DNSDialup": {
      "average": 0.0006740556799999999,
      "fastest": 0.000132708,
      "slowest": 0.000965403
    },
    "DNSLookup": {
      "average": 0.000006457199999999999,
      "fastest": 0.000003396,
      "slowest": 0.000037139
    }
  },
  "statusCodeDistribution": {
    "200": 454728
  },
  "errorDistribution": {}
}