{
  "summary": {
    "successRate": 1,
    "total": 10.000722585,
    "slowest": 0.010874669,
    "fastest": 0.000298802,
    "average": 0.0014811795528048477,
    "requestsPerSec": 33726.46297637502,
    "totalData": 4384757,
    "sizePerRequest": 13,
    "sizePerSec": 438444.0186928753
  },
  "responseTimeHistogram": {
    "0.000298802": 1,
    "0.0013563886999999998": 97035,
    "0.0024139753999999998": 223892,
    "0.0034715620999999997": 14263,
    "0.0045291488": 353,
    "0.0055867354999999995": 63,
    "0.0066443221999999994": 91,
    "0.007701908899999999": 55,
    "0.0087594956": 90,
    "0.0098170823": 551,
    "0.010874669": 895
  },
  "latencyPercentiles": {
    "p10": 0.001132507,
    "p25": 0.001216707,
    "p50": 0.001435909,
    "p75": 0.001479109,
    "p90": 0.00152811,
    "p95": 0.002340016,
    "p99": 0.003033419
  },
  "rps": {
    "mean": 33742.95814065263,
    "stddev": 6005.406057152861,
    "max": 38827.85757588585,
    "percentiles": {
      "p10": 30204.642453544904,
      "p25": 31669.463801903246,
      "p50": 36152.906162878775,
      "p75": 36843.50675084054,
      "p90": 37396.76743963787,
      "p95": 37600.1391205137,
      "p99": 38057.38250991726
    }
  },
  "details": {
    "DNSDialup": {
      "average": 0.0011274594600000003,
      "fastest": 0.000057601,
      "slowest": 0.001313108
    },
    "DNSLookup": {
      "average": 0.000004484020000000001,
      "fastest": 0.0000029,
      "slowest": 0.0000397
    }
  },
  "statusCodeDistribution": {
    "200": 337289
  },
  "errorDistribution": {}
}