{
  "summary": {
    "successRate": 1,
    "total": 10.000416892,
    "slowest": 0.010666251,
    "fastest": 0.000618033,
    "average": 0.001553311369525512,
    "requestsPerSec": 32150.159685562834,
    "totalData": 4179695,
    "sizePerRequest": 13,
    "sizePerSec": 417952.07591231685
  },
  "responseTimeHistogram": {
    "0.000618033": 1,
    "0.0016228548": 256819,
    "0.0026276766": 60604,
    "0.0036324984": 2437,
    "0.0046373201999999995": 101,
    "0.005642141999999999": 39,
    "0.006646963800000001": 1051,
    "0.0076517856000000006": 356,
    "0.0086566074": 40,
    "0.0096614292": 17,
    "0.010666251": 50
  },
  "latencyPercentiles": {
    "p10": 0.001285449,
    "p25": 0.001408315,
    "p50": 0.001496783,
    "p75": 0.001590568,
    "p90": 0.001735869,
    "p95": 0.002002948,
    "p99": 0.002703515
  },
  "rps": {
    "mean": 32154.700371276256,
    "stddev": 3882.810285807382,
    "max": 37707.1040183979,
    "percentiles": {
      "p10": 29518.747712933902,
      "p25": 31399.69894532223,
      "p50": 33216.48534167679,
      "p75": 34112.94754818385,
      "p90": 34808.59058719601,
      "p95": 35195.01184503094,
      "p99": 36203.94918341
    }
  },
  "details": {
    "DNSDialup": {
      "average": 0.0011726367400000002,
      "fastest": 0.000089013,
      "slowest": 0.00266722
    },
    "DNSLookup": {
      "average": 0.000008034000000000003,
      "fastest": 0.000004027,
      "slowest": 0.000042279
    }
  },
  "statusCodeDistribution": {
    "200": 321515
  },
  "errorDistribution": {}
}