{
  "summary": {
    "successRate": 1,
    "total": 10.000334612,
    "slowest": 0.006191715,
    "fastest": 0.000403071,
    "average": 0.0011379448044713015,
    "requestsPerSec": 43869.332079505424,
    "totalData": 5703204,
    "sizePerRequest": 13,
    "sizePerSec": 570301.3170335705
  },
  "responseTimeHistogram": {
    "0.000403071": 1,
    "0.0009819354": 30290,
    "0.0015607998000000001": 405951,
    "0.0021396642": 1906,
    "0.0027185286": 327,
    "0.0032973930000000005": 126,
    "0.0038762574000000003": 11,
    "0.0044551218": 12,
    "0.0050339862": 33,
    "0.0056128506": 1,
    "0.006191715": 50
  },
  "latencyPercentiles": {
    "p10": 0.001000144,
    "p25": 0.001053232,
    "p50": 0.001146417,
    "p75": 0.001206334,
    "p90": 0.001259714,
    "p95": 0.001313735,
    "p99": 0.001444247
  },
  "rps": {
    "mean": 43868.60738974694,
    "stddev": 2526.5977361979844,
    "max": 52509.56119944249,
    "percentiles": {
      "p10": 42141.19723441991,
      "p25": 43169.16701478101,
      "p50": 44119.27646392119,
      "p75": 44911.4928510201,
      "p90": 45791.43231132661,
      "p95": 46577.5811616874,
      "p99": 48244.43312290606
    }
  },
  "details": {
    "DNSDialup": {
      "average": 0.0009457667,
      "fastest": 0.000087613,
      "slowest": 0.002150669
    },
    "DNSLookup": {
      "average": 0.00001028736,
      "fastest": 0.000004348,
      "slowest": 0.000046577
    }
  },
  "statusCodeDistribution": {
    "200": 438708
  },
  "errorDistribution": {}
}