{
  "summary": {
    "successRate": 1,
    "total": 10.000664147,
    "slowest": 0.007886287,
    "fastest": 0.00012346,
    "average": 0.001099522913562932,
    "requestsPerSec": 45402.284620887585,
    "totalData": 5902689,
    "sizePerRequest": 13,
    "sizePerSec": 590229.7000715387
  },
  "responseTimeHistogram": {
    "0.00012346": 1,
    "0.0008997427000000001": 11867,
    "0.0016760254000000002": 440777,
    "0.0024523081000000003": 1171,
    "0.0032285908000000006": 117,
    "0.0040048735000000005": 23,
    "0.0047811562": 18,
    "0.0055574389": 27,
    "0.006333721600000001": 2,
    "0.007110004300000001": 11,
    "0.007886287000000002": 39
  },
  "latencyPercentiles": {
    "p10": 0.000971422,
    "p25": 0.001018081,
    "p50": 0.001107465,
    "p75": 0.001168956,
    "p90": 0.001211592,
    "p95": 0.001248638,
    "p99": 0.001377709
  },
  "rps": {
    "mean": 45396.68458748463,
    "stddev": 2609.949004738469,
    "max": 54235.790197946735,
    "percentiles": {
      "p10": 44134.74728653739,
      "p25": 45139.29375521261,
      "p50": 45621.706808099225,
      "p75": 46379.25412702356,
      "p90": 47101.27644459159,
      "p95": 47663.4933237933,
      "p99": 49134.56125038574
    }
  },
  "details": {
    "DNSDialup": {
      "average": 0.00076634788,
      "fastest": 0.000078336,
      "slowest": 0.001216197
    },
    "DNSLookup": {
      "average": 0.000007283419999999997,
      "fastest": 0.000003446,
      "slowest": 0.000036278
    }
  },
  "statusCodeDistribution": {
    "200": 454053
  },
  "errorDistribution": {}
}