{
  "summary": {
    "successRate": 1,
    "total": 10.000752226,
    "slowest": 0.008277049,
    "fastest": 0.000171178,
    "average": 0.0008006424713913318,
    "requestsPerSec": 62348.809960407874,
    "totalData": 8105955,
    "sizePerRequest": 13,
    "sizePerSec": 810534.5294853024
  },
  "responseTimeHistogram": {
    "0.000171178": 1,
    "0.0009817651": 606719,
    "0.0017923522": 16198,
    "0.0026029393": 489,
    "0.0034135264": 28,
    "0.0042241135": 14,
    "0.0050347006": 32,
    "0.0058452877": 4,
    "0.0066558748": 0,
    "0.0074664619000000005": 22,
    "0.008277049": 28
  },
  "latencyPercentiles": {
    "p10": 0.000699395,
    "p25": 0.000733074,
    "p50": 0.000808114,
    "p75": 0.000849926,
    "p90": 0.000881669,
    "p95": 0.000915829,
    "p99": 0.001041366
  },
  "rps": {
    "mean": 62346.51821293422,
    "stddev": 3627.6756655138424,
    "max": 66615.71816402554,
    "percentiles": {
      "p10": 60787.02878911724,
      "p25": 61878.9575498387,
      "p50": 62859.153089712825,
      "p75": 63734.619499293425,
      "p90": 64346.118988113114,
      "p95": 64910.48953510762,
      "p99": 65827.07740880853
    }
  },
  "details": {
    "DNSDialup": {
      "average": 0.0004920019600000001,
      "fastest": 0.00007783,
      "slowest": 0.000880042
    },
    "DNSLookup": {
      "average": 0.00000556848,
      "fastest": 0.000002699,
      "slowest": 0.000037215
    }
  },
  "statusCodeDistribution": {
    "200": 623535
  },
  "errorDistribution": {}
}