{
  "summary": {
    "successRate": 1,
    "total": 10.000729111,
    "slowest": 0.008000171,
    "fastest": 0.000266106,
    "average": 0.001101489495462908,
    "requestsPerSec": 45322.995450546405,
    "totalData": 5892419,
    "sizePerRequest": 13,
    "sizePerSec": 589198.9408571033
  },
  "responseTimeHistogram": {
    "0.000266106": 1,
    "0.0010395125": 144252,
    "0.001812919": 308091,
    "0.0025863254999999997": 738,
    "0.003359732": 73,
    "0.0041331385": 15,
    "0.004906545": 23,
    "0.0056799515000000005": 20,
    "0.006453358": 0,
    "0.0072267645": 22,
    "0.008000171": 28
  },
  "latencyPercentiles": {
    "p10": 0.000972786,
    "p25": 0.001020183,
    "p50": 0.00110998,
    "p75": 0.001169722,
    "p90": 0.001214866,
    "p95": 0.001253378,
    "p99": 0.001383592
  },
  "rps": {
    "mean": 45318.94850921,
    "stddev": 2637.9365435179866,
    "max": 51849.16486239162,
    "percentiles": {
      "p10": 43717.59195900471,
      "p25": 44926.93819214025,
      "p50": 45576.50634404672,
      "p75": 46345.789640167095,
      "p90": 47250.73784229322,
      "p95": 47747.7266916109,
      "p99": 49119.50671474175
    }
  },
  "details": {
    "DNSDialup": {
      "average": 0.0007989198799999999,
      "fastest": 0.000099156,
      "slowest": 0.00118153
    },
    "DNSLookup": {
      "average": 0.000006125,
      "fastest": 0.000003086,
      "slowest": 0.000031529
    }
  },
  "statusCodeDistribution": {
    "200": 453263
  },
  "errorDistribution": {}
}