{
  "summary": {
    "successRate": 1,
    "total": 10.000705726,
    "slowest": 0.00825087,
    "fastest": 0.000288165,
    "average": 0.0011210264977275749,
    "requestsPerSec": 44530.257383957745,
    "totalData": 5789342,
    "sizePerRequest": 13,
    "sizePerSec": 578893.3459914507
  },
  "responseTimeHistogram": {
    "0.000288165": 1,
    "0.0010844355": 175522,
    "0.001880706": 268852,
    "0.0026769765": 759,
    "0.003473247": 84,
    "0.0042695175": 19,
    "0.005065788": 19,
    "0.0058620585000000005": 28,
    "0.006658329": 0,
    "0.0074545995": 11,
    "0.00825087": 39
  },
  "latencyPercentiles": {
    "p10": 0.000987989,
    "p25": 0.001037624,
    "p50": 0.00112724,
    "p75": 0.001191087,
    "p90": 0.001238237,
    "p95": 0.001278514,
    "p99": 0.00141361
  },
  "rps": {
    "mean": 44526.18951063562,
    "stddev": 2592.091986240194,
    "max": 49662.606555504506,
    "percentiles": {
      "p10": 43143.506263703006,
      "p25": 44157.700867723965,
      "p50": 44887.011322925835,
      "p75": 45521.635040232155,
      "p90": 46302.416986166136,
      "p95": 46758.56978451262,
      "p99": 47915.48628516875
    }
  },
  "details": {
    "DNSDialup": {
      "average": 0.0007017681599999999,
      "fastest": 0.000076392,
      "slowest": 0.001418272
    },
    "DNSLookup": {
      "average": 0.000008823020000000001,
      "fastest": 0.000002915,
      "slowest": 0.000034424
    }
  },
  "statusCodeDistribution": {
    "200": 445334
  },
  "errorDistribution": {}
}