{
  "summary": {
    "successRate": 1,
    "total": 10.000635346,
    "slowest": 0.008720376,
    "fastest": 0.000708426,
    "average": 0.0014918818090316306,
    "requestsPerSec": 33473.57326991173,
    "totalData": 4351841,
    "sizePerRequest": 13,
    "sizePerSec": 435156.45250885247
  },
  "responseTimeHistogram": {
    "0.000708426": 1,
    "0.001509621": 238559,
    "0.002310816": 85143,
    "0.0031120109999999996": 8994,
    "0.003913206": 357,
    "0.004714401": 130,
    "0.005515595999999999": 152,
    "0.0063167909999999996": 266,
    "0.007117986": 937,
    "0.007919181": 92,
    "0.008720376": 126
  },
  "latencyPercentiles": {
    "p10": 0.001228687,
    "p25": 0.001349753,
    "p50": 0.00144289,
    "p75": 0.001526696,
    "p90": 0.001652612,
    "p95": 0.001834326,
    "p99": 0.002706376
  },
  "rps": {
    "mean": 33475.62458031153,
    "stddev": 4134.812933192744,
    "max": 45667.553546723604,
    "percentiles": {
      "p10": 30458.21478591967,
      "p25": 32649.939014578136,
      "p50": 34601.87196127353,
      "p75": 35481.46477595173,
      "p90": 36142.83648980882,
      "p95": 36551.479022279054,
      "p99": 39614.68120085297
    }
  },
  "details": {
    "DNSDialup": {
      "average": 0.00115281388,
      "fastest": 0.000115092,
      "slowest": 0.002299844
    },
    "DNSLookup": {
      "average": 0.000011428359999999996,
      "fastest": 0.000003948,
      "slowest": 0.000205173
    }
  },
  "statusCodeDistribution": {
    "200": 334757
  },
  "errorDistribution": {}
}