{
  "summary": {
    "successRate": 1,
    "total": 10.000679178,
    "slowest": 0.00847721,
    "fastest": 0.000365783,
    "average": 0.0011176139526362712,
    "requestsPerSec": 44664.066514863254,
    "totalData": 5806723,
    "sizePerRequest": 13,
    "sizePerSec": 580632.8646932223
  },
  "responseTimeHistogram": {
    "0.000365783": 1,
    "0.0011769257000000001": 317549,
    "0.0019880684": 128309,
    "0.0027992111000000003": 633,
    "0.0036103538000000004": 79,
    "0.0044214965": 7,
    "0.0052326392": 21,
    "0.0060437819000000005": 22,
    "0.0068549246": 0,
    "0.0076660673": 22,
    "0.00847721": 28
  },
  "latencyPercentiles": {
    "p10": 0.000982775,
    "p25": 0.001032328,
    "p50": 0.001123227,
    "p75": 0.001185947,
    "p90": 0.001237221,
    "p95": 0.00128719,
    "p99": 0.001431454
  },
  "rps": {
    "mean": 44664.27537038631,
    "stddev": 2723.179247718401,
    "max": 49202.794236729664,
    "percentiles": {
      "p10": 43086.8201434608,
      "p25": 44219.05841417749,
      "p50": 45120.74651924385,
      "p75": 45750.0065790923,
      "p90": 46575.20989088093,
      "p95": 47139.32834163313,
      "p99": 48293.55911206341
    }
  },
  "details": {
    "DNSDialup": {
      "average": 0.0007210042999999999,
      "fastest": 0.000087063,
      "slowest": 0.00168572
    },
    "DNSLookup": {
      "average": 0.000007973540000000004,
      "fastest": 0.000003436,
      "slowest": 0.000047038
    }
  },
  "statusCodeDistribution": {
    "200": 446671
  },
  "errorDistribution": {}
}