{
  "summary": {
    "successRate": 1,
    "total": 10.000638023,
    "slowest": 0.008993331,
    "fastest": 0.000169327,
    "average": 0.001105270733689608,
    "requestsPerSec": 45169.21809999602,
    "totalData": 5872373,
    "sizePerRequest": 13,
    "sizePerSec": 587199.8352999482
  },
  "responseTimeHistogram": {
    "0.000169327": 1,
    "0.0010517274": 156988,
    "0.0019341278": 293975,
    "0.0028165282": 617,
    "0.0036989286": 40,
    "0.004581329": 10,
    "0.005463729400000001": 32,
    "0.0063461298": 8,
    "0.0072285302000000004": 0,
    "0.0081109306": 18,
    "0.008993331": 32
  },
  "latencyPercentiles": {
    "p10": 0.000971469,
    "p25": 0.001022086,
    "p50": 0.001112295,
    "p75": 0.001175362,
    "p90": 0.001225264,
    "p95": 0.00127057,
    "p99": 0.001391646
  },
  "rps": {
    "mean": 45166.141306694015,
    "stddev": 2676.074148940283,
    "max": 50034.754140222736,
    "percentiles": {
      "p10": 43324.66672851069,
      "p25": 44604.59682517452,
      "p50": 45443.32692010297,
      "p75": 46318.71950997584,
      "p90": 47143.07462728661,
      "p95": 47726.45954917281,
      "p99": 48729.01833177278
    }
  },
  "details": {
    "DNSDialup": {
      "average": 0.00048187017999999995,
      "fastest": 0.000075499,
      "slowest": 0.000969575
    },
    "DNSLookup": {
      "average": 0.000006742439999999998,
      "fastest": 0.000003066,
      "slowest": 0.000035296
    }
  },
  "statusCodeDistribution": {
    "200": 451721
  },
  "errorDistribution": {}
}