{
  "summary": {
    "successRate": 1,
    "total": 10.000724705,
    "slowest": 0.006498667,
    "fastest": 0.00033666,
    "average": 0.0011190291348913781,
    "requestsPerSec": 44608.96716584501,
    "totalData": 5799586,
    "sizePerRequest": 13,
    "sizePerSec": 579916.5731559851
  },
  "responseTimeHistogram": {
    "0.00033666": 1,
    "0.0009528607": 25197,
    "0.0015690613999999998": 418812,
    "0.0021852621": 1416,
    "0.0028014627999999996": 537,
    "0.0034176634999999993": 33,
    "0.0040338642": 29,
    "0.0046500649": 8,
    "0.005266265599999999": 29,
    "0.005882466299999999": 10,
    "0.006498666999999999": 50
  },
  "latencyPercentiles": {
    "p10": 0.000983656,
    "p25": 0.001034803,
    "p50": 0.001124919,
    "p75": 0.0011898,
    "p90": 0.001239476,
    "p95": 0.001286722,
    "p99": 0.001419202
  },
  "rps": {
    "mean": 44607.728893046384,
    "stddev": 2591.6309804903585,
    "max": 49773.149300305486,
    "percentiles": {
      "p10": 43096.9163454745,
      "p25": 44115.4448172281,
      "p50": 44971.8729607971,
      "p75": 45646.212225258336,
      "p90": 46520.55042792664,
      "p95": 47028.56655304046,
      "p99": 48300.086940156136
    }
  },
  "details": {
    "DNSDialup": {
      "average": 0.00070672448,
      "fastest": 0.000095108,
      "slowest": 0.001093477
    },
    "DNSLookup": {
      "average": 0.000006728059999999999,
      "fastest": 0.000003517,
      "slowest": 0.000031629
    }
  },
  "statusCodeDistribution": {
    "200": 446122
  },
  "errorDistribution": {}
}