{
  "summary": {
    "successRate": 1,
    "total": 10.000747844,
    "slowest": 0.00790564,
    "fastest": 0.000208046,
    "average": 0.0007774517687678296,
    "requestsPerSec": 64200.79878178359,
    "totalData": 8346728,
    "sizePerRequest": 13,
    "sizePerSec": 834610.3841631867
  },
  "responseTimeHistogram": {
    "0.000208046": 1,
    "0.0009778054": 634560,
    "0.0017475648": 6898,
    "0.0025173241999999997": 466,
    "0.0032870836": 31,
    "0.004056843": 20,
    "0.004826602399999999": 26,
    "0.0055963618": 4,
    "0.0063661212": 0,
    "0.0071358806": 11,
    "0.00790564": 39
  },
  "latencyPercentiles": {
    "p10": 0.000683787,
    "p25": 0.000715342,
    "p50": 0.000785664,
    "p75": 0.000824561,
    "p90": 0.000851506,
    "p95": 0.000879564,
    "p99": 0.000996204
  },
  "rps": {
    "mean": 64194.6669219036,
    "stddev": 3790.252076552923,
    "max": 68861.25897598483,
    "percentiles": {
      "p10": 62910.940383103465,
      "p25": 64007.23281730556,
      "p50": 64749.92196933473,
      "p75": 65441.12010960044,
      "p90": 66257.69215107666,
      "p95": 66712.36126482146,
      "p99": 67470.8128402894
    }
  },
  "details": {
    "DNSDialup": {
      "average": 0.00047297314,
      "fastest": 0.000067339,
      "slowest": 0.00094059
    },
    "DNSLookup": {
      "average": 0.0000076136599999999985,
      "fastest": 0.00000298,
      "slowest": 0.000126785
    }
  },
  "statusCodeDistribution": {
    "200": 642056
  },
  "errorDistribution": {}
}