{
  "summary": {
    "successRate": 1,
    "total": 10.000371703,
    "slowest": 0.007505685,
    "fastest": 0.000186248,
    "average": 0.0011312993794965226,
    "requestsPerSec": 44124.459880588896,
    "totalData": 5736393,
    "sizePerRequest": 13,
    "sizePerSec": 573617.9784476557
  },
  "responseTimeHistogram": {
    "0.000186248": 1,
    "0.0009181917": 18995,
    "0.0016501354": 420842,
    "0.0023820791": 1227,
    "0.0031140228": 97,
    "0.0038459665": 45,
    "0.0045779102": 18,
    "0.0053098539": 16,
    "0.0060417976": 5,
    "0.0067737413": 13,
    "0.007505685": 2
  },
  "latencyPercentiles": {
    "p10": 0.000987071,
    "p25": 0.001049578,
    "p50": 0.001139886,
    "p75": 0.001215726,
    "p90": 0.001262153,
    "p95": 0.001295597,
    "p99": 0.001416823
  },
  "rps": {
    "mean": 44119.23205607691,
    "stddev": 3034.210575089031,
    "max": 70190.67296310965,
    "percentiles": {
      "p10": 42162.442577456844,
      "p25": 43113.42552070842,
      "p50": 43922.85306044711,
      "p75": 44830.843620407504,
      "p90": 46494.94198571466,
      "p95": 49413.33665956298,
      "p99": 50964.82982692283
    }
  },
  "details": {
    "DNSDialup": {
      "average": 0.0010545708199999997,
      "fastest": 0.000121908,
      "slowest": 0.002182043
    },
    "DNSLookup": {
      "average": 0.0000506868,
      "fastest": 0.000004358,
      "slowest": 0.002077586
    }
  },
  "statusCodeDistribution": {
    "200": 441261
  },
  "errorDistribution": {}
}