{
  "summary": {
    "successRate": 1,
    "total": 10.000811057,
    "slowest": 0.013592867,
    "fastest": 0.000328797,
    "average": 0.001525886261169273,
    "requestsPerSec": 32738.944684974063,
    "totalData": 4256408,
    "sizePerRequest": 13,
    "sizePerSec": 425606.28090466285
  },
  "responseTimeHistogram": {
    "0.000328797": 1,
    "0.001655204": 296465,
    "0.002981611": 18886,
    "0.004308017999999999": 9872,
    "0.005634424999999999": 471,
    "0.006960831999999999": 140,
    "0.008287239": 80,
    "0.009613646": 156,
    "0.010940053": 588,
    "0.01226646": 655,
    "0.013592867": 102
  },
  "latencyPercentiles": {
    "p10": 0.001208588,
    "p25": 0.001354087,
    "p50": 0.001409086,
    "p75": 0.001483885,
    "p90": 0.001641084,
    "p95": 0.002496075,
    "p99": 0.003492665
  },
  "rps": {
    "mean": 32834.81968611305,
    "stddev": 6889.367414015404,
    "max": 46315.40792799067,
    "percentiles": {
      "p10": 28108.14855226606,
      "p25": 30110.535676433712,
      "p50": 35691.589579386455,
      "p75": 36416.96593609134,
      "p90": 36945.052007730636,
      "p95": 37406.22411261802,
      "p99": 38419.64587565264
    }
  },
  "details": {
    "DNSDialup": {
      "average": 0.00146224974,
      "fastest": 0.000071299,
      "slowest": 0.002993771
    },
    "DNSLookup": {
      "average": 0.000004417959999999999,
      "fastest": 0.0000029,
      "slowest": 0.0000393
    }
  },
  "statusCodeDistribution": {
    "200": 327416
  },
  "errorDistribution": {}
}