{
  "summary": {
    "successRate": 1,
    "total": 10.000710327,
    "slowest": 0.006504678,
    "fastest": 0.000153871,
    "average": 0.0011607193625568304,
    "requestsPerSec": 43003.445349167545,
    "totalData": 5590845,
    "sizePerRequest": 13,
    "sizePerSec": 559044.7895391781
  },
  "responseTimeHistogram": {
    "0.000153871": 1,
    "0.0007889517": 1430,
    "0.0014240324000000001": 423416,
    "0.0020591131": 4457,
    "0.0026941938": 586,
    "0.0033292745": 59,
    "0.0039643552": 19,
    "0.0045994359": 4,
    "0.0052345166": 15,
    "0.0058695973": 47,
    "0.006504678": 31
  },
  "latencyPercentiles": {
    "p10": 0.001027406,
    "p25": 0.00107636,
    "p50": 0.001169101,
    "p75": 0.001232228,
    "p90": 0.001278137,
    "p95": 0.001313651,
    "p99": 0.001460231
  },
  "rps": {
    "mean": 43001.33140945304,
    "stddev": 2332.5102721487897,
    "max": 48339.05795882623,
    "percentiles": {
      "p10": 41920.893373257364,
      "p25": 42545.77499932374,
      "p50": 43226.006216282876,
      "p75": 43857.159035368306,
      "p90": 44409.576198404495,
      "p95": 45131.61469608983,
      "p99": 46315.33685862312
    }
  },
  "details": {
    "DNSDialup": {
      "average": 0.00088202088,
      "fastest": 0.000096553,
      "slowest": 0.001666683
    },
    "DNSLookup": {
      "average": 0.000010491779999999997,
      "fastest": 0.000003326,
      "slowest": 0.000180306
    }
  },
  "statusCodeDistribution": {
    "200": 430065
  },
  "errorDistribution": {}
}