{
  "summary": {
    "successRate": 1,
    "total": 10.000622797,
    "slowest": 0.009446604,
    "fastest": 0.000222514,
    "average": 0.0012058238574172108,
    "requestsPerSec": 41394.42196781817,
    "totalData": 5381610,
    "sizePerRequest": 13,
    "sizePerSec": 538127.4855816362
  },
  "responseTimeHistogram": {
    "0.000222514": 1,
    "0.0011449230000000002": 138408,
    "0.0020673320000000003": 274812,
    "0.0029897410000000006": 601,
    "0.0039121500000000005": 45,
    "0.004834559": 23,
    "0.005756968000000001": 20,
    "0.006679377000000001": 10,
    "0.007601786000000001": 0,
    "0.008524195000000002": 31,
    "0.009446604": 19
  },
  "latencyPercentiles": {
    "p10": 0.001067834,
    "p25": 0.001118386,
    "p50": 0.00121492,
    "p75": 0.001280013,
    "p90": 0.001325732,
    "p95": 0.001360323,
    "p99": 0.001494114
  },
  "rps": {
    "mean": 41391.038888322386,
    "stddev": 2299.552187981404,
    "max": 46148.497455977435,
    "percentiles": {
      "p10": 40500.86335008609,
      "p25": 40986.805956335724,
      "p50": 41610.43826419786,
      "p75": 42146.63340595061,
      "p90": 42822.49803788756,
      "p95": 43284.8256072655,
      "p99": 44182.857716977305
    }
  },
  "details": {
    "DNSDialup": {
      "average": 0.00090233288,
      "fastest": 0.000083898,
      "slowest": 0.001853581
    },
    "DNSLookup": {
      "average": 0.000022335999999999998,
      "fastest": 0.000002605,
      "slowest": 0.000850219
    }
  },
  "statusCodeDistribution": {
    "200": 413970
  },
  "errorDistribution": {}
}