{
  "summary": {
    "successRate": 1,
    "total": 10.000721101,
    "slowest": 0.009190867,
    "fastest": 0.000266755,
    "average": 0.0011104485605603236,
    "requestsPerSec": 44956.05821414657,
    "totalData": 5844709,
    "sizePerRequest": 13,
    "sizePerSec": 584428.7567839054
  },
  "responseTimeHistogram": {
    "0.000266755": 1,
    "0.0011591662": 296225,
    "0.0020515774": 152738,
    "0.0029439885999999996": 490,
    "0.0038363997999999997": 39,
    "0.004728810999999999": 10,
    "0.005621222199999999": 20,
    "0.006513633399999999": 20,
    "0.007406044599999999": 0,
    "0.0082984558": 14,
    "0.009190867": 36
  },
  "latencyPercentiles": {
    "p10": 0.000977585,
    "p25": 0.001026945,
    "p50": 0.001120391,
    "p75": 0.001178792,
    "p90": 0.001230876,
    "p95": 0.001280758,
    "p99": 0.001398147
  },
  "rps": {
    "mean": 44951.94279061475,
    "stddev": 2890.998570682342,
    "max": 61093.24529661184,
    "percentiles": {
      "p10": 42740.38966823678,
      "p25": 44317.56748374865,
      "p50": 45269.61222955521,
      "p75": 46062.69593543856,
      "p90": 46897.53749849239,
      "p95": 47771.11060691256,
      "p99": 50647.705073409496
    }
  },
  "details": {
    "DNSDialup": {
      "average": 0.00070724278,
      "fastest": 0.000162399,
      "slowest": 0.001096178
    },
    "DNSLookup": {
      "average": 0.000006714160000000001,
      "fastest": 0.000003477,
      "slowest": 0.000033011
    }
  },
  "statusCodeDistribution": {
    "200": 449593
  },
  "errorDistribution": {}
}