{
  "summary": {
    "successRate": 1,
    "total": 10.002273236,
    "slowest": 0.019244138,
    "fastest": 0.000201502,
    "average": 0.0020969696479286913,
    "requestsPerSec": 23810.787246124375,
    "totalData": 3096106,
    "sizePerRequest": 13,
    "sizePerSec": 309540.2341996169
  },
  "responseTimeHistogram": {
    "0.000201502": 1,
    "0.0021057656": 187155,
    "0.0040100292": 40178,
    "0.005914292800000001": 8588,
    "0.007818556400000001": 644,
    "0.00972282": 316,
    "0.011627083600000001": 194,
    "0.0135313472": 340,
    "0.015435610800000001": 585,
    "0.0173398744": 99,
    "0.019244138": 62
  },
  "latencyPercentiles": {
    "p10": 0.00158012,
    "p25": 0.001768522,
    "p50": 0.001884624,
    "p75": 0.002061226,
    "p90": 0.002500531,
    "p95": 0.003821948,
    "p99": 0.00560737
  },
  "rps": {
    "mean": 23983.36060001349,
    "stddev": 5802.736424608755,
    "max": 66639.74943448967,
    "percentiles": {
      "p10": 17879.5378905741,
      "p25": 21211.615480637895,
      "p50": 26253.016067653913,
      "p75": 27403.496686174985,
      "p90": 28189.377874730282,
      "p95": 28626.689234907808,
      "p99": 29457.230915736116
    }
  },
  "details": {
    "DNSDialup": {
      "average": 0.00167451106,
      "fastest": 0.000083401,
      "slowest": 0.001906224
    },
    "DNSLookup": {
      "average": 0.00000482602,
      "fastest": 0.0000039,
      "slowest": 0.000031
    }
  },
  "statusCodeDistribution": {
    "200": 238162
  },
  "errorDistribution": {}
}