{
  "summary": {
    "successRate": 1,
    "total": 10.000700136,
    "slowest": 0.007994566,
    "fastest": 0.000111111,
    "average": 0.0007984095180506331,
    "requestsPerSec": 62516.92296516228,
    "totalData": 8127769,
    "sizePerRequest": 13,
    "sizePerSec": 812719.9985471097
  },
  "responseTimeHistogram": {
    "0.000111111": 1,
    "0.0008994564999999999": 589214,
    "0.001687802": 35186,
    "0.0024761475": 668,
    "0.003264493": 23,
    "0.004052838499999999": 38,
    "0.004841183999999999": 33,
    "0.005629529499999999": 0,
    "0.006417874999999999": 0,
    "0.007206220499999999": 33,
    "0.007994566": 17
  },
  "latencyPercentiles": {
    "p10": 0.000699748,
    "p25": 0.000732204,
    "p50": 0.000805354,
    "p75": 0.000844918,
    "p90": 0.000875846,
    "p95": 0.000908661,
    "p99": 0.001047456
  },
  "rps": {
    "mean": 62514.56311330689,
    "stddev": 3585.7058889414857,
    "max": 69536.14460619904,
    "percentiles": {
      "p10": 61035.00357454999,
      "p25": 62117.80917589251,
      "p50": 63046.56619378681,
      "p75": 63825.926091176225,
      "p90": 64325.234840038334,
      "p95": 64638.562535628895,
      "p99": 65328.83151583787
    }
  },
  "details": {
    "DNSDialup": {
      "average": 0.00046626188000000005,
      "fastest": 0.000069364,
      "slowest": 0.001076089
    },
    "DNSLookup": {
      "average": 0.000006143739999999999,
      "fastest": 0.000003259,
      "slowest": 0.000039563
    }
  },
  "statusCodeDistribution": {
    "200": 625213
  },
  "errorDistribution": {}
}