{
  "summary": {
    "successRate": 1,
    "total": 10.000728572,
    "slowest": 0.01672261,
    "fastest": 0.000224113,
    "average": 0.0016525572101943635,
    "requestsPerSec": 30218.398372106123,
    "totalData": 3928678,
    "sizePerRequest": 13,
    "sizePerSec": 392839.1788373796
  },
  "responseTimeHistogram": {
    "0.000224113": 1,
    "0.0018739626999999997": 273733,
    "0.0035238123999999996": 20497,
    "0.005173662099999999": 2324,
    "0.0068235117999999985": 4626,
    "0.008473361499999998": 225,
    "0.010123211199999997": 179,
    "0.011773060899999998": 20,
    "0.013422910599999997": 106,
    "0.015072760299999996": 45,
    "0.01672261": 450
  },
  "latencyPercentiles": {
    "p10": 0.001213566,
    "p25": 0.001389176,
    "p50": 0.001509683,
    "p75": 0.001590986,
    "p90": 0.001829,
    "p95": 0.002671645,
    "p99": 0.005648607
  },
  "rps": {
    "mean": 30441.687503751906,
    "stddev": 7177.148250643185,
    "max": 46151.32163710381,
    "percentiles": {
      "p10": 19190.884189343873,
      "p25": 29868.10675610896,
      "p50": 33644.53693064893,
      "p75": 34713.73969816932,
      "p90": 35390.258027155185,
      "p95": 35916.63656559001,
      "p99": 37046.736243769854
    }
  },
  "details": {
    "DNSDialup": {
      "average": 0.0020033549999999996,
      "fastest": 0.000101306,
      "slowest": 0.003611196
    },
    "DNSLookup": {
      "average": 0.000009474439999999998,
      "fastest": 0.0000032,
      "slowest": 0.000202011
    }
  },
  "statusCodeDistribution": {
    "200": 302206
  },
  "errorDistribution": {}
}