{
  "summary": {
    "successRate": 1,
    "total": 10.000679057,
    "slowest": 0.007857834,
    "fastest": 0.000363869,
    "average": 0.0011014624816803131,
    "requestsPerSec": 45322.422349184686,
    "totalData": 5892315,
    "sizePerRequest": 13,
    "sizePerSec": 589191.490539401
  },
  "responseTimeHistogram": {
    "0.000363869": 1,
    "0.0011132655": 231714,
    "0.0018626619999999997": 220725,
    "0.0026120584999999997": 639,
    "0.0033614549999999997": 60,
    "0.004110851499999999": 19,
    "0.004860247999999999": 12,
    "0.005609644499999999": 35,
    "0.006359040999999999": 0,
    "0.007108437499999999": 11,
    "0.007857834": 39
  },
  "latencyPercentiles": {
    "p10": 0.000970621,
    "p25": 0.001018702,
    "p50": 0.001109485,
    "p75": 0.001169334,
    "p90": 0.001216395,
    "p95": 0.001260698,
    "p99": 0.001387372
  },
  "rps": {
    "mean": 45321.66699368758,
    "stddev": 2624.2452104105173,
    "max": 50201.129525415214,
    "percentiles": {
      "p10": 43594.60902049606,
      "p25": 44932.45862115067,
      "p50": 45613.81642499478,
      "p75": 46383.62039083929,
      "p90": 47072.33748225041,
      "p95": 47735.53910886569,
      "p99": 49207.9730199408
    }
  },
  "details": {
    "DNSDialup": {
      "average": 0.0007616376000000001,
      "fastest": 0.000094439,
      "slowest": 0.001297364
    },
    "DNSLookup": {
      "average": 0.000006926860000000002,
      "fastest": 0.000002926,
      "slowest": 0.000033463
    }
  },
  "statusCodeDistribution": {
    "200": 453255
  },
  "errorDistribution": {}
}