{
  "summary": {
    "successRate": 1,
    "total": 10.000844626,
    "slowest": 0.00899351,
    "fastest": 0.000152131,
    "average": 0.001169371754644861,
    "requestsPerSec": 42694.09394582069,
    "totalData": 5550701,
    "sizePerRequest": 13,
    "sizePerSec": 555023.2212956691
  },
  "responseTimeHistogram": {
    "0.000152131": 1,
    "0.0010362689": 48469,
    "0.0019204068": 377556,
    "0.0028045446999999998": 772,
    "0.0036886825999999998": 74,
    "0.0045728205": 23,
    "0.0054569584": 15,
    "0.0063410963": 17,
    "0.0072252342": 0,
    "0.0081093721": 0,
    "0.00899351": 50
  },
  "latencyPercentiles": {
    "p10": 0.001029175,
    "p25": 0.001082889,
    "p50": 0.001181825,
    "p75": 0.001248071,
    "p90": 0.001295733,
    "p95": 0.001339811,
    "p99": 0.00151056
  },
  "rps": {
    "mean": 42689.610472347995,
    "stddev": 2586.7952280874906,
    "max": 55670.59588263664,
    "percentiles": {
      "p10": 41500.16185063167,
      "p25": 42109.45357232466,
      "p50": 42758.42083038074,
      "p75": 43346.55184242537,
      "p90": 44400.80365454655,
      "p95": 45734.73553163534,
      "p99": 48390.94097489894
    }
  },
  "details": {
    "DNSDialup": {
      "average": 0.00095380808,
      "fastest": 0.000140394,
      "slowest": 0.002373106
    },
    "DNSLookup": {
      "average": 0.000005377280000000001,
      "fastest": 0.000002415,
      "slowest": 0.000035978
    }
  },
  "statusCodeDistribution": {
    "200": 426977
  },
  "errorDistribution": {}
}