{
  "summary": {
    "successRate": 1,
    "total": 10.000627465,
    "slowest": 0.007336135,
    "fastest": 0.00026689,
    "average": 0.0011709952351708617,
    "requestsPerSec": 42626.325347276594,
    "totalData": 5541770,
    "sizePerRequest": 13,
    "sizePerSec": 554142.2295145957
  },
  "responseTimeHistogram": {
    "0.00026689": 1,
    "0.0009738145": 12269,
    "0.001680739": 412105,
    "0.0023876635": 1636,
    "0.003094588": 140,
    "0.0038015125": 41,
    "0.004508437": 12,
    "0.0052153615": 24,
    "0.005922286": 12,
    "0.0066292105": 9,
    "0.007336135": 41
  },
  "latencyPercentiles": {
    "p10": 0.001037935,
    "p25": 0.001087375,
    "p50": 0.001179527,
    "p75": 0.001243602,
    "p90": 0.001288313,
    "p95": 0.001320171,
    "p99": 0.001447859
  },
  "rps": {
    "mean": 42625.42887996969,
    "stddev": 2243.6396215481327,
    "max": 46805.81390349266,
    "percentiles": {
      "p10": 41681.642309442585,
      "p25": 42177.80898935634,
      "p50": 42904.49499794133,
      "p75": 43332.83268858386,
      "p90": 44068.73920240694,
      "p95": 44488.75344535265,
      "p99": 45910.063485915874
    }
  },
  "details": {
    "DNSDialup": {
      "average": 0.0007430847400000001,
      "fastest": 0.000093625,
      "slowest": 0.001606832
    },
    "DNSLookup": {
      "average": 0.000007532019999999999,
      "fastest": 0.000003226,
      "slowest": 0.0000424
    }
  },
  "statusCodeDistribution": {
    "200": 426290
  },
  "errorDistribution": {}
}