{
  "summary": {
    "successRate": 1,
    "total": 10.00078219,
    "slowest": 0.009222372,
    "fastest": 0.00046182,
    "average": 0.0014340833473127242,
    "requestsPerSec": 34820.076408443405,
    "totalData": 4526964,
    "sizePerRequest": 13,
    "sizePerSec": 452660.99330976425
  },
  "responseTimeHistogram": {
    "0.00046182": 1,
    "0.0013378752": 102526,
    "0.0022139304": 234077,
    "0.0030899856": 9462,
    "0.0039660408": 466,
    "0.004842096": 96,
    "0.0057181512": 52,
    "0.0065942064": 368,
    "0.0074702616": 959,
    "0.0083463168": 159,
    "0.009222372": 62
  },
  "latencyPercentiles": {
    "p10": 0.000982049,
    "p25": 0.001234861,
    "p50": 0.001460466,
    "p75": 0.001539452,
    "p90": 0.001616909,
    "p95": 0.001781687,
    "p99": 0.002728226
  },
  "rps": {
    "mean": 34830.329283368614,
    "stddev": 4566.50232658664,
    "max": 46030.20943338822,
    "percentiles": {
      "p10": 31403.21293996992,
      "p25": 34323.19218095577,
      "p50": 35951.694931839724,
      "p75": 36919.20878033074,
      "p90": 37986.00086488121,
      "p95": 38667.84416943357,
      "p99": 40777.560621885656
    }
  },
  "details": {
    "DNSDialup": {
      "average": 0.0014981250599999999,
      "fastest": 0.000071784,
      "slowest": 0.002665547
    },
    "DNSLookup": {
      "average": 0.00003247308,
      "fastest": 0.000003086,
      "slowest": 0.001296223
    }
  },
  "statusCodeDistribution": {
    "200": 348228
  },
  "errorDistribution": {}
}