{
  "summary": {
    "successRate": 1,
    "total": 10.000626585,
    "slowest": 0.00890729,
    "fastest": 0.000355259,
    "average": 0.0011121725983683367,
    "requestsPerSec": 44886.08750508606,
    "totalData": 5835557,
    "sizePerRequest": 13,
    "sizePerSec": 583519.1375661189
  },
  "responseTimeHistogram": {
    "0.000355259": 1,
    "0.0012104620999999999": 383963,
    "0.0020656652": 64302,
    "0.0029208682999999997": 469,
    "0.0037760714": 50,
    "0.0046312745": 23,
    "0.005486477599999999": 30,
    "0.0063416806999999995": 1,
    "0.0071968838": 0,
    "0.0080520869": 18,
    "0.00890729": 32
  },
  "latencyPercentiles": {
    "p10": 0.000980997,
    "p25": 0.001029749,
    "p50": 0.001119067,
    "p75": 0.001182643,
    "p90": 0.001228233,
    "p95": 0.001267634,
    "p99": 0.001401078
  },
  "rps": {
    "mean": 44891.292236696594,
    "stddev": 2600.8977641114693,
    "max": 51557.618582014555,
    "percentiles": {
      "p10": 43308.0423034605,
      "p25": 44402.0113707491,
      "p50": 45221.9681703514,
      "p75": 45844.01483864513,
      "p90": 46710.970147333246,
      "p95": 47309.19217603663,
      "p99": 48021.83054142156
    }
  },
  "details": {
    "DNSDialup": {
      "average": 0.0006784943800000002,
      "fastest": 0.000080975,
      "slowest": 0.001189356
    },
    "DNSLookup": {
      "average": 0.00000740474,
      "fastest": 0.000003306,
      "slowest": 0.000036719
    }
  },
  "statusCodeDistribution": {
    "200": 448889
  },
  "errorDistribution": {}
}