{
  "summary": {
    "successRate": 1,
    "total": 10.000673513,
    "slowest": 0.008864514,
    "fastest": 0.000281184,
    "average": 0.0011550740717516791,
    "requestsPerSec": 43216.98927958993,
    "totalData": 5618587,
    "sizePerRequest": 13,
    "sizePerSec": 561820.8606346691
  },
  "responseTimeHistogram": {
    "0.000281184": 1,
    "0.001139517": 186469,
    "0.00199785": 245068,
    "0.0028561829999999996": 498,
    "0.0037145159999999997": 63,
    "0.004572849": 14,
    "0.005431182": 34,
    "0.006289515": 2,
    "0.007147848": 0,
    "0.008006181": 26,
    "0.008864514": 24
  },
  "latencyPercentiles": {
    "p10": 0.001018154,
    "p25": 0.001070238,
    "p50": 0.00116352,
    "p75": 0.001223717,
    "p90": 0.001277534,
    "p95": 0.001322566,
    "p99": 0.001449664
  },
  "rps": {
    "mean": 43213.29274077425,
    "stddev": 2475.640233239031,
    "max": 56330.44097029866,
    "percentiles": {
      "p10": 41714.917254410626,
      "p25": 42547.1692704429,
      "p50": 43358.28843712577,
      "p75": 44211.99703162505,
      "p90": 44846.28783337401,
      "p95": 45421.670679075716,
      "p99": 47312.651402982396
    }
  },
  "details": {
    "DNSDialup": {
      "average": 0.0007875722400000001,
      "fastest": 0.000074688,
      "slowest": 0.001714516
    },
    "DNSLookup": {
      "average": 0.000007782680000000001,
      "fastest": 0.000003877,
      "slowest": 0.000044373
    }
  },
  "statusCodeDistribution": {
    "200": 432199
  },
  "errorDistribution": {}
}