{
  "summary": {
    "successRate": 1,
    "total": 10.000671528,
    "slowest": 0.137869697,
    "fastest": 0.000048802,
    "average": 0.0015110152431239816,
    "requestsPerSec": 32992.88443543008,
    "totalData": 4289363,
    "sizePerRequest": 13,
    "sizePerSec": 428907.4976605911
  },
  "responseTimeHistogram": {
    "0.000048802": 1,
    "0.013830891500000003": 329906,
    "0.027612981000000005": 8,
    "0.041395070500000006": 5,
    "0.05517716000000001": 6,
    "0.06895924950000001": 6,
    "0.08274133900000001": 4,
    "0.09652342850000002": 4,
    "0.11030551800000002": 4,
    "0.12408760750000002": 3,
    "0.137869697": 4
  },
  "latencyPercentiles": {
    "p10": 0.001396775,
    "p25": 0.001428273,
    "p50": 0.001460853,
    "p75": 0.00149756,
    "p90": 0.001615174,
    "p95": 0.001722687,
    "p99": 0.002908734
  },
  "rps": {
    "mean": 32988.712320029525,
    "stddev": 3430.2664737310474,
    "max": 44299.26135491645,
    "percentiles": {
      "p10": 32305.41580230467,
      "p25": 32939.085518877124,
      "p50": 33492.88582024461,
      "p75": 34006.05647865931,
      "p90": 34333.25862763459,
      "p95": 34544.76656299041,
      "p99": 37249.1912820086
    }
  },
  "details": {
    "DNSDialup": {
      "average": 0.00049092966,
      "fastest": 0.00006345,
      "slowest": 0.001046839
    },
    "DNSLookup": {
      "average": 0.00002459912,
      "fastest": 0.00000289,
      "slowest": 0.000980907
    }
  },
  "statusCodeDistribution": {
    "200": 329951
  },
  "errorDistribution": {}
}