{
  "summary": {
    "successRate": 1,
    "total": 10.000746224,
    "slowest": 0.021602349,
    "fastest": 0.0003048,
    "average": 0.0016061559270455598,
    "requestsPerSec": 31080.08072978375,
    "totalData": 4040712,
    "sizePerRequest": 13,
    "sizePerSec": 404041.04948718875
  },
  "responseTimeHistogram": {
    "0.0003048": 1,
    "0.0024345549": 259493,
    "0.0045643098": 48817,
    "0.0066940647": 1699,
    "0.0088238196": 420,
    "0.010953574499999999": 228,
    "0.0130833294": 40,
    "0.0152130843": 47,
    "0.0173428392": 49,
    "0.0194725941": 12,
    "0.021602349": 18
  },
  "latencyPercentiles": {
    "p10": 0.001234703,
    "p25": 0.001251703,
    "p50": 0.001273503,
    "p75": 0.001336703,
    "p90": 0.002941007,
    "p95": 0.002987506,
    "p99": 0.004317609
  },
  "rps": {
    "mean": 31022.249477624704,
    "stddev": 10751.692545846097,
    "max": 40570.909836212435,
    "percentiles": {
      "p10": 16327.644627403659,
      "p25": 17012.24166684304,
      "p50": 38040.61596566614,
      "p75": 39023.32424089893,
      "p90": 39457.91237800249,
      "p95": 39628.83790534423,
      "p99": 39907.88978981291
    }
  },
  "details": {
    "DNSDialup": {
      "average": 0.0012793470199999998,
      "fastest": 0.0000725,
      "slowest": 0.002559506
    },
    "DNSLookup": {
      "average": 0.000005062,
      "fastest": 0.0000031,
      "slowest": 0.0000474
    }
  },
  "statusCodeDistribution": {
    "200": 310824
  },
  "errorDistribution": {}
}