{
  "summary": {
    "successRate": 1,
    "total": 10.00015113,
    "slowest": 0.023959261,
    "fastest": 0.000365357,
    "average": 0.0031512018775319297,
    "requestsPerSec": 15827.560798073657,
    "totalData": 2057614,
    "sizePerRequest": 13,
    "sizePerSec": 205758.29037495755
  },
  "responseTimeHistogram": {
    "0.000365357": 1,
    "0.0027247474": 4926,
    "0.0050841378": 148473,
    "0.0074435282000000005": 4501,
    "0.0098029186": 269,
    "0.012162309": 43,
    "0.014521699400000001": 24,
    "0.0168810898": 8,
    "0.0192404802": 9,
    "0.0215998706": 12,
    "0.023959261": 12
  },
  "latencyPercentiles": {
    "p10": 0.002812414,
    "p25": 0.002921027,
    "p50": 0.003053633,
    "p75": 0.003174361,
    "p90": 0.003304796,
    "p95": 0.003506025,
    "p99": 0.006310186
  },
  "rps": {
    "mean": 15825.465764108014,
    "stddev": 1698.3328886621155,
    "max": 19275.287344839995,
    "percentiles": {
      "p10": 14976.861251945083,
      "p25": 15515.638211755246,
      "p50": 16079.238487265295,
      "p75": 16565.56983853503,
      "p90": 17076.27459573571,
      "p95": 17315.691479618727,
      "p99": 17848.961486253957
    }
  },
  "details": {
    "DNSDialup": {
      "average": 0.0007912194400000001,
      "fastest": 0.000074586,
      "slowest": 0.001767748
    },
    "DNSLookup": {
      "average": 0.000007513060000000002,
      "fastest": 0.000003827,
      "slowest": 0.000027431
    }
  },
  "statusCodeDistribution": {
    "200": 158278
  },
  "errorDistribution": {}
}