{
  "summary": {
    "successRate": 1,
    "total": 10.000711156,
    "slowest": 0.021476434,
    "fastest": 0.000180499,
    "average": 0.0013546194212629987,
    "requestsPerSec": 36854.87904316392,
    "totalData": 4791475,
    "sizePerRequest": 13,
    "sizePerSec": 479113.42756113096
  },
  "responseTimeHistogram": {
    "0.000180499": 1,
    "0.0023100925": 358177,
    "0.004439685999999999": 8671,
    "0.006569279499999999": 893,
    "0.008698873": 532,
    "0.010828466499999998": 195,
    "0.012958059999999999": 43,
    "0.0150876535": 27,
    "0.017217246999999998": 6,
    "0.019346840499999997": 13,
    "0.021476433999999996": 17
  },
  "latencyPercentiles": {
    "p10": 0.001239096,
    "p25": 0.001252796,
    "p50": 0.001269296,
    "p75": 0.001289196,
    "p90": 0.001386896,
    "p95": 0.001534295,
    "p99": 0.003646489
  },
  "rps": {
    "mean": 36802.11695560738,
    "stddev": 6503.296883509146,
    "max": 39809.607793137344,
    "percentiles": {
      "p10": 36847.64400369683,
      "p25": 37936.92400813692,
      "p50": 38564.52616517597,
      "p75": 39072.412902831864,
      "p90": 39278.6869936525,
      "p95": 39413.52672237097,
      "p99": 39568.58026331534
    }
  },
  "details": {
    "DNSDialup": {
      "average": 0.0012141702600000004,
      "fastest": 0.0000635,
      "slowest": 0.002598992
    },
    "DNSLookup": {
      "average": 0.0000043599599999999995,
      "fastest": 0.000002899,
      "slowest": 0.0000417
    }
  },
  "statusCodeDistribution": {
    "200": 368575
  },
  "errorDistribution": {}
}