{
  "summary": {
    "successRate": 1,
    "total": 10.000707785,
    "slowest": 0.183586176,
    "fastest": 0.000322682,
    "average": 0.0028181446409609426,
    "requestsPerSec": 17702.947011964916,
    "totalData": 2301546,
    "sizePerRequest": 13,
    "sizePerSec": 230138.3111555439
  },
  "responseTimeHistogram": {
    "0.000322682": 1,
    "0.018649031400000002": 176999,
    "0.0369753808": 7,
    "0.0553017302": 6,
    "0.07362807960000001": 6,
    "0.091954429": 4,
    "0.11028077840000002": 4,
    "0.1286071278": 4,
    "0.1469334772": 4,
    "0.1652598266": 3,
    "0.183586176": 4
  },
  "latencyPercentiles": {
    "p10": 0.002591011,
    "p25": 0.002659339,
    "p50": 0.002724831,
    "p75": 0.002812965,
    "p90": 0.00294796,
    "p95": 0.00305117,
    "p99": 0.005488584
  },
  "rps": {
    "mean": 17699.54961535996,
    "stddev": 1979.7636993933343,
    "max": 34007.06102953021,
    "percentiles": {
      "p10": 16997.65150791316,
      "p25": 17642.886328085857,
      "p50": 17961.29471434269,
      "p75": 18232.190755998836,
      "p90": 18506.693871173517,
      "p95": 18669.75580862591,
      "p99": 19058.76006314964
    }
  },
  "details": {
    "DNSDialup": {
      "average": 0.0007053664999999999,
      "fastest": 0.000070561,
      "slowest": 0.001524466
    },
    "DNSLookup": {
      "average": 0.000007588979999999998,
      "fastest": 0.000003397,
      "slowest": 0.000048621
    }
  },
  "statusCodeDistribution": {
    "200": 177042
  },
  "errorDistribution": {}
}