{
  "summary": {
    "successRate": 1,
    "total": 10.000285967,
    "slowest": 0.021217047,
    "fastest": 0.000344219,
    "average": 0.002736482197104736,
    "requestsPerSec": 18229.378699926132,
    "totalData": 2369887,
    "sizePerRequest": 13,
    "sizePerSec": 236981.9230990397
  },
  "responseTimeHistogram": {
    "0.000344219": 1,
    "0.0024315018000000002": 19471,
    "0.0045187846": 157896,
    "0.0066060674": 4456,
    "0.0086933502": 296,
    "0.010780633": 116,
    "0.012867915800000001": 21,
    "0.0149551986": 8,
    "0.0170424814": 7,
    "0.0191297642": 13,
    "0.021217047": 14
  },
  "latencyPercentiles": {
    "p10": 0.00218582,
    "p25": 0.00258887,
    "p50": 0.002663297,
    "p75": 0.002852301,
    "p90": 0.00305178,
    "p95": 0.003191017,
    "p99": 0.005693822
  },
  "rps": {
    "mean": 18223.61679505705,
    "stddev": 3061.31759278965,
    "max": 34391.52272026728,
    "percentiles": {
      "p10": 16111.45582913577,
      "p25": 17147.465900357147,
      "p50": 18255.0261252498,
      "p75": 18683.995771390233,
      "p90": 19046.71588003916,
      "p95": 24957.689699740004,
      "p99": 29173.44999505167
    }
  },
  "details": {
    "DNSDialup": {
      "average": 0.00069206422,
      "fastest": 0.000078637,
      "slowest": 0.001628899
    },
    "DNSLookup": {
      "average": 0.00000651136,
      "fastest": 0.000003747,
      "slowest": 0.000019777
    }
  },
  "statusCodeDistribution": {
    "200": 182299
  },
  "errorDistribution": {}
}