{
  "summary": {
    "successRate": 1,
    "total": 10.000599849,
    "slowest": 0.180015535,
    "fastest": 0.000559999,
    "average": 0.002868565437271402,
    "requestsPerSec": 17386.557069112863,
    "totalData": 2260388,
    "sizePerRequest": 13,
    "sizePerSec": 226025.24189846724
  },
  "responseTimeHistogram": {
    "0.000559999": 1,
    "0.0185055526": 173833,
    "0.0364511062": 7,
    "0.054396659800000004": 6,
    "0.07234221340000001": 6,
    "0.090287767": 5,
    "0.10823332060000002": 4,
    "0.1261788742": 3,
    "0.1441244278": 4,
    "0.1620699814": 3,
    "0.180015535": 4
  },
  "latencyPercentiles": {
    "p10": 0.002533874,
    "p25": 0.002622459,
    "p50": 0.002759109,
    "p75": 0.003039333,
    "p90": 0.003119472,
    "p95": 0.003239959,
    "p99": 0.005568478
  },
  "rps": {
    "mean": 17384.264368679662,
    "stddev": 2487.3085964024144,
    "max": 31206.056904992558,
    "percentiles": {
      "p10": 15741.18208055835,
      "p25": 16115.111855494359,
      "p50": 17663.340739893043,
      "p75": 18482.270129026903,
      "p90": 18865.743342398902,
      "p95": 19114.685813110158,
      "p99": 27569.953242361655
    }
  },
  "details": {
    "DNSDialup": {
      "average": 0.00053268572,
      "fastest": 0.000076636,
      "slowest": 0.000821959
    },
    "DNSLookup": {
      "average": 0.0000068373600000000006,
      "fastest": 0.000003526,
      "slowest": 0.000033612
    }
  },
  "statusCodeDistribution": {
    "200": 173876
  },
  "errorDistribution": {}
}