{
  "summary": {
    "successRate": 1,
    "total": 10.000614463,
    "slowest": 0.181399056,
    "fastest": 0.000694474,
    "average": 0.0028674725942716885,
    "requestsPerSec": 17393.331244150373,
    "totalData": 2261272,
    "sizePerRequest": 13,
    "sizePerSec": 226113.30617395486
  },
  "responseTimeHistogram": {
    "0.000694474": 1,
    "0.0187649322": 173901,
    "0.0368353904": 7,
    "0.0549058486": 7,
    "0.0729763068": 5,
    "0.091046765": 5,
    "0.1091172232": 3,
    "0.1271876814": 4,
    "0.1452581396": 4,
    "0.1633285978": 3,
    "0.181399056": 4
  },
  "latencyPercentiles": {
    "p10": 0.002570823,
    "p25": 0.002643215,
    "p50": 0.002739973,
    "p75": 0.002916743,
    "p90": 0.0030762,
    "p95": 0.003204751,
    "p99": 0.00552784
  },
  "rps": {
    "mean": 17392.507287835808,
    "stddev": 1867.6830537895207,
    "max": 21473.419769534747,
    "percentiles": {
      "p10": 15998.361123861714,
      "p25": 16946.902246657795,
      "p50": 17900.43856074484,
      "p75": 18319.643761442017,
      "p90": 18618.21792624047,
      "p95": 18779.487938598224,
      "p99": 19194.67196104447
    }
  },
  "details": {
    "DNSDialup": {
      "average": 0.00069346282,
      "fastest": 0.000078274,
      "slowest": 0.001090051
    },
    "DNSLookup": {
      "average": 0.000006992000000000001,
      "fastest": 0.000003557,
      "slowest": 0.000031729
    }
  },
  "statusCodeDistribution": {
    "200": 173944
  },
  "errorDistribution": {}
}