{
  "summary": {
    "successRate": 1,
    "total": 10.000346742,
    "slowest": 0.024169544,
    "fastest": 0.001787017,
    "average": 0.002998160100113595,
    "requestsPerSec": 16638.52307252328,
    "totalData": 2163083,
    "sizePerRequest": 13,
    "sizePerSec": 216300.79994280264
  },
  "responseTimeHistogram": {
    "0.001787017": 1,
    "0.0040252697": 160989,
    "0.006263522400000001": 4699,
    "0.008501775100000001": 494,
    "0.010740027800000001": 129,
    "0.012978280500000001": 31,
    "0.015216533200000002": 10,
    "0.017454785900000002": 8,
    "0.0196930386": 10,
    "0.0219312913": 12,
    "0.024169544": 8
  },
  "latencyPercentiles": {
    "p10": 0.002698534,
    "p25": 0.002773269,
    "p50": 0.002881815,
    "p75": 0.003038195,
    "p90": 0.003162226,
    "p95": 0.00333172,
    "p99": 0.005922174
  },
  "rps": {
    "mean": 16636.23889813419,
    "stddev": 1738.8756027361596,
    "max": 22223.966325284888,
    "percentiles": {
      "p10": 15676.176813608228,
      "p25": 16344.735541176136,
      "p50": 17029.94204410176,
      "p75": 17421.929113090802,
      "p90": 17721.826201149044,
      "p95": 17907.277517583672,
      "p99": 18181.098608453867
    }
  },
  "details": {
    "DNSDialup": {
      "average": 0.00123532282,
      "fastest": 0.000116486,
      "slowest": 0.002684394
    },
    "DNSLookup": {
      "average": 0.000008212000000000002,
      "fastest": 0.000003817,
      "slowest": 0.000053513
    }
  },
  "statusCodeDistribution": {
    "200": 166391
  },
  "errorDistribution": {}
}