{
  "summary": {
    "successRate": 1,
    "total": 10.000632819,
    "slowest": 0.180569193,
    "fastest": 0.000320766,
    "average": 0.002914899619087409,
    "requestsPerSec": 17112.81706842156,
    "totalData": 2224807,
    "sizePerRequest": 13,
    "sizePerSec": 222466.62188948024
  },
  "responseTimeHistogram": {
    "0.000320766": 1,
    "0.0183456087": 171096,
    "0.036370451399999996": 8,
    "0.05439529409999999": 5,
    "0.07242013679999999": 6,
    "0.0904449795": 5,
    "0.10846982219999998": 4,
    "0.1264946649": 4,
    "0.14451950759999999": 3,
    "0.16254435029999997": 3,
    "0.180569193": 4
  },
  "latencyPercentiles": {
    "p10": 0.002667393,
    "p25": 0.002739458,
    "p50": 0.002823662,
    "p75": 0.002912303,
    "p90": 0.003002599,
    "p95": 0.003102816,
    "p99": 0.005664004
  },
  "rps": {
    "mean": 17112.29103583192,
    "stddev": 1608.149354693381,
    "max": 19482.302988976364,
    "percentiles": {
      "p10": 16749.365404656946,
      "p25": 17030.023932191856,
      "p50": 17333.041977922665,
      "p75": 17652.34449713836,
      "p90": 17941.304471153344,
      "p95": 18130.76428083161,
      "p99": 18438.041932340268
    }
  },
  "details": {
    "DNSDialup": {
      "average": 0.0008057975600000001,
      "fastest": 0.000138691,
      "slowest": 0.001271827
    },
    "DNSLookup": {
      "average": 0.000006385639999999999,
      "fastest": 0.000003506,
      "slowest": 0.000029675
    }
  },
  "statusCodeDistribution": {
    "200": 171139
  },
  "errorDistribution": {}
}