{
  "summary": {
    "successRate": 1,
    "total": 10.000341939,
    "slowest": 0.022398341,
    "fastest": 0.000315731,
    "average": 0.0030793478736180517,
    "requestsPerSec": 16199.546074341488,
    "totalData": 2106013,
    "sizePerRequest": 13,
    "sizePerSec": 210594.09896643934
  },
  "responseTimeHistogram": {
    "0.000315731": 1,
    "0.002523992": 1639,
    "0.004732253": 155364,
    "0.006940514": 4556,
    "0.009148775": 247,
    "0.011357036": 123,
    "0.013565297": 28,
    "0.015773558": 7,
    "0.017981819": 8,
    "0.02019008": 10,
    "0.022398341": 18
  },
  "latencyPercentiles": {
    "p10": 0.002782904,
    "p25": 0.002867259,
    "p50": 0.002980089,
    "p75": 0.003103008,
    "p90": 0.003212214,
    "p95": 0.003426986,
    "p99": 0.006144787
  },
  "rps": {
    "mean": 16196.414760370708,
    "stddev": 1800.9184511467274,
    "max": 27833.06289541558,
    "percentiles": {
      "p10": 15404.461131943843,
      "p25": 15885.589970199686,
      "p50": 16451.69451450337,
      "p75": 16886.579180114382,
      "p90": 17251.179072955645,
      "p95": 17459.943477949302,
      "p99": 18041.280253348126
    }
  },
  "details": {
    "DNSDialup": {
      "average": 0.0008975004999999995,
      "fastest": 0.000100809,
      "slowest": 0.001754537
    },
    "DNSLookup": {
      "average": 0.000014928739999999998,
      "fastest": 0.000004248,
      "slowest": 0.000164959
    }
  },
  "statusCodeDistribution": {
    "200": 162001
  },
  "errorDistribution": {}
}