{
  "summary": {
    "successRate": 1,
    "total": 10.000673322,
    "slowest": 0.18941106,
    "fastest": 0.000877977,
    "average": 0.002826348264250266,
    "requestsPerSec": 17652.911390639663,
    "totalData": 2295033,
    "sizePerRequest": 13,
    "sizePerSec": 229487.8480783156
  },
  "responseTimeHistogram": {
    "0.000877977": 1,
    "0.019731285299999998": 176498,
    "0.0385845936": 8,
    "0.057437901900000005": 6,
    "0.0762912102": 5,
    "0.0951445185": 5,
    "0.11399782680000001": 4,
    "0.1328511351": 4,
    "0.1517044434": 3,
    "0.1705577517": 3,
    "0.18941106": 4
  },
  "latencyPercentiles": {
    "p10": 0.002624177,
    "p25": 0.00267622,
    "p50": 0.002723357,
    "p75": 0.002779151,
    "p90": 0.002883854,
    "p95": 0.003016935,
    "p99": 0.00547123
  },
  "rps": {
    "mean": 17651.996675045055,
    "stddev": 1784.4509850200998,
    "max": 20637.171673618872,
    "percentiles": {
      "p10": 17374.78454765026,
      "p25": 17739.505879595206,
      "p50": 17981.183244229695,
      "p75": 18200.571497944213,
      "p90": 18406.194539395787,
      "p95": 18498.056346888265,
      "p99": 18859.00416633497
    }
  },
  "details": {
    "DNSDialup": {
      "average": 0.0007743951400000002,
      "fastest": 0.000099845,
      "slowest": 0.001253006
    },
    "DNSLookup": {
      "average": 0.00000635254,
      "fastest": 0.000003066,
      "slowest": 0.000031449
    }
  },
  "statusCodeDistribution": {
    "200": 176541
  },
  "errorDistribution": {}
}