{
  "summary": {
    "successRate": 1,
    "total": 10.000526969,
    "slowest": 0.184268153,
    "fastest": 0.000201619,
    "average": 0.0028170144697478444,
    "requestsPerSec": 17706.8669030055,
    "totalData": 2302014,
    "sizePerRequest": 13,
    "sizePerSec": 230189.26973907152
  },
  "responseTimeHistogram": {
    "0.000201619": 1,
    "0.0186082724": 177034,
    "0.0370149258": 8,
    "0.0554215792": 6,
    "0.0738282326": 5,
    "0.092234886": 5,
    "0.1106415394": 4,
    "0.1290481928": 4,
    "0.1474548462": 3,
    "0.1658614996": 4,
    "0.184268153": 4
  },
  "latencyPercentiles": {
    "p10": 0.002541924,
    "p25": 0.002607687,
    "p50": 0.002691434,
    "p75": 0.002824715,
    "p90": 0.003033594,
    "p95": 0.003151098,
    "p99": 0.005407324
  },
  "rps": {
    "mean": 17705.15208372804,
    "stddev": 1881.509100959692,
    "max": 19610.278400585597,
    "percentiles": {
      "p10": 16183.347476171824,
      "p25": 17565.827940204847,
      "p50": 18210.9575331457,
      "p75": 18564.725916909174,
      "p90": 18853.254333828518,
      "p95": 19035.566051610476,
      "p99": 19247.12851889132
    }
  },
  "details": {
    "DNSDialup": {
      "average": 0.00086982974,
      "fastest": 0.000108963,
      "slowest": 0.001238796
    },
    "DNSLookup": {
      "average": 0.000007177040000000001,
      "fastest": 0.000003476,
      "slowest": 0.000034414
    }
  },
  "statusCodeDistribution": {
    "200": 177078
  },
  "errorDistribution": {}
}