{
  "summary": {
    "successRate": 1,
    "total": 10.000604182,
    "slowest": 0.025486086,
    "fastest": 0.001477887,
    "average": 0.003028672297902706,
    "requestsPerSec": 16472.504760912856,
    "totalData": 2141555,
    "sizePerRequest": 13,
    "sizePerSec": 214142.5618918671
  },
  "responseTimeHistogram": {
    "0.001477887": 1,
    "0.0038787069": 158928,
    "0.0062795268": 4254,
    "0.008680346700000001": 1312,
    "0.011081166600000001": 156,
    "0.013481986500000001": 30,
    "0.0158828064": 15,
    "0.0182836263": 7,
    "0.0206844462": 8,
    "0.0230852661": 12,
    "0.025486086": 12
  },
  "latencyPercentiles": {
    "p10": 0.002719367,
    "p25": 0.002777849,
    "p50": 0.002862621,
    "p75": 0.003101185,
    "p90": 0.003259102,
    "p95": 0.003452466,
    "p99": 0.00621643
  },
  "rps": {
    "mean": 16471.990148748944,
    "stddev": 1911.5382841287226,
    "max": 20018.960671896722,
    "percentiles": {
      "p10": 15045.195768086916,
      "p25": 15777.549812840229,
      "p50": 17101.255232134976,
      "p75": 17484.92076316207,
      "p90": 17780.540514367916,
      "p95": 17896.033696019982,
      "p99": 18169.76098030767
    }
  },
  "details": {
    "DNSDialup": {
      "average": 0.0009264581600000002,
      "fastest": 0.000129594,
      "slowest": 0.001504194
    },
    "DNSLookup": {
      "average": 0.00000798058,
      "fastest": 0.000004017,
      "slowest": 0.000032211
    }
  },
  "statusCodeDistribution": {
    "200": 164735
  },
  "errorDistribution": {}
}