{
  "summary": {
    "successRate": 1,
    "total": 10.000771117,
    "slowest": 0.023029083,
    "fastest": 0.000223105,
    "average": 0.0018534370999228153,
    "requestsPerSec": 26940.72255508455,
    "totalData": 3502564,
    "sizePerRequest": 13,
    "sizePerSec": 350229.3932160992
  },
  "responseTimeHistogram": {
    "0.000223105": 1,
    "0.0025037028": 233299,
    "0.0047843006": 34116,
    "0.0070648984": 1180,
    "0.0093454962": 538,
    "0.011626093999999998": 185,
    "0.013906691799999999": 62,
    "0.0161872896": 9,
    "0.0184678874": 9,
    "0.0207484852": 11,
    "0.023029083": 18
  },
  "latencyPercentiles": {
    "p10": 0.001428629,
    "p25": 0.00144653,
    "p50": 0.00147063,
    "p75": 0.001517131,
    "p90": 0.004123785,
    "p95": 0.004151685,
    "p99": 0.004591895
  },
  "rps": {
    "mean": 26899.122463312582,
    "stddev": 9798.488767607452,
    "max": 34635.657409303785,
    "percentiles": {
      "p10": 11989.798797069847,
      "p25": 12112.95359257132,
      "p50": 32809.16359939456,
      "p75": 33727.97735722075,
      "p90": 34073.92337676677,
      "p95": 34220.95734459689,
      "p99": 34447.41426460031
    }
  },
  "details": {
    "DNSDialup": {
      "average": 0.0014249839200000006,
      "fastest": 0.000082102,
      "slowest": 0.001562433
    },
    "DNSLookup": {
      "average": 0.0000044801000000000005,
      "fastest": 0.0000035,
      "slowest": 0.000036801
    }
  },
  "statusCodeDistribution": {
    "200": 269428
  },
  "errorDistribution": {}
}