{
  "summary": {
    "successRate": 1,
    "total": 10.000680536,
    "slowest": 0.187344149,
    "fastest": 0.0004154,
    "average": 0.0029702514220337622,
    "requestsPerSec": 16795.856981467325,
    "totalData": 2183610,
    "sizePerRequest": 13,
    "sizePerSec": 218346.1407590752
  },
  "responseTimeHistogram": {
    "0.0004154": 1,
    "0.019108274899999996": 167927,
    "0.037801149799999996": 7,
    "0.05649402469999999": 6,
    "0.07518689959999998": 5,
    "0.09387977449999997": 5,
    "0.11257264939999997": 4,
    "0.1312655243": 4,
    "0.14995839919999998": 4,
    "0.16865127409999997": 3,
    "0.18734414899999996": 4
  },
  "latencyPercentiles": {
    "p10": 0.002667941,
    "p25": 0.002767668,
    "p50": 0.002878241,
    "p75": 0.002994008,
    "p90": 0.003117245,
    "p95": 0.003247538,
    "p99": 0.005778102
  },
  "rps": {
    "mean": 16792.380939568346,
    "stddev": 1712.7809912381715,
    "max": 19482.437988103033,
    "percentiles": {
      "p10": 16174.452622868856,
      "p25": 16565.814323725685,
      "p50": 17003.31394589078,
      "p75": 17450.963794665644,
      "p90": 17919.110116858574,
      "p95": 18267.84128216931,
      "p99": 18653.02869527716
    }
  },
  "details": {
    "DNSDialup": {
      "average": 0.0008424074000000001,
      "fastest": 0.00009624,
      "slowest": 0.001725206
    },
    "DNSLookup": {
      "average": 0.00002363192,
      "fastest": 0.000003326,
      "slowest": 0.000863719
    }
  },
  "statusCodeDistribution": {
    "200": 167970
  },
  "errorDistribution": {}
}