{
  "summary": {
    "successRate": 1,
    "total": 10.000651157,
    "slowest": 0.180537363,
    "fastest": 0.000375904,
    "average": 0.0027194356543945477,
    "requestsPerSec": 18346.605347950146,
    "totalData": 2385214,
    "sizePerRequest": 13,
    "sizePerSec": 238505.86952335187
  },
  "responseTimeHistogram": {
    "0.000375904": 1,
    "0.0183920499": 183434,
    "0.0364081958": 8,
    "0.0544243417": 6,
    "0.07244048759999999": 5,
    "0.0904566335": 5,
    "0.10847277939999998": 4,
    "0.1264889253": 4,
    "0.1445050712": 4,
    "0.1625212171": 3,
    "0.180537363": 4
  },
  "latencyPercentiles": {
    "p10": 0.0025066,
    "p25": 0.002598425,
    "p50": 0.002652626,
    "p75": 0.002729691,
    "p90": 0.002963128,
    "p95": 0.003038387,
    "p99": 0.005309961
  },
  "rps": {
    "mean": 18342.561354861544,
    "stddev": 2611.309443728786,
    "max": 30918.469908369076,
    "percentiles": {
      "p10": 16531.154613985345,
      "p25": 18135.262203828468,
      "p50": 18455.11250246644,
      "p75": 18709.86196824225,
      "p90": 18994.32773094554,
      "p95": 19372.157411928234,
      "p99": 28523.948707335665
    }
  },
  "details": {
    "DNSDialup": {
      "average": 0.00049298308,
      "fastest": 0.000071884,
      "slowest": 0.000844935
    },
    "DNSLookup": {
      "average": 0.000006154560000000001,
      "fastest": 0.000003266,
      "slowest": 0.000031749
    }
  },
  "statusCodeDistribution": {
    "200": 183478
  },
  "errorDistribution": {}
}