{
  "summary": {
    "successRate": 1,
    "total": 10.000683186,
    "slowest": 0.174354857,
    "fastest": 0.000237833,
    "average": 0.0020401257784278693,
    "requestsPerSec": 24454.029334951476,
    "totalData": 3179241,
    "sizePerRequest": 13,
    "sizePerSec": 317902.3813543692
  },
  "responseTimeHistogram": {
    "0.000237833": 1,
    "0.0176495354": 244514,
    "0.0350612378": 7,
    "0.0524729402": 6,
    "0.0698846426": 6,
    "0.08729634500000001": 4,
    "0.1047080474": 4,
    "0.1221197498": 4,
    "0.1395314522": 4,
    "0.1569431546": 3,
    "0.174354857": 4
  },
  "latencyPercentiles": {
    "p10": 0.001879492,
    "p25": 0.001918681,
    "p50": 0.001963599,
    "p75": 0.002018937,
    "p90": 0.002145437,
    "p95": 0.002273355,
    "p99": 0.00392935
  },
  "rps": {
    "mean": 24449.40775118289,
    "stddev": 2703.9619077777697,
    "max": 31435.575349366558,
    "percentiles": {
      "p10": 24002.028171380392,
      "p25": 24504.55603971041,
      "p50": 24938.372674032766,
      "p75": 25329.511413747296,
      "p90": 25609.90847358767,
      "p95": 25764.33870661488,
      "p99": 26058.258448413024
    }
  },
  "details": {
    "DNSDialup": {
      "average": 0.0007144752399999999,
      "fastest": 0.000105279,
      "slowest": 0.001177074
    },
    "DNSLookup": {
      "average": 0.000004711060000000001,
      "fastest": 0.000002574,
      "slowest": 0.000031157
    }
  },
  "statusCodeDistribution": {
    "200": 244557
  },
  "errorDistribution": {}
}