{
  "summary": {
    "successRate": 1,
    "total": 10.000754814,
    "slowest": 0.02177184,
    "fastest": 0.000091399,
    "average": 0.0013405088549447775,
    "requestsPerSec": 37243.68879422865,
    "totalData": 4842045,
    "sizePerRequest": 13,
    "sizePerSec": 484167.9543249724
  },
  "responseTimeHistogram": {
    "0.000091399": 1,
    "0.0022594431": 364436,
    "0.0044274872": 5805,
    "0.0065955313": 1476,
    "0.008763575400000001": 465,
    "0.010931619500000002": 110,
    "0.0130996636": 89,
    "0.0152677077": 15,
    "0.0174357518": 28,
    "0.0196037959": 22,
    "0.02177184": 18
  },
  "latencyPercentiles": {
    "p10": 0.001233486,
    "p25": 0.001247885,
    "p50": 0.001265286,
    "p75": 0.001286686,
    "p90": 0.001385585,
    "p95": 0.001531782,
    "p99": 0.002773967
  },
  "rps": {
    "mean": 37173.7043777065,
    "stddev": 6036.129214067801,
    "max": 40831.145556412135,
    "percentiles": {
      "p10": 36840.20002626465,
      "p25": 38067.07037128744,
      "p50": 38638.71212567815,
      "p75": 39216.941718821414,
      "p90": 39472.28164214358,
      "p95": 39605.59230963334,
      "p99": 39765.65707639659
    }
  },
  "details": {
    "DNSDialup": {
      "average": 0.0012595389800000001,
      "fastest": 0.000068499,
      "slowest": 0.001390784
    },
    "DNSLookup": {
      "average": 0.000003991940000000003,
      "fastest": 0.000002999,
      "slowest": 0.0000397
    }
  },
  "statusCodeDistribution": {
    "200": 372465
  },
  "errorDistribution": {}
}