{
  "summary": {
    "successRate": 1,
    "total": 10.000647038,
    "slowest": 0.188433542,
    "fastest": 0.000356517,
    "average": 0.0030660967145735634,
    "requestsPerSec": 16274.246994377325,
    "totalData": 2115789,
    "sizePerRequest": 13,
    "sizePerSec": 211565.21092690522
  },
  "responseTimeHistogram": {
    "0.000356517": 1,
    "0.019164219500000003": 162710,
    "0.037971922000000005": 8,
    "0.05677962450000001": 5,
    "0.07558732700000001": 6,
    "0.0943950295": 4,
    "0.11320273200000001": 4,
    "0.13201043450000002": 4,
    "0.15081813700000002": 4,
    "0.16962583950000001": 3,
    "0.188433542": 4
  },
  "latencyPercentiles": {
    "p10": 0.002872724,
    "p25": 0.002921305,
    "p50": 0.002953435,
    "p75": 0.00299899,
    "p90": 0.003122401,
    "p95": 0.003258626,
    "p99": 0.005904246
  },
  "rps": {
    "mean": 16273.495694720013,
    "stddev": 1548.2446181285509,
    "max": 18083.613202363056,
    "percentiles": {
      "p10": 16053.950907419312,
      "p25": 16373.346040924662,
      "p50": 16579.998492727533,
      "p75": 16717.56460130435,
      "p90": 16879.79246697044,
      "p95": 16965.938118495727,
      "p99": 17182.113319554504
    }
  },
  "details": {
    "DNSDialup": {
      "average": 0.00076111674,
      "fastest": 0.000073958,
      "slowest": 0.001407717
    },
    "DNSLookup": {
      "average": 0.000006695719999999999,
      "fastest": 0.000003617,
      "slowest": 0.000028794
    }
  },
  "statusCodeDistribution": {
    "200": 162753
  },
  "errorDistribution": {}
}