{
  "summary": {
    "successRate": 1,
    "total": 10.000704843,
    "slowest": 0.022399385,
    "fastest": 0.0001574,
    "average": 0.0013928528408642252,
    "requestsPerSec": 35845.473456895226,
    "totalData": 4660240,
    "sizePerRequest": 13,
    "sizePerSec": 465991.1549396379
  },
  "responseTimeHistogram": {
    "0.0001574": 1,
    "0.0023815985": 350123,
    "0.004605797000000001": 6244,
    "0.006829995500000002": 1319,
    "0.009054194000000002": 536,
    "0.011278392500000001": 92,
    "0.013502591000000003": 71,
    "0.0157267895": 7,
    "0.017950988": 52,
    "0.0201751865": 17,
    "0.022399385": 18
  },
  "latencyPercentiles": {
    "p10": 0.001270093,
    "p25": 0.001287093,
    "p50": 0.001307593,
    "p75": 0.001333193,
    "p90": 0.001460892,
    "p95": 0.001653085,
    "p99": 0.003294481
  },
  "rps": {
    "mean": 35801.457499337994,
    "stddev": 5989.242655092586,
    "max": 38978.56129028039,
    "percentiles": {
      "p10": 35026.76536654334,
      "p25": 36484.6151193873,
      "p50": 37435.76987811807,
      "p75": 37975.78447550028,
      "p90": 38338.54941143639,
      "p95": 38512.535830412686,
      "p99": 38829.728039785376
    }
  },
  "details": {
    "DNSDialup": {
      "average": 0.00134034512,
      "fastest": 0.000091199,
      "slowest": 0.001579392
    },
    "DNSLookup": {
      "average": 0.00000550596,
      "fastest": 0.000003,
      "slowest": 0.000089399
    }
  },
  "statusCodeDistribution": {
    "200": 358480
  },
  "errorDistribution": {}
}