{
  "summary": {
    "successRate": 1,
    "total": 10.000592959,
    "slowest": 0.028819482,
    "fastest": 0.000184112,
    "average": 0.002223371685792561,
    "requestsPerSec": 22451.66870809745,
    "totalData": 2918890,
    "sizePerRequest": 13,
    "sizePerSec": 291871.69320526684
  },
  "responseTimeHistogram": {
    "0.000184112": 1,
    "0.0030476490000000004": 189527,
    "0.0059111860000000006": 32929,
    "0.008774723000000002": 1414,
    "0.011638260000000001": 407,
    "0.014501797": 170,
    "0.017365334000000003": 40,
    "0.020228871000000002": 9,
    "0.023092408000000002": 9,
    "0.025955945": 8,
    "0.028819482": 16
  },
  "latencyPercentiles": {
    "p10": 0.00159441,
    "p25": 0.001669315,
    "p50": 0.001724218,
    "p75": 0.001826426,
    "p90": 0.004808231,
    "p95": 0.004887937,
    "p99": 0.005784998
  },
  "rps": {
    "mean": 22412.44576511102,
    "stddev": 8790.609896944012,
    "max": 32915.50978821278,
    "percentiles": {
      "p10": 10181.364373390777,
      "p25": 10448.809523929038,
      "p50": 27960.433681359496,
      "p75": 29006.706350507902,
      "p90": 29808.382117051842,
      "p95": 30383.59742996847,
      "p99": 31249.7276916748
    }
  },
  "details": {
    "DNSDialup": {
      "average": 0.0018143368399999998,
      "fastest": 0.000090106,
      "slowest": 0.001986536
    },
    "DNSLookup": {
      "average": 0.00000596038,
      "fastest": 0.0000046,
      "slowest": 0.000056004
    }
  },
  "statusCodeDistribution": {
    "200": 224530
  },
  "errorDistribution": {}
}