{
  "summary": {
    "successRate": 1,
    "total": 10.001176454,
    "slowest": 0.182818133,
    "fastest": 0.000465802,
    "average": 0.0035091132833716017,
    "requestsPerSec": 14237.225055963401,
    "totalData": 1851057,
    "sizePerRequest": 13,
    "sizePerSec": 185083.9257275242
  },
  "responseTimeHistogram": {
    "0.000465802": 1,
    "0.018701035100000003": 142346,
    "0.036936268200000004": 7,
    "0.05517150130000001": 6,
    "0.0734067344": 6,
    "0.0916419675": 4,
    "0.10987720060000002": 4,
    "0.1281124337": 4,
    "0.1463476668": 4,
    "0.1645828999": 3,
    "0.182818133": 4
  },
  "latencyPercentiles": {
    "p10": 0.003321756,
    "p25": 0.003378413,
    "p50": 0.003409301,
    "p75": 0.003447241,
    "p90": 0.003555203,
    "p95": 0.003669139,
    "p99": 0.006811206
  },
  "rps": {
    "mean": 14235.589949833895,
    "stddev": 1204.1954232827218,
    "max": 20808.024861065307,
    "percentiles": {
      "p10": 14026.119439620483,
      "p25": 14239.724559602724,
      "p50": 14372.409636991619,
      "p75": 14501.21558453687,
      "p90": 14731.96394216594,
      "p95": 14993.656375182234,
      "p99": 16189.449948857242
    }
  },
  "details": {
    "DNSDialup": {
      "average": 0.0007757041199999997,
      "fastest": 0.000076656,
      "slowest": 0.00132928
    },
    "DNSLookup": {
      "average": 0.0000067081999999999996,
      "fastest": 0.000003507,
      "slowest": 0.000031619
    }
  },
  "statusCodeDistribution": {
    "200": 142389
  },
  "errorDistribution": {}
}