{
  "summary": {
    "successRate": 1,
    "total": 10.000608108,
    "slowest": 0.175670109,
    "fastest": 0.000361683,
    "average": 0.002800187629762043,
    "requestsPerSec": 17814.216703230904,
    "totalData": 2315989,
    "sizePerRequest": 13,
    "sizePerSec": 231584.81714200176
  },
  "responseTimeHistogram": {
    "0.000361683": 1,
    "0.0178925256": 178109,
    "0.0354233682": 8,
    "0.0529542108": 5,
    "0.0704850534": 6,
    "0.088015896": 5,
    "0.1055467386": 4,
    "0.1230775812": 4,
    "0.1406084238": 4,
    "0.15813926639999998": 3,
    "0.175670109": 4
  },
  "latencyPercentiles": {
    "p10": 0.002523255,
    "p25": 0.002583569,
    "p50": 0.002664697,
    "p75": 0.002823147,
    "p90": 0.003050968,
    "p95": 0.003164072,
    "p99": 0.005352338
  },
  "rps": {
    "mean": 17811.05215997788,
    "stddev": 1891.4139894662273,
    "max": 21276.450542087965,
    "percentiles": {
      "p10": 16140.430163516217,
      "p25": 17500.93805027947,
      "p50": 18378.153096040518,
      "p75": 18748.175311279883,
      "p90": 19041.310122312538,
      "p95": 19194.12800372974,
      "p99": 19593.81124949936
    }
  },
  "details": {
    "DNSDialup": {
      "average": 0.0005380434,
      "fastest": 0.000100427,
      "slowest": 0.000887781
    },
    "DNSLookup": {
      "average": 0.000006725499999999999,
      "fastest": 0.000003617,
      "slowest": 0.000033332
    }
  },
  "statusCodeDistribution": {
    "200": 178153
  },
  "errorDistribution": {}
}