{
  "summary": {
    "successRate": 1,
    "total": 10.000633678,
    "slowest": 0.188934209,
    "fastest": 0.000580557,
    "average": 0.0029838729237953443,
    "requestsPerSec": 16723.64025970875,
    "totalData": 2174211,
    "sizePerRequest": 13,
    "sizePerSec": 217407.32337621375
  },
  "responseTimeHistogram": {
    "0.000580557": 1,
    "0.019415922199999998": 167204,
    "0.0382512874": 7,
    "0.0570866526": 6,
    "0.07592201779999999": 6,
    "0.09475738299999999": 4,
    "0.1135927482": 4,
    "0.1324281134": 4,
    "0.1512634786": 4,
    "0.1700988438": 3,
    "0.188934209": 4
  },
  "latencyPercentiles": {
    "p10": 0.00278775,
    "p25": 0.002835539,
    "p50": 0.002877927,
    "p75": 0.002930522,
    "p90": 0.003040529,
    "p95": 0.003153638,
    "p99": 0.005762455
  },
  "rps": {
    "mean": 16722.6379959486,
    "stddev": 1609.2116329383794,
    "max": 18133.301808771932,
    "percentiles": {
      "p10": 16493.21636022517,
      "p25": 16800.691584874796,
      "p50": 17013.500212418658,
      "p75": 17208.22381015802,
      "p90": 17378.720389749433,
      "p95": 17474.60432825849,
      "p99": 17722.555496380013
    }
  },
  "details": {
    "DNSDialup": {
      "average": 0.0007625073200000002,
      "fastest": 0.000092822,
      "slowest": 0.001620372
    },
    "DNSLookup": {
      "average": 0.0000065756599999999985,
      "fastest": 0.000003306,
      "slowest": 0.000030457
    }
  },
  "statusCodeDistribution": {
    "200": 167247
  },
  "errorDistribution": {}
}