{
  "summary": {
    "successRate": 1,
    "total": 10.00066267,
    "slowest": 0.023810527,
    "fastest": 0.000209001,
    "average": 0.0015653978386295832,
    "requestsPerSec": 31894.686434814023,
    "totalData": 4146584,
    "sizePerRequest": 13,
    "sizePerSec": 414630.9236525823
  },
  "responseTimeHistogram": {
    "0.000209001": 1,
    "0.0025691536": 310244,
    "0.0049293062000000006": 6787,
    "0.007289458800000001": 1163,
    "0.0096496114": 508,
    "0.012009764000000001": 130,
    "0.014369916600000001": 74,
    "0.016730069200000003": 16,
    "0.0190902218": 14,
    "0.0214503744": 12,
    "0.023810527": 19
  },
  "latencyPercentiles": {
    "p10": 0.001427008,
    "p25": 0.001444408,
    "p50": 0.001466908,
    "p75": 0.001495709,
    "p90": 0.001677009,
    "p95": 0.001826509,
    "p99": 0.003924421
  },
  "rps": {
    "mean": 31817.70487221641,
    "stddev": 5242.8531162599575,
    "max": 35469.66952488089,
    "percentiles": {
      "p10": 30531.57575564696,
      "p25": 32512.488046658887,
      "p50": 33337.14424611962,
      "p75": 33827.5389994999,
      "p90": 34067.59692582224,
      "p95": 34214.076574114304,
      "p99": 34420.79704557523
    }
  },
  "details": {
    "DNSDialup": {
      "average": 0.0013657472799999998,
      "fastest": 0.0000718,
      "slowest": 0.002912415
    },
    "DNSLookup": {
      "average": 0.000005026020000000001,
      "fastest": 0.0000033,
      "slowest": 0.0000523
    }
  },
  "statusCodeDistribution": {
    "200": 318968
  },
  "errorDistribution": {}
}