{
  "summary": {
    "successRate": 1,
    "total": 10.00019941,
    "slowest": 0.022693779,
    "fastest": 0.000340051,
    "average": 0.0031749129225378896,
    "requestsPerSec": 15710.586715190311,
    "totalData": 2042417,
    "sizePerRequest": 13,
    "sizePerSec": 204237.62729747404
  },
  "responseTimeHistogram": {
    "0.000340051": 1,
    "0.0025754238": 368,
    "0.0048107966": 151936,
    "0.007046169400000001": 4422,
    "0.0092815422": 233,
    "0.011516914999999999": 76,
    "0.0137522878": 30,
    "0.015987660600000002": 9,
    "0.0182230334": 7,
    "0.0204584062": 11,
    "0.022693779": 16
  },
  "latencyPercentiles": {
    "p10": 0.002908947,
    "p25": 0.003000656,
    "p50": 0.003077574,
    "p75": 0.003146316,
    "p90": 0.003265407,
    "p95": 0.003416509,
    "p99": 0.006227112
  },
  "rps": {
    "mean": 15708.464361072243,
    "stddev": 1499.4169732228402,
    "max": 18831.58244692187,
    "percentiles": {
      "p10": 15218.56512760006,
      "p25": 15630.224164466306,
      "p50": 15930.869245337186,
      "p75": 16225.677134065314,
      "p90": 16530.462335994158,
      "p95": 16773.378498918617,
      "p99": 17227.7004195047
    }
  },
  "details": {
    "DNSDialup": {
      "average": 0.0009644726399999999,
      "fastest": 0.000094205,
      "slowest": 0.002141766
    },
    "DNSLookup": {
      "average": 0.000025909859999999998,
      "fastest": 0.000004148,
      "slowest": 0.000846605
    }
  },
  "statusCodeDistribution": {
    "200": 157109
  },
  "errorDistribution": {}
}