{
  "summary": {
    "successRate": 1,
    "total": 10.000325903,
    "slowest": 0.02244392,
    "fastest": 0.000503154,
    "average": 0.0029967455158681584,
    "requestsPerSec": 16642.85760427782,
    "totalData": 2163642,
    "sizePerRequest": 13,
    "sizePerSec": 216357.14885561165
  },
  "responseTimeHistogram": {
    "0.000503154": 1,
    "0.0026972306": 17773,
    "0.0048913072": 143844,
    "0.007085383799999999": 4376,
    "0.0092794604": 307,
    "0.011473537": 60,
    "0.0136676136": 30,
    "0.015861690199999997": 9,
    "0.018055766799999998": 8,
    "0.0202498434": 14,
    "0.02244392": 12
  },
  "latencyPercentiles": {
    "p10": 0.002679748,
    "p25": 0.002839633,
    "p50": 0.002985329,
    "p75": 0.003093791,
    "p90": 0.00319941,
    "p95": 0.003366794,
    "p99": 0.006151236
  },
  "rps": {
    "mean": 16638.66566243552,
    "stddev": 2849.6115362874375,
    "max": 33401.08839402347,
    "percentiles": {
      "p10": 15492.250152759641,
      "p25": 15880.214137651832,
      "p50": 16419.575417812917,
      "p75": 16969.036829435754,
      "p90": 17436.999569386197,
      "p95": 21936.67425528072,
      "p99": 26934.427585337133
    }
  },
  "details": {
    "DNSDialup": {
      "average": 0.0004912983999999998,
      "fastest": 0.000093676,
      "slowest": 0.000868253
    },
    "DNSLookup": {
      "average": 0.000010917259999999999,
      "fastest": 0.000004018,
      "slowest": 0.000044333
    }
  },
  "statusCodeDistribution": {
    "200": 166434
  },
  "errorDistribution": {}
}