{
  "summary": {
    "successRate": 1,
    "total": 10.00053745,
    "slowest": 0.022993825,
    "fastest": 0.000163003,
    "average": 0.001557946509603353,
    "requestsPerSec": 32044.377774916487,
    "totalData": 4165993,
    "sizePerRequest": 13,
    "sizePerSec": 416576.9110739144
  },
  "responseTimeHistogram": {
    "0.000163003": 1,
    "0.0024460852000000003": 311324,
    "0.0047291674": 6382,
    "0.007012249600000001": 1916,
    "0.0092953318": 606,
    "0.011578414": 158,
    "0.013861496200000002": 29,
    "0.016144578399999998": 9,
    "0.0184276606": 6,
    "0.0207107428": 12,
    "0.022993825": 18
  },
  "latencyPercentiles": {
    "p10": 0.001416617,
    "p25": 0.001433318,
    "p50": 0.001454318,
    "p75": 0.001481218,
    "p90": 0.001644523,
    "p95": 0.001805222,
    "p99": 0.004532664
  },
  "rps": {
    "mean": 31979.30863344488,
    "stddev": 5712.801194404017,
    "max": 34743.00141284791,
    "percentiles": {
      "p10": 31444.26409055921,
      "p25": 32845.250902166954,
      "p50": 33587.58634892359,
      "p75": 34086.50131438641,
      "p90": 34318.456465888084,
      "p95": 34426.36715460901,
      "p99": 34592.62868182352
    }
  },
  "details": {
    "DNSDialup": {
      "average": 0.00145605658,
      "fastest": 0.000079001,
      "slowest": 0.003254246
    },
    "DNSLookup": {
      "average": 0.000005370100000000001,
      "fastest": 0.0000034,
      "slowest": 0.0000422
    }
  },
  "statusCodeDistribution": {
    "200": 320461
  },
  "errorDistribution": {}
}