{
  "summary": {
    "successRate": 1,
    "total": 10.000537964,
    "slowest": 0.045017179,
    "fastest": 0.000131805,
    "average": 0.003639080763485233,
    "requestsPerSec": 13714.262222063799,
    "totalData": 1782950,
    "sizePerRequest": 13,
    "sizePerSec": 178285.40888682936
  },
  "responseTimeHistogram": {
    "0.000131805": 1,
    "0.0046203424": 124678,
    "0.0091088798": 11185,
    "0.013597417200000001": 840,
    "0.0180859546": 344,
    "0.022574491999999998": 41,
    "0.0270630294": 13,
    "0.0315515668": 7,
    "0.0360401042": 8,
    "0.0405286416": 11,
    "0.045017179": 22
  },
  "latencyPercentiles": {
    "p10": 0.00304572,
    "p25": 0.003130824,
    "p50": 0.00327303,
    "p75": 0.003592143,
    "p90": 0.004420975,
    "p95": 0.006200546,
    "p99": 0.008885252
  },
  "rps": {
    "mean": 13705.10323313519,
    "stddev": 2703.870881222255,
    "max": 18963.158696355666,
    "percentiles": {
      "p10": 10297.574828713685,
      "p25": 13620.711654141034,
      "p50": 14639.975918242346,
      "p75": 15162.935279169493,
      "p90": 15567.261466618877,
      "p95": 15758.7897410079,
      "p99": 16211.518283739335
    }
  },
  "details": {
    "DNSDialup": {
      "average": 0.0014693621600000003,
      "fastest": 0.000109105,
      "slowest": 0.001976378
    },
    "DNSLookup": {
      "average": 0.00001342258,
      "fastest": 0.000008401,
      "slowest": 0.000190107
    }
  },
  "statusCodeDistribution": {
    "200": 137150
  },
  "errorDistribution": {}
}