{
  "summary": {
    "successRate": 1,
    "total": 10.000385232,
    "slowest": 0.023690071,
    "fastest": 0.00034748,
    "average": 0.0031756831074422885,
    "requestsPerSec": 15705.494974076017,
    "totalData": 2041793,
    "sizePerRequest": 13,
    "sizePerSec": 204171.4346629882
  },
  "responseTimeHistogram": {
    "0.00034748": 1,
    "0.0026817391": 1518,
    "0.0050159982": 150824,
    "0.0073502573": 4309,
    "0.0096845164": 259,
    "0.0120187755": 84,
    "0.014353034600000002": 23,
    "0.0166872937": 8,
    "0.0190215528": 9,
    "0.0213558119": 12,
    "0.023690071": 14
  },
  "latencyPercentiles": {
    "p10": 0.002886048,
    "p25": 0.002974388,
    "p50": 0.003070797,
    "p75": 0.003169859,
    "p90": 0.003323516,
    "p95": 0.003494626,
    "p99": 0.006280177
  },
  "rps": {
    "mean": 15704.012207810058,
    "stddev": 1639.2848104894208,
    "max": 28269.608256409894,
    "percentiles": {
      "p10": 14985.875058435566,
      "p25": 15543.87881550827,
      "p50": 15979.849711021316,
      "p75": 16324.28400488574,
      "p90": 16626.86128894863,
      "p95": 16823.79622211955,
      "p99": 17374.49662919631
    }
  },
  "details": {
    "DNSDialup": {
      "average": 0.0010428644800000002,
      "fastest": 0.000161773,
      "slowest": 0.001619223
    },
    "DNSLookup": {
      "average": 0.000008888220000000004,
      "fastest": 0.000004889,
      "slowest": 0.000040496
    }
  },
  "statusCodeDistribution": {
    "200": 157061
  },
  "errorDistribution": {}
}