{
  "summary": {
    "successRate": 1,
    "total": 10.000630338,
    "slowest": 0.189511608,
    "fastest": 0.000487098,
    "average": 0.0029233690169610587,
    "requestsPerSec": 17067.424175398013,
    "totalData": 2218905,
    "sizePerRequest": 13,
    "sizePerSec": 221876.51428017416
  },
  "responseTimeHistogram": {
    "0.000487098": 1,
    "0.019389549": 170642,
    "0.038292": 8,
    "0.057194451": 5,
    "0.07609690200000001": 6,
    "0.09499935300000001": 5,
    "0.11390180400000001": 4,
    "0.132804255": 3,
    "0.151706706": 4,
    "0.17060915699999998": 3,
    "0.189511608": 4
  },
  "latencyPercentiles": {
    "p10": 0.002717788,
    "p25": 0.002772059,
    "p50": 0.002819869,
    "p75": 0.002875462,
    "p90": 0.002978164,
    "p95": 0.003113406,
    "p99": 0.005650698
  },
  "rps": {
    "mean": 17066.687959593597,
    "stddev": 1691.4025010074442,
    "max": 18400.418443614115,
    "percentiles": {
      "p10": 16835.524640543943,
      "p25": 17153.777091181193,
      "p50": 17377.081257037677,
      "p75": 17580.44283226736,
      "p90": 17806.228618771012,
      "p95": 17911.05828738726,
      "p99": 18161.143120544857
    }
  },
  "details": {
    "DNSDialup": {
      "average": 0.0007540696799999999,
      "fastest": 0.000121336,
      "slowest": 0.000973071
    },
    "DNSLookup": {
      "average": 0.0000061412799999999986,
      "fastest": 0.000003036,
      "slowest": 0.000027271
    }
  },
  "statusCodeDistribution": {
    "200": 170685
  },
  "errorDistribution": {}
}