{
  "summary": {
    "successRate": 1,
    "total": 10.000652024,
    "slowest": 0.191066935,
    "fastest": 0.000731469,
    "average": 0.0028301013984765385,
    "requestsPerSec": 17629.250530555204,
    "totalData": 2291952,
    "sizePerRequest": 13,
    "sizePerSec": 229180.25689721768
  },
  "responseTimeHistogram": {
    "0.000731469": 1,
    "0.019765015599999998": 176261,
    "0.0387985622": 7,
    "0.0578321088": 6,
    "0.0768656554": 6,
    "0.095899202": 4,
    "0.1149327486": 4,
    "0.1339662952": 4,
    "0.1529998418": 4,
    "0.17203338840000001": 3,
    "0.19106693500000002": 4
  },
  "latencyPercentiles": {
    "p10": 0.002599062,
    "p25": 0.00264937,
    "p50": 0.002711558,
    "p75": 0.00281406,
    "p90": 0.002961293,
    "p95": 0.003099392,
    "p99": 0.005468206
  },
  "rps": {
    "mean": 17626.381368811173,
    "stddev": 1811.9117542024605,
    "max": 20468.534795053238,
    "percentiles": {
      "p10": 17071.857153946796,
      "p25": 17559.60608284896,
      "p50": 17959.66740301336,
      "p75": 18298.48979145081,
      "p90": 18522.12282350024,
      "p95": 18685.98730779438,
      "p99": 19018.421242815053
    }
  },
  "details": {
    "DNSDialup": {
      "average": 0.0009894079600000002,
      "fastest": 0.000133139,
      "slowest": 0.002016115
    },
    "DNSLookup": {
      "average": 0.000006300839999999999,
      "fastest": 0.000002696,
      "slowest": 0.000029405
    }
  },
  "statusCodeDistribution": {
    "200": 176304
  },
  "errorDistribution": {}
}