{
  "summary": {
    "successRate": 1,
    "total": 10.000155597,
    "slowest": 0.022204367,
    "fastest": 0.00016428,
    "average": 0.0031090059197028588,
    "requestsPerSec": 16045.15034227422,
    "totalData": 2085902,
    "sizePerRequest": 13,
    "sizePerSec": 208586.95444956486
  },
  "responseTimeHistogram": {
    "0.00016428": 1,
    "0.0023682887000000003": 327,
    "0.0045722974000000005": 154957,
    "0.006776306100000001": 4725,
    "0.0089803148": 282,
    "0.0111843235": 91,
    "0.0133883322": 28,
    "0.015592340900000001": 9,
    "0.0177963496": 8,
    "0.0200003583": 12,
    "0.022204367": 14
  },
  "latencyPercentiles": {
    "p10": 0.002806901,
    "p25": 0.002885638,
    "p50": 0.002999297,
    "p75": 0.003132443,
    "p90": 0.003249466,
    "p95": 0.003449174,
    "p99": 0.006152756
  },
  "rps": {
    "mean": 16043.976312411818,
    "stddev": 1627.5126433130204,
    "max": 20234.02148372379,
    "percentiles": {
      "p10": 15277.229450317287,
      "p25": 15788.518328006117,
      "p50": 16373.55985500522,
      "p75": 16775.761014316486,
      "p90": 17101.41428696158,
      "p95": 17283.16138764925,
      "p99": 17620.242134162836
    }
  },
  "details": {
    "DNSDialup": {
      "average": 0.0014241058000000002,
      "fastest": 0.000089428,
      "slowest": 0.002786666
    },
    "DNSLookup": {
      "average": 0.000009930280000000004,
      "fastest": 0.000003547,
      "slowest": 0.000145605
    }
  },
  "statusCodeDistribution": {
    "200": 160454
  },
  "errorDistribution": {}
}