{
  "summary": {
    "successRate": 1,
    "total": 10.000727122,
    "slowest": 0.021028195,
    "fastest": 0.0002058,
    "average": 0.0013301369929027886,
    "requestsPerSec": 37533.270873301604,
    "totalData": 4879680,
    "sizePerRequest": 13,
    "sizePerSec": 487932.52135292086
  },
  "responseTimeHistogram": {
    "0.0002058": 1,
    "0.0022880395": 364261,
    "0.004370279": 9343,
    "0.006452518500000001": 1068,
    "0.008534758000000002": 323,
    "0.010616997500000001": 216,
    "0.012699237000000002": 32,
    "0.014781476500000003": 41,
    "0.016863716": 45,
    "0.0189459555": 12,
    "0.021028195": 18
  },
  "latencyPercentiles": {
    "p10": 0.001211199,
    "p25": 0.001225899,
    "p50": 0.001244099,
    "p75": 0.0012663,
    "p90": 0.0013498,
    "p95": 0.001512799,
    "p99": 0.003664499
  },
  "rps": {
    "mean": 37454.15425772104,
    "stddev": 6762.283485830154,
    "max": 40730.1484558881,
    "percentiles": {
      "p10": 37217.24548846223,
      "p25": 38700.39861410516,
      "p50": 39303.5451797744,
      "p75": 39853.830568947764,
      "p90": 40162.66178491747,
      "p95": 40269.694760724225,
      "p99": 40433.187560352686
    }
  },
  "details": {
    "DNSDialup": {
      "average": 0.001239516,
      "fastest": 0.0000715,
      "slowest": 0.0013898
    },
    "DNSLookup": {
      "average": 0.000004264000000000001,
      "fastest": 0.000003,
      "slowest": 0.0000538
    }
  },
  "statusCodeDistribution": {
    "200": 375360
  },
  "errorDistribution": {}
}