{
  "summary": {
    "successRate": 1,
    "total": 10.000641355,
    "slowest": 0.193102601,
    "fastest": 0.000245158,
    "average": 0.0028415166449479827,
    "requestsPerSec": 17558.273891324843,
    "totalData": 2282722,
    "sizePerRequest": 13,
    "sizePerSec": 228257.56058722295
  },
  "responseTimeHistogram": {
    "0.000245158": 1,
    "0.0195309023": 175551,
    "0.038816646600000004": 7,
    "0.0581023909": 5,
    "0.0773881352": 6,
    "0.0966738795": 5,
    "0.1159596238": 4,
    "0.1352453681": 4,
    "0.1545311124": 4,
    "0.1738168567": 3,
    "0.193102601": 4
  },
  "latencyPercentiles": {
    "p10": 0.002611452,
    "p25": 0.002671866,
    "p50": 0.002734487,
    "p75": 0.002817474,
    "p90": 0.002965575,
    "p95": 0.003105473,
    "p99": 0.005493481
  },
  "rps": {
    "mean": 17553.92361208512,
    "stddev": 1850.122115952082,
    "max": 24894.30041956016,
    "percentiles": {
      "p10": 17016.209641303787,
      "p25": 17504.0088204119,
      "p50": 17894.274194164766,
      "p75": 18198.385933873666,
      "p90": 18440.90192045871,
      "p95": 18600.176701678814,
      "p99": 19148.94278285743
    }
  },
  "details": {
    "DNSDialup": {
      "average": 0.0007212259400000001,
      "fastest": 0.000077265,
      "slowest": 0.001426214
    },
    "DNSLookup": {
      "average": 0.000006902560000000001,
      "fastest": 0.000003236,
      "slowest": 0.00003208
    }
  },
  "statusCodeDistribution": {
    "200": 175594
  },
  "errorDistribution": {}
}