{
  "summary": {
    "successRate": 1,
    "total": 10.000657026,
    "slowest": 0.18541734,
    "fastest": 0.000840566,
    "average": 0.0027763816866201905,
    "requestsPerSec": 17970.619283589458,
    "totalData": 2336334,
    "sizePerRequest": 13,
    "sizePerSec": 233618.05068666293
  },
  "responseTimeHistogram": {
    "0.000840566": 1,
    "0.019298243400000005": 179676,
    "0.03775592080000001": 7,
    "0.05621359820000001": 6,
    "0.07467127560000002": 6,
    "0.09312895300000003": 4,
    "0.11158663040000003": 4,
    "0.1300443078": 4,
    "0.14850198520000002": 3,
    "0.16695966260000003": 3,
    "0.18541734000000004": 4
  },
  "latencyPercentiles": {
    "p10": 0.00258747,
    "p25": 0.002626464,
    "p50": 0.002667359,
    "p75": 0.002722636,
    "p90": 0.002848888,
    "p95": 0.003006241,
    "p99": 0.005360787
  },
  "rps": {
    "mean": 17969.691778520515,
    "stddev": 1791.181241431509,
    "max": 19642.744576475376,
    "percentiles": {
      "p10": 17708.143975413775,
      "p25": 18051.794207941202,
      "p50": 18338.628487045124,
      "p75": 18534.409130553682,
      "p90": 18710.629508624625,
      "p95": 18822.96966988823,
      "p99": 19020.54218556098
    }
  },
  "details": {
    "DNSDialup": {
      "average": 0.00076085868,
      "fastest": 0.000070977,
      "slowest": 0.001664145
    },
    "DNSLookup": {
      "average": 0.000006546039999999999,
      "fastest": 0.000003276,
      "slowest": 0.000027411
    }
  },
  "statusCodeDistribution": {
    "200": 179718
  },
  "errorDistribution": {}
}