{
  "summary": {
    "successRate": 1,
    "total": 10.000696265,
    "slowest": 0.028590025,
    "fastest": 0.000398432,
    "average": 0.0019024392432230588,
    "requestsPerSec": 26237.873148725208,
    "totalData": 3411161,
    "sizePerRequest": 13,
    "sizePerSec": 341092.35093342775
  },
  "responseTimeHistogram": {
    "0.000398432": 1,
    "0.0032175913": 252862,
    "0.0060367506": 7631,
    "0.0088559099": 1219,
    "0.0116750692": 377,
    "0.014494228500000001": 161,
    "0.0173133878": 95,
    "0.020132547100000002": 6,
    "0.0229517064": 15,
    "0.0257708657": 11,
    "0.028590025": 19
  },
  "latencyPercentiles": {
    "p10": 0.001709039,
    "p25": 0.001726641,
    "p50": 0.001750342,
    "p75": 0.001781744,
    "p90": 0.002067468,
    "p95": 0.00221758,
    "p99": 0.005250027
  },
  "rps": {
    "mean": 26194.13947043012,
    "stddev": 5245.287983190033,
    "max": 29932.302941333208,
    "percentiles": {
      "p10": 24354.78120937344,
      "p25": 27079.054591975517,
      "p50": 27987.303594832953,
      "p75": 28307.334430351184,
      "p90": 28456.035625355205,
      "p95": 28560.945538662687,
      "p99": 28733.595319648844
    }
  },
  "details": {
    "DNSDialup": {
      "average": 0.0016861191200000002,
      "fastest": 0.000089007,
      "slowest": 0.003558289
    },
    "DNSLookup": {
      "average": 0.000005588500000000001,
      "fastest": 0.0000041,
      "slowest": 0.000038803
    }
  },
  "statusCodeDistribution": {
    "200": 262397
  },
  "errorDistribution": {}
}