{
  "summary": {
    "successRate": 1,
    "total": 10.000549395,
    "slowest": 0.191834022,
    "fastest": 0.000872687,
    "average": 0.003117799138828491,
    "requestsPerSec": 16005.92064272285,
    "totalData": 2080884,
    "sizePerRequest": 13,
    "sizePerSec": 208076.96835539702
  },
  "responseTimeHistogram": {
    "0.000872687": 1,
    "0.019968820499999998": 160024,
    "0.03906495399999999": 8,
    "0.058161087499999986": 6,
    "0.07725722099999999": 5,
    "0.09635335449999999": 5,
    "0.11544948799999998": 3,
    "0.1345456215": 5,
    "0.153641755": 4,
    "0.1727378885": 3,
    "0.191834022": 4
  },
  "latencyPercentiles": {
    "p10": 0.002946012,
    "p25": 0.002972742,
    "p50": 0.003000715,
    "p75": 0.003044732,
    "p90": 0.003157156,
    "p95": 0.003274094,
    "p99": 0.006001068
  },
  "rps": {
    "mean": 16002.178627533252,
    "stddev": 1564.2394265222201,
    "max": 17903.83508194122,
    "percentiles": {
      "p10": 15863.535044204538,
      "p25": 16131.5371551404,
      "p50": 16306.51608382637,
      "p75": 16424.03164310065,
      "p90": 16541.043290718368,
      "p95": 16628.681149246248,
      "p99": 17548.57269436032
    }
  },
  "details": {
    "DNSDialup": {
      "average": 0.0007947795,
      "fastest": 0.000131302,
      "slowest": 0.001143905
    },
    "DNSLookup": {
      "average": 0.0000070018,
      "fastest": 0.000003066,
      "slowest": 0.000031178
    }
  },
  "statusCodeDistribution": {
    "200": 160068
  },
  "errorDistribution": {}
}