{
  "summary": {
    "successRate": 1,
    "total": 10.000618276,
    "slowest": 0.186362849,
    "fastest": 0.000814848,
    "average": 0.0028923542493216863,
    "requestsPerSec": 17248.133589295692,
    "totalData": 2242396,
    "sizePerRequest": 13,
    "sizePerSec": 224225.736660844
  },
  "responseTimeHistogram": {
    "0.000814848": 1,
    "0.019369648099999998": 172449,
    "0.037924448199999995": 7,
    "0.05647924829999999": 6,
    "0.0750340484": 5,
    "0.09358884849999999": 5,
    "0.11214364859999998": 4,
    "0.1306984487": 4,
    "0.1492532488": 4,
    "0.16780804889999998": 3,
    "0.18636284899999997": 4
  },
  "latencyPercentiles": {
    "p10": 0.002647113,
    "p25": 0.002716378,
    "p50": 0.002792765,
    "p75": 0.002887067,
    "p90": 0.003006267,
    "p95": 0.003142644,
    "p99": 0.00560742
  },
  "rps": {
    "mean": 17246.507079124418,
    "stddev": 1706.3863545579572,
    "max": 21539.73472105617,
    "percentiles": {
      "p10": 16717.309101844112,
      "p25": 17135.34679336519,
      "p50": 17508.97159704567,
      "p75": 17858.008167932323,
      "p90": 18135.49755644386,
      "p95": 18291.962843193713,
      "p99": 18759.69522617856
    }
  },
  "details": {
    "DNSDialup": {
      "average": 0.00071884952,
      "fastest": 0.000088576,
      "slowest": 0.00158953
    },
    "DNSLookup": {
      "average": 0.000006366319999999999,
      "fastest": 0.000003116,
      "slowest": 0.000028173
    }
  },
  "statusCodeDistribution": {
    "200": 172492
  },
  "errorDistribution": {}
}