{
  "summary": {
    "successRate": 1,
    "total": 10.000387524,
    "slowest": 0.023202098,
    "fastest": 0.001414677,
    "average": 0.0031201273520463377,
    "requestsPerSec": 15986.480485513632,
    "totalData": 2078323,
    "sizePerRequest": 13,
    "sizePerSec": 207824.2463116772
  },
  "responseTimeHistogram": {
    "0.001414677": 1,
    "0.0035934191": 153907,
    "0.0057721612000000005": 2167,
    "0.0079509033": 3514,
    "0.0101296454": 206,
    "0.0123083875": 27,
    "0.014487129599999999": 11,
    "0.0166658717": 8,
    "0.0188446138": 10,
    "0.0210233559": 13,
    "0.023202098": 7
  },
  "latencyPercentiles": {
    "p10": 0.002837582,
    "p25": 0.002941467,
    "p50": 0.003038731,
    "p75": 0.003118336,
    "p90": 0.003208366,
    "p95": 0.003355441,
    "p99": 0.006163298
  },
  "rps": {
    "mean": 15985.86187242561,
    "stddev": 1619.5262635027354,
    "max": 23319.7304922669,
    "percentiles": {
      "p10": 15514.656413830533,
      "p25": 15826.103575237386,
      "p50": 16128.216314441439,
      "p75": 16469.91809630236,
      "p90": 16973.31112541272,
      "p95": 17224.9917405161,
      "p99": 17797.11529876253
    }
  },
  "details": {
    "DNSDialup": {
      "average": 0.00140059688,
      "fastest": 0.000068517,
      "slowest": 0.0028028
    },
    "DNSLookup": {
      "average": 0.00002942118,
      "fastest": 0.000002835,
      "slowest": 0.0011834
    }
  },
  "statusCodeDistribution": {
    "200": 159871
  },
  "errorDistribution": {}
}