{
  "summary": {
    "successRate": 1,
    "total": 10.000717939,
    "slowest": 0.021011175,
    "fastest": 0.000106699,
    "average": 0.0013876781227451713,
    "requestsPerSec": 35975.21719885395,
    "totalData": 4677114,
    "sizePerRequest": 13,
    "sizePerSec": 467677.82358510135
  },
  "responseTimeHistogram": {
    "0.000106699": 1,
    "0.0021971466000000003": 338131,
    "0.0042875942000000005": 19886,
    "0.006378041800000001": 876,
    "0.008468489400000001": 570,
    "0.010558937000000001": 138,
    "0.012649384600000002": 58,
    "0.014739832200000002": 77,
    "0.0168302798": 11,
    "0.0189207274": 13,
    "0.021011175": 17
  },
  "latencyPercentiles": {
    "p10": 0.001208387,
    "p25": 0.001223987,
    "p50": 0.001243287,
    "p75": 0.001268086,
    "p90": 0.001495284,
    "p95": 0.002499174,
    "p99": 0.003477464
  },
  "rps": {
    "mean": 35919.917591199184,
    "stddev": 8512.106587534752,
    "max": 40837.18634188303,
    "percentiles": {
      "p10": 15814.400593178085,
      "p25": 38389.470499948424,
      "p50": 39232.97924235224,
      "p75": 39900.17337527969,
      "p90": 40217.055762502976,
      "p95": 40354.902845326964,
      "p99": 40580.37348772958
    }
  },
  "details": {
    "DNSDialup": {
      "average": 0.00122711884,
      "fastest": 0.000067499,
      "slowest": 0.001350685
    },
    "DNSLookup": {
      "average": 0.00000414392,
      "fastest": 0.000002999,
      "slowest": 0.000045999
    }
  },
  "statusCodeDistribution": {
    "200": 359778
  },
  "errorDistribution": {}
}