{
  "summary": {
    "successRate": 1,
    "total": 10.000651311,
    "slowest": 0.021729922,
    "fastest": 0.000244303,
    "average": 0.0015591166637183974,
    "requestsPerSec": 32016.614722664835,
    "totalData": 4162431,
    "sizePerRequest": 13,
    "sizePerSec": 416215.99139464286
  },
  "responseTimeHistogram": {
    "0.000244303": 1,
    "0.0023928648999999996": 305720,
    "0.0045414268": 12457,
    "0.006689988699999999": 1078,
    "0.008838550599999998": 581,
    "0.010987112499999998": 152,
    "0.013135674399999997": 144,
    "0.015284236299999997": 14,
    "0.0174327982": 7,
    "0.019581360099999997": 16,
    "0.021729922": 17
  },
  "latencyPercentiles": {
    "p10": 0.00138122,
    "p25": 0.001397221,
    "p50": 0.00141902,
    "p75": 0.001449622,
    "p90": 0.001693125,
    "p95": 0.002021229,
    "p99": 0.00410456
  },
  "rps": {
    "mean": 31950.94700352103,
    "stddev": 6838.868208460347,
    "max": 36136.689580931736,
    "percentiles": {
      "p10": 23650.735557918906,
      "p25": 33419.2260807633,
      "p50": 34229.961485287,
      "p75": 34850.372728741306,
      "p90": 35128.63686477188,
      "p95": 35314.312891014124,
      "p99": 35502.318301382154
    }
  },
  "details": {
    "DNSDialup": {
      "average": 0.0008277302800000001,
      "fastest": 0.000067601,
      "slowest": 0.000986015
    },
    "DNSLookup": {
      "average": 0.000006652080000000003,
      "fastest": 0.0000039,
      "slowest": 0.000106401
    }
  },
  "statusCodeDistribution": {
    "200": 320187
  },
  "errorDistribution": {}
}