{
  "summary": {
    "successRate": 1,
    "total": 10.000686686,
    "slowest": 0.179154904,
    "fastest": 0.000856686,
    "average": 0.0028236486066651515,
    "requestsPerSec": 17666.686853347142,
    "totalData": 2296827,
    "sizePerRequest": 13,
    "sizePerSec": 229666.92909351285
  },
  "responseTimeHistogram": {
    "0.000856686": 1,
    "0.0186865078": 176636,
    "0.0365163296": 8,
    "0.0543461514": 5,
    "0.0721759732": 5,
    "0.090005795": 5,
    "0.10783561679999999": 4,
    "0.12566543859999998": 4,
    "0.1434952604": 4,
    "0.1613250822": 3,
    "0.179154904": 4
  },
  "latencyPercentiles": {
    "p10": 0.002536118,
    "p25": 0.002593866,
    "p50": 0.002672412,
    "p75": 0.002879314,
    "p90": 0.003083452,
    "p95": 0.003204684,
    "p99": 0.005395619
  },
  "rps": {
    "mean": 17666.303019019608,
    "stddev": 1976.3074979847756,
    "max": 21585.25583125131,
    "percentiles": {
      "p10": 15923.18734541281,
      "p25": 16974.13794229056,
      "p50": 18330.182478469324,
      "p75": 18729.91917288733,
      "p90": 19005.886122931846,
      "p95": 19189.869999180137,
      "p99": 19562.62387153651
    }
  },
  "details": {
    "DNSDialup": {
      "average": 0.0006303564,
      "fastest": 0.000091372,
      "slowest": 0.001064621
    },
    "DNSLookup": {
      "average": 0.0000069828199999999975,
      "fastest": 0.000003586,
      "slowest": 0.000034605
    }
  },
  "statusCodeDistribution": {
    "200": 176679
  },
  "errorDistribution": {}
}