{
  "summary": {
    "successRate": 1,
    "total": 10.000755834,
    "slowest": 0.023810638,
    "fastest": 0.000163202,
    "average": 0.0016016636124584831,
    "requestsPerSec": 31173.143827800806,
    "totalData": 4052815,
    "sizePerRequest": 13,
    "sizePerSec": 405250.8697614105
  },
  "responseTimeHistogram": {
    "0.000163202": 1,
    "0.0025279455999999995": 303233,
    "0.0048926892": 5465,
    "0.007257432799999999": 2401,
    "0.009622176399999998": 581,
    "0.011986919999999998": 15,
    "0.014351663599999996": 15,
    "0.0167164072": 7,
    "0.0190811508": 7,
    "0.0214458944": 11,
    "0.023810638": 19
  },
  "latencyPercentiles": {
    "p10": 0.00146252,
    "p25": 0.00148022,
    "p50": 0.001501921,
    "p75": 0.001528121,
    "p90": 0.001623322,
    "p95": 0.001852525,
    "p99": 0.004863169
  },
  "rps": {
    "mean": 31143.53672264219,
    "stddev": 5420.965768691989,
    "max": 33701.319647387674,
    "percentiles": {
      "p10": 31146.60466455966,
      "p25": 31856.58685523093,
      "p50": 32611.29329086907,
      "p75": 33062.696791928836,
      "p90": 33255.416826601664,
      "p95": 33369.95677738868,
      "p99": 33542.138989210885
    }
  },
  "details": {
    "DNSDialup": {
      "average": 0.0016512375000000004,
      "fastest": 0.000091302,
      "slowest": 0.001822026
    },
    "DNSLookup": {
      "average": 0.000005196099999999999,
      "fastest": 0.0000038,
      "slowest": 0.000056101
    }
  },
  "statusCodeDistribution": {
    "200": 311755
  },
  "errorDistribution": {}
}