{
  "summary": {
    "successRate": 1,
    "total": 10.000617432,
    "slowest": 0.18174704,
    "fastest": 0.000333423,
    "average": 0.002739201676458995,
    "requestsPerSec": 18217.27520713343,
    "totalData": 2368392,
    "sizePerRequest": 13,
    "sizePerSec": 236824.5776927346
  },
  "responseTimeHistogram": {
    "0.000333423": 1,
    "0.0184747847": 182141,
    "0.0366161464": 7,
    "0.054757508100000005": 6,
    "0.0728988698": 5,
    "0.0910402315": 5,
    "0.10918159320000001": 4,
    "0.1273229549": 4,
    "0.1454643166": 4,
    "0.1636056783": 3,
    "0.18174704": 4
  },
  "latencyPercentiles": {
    "p10": 0.002548613,
    "p25": 0.002590781,
    "p50": 0.00263851,
    "p75": 0.002700538,
    "p90": 0.002811175,
    "p95": 0.002928727,
    "p99": 0.005284656
  },
  "rps": {
    "mean": 18216.551217888646,
    "stddev": 1799.3695061814033,
    "max": 20263.099291191258,
    "percentiles": {
      "p10": 17851.016419825562,
      "p25": 18245.749392025675,
      "p50": 18542.956613290884,
      "p75": 18807.878620354863,
      "p90": 19001.35289632549,
      "p95": 19131.833457690736,
      "p99": 19404.971553711905
    }
  },
  "details": {
    "DNSDialup": {
      "average": 0.0006989400600000001,
      "fastest": 0.000073437,
      "slowest": 0.001613095
    },
    "DNSLookup": {
      "average": 0.000006922720000000002,
      "fastest": 0.000003397,
      "slowest": 0.000037851
    }
  },
  "statusCodeDistribution": {
    "200": 182184
  },
  "errorDistribution": {}
}