{
  "summary": {
    "successRate": 1,
    "total": 10.00026391,
    "slowest": 0.022650658,
    "fastest": 0.001198393,
    "average": 0.003028818668484111,
    "requestsPerSec": 16469.665349061775,
    "totalData": 2141113,
    "sizePerRequest": 13,
    "sizePerSec": 214105.64953780305
  },
  "responseTimeHistogram": {
    "0.001198393": 1,
    "0.0033436195000000005": 155540,
    "0.005488846": 4972,
    "0.007634072500000001": 3865,
    "0.009779299000000002": 247,
    "0.011924525500000002": 25,
    "0.014069752000000003": 12,
    "0.0162149785": 8,
    "0.018360205": 10,
    "0.0205054315": 15,
    "0.022650658": 6
  },
  "latencyPercentiles": {
    "p10": 0.002734634,
    "p25": 0.002807127,
    "p50": 0.002907902,
    "p75": 0.003059635,
    "p90": 0.003200089,
    "p95": 0.003388879,
    "p99": 0.006010326
  },
  "rps": {
    "mean": 16468.214601233147,
    "stddev": 1711.6007527064994,
    "max": 23929.544984728065,
    "percentiles": {
      "p10": 15422.393315093359,
      "p25": 16216.08311122997,
      "p50": 16857.9136766456,
      "p75": 17269.40920949545,
      "p90": 17544.35915769374,
      "p95": 17672.568869549916,
      "p99": 17959.442161666786
    }
  },
  "details": {
    "DNSDialup": {
      "average": 0.0011815613599999999,
      "fastest": 0.000169723,
      "slowest": 0.002407838
    },
    "DNSLookup": {
      "average": 0.000009192179999999998,
      "fastest": 0.000004579,
      "slowest": 0.000048111
    }
  },
  "statusCodeDistribution": {
    "200": 164701
  },
  "errorDistribution": {}
}