{
  "summary": {
    "successRate": 1,
    "total": 10.000234662,
    "slowest": 0.022717535,
    "fastest": 0.000129599,
    "average": 0.001443464846623152,
    "requestsPerSec": 34585.88840062561,
    "totalData": 4496271,
    "sizePerRequest": 13,
    "sizePerSec": 449616.54920813296
  },
  "responseTimeHistogram": {
    "0.000129599": 1,
    "0.0023883926": 329408,
    "0.0046471862": 14240,
    "0.006905979800000001": 1276,
    "0.0091647734": 470,
    "0.011423566999999999": 215,
    "0.0136823606": 158,
    "0.0159411542": 40,
    "0.0181999478": 27,
    "0.0204587414": 12,
    "0.022717535": 20
  },
  "latencyPercentiles": {
    "p10": 0.001268591,
    "p25": 0.001286791,
    "p50": 0.00130939,
    "p75": 0.00134069,
    "p90": 0.001569288,
    "p95": 0.002111884,
    "p99": 0.004000871
  },
  "rps": {
    "mean": 34450.87383108335,
    "stddev": 7693.3650217424665,
    "max": 39215.580079166866,
    "percentiles": {
      "p10": 19941.024670053288,
      "p25": 36278.263096978866,
      "p50": 37179.83253642391,
      "p75": 37810.48484744842,
      "p90": 38276.83308705288,
      "p95": 38529.56373425342,
      "p99": 38865.96720614036
    }
  },
  "details": {
    "DNSDialup": {
      "average": 0.0014083917800000003,
      "fastest": 0.000091699,
      "slowest": 0.001616389
    },
    "DNSLookup": {
      "average": 0.000005187999999999999,
      "fastest": 0.0000032,
      "slowest": 0.000037
    }
  },
  "statusCodeDistribution": {
    "200": 345867
  },
  "errorDistribution": {}
}