{
  "summary": {
    "successRate": 1,
    "total": 10.000264247,
    "slowest": 0.021546965,
    "fastest": 0.000652644,
    "average": 0.0029354181694979356,
    "requestsPerSec": 16994.450926732596,
    "totalData": 2209337,
    "sizePerRequest": 13,
    "sizePerSec": 220927.86204752375
  },
  "responseTimeHistogram": {
    "0.000652644": 1,
    "0.0027420761": 69201,
    "0.0048315082": 95706,
    "0.0069209403": 4553,
    "0.009010372400000001": 356,
    "0.011099804500000001": 67,
    "0.013189236600000001": 20,
    "0.015278668700000001": 9,
    "0.0173681008": 9,
    "0.0194575329": 12,
    "0.021546965": 15
  },
  "latencyPercentiles": {
    "p10": 0.002636675,
    "p25": 0.002690536,
    "p50": 0.002778017,
    "p75": 0.003006974,
    "p90": 0.003159074,
    "p95": 0.003385146,
    "p99": 0.005952608
  },
  "rps": {
    "mean": 16991.280905129443,
    "stddev": 1943.4503933601036,
    "max": 24080.88770178902,
    "percentiles": {
      "p10": 15560.614818965927,
      "p25": 16335.806454167116,
      "p50": 17569.841878449995,
      "p75": 18029.333725972814,
      "p90": 18276.035618587506,
      "p95": 18416.305797154528,
      "p99": 18704.54894630507
    }
  },
  "details": {
    "DNSDialup": {
      "average": 0.0007258028400000001,
      "fastest": 0.000066694,
      "slowest": 0.002121047
    },
    "DNSLookup": {
      "average": 0.000008671020000000002,
      "fastest": 0.000004027,
      "slowest": 0.000029255
    }
  },
  "statusCodeDistribution": {
    "200": 169949
  },
  "errorDistribution": {}
}