{
  "summary": {
    "successRate": 1,
    "total": 10.00067092,
    "slowest": 0.022918336,
    "fastest": 0.000165101,
    "average": 0.0016018279424880608,
    "requestsPerSec": 31168.808822278497,
    "totalData": 4052217,
    "sizePerRequest": 13,
    "sizePerSec": 405194.51468962047
  },
  "responseTimeHistogram": {
    "0.000165101": 1,
    "0.0024404245": 303075,
    "0.004715748": 5829,
    "0.0069910714999999995": 1902,
    "0.009266395": 516,
    "0.0115417185": 257,
    "0.013817042": 46,
    "0.0160923655": 32,
    "0.018367689": 21,
    "0.0206430125": 11,
    "0.022918335999999997": 19
  },
  "latencyPercentiles": {
    "p10": 0.001460315,
    "p25": 0.001478416,
    "p50": 0.001501116,
    "p75": 0.001529816,
    "p90": 0.001631117,
    "p95": 0.00188232,
    "p99": 0.004657648
  },
  "rps": {
    "mean": 31144.07307802065,
    "stddev": 5394.311497972747,
    "max": 33880.28611400674,
    "percentiles": {
      "p10": 30825.575980390702,
      "p25": 31718.387149031063,
      "p50": 32603.673159909416,
      "p75": 33096.30030499698,
      "p90": 33329.6533926236,
      "p95": 33457.875432928864,
      "p99": 33721.05183186424
    }
  },
  "details": {
    "DNSDialup": {
      "average": 0.0012024604200000003,
      "fastest": 0.000049801,
      "slowest": 0.001426515
    },
    "DNSLookup": {
      "average": 0.000005292040000000001,
      "fastest": 0.0000033,
      "slowest": 0.000054801
    }
  },
  "statusCodeDistribution": {
    "200": 311709
  },
  "errorDistribution": {}
}