{
  "summary": {
    "successRate": 1,
    "total": 10.000143966,
    "slowest": 0.023025759,
    "fastest": 0.000812681,
    "average": 0.002940931522702074,
    "requestsPerSec": 16962.955791110657,
    "totalData": 2205216,
    "sizePerRequest": 13,
    "sizePerSec": 220518.42528443856
  },
  "responseTimeHistogram": {
    "0.000812681": 1,
    "0.0030339888": 132529,
    "0.0052552966": 32646,
    "0.0074766044": 4151,
    "0.009697912199999999": 123,
    "0.011919219999999998": 118,
    "0.0141405278": 23,
    "0.0163618356": 8,
    "0.0185831434": 9,
    "0.020804451199999997": 12,
    "0.023025758999999996": 12
  },
  "latencyPercentiles": {
    "p10": 0.002651773,
    "p25": 0.002700202,
    "p50": 0.002785574,
    "p75": 0.002988583,
    "p90": 0.00316268,
    "p95": 0.003359225,
    "p99": 0.005877922
  },
  "rps": {
    "mean": 16963.27962775625,
    "stddev": 1873.2083984170986,
    "max": 21146.410026083806,
    "percentiles": {
      "p10": 15516.593445027998,
      "p25": 16459.1046447787,
      "p50": 17509.215099906345,
      "p75": 17961.078443354712,
      "p90": 18220.99970215654,
      "p95": 18348.480354792853,
      "p99": 18565.016544440623
    }
  },
  "details": {
    "DNSDialup": {
      "average": 0.00100308136,
      "fastest": 0.000095739,
      "slowest": 0.002065571
    },
    "DNSLookup": {
      "average": 0.00001230696,
      "fastest": 0.000004038,
      "slowest": 0.000198876
    }
  },
  "statusCodeDistribution": {
    "200": 169632
  },
  "errorDistribution": {}
}