{
  "summary": {
    "successRate": 1,
    "total": 10.000660441,
    "slowest": 0.180934344,
    "fastest": 0.000560723,
    "average": 0.002875812357079479,
    "requestsPerSec": 17347.654289785318,
    "totalData": 2255344,
    "sizePerRequest": 13,
    "sizePerSec": 225519.50576720914
  },
  "responseTimeHistogram": {
    "0.000560723": 1,
    "0.018598085099999998": 173445,
    "0.0366354472": 7,
    "0.0546728093": 6,
    "0.0727101714": 5,
    "0.09074753349999999": 5,
    "0.1087848956": 4,
    "0.1268222577": 4,
    "0.1448596198": 4,
    "0.16289698190000002": 3,
    "0.180934344": 4
  },
  "latencyPercentiles": {
    "p10": 0.002612987,
    "p25": 0.002690372,
    "p50": 0.002782896,
    "p75": 0.002885104,
    "p90": 0.00299039,
    "p95": 0.00310357,
    "p99": 0.005580907
  },
  "rps": {
    "mean": 17346.67070133599,
    "stddev": 1681.7332044330813,
    "max": 19947.38101412286,
    "percentiles": {
      "p10": 16875.845326434086,
      "p25": 17207.600597183344,
      "p50": 17606.535545994735,
      "p75": 17971.183859266883,
      "p90": 18275.132725661944,
      "p95": 18477.765523984013,
      "p99": 18802.772192248452
    }
  },
  "details": {
    "DNSDialup": {
      "average": 0.0007185471400000001,
      "fastest": 0.000097423,
      "slowest": 0.001267928
    },
    "DNSLookup": {
      "average": 0.000007297639999999998,
      "fastest": 0.000003997,
      "slowest": 0.000030307
    }
  },
  "statusCodeDistribution": {
    "200": 173488
  },
  "errorDistribution": {}
}