{
  "summary": {
    "successRate": 1,
    "total": 10.000596875,
    "slowest": 0.023081009,
    "fastest": 0.001414163,
    "average": 0.002969884173281774,
    "requestsPerSec": 16796.497459057915,
    "totalData": 2183675,
    "sizePerRequest": 13,
    "sizePerSec": 218354.46696775287
  },
  "responseTimeHistogram": {
    "0.001414163": 1,
    "0.0035808476": 161352,
    "0.005747532200000001": 4431,
    "0.0079142168": 1860,
    "0.0100809014": 233,
    "0.012247586": 36,
    "0.014414270600000001": 20,
    "0.0165809552": 10,
    "0.0187476398": 10,
    "0.0209143244": 11,
    "0.023081009": 11
  },
  "latencyPercentiles": {
    "p10": 0.002681053,
    "p25": 0.002737809,
    "p50": 0.002804696,
    "p75": 0.003020164,
    "p90": 0.00320017,
    "p95": 0.003408518,
    "p99": 0.00608508
  },
  "rps": {
    "mean": 16792.57257532517,
    "stddev": 1951.6510661320592,
    "max": 20608.1855713094,
    "percentiles": {
      "p10": 15372.94616685587,
      "p25": 16267.37295181735,
      "p50": 17426.423686236656,
      "p75": 17778.73847696678,
      "p90": 17992.045505602237,
      "p95": 18134.784329823182,
      "p99": 18441.672647680847
    }
  },
  "details": {
    "DNSDialup": {
      "average": 0.00100358612,
      "fastest": 0.000135135,
      "slowest": 0.001510845
    },
    "DNSLookup": {
      "average": 0.000007554000000000002,
      "fastest": 0.000004088,
      "slowest": 0.000032401
    }
  },
  "statusCodeDistribution": {
    "200": 167975
  },
  "errorDistribution": {}
}