{
  "summary": {
    "successRate": 1,
    "total": 10.000622966,
    "slowest": 0.188737479,
    "fastest": 0.000951012,
    "average": 0.0028578555194652914,
    "requestsPerSec": 17458.21241272461,
    "totalData": 2269709,
    "sizePerRequest": 13,
    "sizePerSec": 226956.76136541992
  },
  "responseTimeHistogram": {
    "0.000951012": 1,
    "0.019729658700000003": 174550,
    "0.038508305400000005": 7,
    "0.05728695210000001": 6,
    "0.07606559880000001": 6,
    "0.09484424550000001": 4,
    "0.11362289220000002": 4,
    "0.1324015389": 4,
    "0.15118018560000002": 4,
    "0.16995883230000003": 3,
    "0.188737479": 4
  },
  "latencyPercentiles": {
    "p10": 0.002618769,
    "p25": 0.002686596,
    "p50": 0.002755847,
    "p75": 0.002841016,
    "p90": 0.002952846,
    "p95": 0.0030645,
    "p99": 0.005533475
  },
  "rps": {
    "mean": 17456.81807075278,
    "stddev": 1779.1864301043242,
    "max": 20848.152978935253,
    "percentiles": {
      "p10": 16942.050168518876,
      "p25": 17449.476244944723,
      "p50": 17780.44942145189,
      "p75": 18063.36991433409,
      "p90": 18338.959285104094,
      "p95": 18455.162480654206,
      "p99": 18814.737916233324
    }
  },
  "details": {
    "DNSDialup": {
      "average": 0.0004896321000000001,
      "fastest": 0.000072406,
      "slowest": 0.000702041
    },
    "DNSLookup": {
      "average": 0.000006346740000000002,
      "fastest": 0.000003586,
      "slowest": 0.000034745
    }
  },
  "statusCodeDistribution": {
    "200": 174593
  },
  "errorDistribution": {}
}