{
  "summary": {
    "successRate": 1,
    "total": 10.000676932,
    "slowest": 0.021671034,
    "fastest": 0.000160099,
    "average": 0.0013299285666026478,
    "requestsPerSec": 37541.75867822145,
    "totalData": 4880759,
    "sizePerRequest": 13,
    "sizePerSec": 488042.8628168788
  },
  "responseTimeHistogram": {
    "0.000160099": 1,
    "0.0023111925": 367621,
    "0.004462286": 6147,
    "0.0066133795000000006": 822,
    "0.008764473": 593,
    "0.0109155665": 155,
    "0.01306666": 28,
    "0.0152177535": 23,
    "0.017368847": 23,
    "0.0195199405": 11,
    "0.021671034": 19
  },
  "latencyPercentiles": {
    "p10": 0.001225485,
    "p25": 0.001240685,
    "p50": 0.001258485,
    "p75": 0.001279684,
    "p90": 0.001360583,
    "p95": 0.001521081,
    "p99": 0.002916164
  },
  "rps": {
    "mean": 37432.688492227724,
    "stddev": 6023.999192663933,
    "max": 41065.3884179778,
    "percentiles": {
      "p10": 37156.55971519941,
      "p25": 38314.26440063658,
      "p50": 38866.55119561267,
      "p75": 39512.694155000114,
      "p90": 39715.96979145606,
      "p95": 39818.4080500412,
      "p99": 40028.512309317215
    }
  },
  "details": {
    "DNSDialup": {
      "average": 0.0011922073000000001,
      "fastest": 0.000062099,
      "slowest": 0.001386083
    },
    "DNSLookup": {
      "average": 0.0000050599199999999985,
      "fastest": 0.0000031,
      "slowest": 0.000055699
    }
  },
  "statusCodeDistribution": {
    "200": 375443
  },
  "errorDistribution": {}
}