{
  "summary": {
    "successRate": 1,
    "total": 10.000657283,
    "slowest": 0.024311362,
    "fastest": 0.001764322,
    "average": 0.0030247486239806417,
    "requestsPerSec": 16491.41604725862,
    "totalData": 2144025,
    "sizePerRequest": 13,
    "sizePerSec": 214388.40861436207
  },
  "responseTimeHistogram": {
    "0.001764322": 1,
    "0.004019026": 159309,
    "0.00627373": 4483,
    "0.008528434000000001": 841,
    "0.010783138000000001": 221,
    "0.013037842000000001": 18,
    "0.015292546000000002": 12,
    "0.01754725": 7,
    "0.019801954": 8,
    "0.022056658": 12,
    "0.024311362": 13
  },
  "latencyPercentiles": {
    "p10": 0.002719293,
    "p25": 0.002791689,
    "p50": 0.00289384,
    "p75": 0.003079594,
    "p90": 0.003188864,
    "p95": 0.003394283,
    "p99": 0.006105349
  },
  "rps": {
    "mean": 16492.602292069187,
    "stddev": 1773.1782924844404,
    "max": 18835.980711954835,
    "percentiles": {
      "p10": 15436.923577504995,
      "p25": 16007.143988362008,
      "p50": 16914.03271717565,
      "p75": 17383.53309156603,
      "p90": 17729.423751658695,
      "p95": 17870.615738089622,
      "p99": 18248.24653902652
    }
  },
  "details": {
    "DNSDialup": {
      "average": 0.0010588810799999997,
      "fastest": 0.000112801,
      "slowest": 0.001520512
    },
    "DNSLookup": {
      "average": 0.000007744320000000001,
      "fastest": 0.000004388,
      "slowest": 0.000034404
    }
  },
  "statusCodeDistribution": {
    "200": 164925
  },
  "errorDistribution": {}
}