{
  "summary": {
    "successRate": 1,
    "total": 10.000773263,
    "slowest": 0.02136061,
    "fastest": 0.000104301,
    "average": 0.0020387785748548024,
    "requestsPerSec": 24485.50662636896,
    "totalData": 3183362,
    "sizePerRequest": 13,
    "sizePerSec": 318311.5861427965
  },
  "responseTimeHistogram": {
    "0.000104301": 1,
    "0.0022299319": 196571,
    "0.0043555628": 43130,
    "0.0064811936999999995": 4052,
    "0.008606824599999998": 711,
    "0.010732455499999998": 240,
    "0.012858086399999998": 92,
    "0.014983717299999998": 26,
    "0.0171093482": 7,
    "0.0192349791": 26,
    "0.02136061": 18
  },
  "latencyPercentiles": {
    "p10": 0.001465615,
    "p25": 0.001486114,
    "p50": 0.001516415,
    "p75": 0.001748117,
    "p90": 0.004064839,
    "p95": 0.00410524,
    "p99": 0.004868548
  },
  "rps": {
    "mean": 24451.16599523815,
    "stddev": 9939.282772056435,
    "max": 34171.85343291088,
    "percentiles": {
      "p10": 12086.421539936224,
      "p25": 12342.336683290721,
      "p50": 31541.009620707366,
      "p75": 32762.254836641798,
      "p90": 33246.888086268176,
      "p95": 33400.5423124674,
      "p99": 33626.23518869438
    }
  },
  "details": {
    "DNSDialup": {
      "average": 0.0013501192600000001,
      "fastest": 0.000073401,
      "slowest": 0.002855328
    },
    "DNSLookup": {
      "average": 0.000005024,
      "fastest": 0.0000034,
      "slowest": 0.0000349
    }
  },
  "statusCodeDistribution": {
    "200": 244874
  },
  "errorDistribution": {}
}