{
  "summary": {
    "successRate": 1,
    "total": 10.00102416,
    "slowest": 0.036879488,
    "fastest": 0.000161507,
    "average": 0.0036324891241850707,
    "requestsPerSec": 13741.792620566972,
    "totalData": 1786616,
    "sizePerRequest": 13,
    "sizePerSec": 178643.30406737063
  },
  "responseTimeHistogram": {
    "0.000161507": 1,
    "0.0038333051000000004": 114315,
    "0.007505103200000001": 20437,
    "0.011176901300000002": 2014,
    "0.014848699400000002": 490,
    "0.018520497500000004": 103,
    "0.022192295600000005": 26,
    "0.025864093700000004": 8,
    "0.029535891800000005": 8,
    "0.033207689900000004": 12,
    "0.036879488": 18
  },
  "latencyPercentiles": {
    "p10": 0.003081333,
    "p25": 0.003189538,
    "p50": 0.003329543,
    "p75": 0.003621656,
    "p90": 0.004157979,
    "p95": 0.005728447,
    "p99": 0.008963286
  },
  "rps": {
    "mean": 13731.432414811088,
    "stddev": 2418.222421248114,
    "max": 19025.401542231375,
    "percentiles": {
      "p10": 11928.713606522266,
      "p25": 13559.351995554853,
      "p50": 14401.396935503515,
      "p75": 14967.912412196587,
      "p90": 15389.36914449602,
      "p95": 15626.831269289025,
      "p99": 16280.86870293356
    }
  },
  "details": {
    "DNSDialup": {
      "average": 0.0023740721800000002,
      "fastest": 0.000161207,
      "slowest": 0.0046437
    },
    "DNSLookup": {
      "average": 0.00000851038,
      "fastest": 0.0000057,
      "slowest": 0.000053203
    }
  },
  "statusCodeDistribution": {
    "200": 137432
  },
  "errorDistribution": {}
}