{
  "summary": {
    "successRate": 1,
    "total": 10.000360784,
    "slowest": 0.023507155,
    "fastest": 0.000039502,
    "average": 0.0011272605077203234,
    "requestsPerSec": 44219.40463463183,
    "totalData": 5748730,
    "sizePerRequest": 13,
    "sizePerSec": 574852.2602502138
  },
  "responseTimeHistogram": {
    "0.000039502": 1,
    "0.0023862672999999997": 419493,
    "0.0047330326": 18323,
    "0.0070797979": 2289,
    "0.0094265632": 854,
    "0.0117733285": 366,
    "0.0141200938": 335,
    "0.016466859099999998": 267,
    "0.0188136244": 230,
    "0.0211603897": 21,
    "0.023507155": 31
  },
  "latencyPercentiles": {
    "p10": 0.000761647,
    "p25": 0.000850553,
    "p50": 0.000938858,
    "p75": 0.001048765,
    "p90": 0.001432789,
    "p95": 0.00242845,
    "p99": 0.00468639
  },
  "rps": {
    "mean": 44656.09297766936,
    "stddev": 14723.083287776528,
    "max": 65821.57631271522,
    "percentiles": {
      "p10": 19583.584697848848,
      "p25": 38215.21729952593,
      "p50": 51010.601185490734,
      "p75": 54051.78701714007,
      "p90": 57546.170364419,
      "p95": 60232.3864011215,
      "p99": 63005.58696733397
    }
  },
  "details": {
    "DNSDialup": {
      "average": 0.0015611830199999995,
      "fastest": 0.000075304,
      "slowest": 0.002987385
    },
    "DNSLookup": {
      "average": 0.000012794759999999997,
      "fastest": 0.000003101,
      "slowest": 0.00015061
    }
  },
  "statusCodeDistribution": {
    "200": 442210
  },
  "errorDistribution": {}
}