{
  "summary": {
    "successRate": 1,
    "total": 10.000259896,
    "slowest": 0.005595032,
    "fastest": 0.000091284,
    "average": 0.0009289527192978151,
    "requestsPerSec": 53726.00368265469,
    "totalData": 6984562,
    "sizePerRequest": 13,
    "sizePerSec": 698438.047874511
  },
  "responseTimeHistogram": {
    "0.000091284": 1,
    "0.0006416588": 68514,
    "0.0011920336": 453027,
    "0.0017424084000000001": 15328,
    "0.0022927832": 251,
    "0.002843158": 67,
    "0.0033935328": 39,
    "0.0039439076": 11,
    "0.0044942824": 16,
    "0.005044657199999999": 9,
    "0.005595032": 11
  },
  "latencyPercentiles": {
    "p10": 0.000616384,
    "p25": 0.000855032,
    "p50": 0.000966901,
    "p75": 0.001050462,
    "p90": 0.001105762,
    "p95": 0.001153194,
    "p99": 0.001260167
  },
  "rps": {
    "mean": 53751.079067169885,
    "stddev": 7056.441748425266,
    "max": 82824.25094067547,
    "percentiles": {
      "p10": 48562.46103738598,
      "p25": 49602.91560716191,
      "p50": 50817.533357178625,
      "p75": 56389.66819792783,
      "p90": 64500.9159130065,
      "p95": 68354.25961127775,
      "p99": 76660.0231324633
    }
  },
  "details": {
    "DNSDialup": {
      "average": 0.0010193953,
      "fastest": 0.000161963,
      "slowest": 0.001839928
    },
    "DNSLookup": {
      "average": 0.000015685260000000008,
      "fastest": 0.000004107,
      "slowest": 0.000192615
    }
  },
  "statusCodeDistribution": {
    "200": 537274
  },
  "errorDistribution": {}
}