{
  "summary": {
    "successRate": 1,
    "total": 10.000659103,
    "slowest": 0.00506882,
    "fastest": 0.000356715,
    "average": 0.0009727595925459882,
    "requestsPerSec": 51313.81789086867,
    "totalData": 6671236,
    "sizePerRequest": 13,
    "sizePerSec": 667079.6325812927
  },
  "responseTimeHistogram": {
    "0.000356715": 1,
    "0.0008279255": 49022,
    "0.001299136": 461451,
    "0.0017703465": 2361,
    "0.002241557": 194,
    "0.0027127675": 52,
    "0.003183978": 0,
    "0.0036551885000000004": 11,
    "0.004126399": 42,
    "0.0045976095": 21,
    "0.00506882": 17
  },
  "latencyPercentiles": {
    "p10": 0.00083249,
    "p25": 0.000910442,
    "p50": 0.00098449,
    "p75": 0.001049278,
    "p90": 0.001092999,
    "p95": 0.001127333,
    "p99": 0.001228462
  },
  "rps": {
    "mean": 51311.93244706206,
    "stddev": 3010.1448278064886,
    "max": 76091.21722889815,
    "percentiles": {
      "p10": 49125.289137416614,
      "p25": 49946.200235219556,
      "p50": 51013.1308809083,
      "p75": 52521.887544425015,
      "p90": 54159.35849644138,
      "p95": 55520.61489484212,
      "p99": 59302.40339017353
    }
  },
  "details": {
    "DNSDialup": {
      "average": 0.00061862556,
      "fastest": 0.000093727,
      "slowest": 0.001032013
    },
    "DNSLookup": {
      "average": 0.000006233739999999999,
      "fastest": 0.000003567,
      "slowest": 0.00002715
    }
  },
  "statusCodeDistribution": {
    "200": 513172
  },
  "errorDistribution": {}
}