{
  "summary": {
    "successRate": 1,
    "total": 10.000671686,
    "slowest": 0.005335067,
    "fastest": 0.000227575,
    "average": 0.0009785778050454919,
    "requestsPerSec": 51000.77434938803,
    "totalData": 6630546,
    "sizePerRequest": 13,
    "sizePerSec": 663010.0665420444
  },
  "responseTimeHistogram": {
    "0.000227575": 1,
    "0.0007383241999999999": 49139,
    "0.0012490734": 451657,
    "0.0017598225999999998": 8714,
    "0.0022705717999999997": 381,
    "0.002781321": 60,
    "0.0032920701999999994": 1,
    "0.0038028193999999995": 40,
    "0.0043135686": 9,
    "0.004824317799999999": 15,
    "0.005335067": 25
  },
  "latencyPercentiles": {
    "p10": 0.000746948,
    "p25": 0.000913939,
    "p50": 0.001000479,
    "p75": 0.001077389,
    "p90": 0.001128772,
    "p95": 0.001171878,
    "p99": 0.001303211
  },
  "rps": {
    "mean": 51000.80423901644,
    "stddev": 4511.839848727462,
    "max": 72423.5086709122,
    "percentiles": {
      "p10": 47484.59636838095,
      "p25": 48562.41241243461,
      "p50": 49869.55836224192,
      "p75": 52938.587929340254,
      "p90": 56926.8068333374,
      "p95": 59213.8145829426,
      "p99": 65233.9419626668
    }
  },
  "details": {
    "DNSDialup": {
      "average": 0.00077244474,
      "fastest": 0.000202714,
      "slowest": 0.001094384
    },
    "DNSLookup": {
      "average": 0.000007958680000000001,
      "fastest": 0.000004288,
      "slowest": 0.000035677
    }
  },
  "statusCodeDistribution": {
    "200": 510042
  },
  "errorDistribution": {}
}