{
  "summary": {
    "successRate": 1,
    "total": 10.000185667,
    "slowest": 0.012725673,
    "fastest": 0.000087002,
    "average": 0.000977461061459419,
    "requestsPerSec": 51035.952430782,
    "totalData": 6634797,
    "sizePerRequest": 13,
    "sizePerSec": 663467.381600166
  },
  "responseTimeHistogram": {
    "0.000087002": 1,
    "0.0013508691000000002": 459650,
    "0.0026147362000000004": 43076,
    "0.0038786033000000005": 6654,
    "0.005142470400000001": 488,
    "0.0064063375": 233,
    "0.007670204600000001": 90,
    "0.0089340717": 138,
    "0.0101979388": 16,
    "0.0114618059": 10,
    "0.012725673": 13
  },
  "latencyPercentiles": {
    "p10": 0.00072511,
    "p25": 0.000778511,
    "p50": 0.000826711,
    "p75": 0.000930012,
    "p90": 0.001343218,
    "p95": 0.00214523,
    "p99": 0.00295064
  },
  "rps": {
    "mean": 51008.55391310557,
    "stddev": 14172.705161324766,
    "max": 64847.11142645148,
    "percentiles": {
      "p10": 23492.713995783724,
      "p25": 46422.06058119773,
      "p50": 58305.32857607334,
      "p75": 60304.00418587578,
      "p90": 61737.43758214513,
      "p95": 62219.68630875356,
      "p99": 63303.61608112859
    }
  },
  "details": {
    "DNSDialup": {
      "average": 0.0017836221000000004,
      "fastest": 0.000103901,
      "slowest": 0.00319164
    },
    "DNSLookup": {
      "average": 0.000012444159999999997,
      "fastest": 0.0000042,
      "slowest": 0.000071301
    }
  },
  "statusCodeDistribution": {
    "200": 510369
  },
  "errorDistribution": {}
}