{
  "summary": {
    "successRate": 1,
    "total": 10.000668666,
    "slowest": 0.004688733,
    "fastest": 0.000131335,
    "average": 0.000980886369913601,
    "requestsPerSec": 50881.99769381301,
    "totalData": 6615102,
    "sizePerRequest": 13,
    "sizePerSec": 661465.9700195692
  },
  "responseTimeHistogram": {
    "0.000131335": 1,
    "0.0005870748": 3008,
    "0.0010428146": 364132,
    "0.0014985544": 140637,
    "0.0019542941999999997": 845,
    "0.002410034": 106,
    "0.0028657737999999997": 33,
    "0.0033215136": 23,
    "0.0037772533999999997": 27,
    "0.0042329932": 15,
    "0.004688733": 27
  },
  "latencyPercentiles": {
    "p10": 0.000853655,
    "p25": 0.000913679,
    "p50": 0.000990655,
    "p75": 0.001050099,
    "p90": 0.001104504,
    "p95": 0.001138767,
    "p99": 0.00122595
  },
  "rps": {
    "mean": 50876.83591538403,
    "stddev": 2671.458163170821,
    "max": 61550.99499935724,
    "percentiles": {
      "p10": 48324.98885173505,
      "p25": 49921.23149975657,
      "p50": 50866.70430400526,
      "p75": 52048.55699137003,
      "p90": 53706.12329964023,
      "p95": 54674.30167373634,
      "p99": 56394.43534694634
    }
  },
  "details": {
    "DNSDialup": {
      "average": 0.0007503087799999998,
      "fastest": 0.000122381,
      "slowest": 0.001375843
    },
    "DNSLookup": {
      "average": 0.000007610380000000001,
      "fastest": 0.000003236,
      "slowest": 0.000038812
    }
  },
  "statusCodeDistribution": {
    "200": 508854
  },
  "errorDistribution": {}
}