{
  "summary": {
    "successRate": 1,
    "total": 10.000629742,
    "slowest": 0.005083611,
    "fastest": 0.000106963,
    "average": 0.0009780064966641812,
    "requestsPerSec": 51033.88618184481,
    "totalData": 6634823,
    "sizePerRequest": 13,
    "sizePerSec": 663440.5203639825
  },
  "responseTimeHistogram": {
    "0.000106963": 1,
    "0.0006046278": 12709,
    "0.0011022926000000001": 421627,
    "0.0015999574000000003": 75250,
    "0.0020976222": 585,
    "0.002595287": 85,
    "0.0030929518000000003": 59,
    "0.0035906166000000002": 7,
    "0.0040882814": 10,
    "0.0045859462000000005": 23,
    "0.005083611": 15
  },
  "latencyPercentiles": {
    "p10": 0.000762445,
    "p25": 0.000916801,
    "p50": 0.001000336,
    "p75": 0.001073811,
    "p90": 0.001122545,
    "p95": 0.001160328,
    "p99": 0.001271916
  },
  "rps": {
    "mean": 51028.94396052745,
    "stddev": 4470.4424458858975,
    "max": 73310.14612421818,
    "percentiles": {
      "p10": 47757.16054545576,
      "p25": 48661.258544691285,
      "p50": 49763.95298301678,
      "p75": 52652.52616010002,
      "p90": 56512.87928519183,
      "p95": 59716.947669741356,
      "p99": 65911.91183510459
    }
  },
  "details": {
    "DNSDialup": {
      "average": 0.0009906185400000002,
      "fastest": 0.000119515,
      "slowest": 0.00133504
    },
    "DNSLookup": {
      "average": 0.000008157599999999998,
      "fastest": 0.000003827,
      "slowest": 0.000031981
    }
  },
  "statusCodeDistribution": {
    "200": 510371
  },
  "errorDistribution": {}
}