{
  "summary": {
    "successRate": 1,
    "total": 10.000661861,
    "slowest": 0.005449267,
    "fastest": 0.000133083,
    "average": 0.0010092868716924557,
    "requestsPerSec": 49455.22675141671,
    "totalData": 6429605,
    "sizePerRequest": 13,
    "sizePerSec": 642917.9477684173
  },
  "responseTimeHistogram": {
    "0.000133083": 1,
    "0.0006647014": 5505,
    "0.0011963198": 474949,
    "0.0017279382000000001": 13662,
    "0.0022595566": 311,
    "0.002791175": 28,
    "0.0033227934000000002": 45,
    "0.0038544118": 34,
    "0.0043860302": 2,
    "0.0049176486": 25,
    "0.005449267": 23
  },
  "latencyPercentiles": {
    "p10": 0.00088264,
    "p25": 0.000941127,
    "p50": 0.001019024,
    "p75": 0.001079011,
    "p90": 0.001125455,
    "p95": 0.001162767,
    "p99": 0.001271841
  },
  "rps": {
    "mean": 49454.10044593684,
    "stddev": 2538.8213309316493,
    "max": 57848.41912680897,
    "percentiles": {
      "p10": 47837.49981610585,
      "p25": 48606.719517436264,
      "p50": 49334.46999418496,
      "p75": 50457.35631139247,
      "p90": 51771.19574839015,
      "p95": 52985.15131274505,
      "p99": 55561.184633147284
    }
  },
  "details": {
    "DNSDialup": {
      "average": 0.0005973697000000002,
      "fastest": 0.000060042,
      "slowest": 0.000922459
    },
    "DNSLookup": {
      "average": 0.0000057300800000000016,
      "fastest": 0.000002665,
      "slowest": 0.000031429
    }
  },
  "statusCodeDistribution": {
    "200": 494585
  },
  "errorDistribution": {}
}