{
  "summary": {
    "successRate": 1,
    "total": 10.000776036,
    "slowest": 0.005843851,
    "fastest": 0.000186882,
    "average": 0.0009981608177409992,
    "requestsPerSec": 50000.219802942505,
    "totalData": 6500533,
    "sizePerRequest": 13,
    "sizePerSec": 650002.8574382525
  },
  "responseTimeHistogram": {
    "0.000186882": 1,
    "0.0007525788999999999": 15137,
    "0.0013182757999999999": 481614,
    "0.0018839726999999998": 3006,
    "0.0024496696": 137,
    "0.0030153665": 69,
    "0.0035810634": 30,
    "0.0041467603": 13,
    "0.0047124572": 23,
    "0.0052781541": 10,
    "0.005843851": 1
  },
  "latencyPercentiles": {
    "p10": 0.000870927,
    "p25": 0.000931391,
    "p50": 0.001007614,
    "p75": 0.00106841,
    "p90": 0.001115901,
    "p95": 0.001153439,
    "p99": 0.001263199
  },
  "rps": {
    "mean": 50000.27498028565,
    "stddev": 2598.754240359921,
    "max": 61116.87207272307,
    "percentiles": {
      "p10": 48226.78954865929,
      "p25": 49019.97073607903,
      "p50": 49816.48427464426,
      "p75": 50956.20938168451,
      "p90": 52711.2470869786,
      "p95": 53815.97258066065,
      "p99": 55538.982812036316
    }
  },
  "details": {
    "DNSDialup": {
      "average": 0.0008295068600000001,
      "fastest": 0.000089135,
      "slowest": 0.001732054
    },
    "DNSLookup": {
      "average": 0.000007377680000000001,
      "fastest": 0.000003787,
      "slowest": 0.000040335
    }
  },
  "statusCodeDistribution": {
    "200": 500041
  },
  "errorDistribution": {}
}