{
  "summary": {
    "successRate": 1,
    "total": 10.000594673,
    "slowest": 0.020166075,
    "fastest": 0.000138501,
    "average": 0.0013271210526319918,
    "requestsPerSec": 37374.27745263044,
    "totalData": 4858945,
    "sizePerRequest": 13,
    "sizePerSec": 485865.6068841957
  },
  "responseTimeHistogram": {
    "0.000138501": 1,
    "0.0021412584": 344912,
    "0.0041440158": 26980,
    "0.0061467732": 1437,
    "0.0081495306": 418,
    "0.010152287999999999": 15,
    "0.0121550454": 0,
    "0.0141578028": 1,
    "0.0161605602": 0,
    "0.0181633176": 0,
    "0.020166075": 1
  },
  "latencyPercentiles": {
    "p10": 0.001007609,
    "p25": 0.00107571,
    "p50": 0.00116481,
    "p75": 0.001312312,
    "p90": 0.001731915,
    "p95": 0.002705323,
    "p99": 0.003430829
  },
  "rps": {
    "mean": 37336.154661872926,
    "stddev": 8735.21116489115,
    "max": 48371.1781887049,
    "percentiles": {
      "p10": 19811.015045657856,
      "p25": 35363.7041767051,
      "p50": 40794.29192635851,
      "p75": 43109.971336369,
      "p90": 44654.98815240842,
      "p95": 45669.02416312104,
      "p99": 46912.258173063376
    }
  },
  "details": {
    "DNSDialup": {
      "average": 0.00247975752,
      "fastest": 0.000137801,
      "slowest": 0.003630132
    },
    "DNSLookup": {
      "average": 0.00001659814,
      "fastest": 0.0000056,
      "slowest": 0.000130401
    }
  },
  "statusCodeDistribution": {
    "200": 373765
  },
  "errorDistribution": {}
}