{
  "summary": {
    "successRate": 1,
    "total": 10.000055314,
    "slowest": 0.006365929,
    "fastest": 0.000266876,
    "average": 0.0010055522478513075,
    "requestsPerSec": 49635.52544605454,
    "totalData": 6452654,
    "sizePerRequest": 13,
    "sizePerSec": 645261.8307987091
  },
  "responseTimeHistogram": {
    "0.000266876": 1,
    "0.0008767813": 51858,
    "0.0014866865999999999": 443075,
    "0.0020965919": 1273,
    "0.0027064972": 51,
    "0.0033164025": 31,
    "0.0039263078": 21,
    "0.0045362131": 46,
    "0.0051461184": 0,
    "0.0057560237": 0,
    "0.006365929": 2
  },
  "latencyPercentiles": {
    "p10": 0.000873949,
    "p25": 0.000934386,
    "p50": 0.001014414,
    "p75": 0.001075137,
    "p90": 0.001135743,
    "p95": 0.001181792,
    "p99": 0.001283741
  },
  "rps": {
    "mean": 49634.52218957489,
    "stddev": 3464.8889679093695,
    "max": 80621.840456584,
    "percentiles": {
      "p10": 47910.100162239214,
      "p25": 48646.59370745084,
      "p50": 49490.912532958326,
      "p75": 50208.073458212246,
      "p90": 51074.83426516906,
      "p95": 51890.51585734938,
      "p99": 65965.18002369623
    }
  },
  "details": {
    "DNSDialup": {
      "average": 0.00153797648,
      "fastest": 0.00009129,
      "slowest": 0.003203722
    },
    "DNSLookup": {
      "average": 0.00004934683999999998,
      "fastest": 0.000004558,
      "slowest": 0.001940772
    }
  },
  "statusCodeDistribution": {
    "200": 496358
  },
  "errorDistribution": {}
}