{
  "summary": {
    "successRate": 1,
    "total": 10.00042944,
    "slowest": 0.00540037,
    "fastest": 0.000301988,
    "average": 0.0009103661173388019,
    "requestsPerSec": 54822.64569630322,
    "totalData": 7127250,
    "sizePerRequest": 13,
    "sizePerSec": 712694.3940519418
  },
  "responseTimeHistogram": {
    "0.000301988": 1,
    "0.0008118262": 138119,
    "0.0013216644": 407654,
    "0.0018315026000000002": 2178,
    "0.0023413408": 141,
    "0.002851179": 92,
    "0.0033610172000000005": 19,
    "0.0038708554000000004": 5,
    "0.004380693600000001": 20,
    "0.0048905318": 16,
    "0.00540037": 5
  },
  "latencyPercentiles": {
    "p10": 0.000599595,
    "p25": 0.000808692,
    "p50": 0.000954587,
    "p75": 0.00104321,
    "p90": 0.001099007,
    "p95": 0.001142926,
    "p99": 0.001260014
  },
  "rps": {
    "mean": 54819.22663233814,
    "stddev": 8335.608704701395,
    "max": 83952.9071220707,
    "percentiles": {
      "p10": 48729.35194391855,
      "p25": 49721.67367755743,
      "p50": 50922.50265392261,
      "p75": 58786.080457614575,
      "p90": 67912.52378211053,
      "p95": 72902.81404862356,
      "p99": 80179.71467232659
    }
  },
  "details": {
    "DNSDialup": {
      "average": 0.0010345478199999996,
      "fastest": 0.000127278,
      "slowest": 0.001547948
    },
    "DNSLookup": {
      "average": 0.00000794128,
      "fastest": 0.000004458,
      "slowest": 0.000034074
    }
  },
  "statusCodeDistribution": {
    "200": 548250
  },
  "errorDistribution": {}
}