{
  "summary": {
    "successRate": 1,
    "total": 10.000627088,
    "slowest": 0.005308895,
    "fastest": 0.000339061,
    "average": 0.0009811770399693637,
    "requestsPerSec": 50868.31010931502,
    "totalData": 6613295,
    "sizePerRequest": 13,
    "sizePerSec": 661288.0314210952
  },
  "responseTimeHistogram": {
    "0.000339061": 1,
    "0.0008360444": 39748,
    "0.0013330278": 466602,
    "0.0018300112": 2047,
    "0.0023269946": 183,
    "0.002823978": 38,
    "0.0033209614": 29,
    "0.0038179448": 17,
    "0.0043149282": 11,
    "0.0048119116": 22,
    "0.005308895": 17
  },
  "latencyPercentiles": {
    "p10": 0.000856105,
    "p25": 0.000917124,
    "p50": 0.000990633,
    "p75": 0.001051145,
    "p90": 0.001093538,
    "p95": 0.001126092,
    "p99": 0.001232993
  },
  "rps": {
    "mean": 50877.68236946105,
    "stddev": 2723.842481591601,
    "max": 64849.20652154847,
    "percentiles": {
      "p10": 48910.90057596373,
      "p25": 49804.44753716476,
      "p50": 50792.23846413482,
      "p75": 51957.63767689175,
      "p90": 53445.26814211772,
      "p95": 54706.06935473351,
      "p99": 57017.10975050538
    }
  },
  "details": {
    "DNSDialup": {
      "average": 0.0005181506800000001,
      "fastest": 0.000073516,
      "slowest": 0.000734619
    },
    "DNSLookup": {
      "average": 0.000005906440000000001,
      "fastest": 0.000003216,
      "slowest": 0.000024716
    }
  },
  "statusCodeDistribution": {
    "200": 508715
  },
  "errorDistribution": {}
}