{
  "summary": {
    "successRate": 1,
    "total": 10.000655516,
    "slowest": 0.005168527,
    "fastest": 0.000189422,
    "average": 0.001010850081802858,
    "requestsPerSec": 49377.66321517198,
    "totalData": 6419517,
    "sizePerRequest": 13,
    "sizePerSec": 641909.6217972358
  },
  "responseTimeHistogram": {
    "0.000189422": 1,
    "0.0006873325": 5793,
    "0.001185243": 468318,
    "0.0016831535000000001": 19097,
    "0.002181064": 409,
    "0.0026789745": 77,
    "0.003176885": 42,
    "0.0036747955": 18,
    "0.004172706": 25,
    "0.0046706165000000004": 8,
    "0.005168527": 21
  },
  "latencyPercentiles": {
    "p10": 0.000884618,
    "p25": 0.00094108,
    "p50": 0.001019669,
    "p75": 0.001078377,
    "p90": 0.001127707,
    "p95": 0.001170925,
    "p99": 0.001280183
  },
  "rps": {
    "mean": 49377.29103760419,
    "stddev": 2514.4184109327234,
    "max": 59205.83177442978,
    "percentiles": {
      "p10": 47613.47461331504,
      "p25": 48581.315184536295,
      "p50": 49369.56665637954,
      "p75": 50446.64879997766,
      "p90": 51730.90921826184,
      "p95": 52582.96999473157,
      "p99": 54546.89396474689
    }
  },
  "details": {
    "DNSDialup": {
      "average": 0.00074694318,
      "fastest": 0.000083783,
      "slowest": 0.001705101
    },
    "DNSLookup": {
      "average": 0.00000664148,
      "fastest": 0.000003406,
      "slowest": 0.000029735
    }
  },
  "statusCodeDistribution": {
    "200": 493809
  },
  "errorDistribution": {}
}