{
  "summary": {
    "successRate": 1,
    "total": 10.000235198,
    "slowest": 0.005610332,
    "fastest": 0.00020397,
    "average": 0.000945893652882532,
    "requestsPerSec": 52769.65886817735,
    "totalData": 6860217,
    "sizePerRequest": 13,
    "sizePerSec": 686005.5652863055
  },
  "responseTimeHistogram": {
    "0.00020397": 1,
    "0.0007446061999999999": 67216,
    "0.0012852424": 456242,
    "0.0018258786": 3990,
    "0.0023665148": 142,
    "0.0029071509999999997": 54,
    "0.0034477872": 17,
    "0.003988423400000001": 15,
    "0.0045290596": 29,
    "0.0050696958": 2,
    "0.005610332": 1
  },
  "latencyPercentiles": {
    "p10": 0.000656807,
    "p25": 0.000885653,
    "p50": 0.000975276,
    "p75": 0.001047342,
    "p90": 0.001103948,
    "p95": 0.001153519,
    "p99": 0.001268804
  },
  "rps": {
    "mean": 52794.289719049884,
    "stddev": 6864.1368016599345,
    "max": 83414.60910631609,
    "percentiles": {
      "p10": 48654.94705708265,
      "p25": 49652.50752671117,
      "p50": 50755.892388698834,
      "p75": 52101.51094381624,
      "p90": 62355.24674861714,
      "p95": 69524.167115107,
      "p99": 79010.16070666716
    }
  },
  "details": {
    "DNSDialup": {
      "average": 0.0008679970799999999,
      "fastest": 0.000095278,
      "slowest": 0.001896063
    },
    "DNSLookup": {
      "average": 0.0000072429000000000006,
      "fastest": 0.000003536,
      "slowest": 0.000030607
    }
  },
  "statusCodeDistribution": {
    "200": 527709
  },
  "errorDistribution": {}
}