{
  "summary": {
    "successRate": 1,
    "total": 10.000534195,
    "slowest": 0.013428613,
    "fastest": 0.000123701,
    "average": 0.0012303122318371214,
    "requestsPerSec": 40393.44220251426,
    "totalData": 5251428,
    "sizePerRequest": 13,
    "sizePerSec": 525114.7486326854
  },
  "responseTimeHistogram": {
    "0.000123701": 1,
    "0.0014541922": 348331,
    "0.0027846834": 46214,
    "0.0041151746": 6956,
    "0.005445665800000001": 1461,
    "0.006776157000000001": 540,
    "0.0081066482": 165,
    "0.0094371394": 173,
    "0.010767630600000001": 108,
    "0.012098121800000002": 5,
    "0.013428613000000002": 2
  },
  "latencyPercentiles": {
    "p10": 0.000874307,
    "p25": 0.000946108,
    "p50": 0.001075209,
    "p75": 0.00126311,
    "p90": 0.001637213,
    "p95": 0.00241852,
    "p99": 0.003532929
  },
  "rps": {
    "mean": 40349.102362393365,
    "stddev": 11093.714843052718,
    "max": 57158.39301430309,
    "percentiles": {
      "p10": 20314.608929195776,
      "p25": 35613.94998420608,
      "p50": 44512.08948350473,
      "p75": 48502.99748524377,
      "p90": 50759.46979481012,
      "p95": 52179.39616920979,
      "p99": 54195.47074125684
    }
  },
  "details": {
    "DNSDialup": {
      "average": 0.0018068411599999998,
      "fastest": 0.000096201,
      "slowest": 0.002332519
    },
    "DNSLookup": {
      "average": 0.000014352080000000003,
      "fastest": 0.0000048,
      "slowest": 0.000139002
    }
  },
  "statusCodeDistribution": {
    "200": 403956
  },
  "errorDistribution": {}
}