{
  "summary": {
    "successRate": 1,
    "total": 10.000631307,
    "slowest": 0.009710881,
    "fastest": 0.000103003,
    "average": 0.0008911973089873413,
    "requestsPerSec": 55753.780224826754,
    "totalData": 7248449,
    "sizePerRequest": 13,
    "sizePerSec": 724799.1429227479
  },
  "responseTimeHistogram": {
    "0.000103003": 1,
    "0.0010637907999999998": 495430,
    "0.0020245785999999997": 53552,
    "0.0029853664": 7724,
    "0.0039461541999999995": 469,
    "0.004906941999999999": 177,
    "0.0058677298": 55,
    "0.006828517599999999": 69,
    "0.007789305399999999": 26,
    "0.0087500932": 56,
    "0.009710881": 14
  },
  "latencyPercentiles": {
    "p10": 0.000719621,
    "p25": 0.000746022,
    "p50": 0.000765122,
    "p75": 0.000803922,
    "p90": 0.001299337,
    "p95": 0.001828152,
    "p99": 0.002326267
  },
  "rps": {
    "mean": 55713.749519216646,
    "stddev": 14659.563739730402,
    "max": 65928.22373209379,
    "percentiles": {
      "p10": 27322.72430980611,
      "p25": 53349.67388135153,
      "p50": 63848.48553601324,
      "p75": 64627.42589563857,
      "p90": 64919.52333441307,
      "p95": 65048.55704130983,
      "p99": 65342.5837618396
    }
  },
  "details": {
    "DNSDialup": {
      "average": 0.0017686771999999998,
      "fastest": 0.000082003,
      "slowest": 0.003249294
    },
    "DNSLookup": {
      "average": 0.000070134,
      "fastest": 0.0000038,
      "slowest": 0.003186492
    }
  },
  "statusCodeDistribution": {
    "200": 557573
  },
  "errorDistribution": {}
}