{
  "summary": {
    "successRate": 1,
    "total": 10.000798177,
    "slowest": 0.004440072,
    "fastest": 0.000087094,
    "average": 0.0007146987714539522,
    "requestsPerSec": 69852.12456407718,
    "totalData": 9081501,
    "sizePerRequest": 13,
    "sizePerSec": 908077.6193330034
  },
  "responseTimeHistogram": {
    "0.000087094": 1,
    "0.0005223917999999999": 29457,
    "0.0009576895999999999": 664360,
    "0.0013929874": 4352,
    "0.0018282851999999999": 267,
    "0.0022635829999999996": 47,
    "0.0026988807999999997": 28,
    "0.0031341785999999994": 10,
    "0.0035694763999999995": 7,
    "0.0040047742": 31,
    "0.004440072": 17
  },
  "latencyPercentiles": {
    "p10": 0.000608663,
    "p25": 0.000666728,
    "p50": 0.000723703,
    "p75": 0.000771866,
    "p90": 0.000801885,
    "p95": 0.000832946,
    "p99": 0.00092734
  },
  "rps": {
    "mean": 69851.68566197791,
    "stddev": 4170.421745400495,
    "max": 98830.77590361053,
    "percentiles": {
      "p10": 67318.3403049433,
      "p25": 68223.68043947805,
      "p50": 69110.69142396546,
      "p75": 70681.4180660255,
      "p90": 74050.05783909913,
      "p95": 77574.61902604163,
      "p99": 82563.10341078481
    }
  },
  "details": {
    "DNSDialup": {
      "average": 0.0004255916199999999,
      "fastest": 0.000064105,
      "slowest": 0.001042436
    },
    "DNSLookup": {
      "average": 0.0000035363399999999993,
      "fastest": 0.000001372,
      "slowest": 0.000026659
    }
  },
  "statusCodeDistribution": {
    "200": 698577
  },
  "errorDistribution": {}
}