{
  "summary": {
    "successRate": 1,
    "total": 10.000590896,
    "slowest": 0.00551169,
    "fastest": 0.000276077,
    "average": 0.0010025102359819264,
    "requestsPerSec": 49788.158037656816,
    "totalData": 6472843,
    "sizePerRequest": 13,
    "sizePerSec": 647246.0544895387
  },
  "responseTimeHistogram": {
    "0.000276077": 1,
    "0.0007996383": 18970,
    "0.0013231996": 475667,
    "0.0018467609": 2919,
    "0.0023703222": 190,
    "0.0028938835": 39,
    "0.0034174448": 33,
    "0.0039410061": 29,
    "0.004464567399999999": 31,
    "0.0049881287": 14,
    "0.00551169": 18
  },
  "latencyPercentiles": {
    "p10": 0.0008761,
    "p25": 0.00093467,
    "p50": 0.001011033,
    "p75": 0.001071191,
    "p90": 0.001118034,
    "p95": 0.001158299,
    "p99": 0.001266917
  },
  "rps": {
    "mean": 49786.841302358014,
    "stddev": 2593.138991951859,
    "max": 58625.68391211858,
    "percentiles": {
      "p10": 48102.31844155614,
      "p25": 48875.33154851388,
      "p50": 49703.101473533585,
      "p75": 50783.84258854863,
      "p90": 52274.03159575953,
      "p95": 53087.00960874639,
      "p99": 55397.28718477985
    }
  },
  "details": {
    "DNSDialup": {
      "average": 0.0005827123600000001,
      "fastest": 0.00006955,
      "slowest": 0.000879503
    },
    "DNSLookup": {
      "average": 0.000006031580000000001,
      "fastest": 0.000003026,
      "slowest": 0.000036158
    }
  },
  "statusCodeDistribution": {
    "200": 497911
  },
  "errorDistribution": {}
}