{
  "summary": {
    "successRate": 1,
    "total": 10.000661098,
    "slowest": 0.005169168,
    "fastest": 0.000155691,
    "average": 0.000997226760114933,
    "requestsPerSec": 50053.99094066971,
    "totalData": 6507449,
    "sizePerRequest": 13,
    "sizePerSec": 650701.8822287063
  },
  "responseTimeHistogram": {
    "0.000155691": 1,
    "0.0006570387": 5976,
    "0.0011583864": 472098,
    "0.0016597341": 21748,
    "0.0021610818": 544,
    "0.0026624294999999997": 73,
    "0.0031637772": 44,
    "0.0036651249": 41,
    "0.0041664726": 11,
    "0.0046678203": 21,
    "0.005169168": 16
  },
  "latencyPercentiles": {
    "p10": 0.000873772,
    "p25": 0.000929787,
    "p50": 0.001006622,
    "p75": 0.001064604,
    "p90": 0.001110313,
    "p95": 0.001150982,
    "p99": 0.001266267
  },
  "rps": {
    "mean": 50052.89785025204,
    "stddev": 2625.965770958752,
    "max": 59658.38044571508,
    "percentiles": {
      "p10": 48444.22971092065,
      "p25": 49306.074508379475,
      "p50": 49986.78205231901,
      "p75": 50925.403140993985,
      "p90": 52319.01796303359,
      "p95": 53307.80426254698,
      "p99": 55910.41611052036
    }
  },
  "details": {
    "DNSDialup": {
      "average": 0.00071985612,
      "fastest": 0.000073417,
      "slowest": 0.00170226
    },
    "DNSLookup": {
      "average": 0.000006799519999999998,
      "fastest": 0.000003407,
      "slowest": 0.000031149
    }
  },
  "statusCodeDistribution": {
    "200": 500573
  },
  "errorDistribution": {}
}