{
  "summary": {
    "successRate": 1,
    "total": 10.000413446,
    "slowest": 0.005712329,
    "fastest": 0.000145102,
    "average": 0.000948210539535638,
    "requestsPerSec": 52635.12382185963,
    "totalData": 6842849,
    "sizePerRequest": 13,
    "sizePerSec": 684256.6096841752
  },
  "responseTimeHistogram": {
    "0.000145102": 1,
    "0.0007018247": 73330,
    "0.0012585474": 445437,
    "0.0018152701": 7265,
    "0.0023719927999999997": 219,
    "0.0029287154999999994": 52,
    "0.0034854381999999996": 17,
    "0.0040421609": 14,
    "0.0045988836": 35,
    "0.0051556063": 2,
    "0.0057123289999999995": 1
  },
  "latencyPercentiles": {
    "p10": 0.000639512,
    "p25": 0.00088319,
    "p50": 0.000981571,
    "p75": 0.001060313,
    "p90": 0.0011172,
    "p95": 0.001166313,
    "p99": 0.001288853
  },
  "rps": {
    "mean": 52637.75739391465,
    "stddev": 6518.861918529793,
    "max": 80110.5986321954,
    "percentiles": {
      "p10": 47592.24577119741,
      "p25": 48972.92171037388,
      "p50": 50194.244713874716,
      "p75": 55022.07748331772,
      "p90": 62944.06084259172,
      "p95": 66454.97820346733,
      "p99": 72124.21931285206
    }
  },
  "details": {
    "DNSDialup": {
      "average": 0.00099274222,
      "fastest": 0.000105007,
      "slowest": 0.001993222
    },
    "DNSLookup": {
      "average": 0.000046950980000000004,
      "fastest": 0.000004829,
      "slowest": 0.001884133
    }
  },
  "statusCodeDistribution": {
    "200": 526373
  },
  "errorDistribution": {}
}