{
  "summary": {
    "successRate": 1,
    "total": 10.000629646,
    "slowest": 0.004668715,
    "fastest": 0.00019898,
    "average": 0.0009852139292116392,
    "requestsPerSec": 50663.310004950865,
    "totalData": 6586645,
    "sizePerRequest": 13,
    "sizePerSec": 658623.0300643612
  },
  "responseTimeHistogram": {
    "0.00019898": 1,
    "0.0006459535000000001": 5906,
    "0.0010929270000000003": 444655,
    "0.0015399005000000005": 55230,
    "0.0019868740000000005": 664,
    "0.0024338475000000004": 90,
    "0.002880821000000001": 35,
    "0.003327794500000001": 20,
    "0.003774768000000001": 26,
    "0.004221741500000001": 19,
    "0.004668715": 19
  },
  "latencyPercentiles": {
    "p10": 0.000862845,
    "p25": 0.000920186,
    "p50": 0.00099564,
    "p75": 0.001053161,
    "p90": 0.001097861,
    "p95": 0.001133369,
    "p99": 0.001232685
  },
  "rps": {
    "mean": 50661.712343491796,
    "stddev": 2542.872289660957,
    "max": 63444.34759897117,
    "percentiles": {
      "p10": 48835.39662045044,
      "p25": 49732.45540039511,
      "p50": 50619.91716924275,
      "p75": 51704.85745090801,
      "p90": 53121.24849939442,
      "p95": 54139.8035835953,
      "p99": 56392.13398206671
    }
  },
  "details": {
    "DNSDialup": {
      "average": 0.0007442684400000001,
      "fastest": 0.000067266,
      "slowest": 0.00164863
    },
    "DNSLookup": {
      "average": 0.000007099639999999998,
      "fastest": 0.000003637,
      "slowest": 0.000039233
    }
  },
  "statusCodeDistribution": {
    "200": 506665
  },
  "errorDistribution": {}
}