{
  "summary": {
    "successRate": 1,
    "total": 10.000425952,
    "slowest": 0.00587269,
    "fastest": 0.000206195,
    "average": 0.0010306129275755888,
    "requestsPerSec": 48429.13715121721,
    "totalData": 6296056,
    "sizePerRequest": 13,
    "sizePerSec": 629578.7829658238
  },
  "responseTimeHistogram": {
    "0.000206195": 1,
    "0.0007728444999999999": 22781,
    "0.0013394939999999999": 457829,
    "0.0019061434999999999": 3428,
    "0.002472793": 123,
    "0.0030394425": 33,
    "0.003606092": 22,
    "0.0041727414999999995": 37,
    "0.004739391": 41,
    "0.0053060405": 16,
    "0.00587269": 1
  },
  "latencyPercentiles": {
    "p10": 0.000895934,
    "p25": 0.000987302,
    "p50": 0.00104042,
    "p75": 0.001092048,
    "p90": 0.001152777,
    "p95": 0.001199231,
    "p99": 0.001317221
  },
  "rps": {
    "mean": 48425.76609941458,
    "stddev": 3693.482191644454,
    "max": 71160.3724599956,
    "percentiles": {
      "p10": 46104.1162381846,
      "p25": 46974.939120380324,
      "p50": 47717.39298974391,
      "p75": 48700.10227021562,
      "p90": 52018.1647431262,
      "p95": 55805.34693511791,
      "p99": 61510.669997458484
    }
  },
  "details": {
    "DNSDialup": {
      "average": 0.00100958258,
      "fastest": 0.000124396,
      "slowest": 0.002175123
    },
    "DNSLookup": {
      "average": 0.00000771966,
      "fastest": 0.000003317,
      "slowest": 0.000054523
    }
  },
  "statusCodeDistribution": {
    "200": 484312
  },
  "errorDistribution": {}
}