{
  "summary": {
    "successRate": 1,
    "total": 10.000681051,
    "slowest": 0.018663956,
    "fastest": 0.0000837,
    "average": 0.001565349471805871,
    "requestsPerSec": 31809.43361534268,
    "totalData": 4135508,
    "sizePerRequest": 13,
    "sizePerSec": 413522.6369994549
  },
  "responseTimeHistogram": {
    "0.0000837": 1,
    "0.0019417255999999998": 276935,
    "0.0037997511999999997": 33197,
    "0.005657776799999999": 4438,
    "0.0075158023999999995": 1986,
    "0.009373828": 670,
    "0.0112318536": 265,
    "0.0130898792": 163,
    "0.0149479048": 243,
    "0.0168059304": 139,
    "0.018663956": 79
  },
  "latencyPercentiles": {
    "p10": 0.001043203,
    "p25": 0.001169503,
    "p50": 0.001362504,
    "p75": 0.001643905,
    "p90": 0.002081608,
    "p95": 0.002563309,
    "p99": 0.006094821
  },
  "rps": {
    "mean": 31825.86228948941,
    "stddev": 8487.987223398832,
    "max": 48028.67311785302,
    "percentiles": {
      "p10": 19101.85287972866,
      "p25": 28519.022187798248,
      "p50": 33582.16211783729,
      "p75": 37890.95307904397,
      "p90": 40274.671249209525,
      "p95": 41533.10188219902,
      "p99": 43331.25892890375
    }
  },
  "details": {
    "DNSDialup": {
      "average": 0.0037430849199999996,
      "fastest": 0.0001389,
      "slowest": 0.004984917
    },
    "DNSLookup": {
      "average": 0.000022294060000000005,
      "fastest": 0.0000063,
      "slowest": 0.0002333
    }
  },
  "statusCodeDistribution": {
    "200": 318116
  },
  "errorDistribution": {}
}