{
  "summary": {
    "successRate": 1,
    "total": 10.00019206,
    "slowest": 0.006108217,
    "fastest": 0.000260157,
    "average": 0.0010420665725410353,
    "requestsPerSec": 47898.88005410968,
    "totalData": 6226974,
    "sizePerRequest": 13,
    "sizePerSec": 622685.4407034259
  },
  "responseTimeHistogram": {
    "0.000260157": 1,
    "0.000844963": 14259,
    "0.001429769": 463677,
    "0.0020145750000000002": 903,
    "0.002599381": 8,
    "0.003184187": 34,
    "0.003768993": 23,
    "0.004353799": 25,
    "0.004938605": 43,
    "0.005523411000000001": 21,
    "0.006108217000000001": 4
  },
  "latencyPercentiles": {
    "p10": 0.000951056,
    "p25": 0.000995739,
    "p50": 0.00104077,
    "p75": 0.001088655,
    "p90": 0.001147057,
    "p95": 0.00119163,
    "p99": 0.001298633
  },
  "rps": {
    "mean": 47898.28400316924,
    "stddev": 2489.7824420397187,
    "max": 61933.93979901119,
    "percentiles": {
      "p10": 46292.606305940775,
      "p25": 47091.74207479645,
      "p50": 47793.904650556615,
      "p75": 48513.95870155399,
      "p90": 49274.49837554986,
      "p95": 51499.98206518041,
      "p99": 56593.9985676906
    }
  },
  "details": {
    "DNSDialup": {
      "average": 0.0012838855799999997,
      "fastest": 0.000077995,
      "slowest": 0.003293603
    },
    "DNSLookup": {
      "average": 0.000008149080000000002,
      "fastest": 0.000004278,
      "slowest": 0.000046396
    }
  },
  "statusCodeDistribution": {
    "200": 478998
  },
  "errorDistribution": {}
}