{
  "summary": {
    "successRate": 0.5710714173140825,
    "total": 10.000641636,
    "slowest": 0.00987729,
    "fastest": 0.000115306,
    "average": 0.0009991362192510163,
    "requestsPerSec": 60274.232588249906,
    "totalData": 4475003,
    "sizePerRequest": 13,
    "sizePerSec": 447471.588611977
  },
  "responseTimeHistogram": {
    "0.000115306": 1,
    "0.0010915044": 214542,
    "0.0020677028": 129405,
    "0.0030439012": 166,
    "0.0040200996": 65,
    "0.004996298": 2,
    "0.0059724964": 0,
    "0.0069486947999999995": 0,
    "0.0079248932": 0,
    "0.008901091600000001": 0,
    "0.00987729": 50
  },
  "latencyPercentiles": {
    "p10": 0.000679928,
    "p25": 0.000866039,
    "p50": 0.001034815,
    "p75": 0.001142553,
    "p90": 0.001207376,
    "p95": 0.00125288,
    "p99": 0.001441082
  },
  "rps": {
    "mean": 49927.96069147843,
    "stddev": 6431.169070617242,
    "max": 70143.36262677674,
    "percentiles": {
      "p10": 44312.31439216614,
      "p25": 45579.134493309866,
      "p50": 47929.874690894365,
      "p75": 53759.66785535358,
      "p90": 59014.488056817645,
      "p95": 61941.111972466686,
      "p99": 65607.89262948513
    }
  },
  "details": {
    "DNSDialup": {
      "average": 0.00089401088,
      "fastest": 0.000089667,
      "slowest": 0.001560297
    },
    "DNSLookup": {
      "average": 0.00001113378,
      "fastest": 0.000003376,
      "slowest": 0.00013379
    }
  },
  "statusCodeDistribution": {
    "200": 344231
  },
  "errorDistribution": {
    "Connection refused (os error 111)": 258550
  }
}