{
  "summary": {
    "successRate": 1,
    "total": 10.000689155,
    "slowest": 0.010193321,
    "fastest": 0.000143909,
    "average": 0.0010084453666303443,
    "requestsPerSec": 49210.20865386551,
    "totalData": 6397768,
    "sizePerRequest": 13,
    "sizePerSec": 639732.7125002517
  },
  "responseTimeHistogram": {
    "0.000143909": 1,
    "0.0011488502000000002": 444073,
    "0.0021537914000000005": 34721,
    "0.0031587326000000002": 12036,
    "0.004163673800000001": 991,
    "0.0051686150000000005": 127,
    "0.006173556200000001": 101,
    "0.007178497400000002": 81,
    "0.0081834386": 1,
    "0.0091883798": 2,
    "0.010193321": 2
  },
  "latencyPercentiles": {
    "p10": 0.000831551,
    "p25": 0.000871942,
    "p50": 0.000902355,
    "p75": 0.000950858,
    "p90": 0.001139569,
    "p95": 0.002078527,
    "p99": 0.002289139
  },
  "rps": {
    "mean": 49195.77465823117,
    "stddev": 10682.129188415043,
    "max": 58135.99780983905,
    "percentiles": {
      "p10": 24931.945301514534,
      "p25": 51348.7350844682,
      "p50": 54074.03817306536,
      "p75": 54911.816660224635,
      "p90": 55646.698709557146,
      "p95": 56149.75429728635,
      "p99": 56867.626982002286
    }
  },
  "details": {
    "DNSDialup": {
      "average": 0.0015542186599999998,
      "fastest": 0.000065604,
      "slowest": 0.003095689
    },
    "DNSLookup": {
      "average": 0.00000587246,
      "fastest": 0.0000041,
      "slowest": 0.000050804
    }
  },
  "statusCodeDistribution": {
    "200": 492136
  },
  "errorDistribution": {}
}