{
  "summary": {
    "successRate": 1,
    "total": 10.000718294,
    "slowest": 0.004861128,
    "fastest": 0.000073007,
    "average": 0.0006420522775819448,
    "requestsPerSec": 77731.81657025484,
    "totalData": 10105862,
    "sizePerRequest": 13,
    "sizePerSec": 1010513.615413313
  },
  "responseTimeHistogram": {
    "0.000073007": 1,
    "0.0005518191000000001": 90968,
    "0.0010306312": 684260,
    "0.0015094433000000002": 1699,
    "0.0019882554": 220,
    "0.0024670675": 121,
    "0.0029458796000000004": 42,
    "0.0034246917000000003": 12,
    "0.0039035038000000003": 12,
    "0.0043823159": 26,
    "0.004861128": 13
  },
  "latencyPercentiles": {
    "p10": 0.000538272,
    "p25": 0.000597819,
    "p50": 0.000652106,
    "p75": 0.000695088,
    "p90": 0.000725442,
    "p95": 0.000754828,
    "p99": 0.000844075
  },
  "rps": {
    "mean": 77730.87752131997,
    "stddev": 6093.783037428789,
    "max": 108122.52192131897,
    "percentiles": {
      "p10": 74305.64722918968,
      "p25": 75601.13401701169,
      "p50": 76712.88776514962,
      "p75": 78387.02191945534,
      "p90": 83041.07211426769,
      "p95": 89263.4931226581,
      "p99": 99412.3967258709
    }
  },
  "details": {
    "DNSDialup": {
      "average": 0.0005981109999999999,
      "fastest": 0.000257911,
      "slowest": 0.001012925
    },
    "DNSLookup": {
      "average": 0.00000592294,
      "fastest": 0.000003149,
      "slowest": 0.000041166
    }
  },
  "statusCodeDistribution": {
    "200": 777374
  },
  "errorDistribution": {}
}