{
  "summary": {
    "successRate": 1,
    "total": 10.00085062,
    "slowest": 0.020123557,
    "fastest": 0.0000734,
    "average": 0.001569486893461512,
    "requestsPerSec": 31676.00557561373,
    "totalData": 4118231,
    "sizePerRequest": 13,
    "sizePerSec": 411788.07248297846
  },
  "responseTimeHistogram": {
    "0.0000734": 1,
    "0.0020784157": 281471,
    "0.0040834314": 29907,
    "0.006088447100000001": 2481,
    "0.0080934628": 1202,
    "0.010098478499999999": 848,
    "0.0121034942": 217,
    "0.0141085099": 89,
    "0.0161135256": 159,
    "0.018118541300000002": 376,
    "0.020123557": 36
  },
  "latencyPercentiles": {
    "p10": 0.001065508,
    "p25": 0.00117591,
    "p50": 0.001382611,
    "p75": 0.001610112,
    "p90": 0.002139017,
    "p95": 0.002537619,
    "p99": 0.005784645
  },
  "rps": {
    "mean": 31829.517964060324,
    "stddev": 8592.73837069942,
    "max": 45411.71851405389,
    "percentiles": {
      "p10": 20262.186292032784,
      "p25": 28053.713367638233,
      "p50": 34354.675053493236,
      "p75": 37905.01104246114,
      "p90": 40347.35661583246,
      "p95": 41608.69439236039,
      "p99": 42831.79404071641
    }
  },
  "details": {
    "DNSDialup": {
      "average": 0.00191751492,
      "fastest": 0.000210102,
      "slowest": 0.002230317
    },
    "DNSLookup": {
      "average": 0.000013444120000000002,
      "fastest": 0.0000063,
      "slowest": 0.000047801
    }
  },
  "statusCodeDistribution": {
    "200": 316787
  },
  "errorDistribution": {}
}