{
  "summary": {
    "successRate": 1,
    "total": 10.00074082,
    "slowest": 0.005712813,
    "fastest": 0.000278268,
    "average": 0.0010005499228926467,
    "requestsPerSec": 49887.80421168839,
    "totalData": 6485895,
    "sizePerRequest": 13,
    "sizePerSec": 648541.4547519491
  },
  "responseTimeHistogram": {
    "0.000278268": 1,
    "0.0008217225": 28092,
    "0.001365177": 468456,
    "0.0019086315000000002": 2082,
    "0.002452086": 146,
    "0.0029955405000000003": 40,
    "0.003538995": 8,
    "0.0040824495": 57,
    "0.004625904": 23,
    "0.0051693585": 9,
    "0.005712813000000001": 1
  },
  "latencyPercentiles": {
    "p10": 0.000873609,
    "p25": 0.000935442,
    "p50": 0.001012451,
    "p75": 0.001073629,
    "p90": 0.001116708,
    "p95": 0.001148002,
    "p99": 0.001237677
  },
  "rps": {
    "mean": 49886.48468710606,
    "stddev": 2599.7162367409114,
    "max": 57413.09444132777,
    "percentiles": {
      "p10": 48167.10559529445,
      "p25": 48870.950846437554,
      "p50": 49721.94229313437,
      "p75": 50908.16750114887,
      "p90": 52528.23918138417,
      "p95": 53553.97705347302,
      "p99": 55644.14792609249
    }
  },
  "details": {
    "DNSDialup": {
      "average": 0.00077229394,
      "fastest": 0.000083775,
      "slowest": 0.001499643
    },
    "DNSLookup": {
      "average": 0.000007350659999999999,
      "fastest": 0.000003496,
      "slowest": 0.000030347
    }
  },
  "statusCodeDistribution": {
    "200": 498915
  },
  "errorDistribution": {}
}