{
  "summary": {
    "successRate": 1,
    "total": 10.000676099,
    "slowest": 0.004678282,
    "fastest": 0.00011683,
    "average": 0.0009764726473251065,
    "requestsPerSec": 51116.1440426129,
    "totalData": 6645548,
    "sizePerRequest": 13,
    "sizePerSec": 664509.8725539676
  },
  "responseTimeHistogram": {
    "0.00011683": 1,
    "0.0005729751999999999": 1736,
    "0.0010291204": 344585,
    "0.0014852656000000001": 163885,
    "0.0019414108": 784,
    "0.002397556": 70,
    "0.0028537012000000002": 36,
    "0.0033098464": 47,
    "0.0037659916": 9,
    "0.0042221368": 16,
    "0.004678282": 27
  },
  "latencyPercentiles": {
    "p10": 0.000855928,
    "p25": 0.000913016,
    "p50": 0.000986604,
    "p75": 0.001044252,
    "p90": 0.001087082,
    "p95": 0.001119925,
    "p99": 0.001218731
  },
  "rps": {
    "mean": 51118.955017793116,
    "stddev": 2536.7152893024186,
    "max": 63159.64931834739,
    "percentiles": {
      "p10": 49319.43679003895,
      "p25": 50201.250011122764,
      "p50": 50931.68239526234,
      "p75": 52018.211002158685,
      "p90": 53794.748690869324,
      "p95": 54529.97725134822,
      "p99": 56931.94451406657
    }
  },
  "details": {
    "DNSDialup": {
      "average": 0.0007678318999999999,
      "fastest": 0.000112318,
      "slowest": 0.001103247
    },
    "DNSLookup": {
      "average": 0.00000662868,
      "fastest": 0.000003617,
      "slowest": 0.000031339
    }
  },
  "statusCodeDistribution": {
    "200": 511196
  },
  "errorDistribution": {}
}