{
  "summary": {
    "successRate": 1,
    "total": 10.000337657,
    "slowest": 0.004483662,
    "fastest": 0.000114024,
    "average": 0.0009278156384800781,
    "requestsPerSec": 53793.28363212287,
    "totalData": 6993363,
    "sizePerRequest": 13,
    "sizePerSec": 699312.6872175973
  },
  "responseTimeHistogram": {
    "0.000114024": 1,
    "0.0005509878": 12828,
    "0.0009879516000000001": 283418,
    "0.0014249153999999998": 240463,
    "0.0018618792": 1024,
    "0.002298843": 47,
    "0.0027358067999999998": 102,
    "0.0031727706": 23,
    "0.0036097344": 0,
    "0.0040466982": 22,
    "0.004483662": 23
  },
  "latencyPercentiles": {
    "p10": 0.000611351,
    "p25": 0.00085024,
    "p50": 0.000967646,
    "p75": 0.001053189,
    "p90": 0.00110915,
    "p95": 0.001153865,
    "p99": 0.001270375
  },
  "rps": {
    "mean": 53775.95086836913,
    "stddev": 7501.6692995073045,
    "max": 83807.27447142487,
    "percentiles": {
      "p10": 48408.13256627219,
      "p25": 49361.253342416836,
      "p50": 50610.658604704084,
      "p75": 56518.668116078436,
      "p90": 65430.46442423581,
      "p95": 70109.78952318891,
      "p99": 77924.47607793502
    }
  },
  "details": {
    "DNSDialup": {
      "average": 0.0009751244400000006,
      "fastest": 0.000101571,
      "slowest": 0.002069012
    },
    "DNSLookup": {
      "average": 0.00000951366,
      "fastest": 0.000004559,
      "slowest": 0.000031419
    }
  },
  "statusCodeDistribution": {
    "200": 537951
  },
  "errorDistribution": {}
}