{
  "summary": {
    "successRate": 1,
    "total": 10.000329126,
    "slowest": 0.005785499,
    "fastest": 0.000223868,
    "average": 0.0009055950806381335,
    "requestsPerSec": 55114.78602909334,
    "totalData": 7165158,
    "sizePerRequest": 13,
    "sizePerSec": 716492.2183782134
  },
  "responseTimeHistogram": {
    "0.000223868": 1,
    "0.0007800311": 137288,
    "0.0013361941999999998": 411608,
    "0.0018923573": 2024,
    "0.0024485203999999997": 137,
    "0.0030046834999999995": 54,
    "0.0035608465999999997": 7,
    "0.0041170097": 13,
    "0.0046731728": 24,
    "0.0052293359": 8,
    "0.0057854989999999995": 2
  },
  "latencyPercentiles": {
    "p10": 0.000593819,
    "p25": 0.000782076,
    "p50": 0.00095188,
    "p75": 0.001043041,
    "p90": 0.001099498,
    "p95": 0.001143698,
    "p99": 0.001258601
  },
  "rps": {
    "mean": 55109.155610215144,
    "stddev": 8723.01504098744,
    "max": 83281.59931100489,
    "percentiles": {
      "p10": 48350.85390020475,
      "p25": 49541.80889756727,
      "p50": 50907.376478857324,
      "p75": 60215.205495033246,
      "p90": 69307.05482629551,
      "p95": 73935.80528714719,
      "p99": 78665.96928183596
    }
  },
  "details": {
    "DNSDialup": {
      "average": 0.0009296165200000002,
      "fastest": 0.000089478,
      "slowest": 0.001767747
    },
    "DNSLookup": {
      "average": 0.00000909678,
      "fastest": 0.000004228,
      "slowest": 0.000038362
    }
  },
  "statusCodeDistribution": {
    "200": 551166
  },
  "errorDistribution": {}
}