{
  "summary": {
    "successRate": 1,
    "total": 10.000778828,
    "slowest": 0.012571667,
    "fastest": 0.000132301,
    "average": 0.0014383999975842985,
    "requestsPerSec": 34521.31138360978,
    "totalData": 4488120,
    "sizePerRequest": 13,
    "sizePerSec": 448777.04798692703
  },
  "responseTimeHistogram": {
    "0.000132301": 1,
    "0.0013762376": 241830,
    "0.0026201742": 78239,
    "0.0038641108": 20787,
    "0.005108047399999999": 2295,
    "0.006351984": 1352,
    "0.007595920599999999": 441,
    "0.008839857199999999": 201,
    "0.0100837938": 41,
    "0.0113277304": 30,
    "0.012571667": 23
  },
  "latencyPercentiles": {
    "p10": 0.001025206,
    "p25": 0.001119006,
    "p50": 0.001230106,
    "p75": 0.001438608,
    "p90": 0.002116212,
    "p95": 0.002890716,
    "p99": 0.004285623
  },
  "rps": {
    "mean": 34490.316485842566,
    "stddev": 9314.765230961315,
    "max": 49320.94167183292,
    "percentiles": {
      "p10": 17805.0691031744,
      "p25": 30078.797048643384,
      "p50": 37747.73956623076,
      "p75": 41248.92073707967,
      "p90": 43133.91787482404,
      "p95": 44281.681990598365,
      "p99": 47306.953730483045
    }
  },
  "details": {
    "DNSDialup": {
      "average": 0.0025596176799999996,
      "fastest": 0.0001297,
      "slowest": 0.004628825
    },
    "DNSLookup": {
      "average": 0.000019196119999999995,
      "fastest": 0.000006,
      "slowest": 0.000213901
    }
  },
  "statusCodeDistribution": {
    "200": 345240
  },
  "errorDistribution": {}
}