{
  "summary": {
    "successRate": 1,
    "total": 10.000622332,
    "slowest": 0.006064544,
    "fastest": 0.000204343,
    "average": 0.0010656946510623367,
    "requestsPerSec": 46828.085738374626,
    "totalData": 6088030,
    "sizePerRequest": 13,
    "sizePerSec": 608765.11459887
  },
  "responseTimeHistogram": {
    "0.000204343": 1,
    "0.0007903630999999999": 10358,
    "0.0013763832": 454932,
    "0.0019624033": 2710,
    "0.0025484234": 152,
    "0.0031344435": 77,
    "0.0037204635999999996": 29,
    "0.0043064837": 20,
    "0.0048925038": 23,
    "0.0054785239": 7,
    "0.006064544": 1
  },
  "latencyPercentiles": {
    "p10": 0.000938656,
    "p25": 0.000996679,
    "p50": 0.001076587,
    "p75": 0.001138537,
    "p90": 0.001183987,
    "p95": 0.001216176,
    "p99": 0.001309492
  },
  "rps": {
    "mean": 46827.19853061078,
    "stddev": 2304.738860973357,
    "max": 54936.42284834784,
    "percentiles": {
      "p10": 45405.5258524962,
      "p25": 46138.66420059969,
      "p50": 46667.98592189042,
      "p75": 47602.95090191114,
      "p90": 48922.876336978836,
      "p95": 49956.64083937684,
      "p99": 52201.16062918347
    }
  },
  "details": {
    "DNSDialup": {
      "average": 0.0008002008800000001,
      "fastest": 0.000088114,
      "slowest": 0.001722735
    },
    "DNSLookup": {
      "average": 0.000006905879999999998,
      "fastest": 0.000003156,
      "slowest": 0.000035947
    }
  },
  "statusCodeDistribution": {
    "200": 468310
  },
  "errorDistribution": {}
}