{
  "summary": {
    "successRate": 1,
    "total": 10.000738549,
    "slowest": 0.005222022,
    "fastest": 0.000107371,
    "average": 0.0009246348974276238,
    "requestsPerSec": 53989.11263948493,
    "totalData": 7019103,
    "sizePerRequest": 13,
    "sizePerSec": 701858.464313304
  },
  "responseTimeHistogram": {
    "0.000107371": 1,
    "0.0006188360999999999": 51738,
    "0.0011303011999999999": 440366,
    "0.0016417662999999997": 47036,
    "0.0021532314": 626,
    "0.0026646965": 51,
    "0.0031761615999999996": 34,
    "0.0036876266999999996": 23,
    "0.0041990918": 15,
    "0.004710556899999999": 21,
    "0.005222022": 20
  },
  "latencyPercentiles": {
    "p10": 0.000622366,
    "p25": 0.00077215,
    "p50": 0.000969832,
    "p75": 0.001069563,
    "p90": 0.001124046,
    "p95": 0.001160674,
    "p99": 0.001280078
  },
  "rps": {
    "mean": 53984.5615139244,
    "stddev": 7818.159074161792,
    "max": 80330.44473396444,
    "percentiles": {
      "p10": 47832.480203533094,
      "p25": 48910.92670102437,
      "p50": 51023.20611747927,
      "p75": 57168.68817884956,
      "p90": 65014.02352486958,
      "p95": 71374.74996250402,
      "p99": 79190.0232183947
    }
  },
  "details": {
    "DNSDialup": {
      "average": 0.0006115836199999999,
      "fastest": 0.000086582,
      "slowest": 0.00104934
    },
    "DNSLookup": {
      "average": 0.000007497600000000001,
      "fastest": 0.000003095,
      "slowest": 0.000031399
    }
  },
  "statusCodeDistribution": {
    "200": 539931
  },
  "errorDistribution": {}
}