{
  "summary": {
    "successRate": 1,
    "total": 10.000512221,
    "slowest": 0.007516782,
    "fastest": 0.000281815,
    "average": 0.0009872061811550918,
    "requestsPerSec": 50561.81011790597,
    "totalData": 6573372,
    "sizePerRequest": 13,
    "sizePerSec": 657303.5315327775
  },
  "responseTimeHistogram": {
    "0.000281815": 1,
    "0.0010053116999999999": 266063,
    "0.0017288083999999998": 239067,
    "0.0024523050999999997": 370,
    "0.0031758017999999996": 26,
    "0.0038992984999999996": 17,
    "0.0046227952": 0,
    "0.0053462919": 33,
    "0.0060697886": 17,
    "0.006793285299999999": 1,
    "0.007516782": 49
  },
  "latencyPercentiles": {
    "p10": 0.000851406,
    "p25": 0.000918639,
    "p50": 0.000997886,
    "p75": 0.001059861,
    "p90": 0.001116567,
    "p95": 0.001165021,
    "p99": 0.001274831
  },
  "rps": {
    "mean": 50557.787335214845,
    "stddev": 3794.245735808453,
    "max": 80233.26745724352,
    "percentiles": {
      "p10": 48619.06291176155,
      "p25": 49461.50680990864,
      "p50": 50152.27547965955,
      "p75": 50957.69693812877,
      "p90": 52171.798829550484,
      "p95": 55104.60996236356,
      "p99": 66174.17768763869
    }
  },
  "details": {
    "DNSDialup": {
      "average": 0.0007399016799999999,
      "fastest": 0.000109313,
      "slowest": 0.00124303
    },
    "DNSLookup": {
      "average": 0.000012304439999999996,
      "fastest": 0.000004478,
      "slowest": 0.000196408
    }
  },
  "statusCodeDistribution": {
    "200": 505644
  },
  "errorDistribution": {}
}