{
  "summary": {
    "successRate": 1,
    "total": 10.000681509,
    "slowest": 0.005255331,
    "fastest": 0.000123831,
    "average": 0.0009937021109140453,
    "requestsPerSec": 50229.17683639234,
    "totalData": 6530238,
    "sizePerRequest": 13,
    "sizePerSec": 652979.2988731004
  },
  "responseTimeHistogram": {
    "0.000123831": 1,
    "0.0006369810000000001": 4687,
    "0.0011501310000000002": 471436,
    "0.0016632810000000004": 25577,
    "0.0021764310000000004": 441,
    "0.0026895810000000003": 47,
    "0.0032027310000000008": 65,
    "0.0037158810000000007": 29,
    "0.004229031": 15,
    "0.004742181000000001": 12,
    "0.005255331": 16
  },
  "latencyPercentiles": {
    "p10": 0.000866393,
    "p25": 0.000926622,
    "p50": 0.001002208,
    "p75": 0.001062609,
    "p90": 0.00111132,
    "p95": 0.001152669,
    "p99": 0.001257963
  },
  "rps": {
    "mean": 50231.37855182609,
    "stddev": 2615.8070094121053,
    "max": 58738.938465468884,
    "percentiles": {
      "p10": 48407.450238700825,
      "p25": 49282.79509576212,
      "p50": 50148.463475104625,
      "p75": 51262.31960193896,
      "p90": 52751.61217735288,
      "p95": 53887.35015026764,
      "p99": 56520.81441959867
    }
  },
  "details": {
    "DNSDialup": {
      "average": 0.0007976437800000001,
      "fastest": 0.000131846,
      "slowest": 0.001232178
    },
    "DNSLookup": {
      "average": 0.0000061842800000000005,
      "fastest": 0.000003536,
      "slowest": 0.000026058
    }
  },
  "statusCodeDistribution": {
    "200": 502326
  },
  "errorDistribution": {}
}