{
  "summary": {
    "successRate": 1,
    "total": 10.000659518,
    "slowest": 0.004492161,
    "fastest": 0.000198423,
    "average": 0.000986588561238983,
    "requestsPerSec": 50591.86337554502,
    "totalData": 6577376,
    "sizePerRequest": 13,
    "sizePerSec": 657694.2238820853
  },
  "responseTimeHistogram": {
    "0.000198423": 1,
    "0.0006277968": 5054,
    "0.0010571706": 378684,
    "0.0014865444": 121167,
    "0.0019159182": 790,
    "0.002345292": 133,
    "0.0027746657999999998": 25,
    "0.0032040396": 37,
    "0.0036334134": 23,
    "0.0040627872": 10,
    "0.004492161": 28
  },
  "latencyPercentiles": {
    "p10": 0.00086238,
    "p25": 0.000921875,
    "p50": 0.00099691,
    "p75": 0.001055215,
    "p90": 0.001101799,
    "p95": 0.001138664,
    "p99": 0.00124104
  },
  "rps": {
    "mean": 50602.47730111368,
    "stddev": 2649.430668620832,
    "max": 70197.04148635136,
    "percentiles": {
      "p10": 48722.530413156084,
      "p25": 49685.984577469535,
      "p50": 50513.30015192898,
      "p75": 51512.91428761321,
      "p90": 53155.66461198301,
      "p95": 54317.180524199306,
      "p99": 56416.53399261765
    }
  },
  "details": {
    "DNSDialup": {
      "average": 0.0006727061400000001,
      "fastest": 0.000108343,
      "slowest": 0.001328002
    },
    "DNSLookup": {
      "average": 0.000007202660000000001,
      "fastest": 0.000003747,
      "slowest": 0.000025738
    }
  },
  "statusCodeDistribution": {
    "200": 505952
  },
  "errorDistribution": {}
}