{
  "summary": {
    "successRate": 1,
    "total": 10.000664174,
    "slowest": 0.007926352,
    "fastest": 0.000258312,
    "average": 0.0009958772880224042,
    "requestsPerSec": 50118.47126144684,
    "totalData": 6515834,
    "sizePerRequest": 13,
    "sizePerSec": 651540.1263988089
  },
  "responseTimeHistogram": {
    "0.000258312": 1,
    "0.001025116": 270914,
    "0.0017919199999999998": 229826,
    "0.002558724": 324,
    "0.003325528": 25,
    "0.004092332": 76,
    "0.004859136": 6,
    "0.005625939999999999": 29,
    "0.006392744": 16,
    "0.007159548": 0,
    "0.007926352": 1
  },
  "latencyPercentiles": {
    "p10": 0.000833253,
    "p25": 0.00093075,
    "p50": 0.001011604,
    "p75": 0.001080008,
    "p90": 0.001129955,
    "p95": 0.001172446,
    "p99": 0.001295341
  },
  "rps": {
    "mean": 50117.6167600936,
    "stddev": 3933.8028208818387,
    "max": 74612.91549567558,
    "percentiles": {
      "p10": 47518.67483921328,
      "p25": 48413.938372857556,
      "p50": 49342.70898291837,
      "p75": 50954.26748548675,
      "p90": 54310.98993903461,
      "p95": 56999.39554595161,
      "p99": 63311.015362971135
    }
  },
  "details": {
    "DNSDialup": {
      "average": 0.0005129128200000001,
      "fastest": 0.00008016,
      "slowest": 0.00088219
    },
    "DNSLookup": {
      "average": 0.0000071385599999999995,
      "fastest": 0.000003547,
      "slowest": 0.000037129
    }
  },
  "statusCodeDistribution": {
    "200": 501218
  },
  "errorDistribution": {}
}