{
  "summary": {
    "successRate": 1,
    "total": 10.000660041,
    "slowest": 0.005208722,
    "fastest": 0.000206686,
    "average": 0.0009815776755082639,
    "requestsPerSec": 50854.64338503255,
    "totalData": 6611540,
    "sizePerRequest": 13,
    "sizePerSec": 661110.3640054232
  },
  "responseTimeHistogram": {
    "0.000206686": 1,
    "0.0007068895999999999": 70116,
    "0.0012070931999999999": 415024,
    "0.0017072967999999997": 22610,
    "0.0022075004": 587,
    "0.002707704": 116,
    "0.0032079075999999996": 49,
    "0.0037081111999999997": 19,
    "0.0042083148": 18,
    "0.004708518399999999": 14,
    "0.005208722": 26
  },
  "latencyPercentiles": {
    "p10": 0.000664659,
    "p25": 0.000905248,
    "p50": 0.001018929,
    "p75": 0.001110904,
    "p90": 0.001163865,
    "p95": 0.001202222,
    "p99": 0.001323247
  },
  "rps": {
    "mean": 50851.49475702458,
    "stddev": 6338.3481001138,
    "max": 78703.25044423436,
    "percentiles": {
      "p10": 46315.288014927224,
      "p25": 47233.95176452774,
      "p50": 48530.532573462384,
      "p75": 52785.98921095265,
      "p90": 59406.685561823906,
      "p95": 64040.49691806551,
      "p99": 72335.29238914867
    }
  },
  "details": {
    "DNSDialup": {
      "average": 0.00082166196,
      "fastest": 0.000096116,
      "slowest": 0.001252934
    },
    "DNSLookup": {
      "average": 0.000008716459999999996,
      "fastest": 0.000003877,
      "slowest": 0.000055173
    }
  },
  "statusCodeDistribution": {
    "200": 508580
  },
  "errorDistribution": {}
}