{
  "summary": {
    "successRate": 1,
    "total": 10.000234991,
    "slowest": 0.004629146,
    "fastest": 0.000176839,
    "average": 0.0009689378633402315,
    "requestsPerSec": 51515.789425312716,
    "totalData": 6697210,
    "sizePerRequest": 13,
    "sizePerSec": 669705.2625290654
  },
  "responseTimeHistogram": {
    "0.000176839": 1,
    "0.0006220697": 23682,
    "0.0010673004": 376049,
    "0.0015125311": 114635,
    "0.0019577618": 601,
    "0.0024029925": 103,
    "0.0028482231999999996": 11,
    "0.0032934539": 40,
    "0.0037386845999999997": 19,
    "0.0041839152999999995": 13,
    "0.004629146": 16
  },
  "latencyPercentiles": {
    "p10": 0.000775774,
    "p25": 0.000903413,
    "p50": 0.000990995,
    "p75": 0.001059893,
    "p90": 0.001121537,
    "p95": 0.001172221,
    "p99": 0.001273041
  },
  "rps": {
    "mean": 51503.35145786658,
    "stddev": 4497.4809150106585,
    "max": 75665.45605290822,
    "percentiles": {
      "p10": 48438.2710779799,
      "p25": 49271.28781228029,
      "p50": 50252.943164122174,
      "p75": 52240.14655262641,
      "p90": 57412.2121686837,
      "p95": 60785.29153200485,
      "p99": 66064.72360971988
    }
  },
  "details": {
    "DNSDialup": {
      "average": 0.00073540944,
      "fastest": 0.000073557,
      "slowest": 0.001676981
    },
    "DNSLookup": {
      "average": 0.000006784239999999999,
      "fastest": 0.000003808,
      "slowest": 0.000029855
    }
  },
  "statusCodeDistribution": {
    "200": 515170
  },
  "errorDistribution": {}
}