{
  "summary": {
    "successRate": 1,
    "total": 10.000589725,
    "slowest": 0.005862649,
    "fastest": 0.000243332,
    "average": 0.0009657840415515258,
    "requestsPerSec": 51679.75231580656,
    "totalData": 6718764,
    "sizePerRequest": 13,
    "sizePerSec": 671836.7801054852
  },
  "responseTimeHistogram": {
    "0.000243332": 1,
    "0.0008052637": 65800,
    "0.0013671954": 448906,
    "0.0019291271": 1809,
    "0.0024910588000000003": 154,
    "0.0030529905000000004": 53,
    "0.0036149222": 8,
    "0.0041768539": 11,
    "0.0047387856": 11,
    "0.0053007173": 37,
    "0.005862649": 38
  },
  "latencyPercentiles": {
    "p10": 0.000715488,
    "p25": 0.000905277,
    "p50": 0.000991946,
    "p75": 0.001061598,
    "p90": 0.0011158,
    "p95": 0.001160451,
    "p99": 0.001269404
  },
  "rps": {
    "mean": 51675.11763890588,
    "stddev": 5881.22980891368,
    "max": 82308.92228717756,
    "percentiles": {
      "p10": 48213.45155298392,
      "p25": 49136.68544935541,
      "p50": 50024.987481253826,
      "p75": 51233.154695670535,
      "p90": 59513.44408701758,
      "p95": 64737.83926705013,
      "p99": 75021.38059199038
    }
  },
  "details": {
    "DNSDialup": {
      "average": 0.0010434231599999997,
      "fastest": 0.000089207,
      "slowest": 0.001831536
    },
    "DNSLookup": {
      "average": 0.00002394676,
      "fastest": 0.000004329,
      "slowest": 0.000761126
    }
  },
  "statusCodeDistribution": {
    "200": 516828
  },
  "errorDistribution": {}
}