{
  "summary": {
    "successRate": 1,
    "total": 10.000378125,
    "slowest": 0.006120774,
    "fastest": 0.000173073,
    "average": 0.0009869110604124613,
    "requestsPerSec": 50573.68768243451,
    "totalData": 6574828,
    "sizePerRequest": 13,
    "sizePerSec": 657457.9398716487
  },
  "responseTimeHistogram": {
    "0.000173073": 1,
    "0.0007678430999999999": 46653,
    "0.0013626131999999998": 457065,
    "0.0019573832999999997": 1812,
    "0.0025521534": 95,
    "0.0031469235": 77,
    "0.0037416935999999997": 6,
    "0.004336463699999999": 11,
    "0.0049312337999999995": 22,
    "0.0055260039": 8,
    "0.006120774": 6
  },
  "latencyPercentiles": {
    "p10": 0.000786588,
    "p25": 0.000923005,
    "p50": 0.001008216,
    "p75": 0.001082098,
    "p90": 0.001130283,
    "p95": 0.0011635,
    "p99": 0.001269107
  },
  "rps": {
    "mean": 50572.061092304946,
    "stddev": 3587.9810763595424,
    "max": 69016.75564552666,
    "percentiles": {
      "p10": 47496.27494932456,
      "p25": 48633.76229983136,
      "p50": 49917.87249422311,
      "p75": 52402.23594919857,
      "p90": 54933.75129679479,
      "p95": 56597.93707030764,
      "p99": 59654.86236000828
    }
  },
  "details": {
    "DNSDialup": {
      "average": 0.0009651430599999999,
      "fastest": 0.00010713,
      "slowest": 0.002001289
    },
    "DNSLookup": {
      "average": 0.00001120284,
      "fastest": 0.000003687,
      "slowest": 0.000160409
    }
  },
  "statusCodeDistribution": {
    "200": 505756
  },
  "errorDistribution": {}
}