{
  "summary": {
    "successRate": 1,
    "total": 10.000611041,
    "slowest": 0.00807446,
    "fastest": 0.000084001,
    "average": 0.0008726830784021673,
    "requestsPerSec": 57058.713478665726,
    "totalData": 7418086,
    "sizePerRequest": 13,
    "sizePerSec": 741763.2752226545
  },
  "responseTimeHistogram": {
    "0.000084001": 1,
    "0.0008830469": 472946,
    "0.0016820928": 51774,
    "0.0024811387000000006": 40371,
    "0.0032801846000000004": 5172,
    "0.0040792305": 154,
    "0.004878276400000001": 90,
    "0.005677322300000001": 102,
    "0.006476368200000001": 9,
    "0.0072754141000000005": 2,
    "0.00807446": 1
  },
  "latencyPercentiles": {
    "p10": 0.000715905,
    "p25": 0.000741006,
    "p50": 0.000765006,
    "p75": 0.000802306,
    "p90": 0.000992407,
    "p95": 0.001786213,
    "p99": 0.002465519
  },
  "rps": {
    "mean": 57045.15705981578,
    "stddev": 14111.402065591494,
    "max": 67848.772002369,
    "percentiles": {
      "p10": 27865.67568893094,
      "p25": 60233.28491324321,
      "p50": 64098.216954382464,
      "p75": 64952.7871301011,
      "p90": 65435.511852286916,
      "p95": 65670.44468601419,
      "p99": 66072.19708976099
    }
  },
  "details": {
    "DNSDialup": {
      "average": 0.0016434920799999995,
      "fastest": 0.0000797,
      "slowest": 0.003025922
    },
    "DNSLookup": {
      "average": 0.000012190079999999997,
      "fastest": 0.000004,
      "slowest": 0.000367403
    }
  },
  "statusCodeDistribution": {
    "200": 570622
  },
  "errorDistribution": {}
}