{
  "summary": {
    "successRate": 1,
    "total": 10.000269356,
    "slowest": 0.005011639,
    "fastest": 0.000296056,
    "average": 0.000969308959490098,
    "requestsPerSec": 51492.213026346806,
    "totalData": 6694168,
    "sizePerRequest": 13,
    "sizePerSec": 669398.7693425085
  },
  "responseTimeHistogram": {
    "0.000296056": 1,
    "0.0007676142999999999": 39131,
    "0.0012391726": 468462,
    "0.0017107308999999998": 7082,
    "0.0021822891999999997": 98,
    "0.0026538474999999997": 94,
    "0.0031254057999999993": 21,
    "0.0035969640999999994": 12,
    "0.0040685224": 14,
    "0.0045400807": 10,
    "0.005011639": 11
  },
  "latencyPercentiles": {
    "p10": 0.000818504,
    "p25": 0.000906219,
    "p50": 0.000988436,
    "p75": 0.001051897,
    "p90": 0.001108833,
    "p95": 0.001154024,
    "p99": 0.001264536
  },
  "rps": {
    "mean": 51489.20081404664,
    "stddev": 4837.742073819143,
    "max": 77358.65333094563,
    "percentiles": {
      "p10": 48682.99371727024,
      "p25": 49619.207595259475,
      "p50": 50539.142565918395,
      "p75": 51349.71165585447,
      "p90": 54808.76800009106,
      "p95": 63531.554476741425,
      "p99": 70768.23092307885
    }
  },
  "details": {
    "DNSDialup": {
      "average": 0.0008263237600000001,
      "fastest": 0.000099036,
      "slowest": 0.001368862
    },
    "DNSLookup": {
      "average": 0.000007179040000000003,
      "fastest": 0.000004488,
      "slowest": 0.000034084
    }
  },
  "statusCodeDistribution": {
    "200": 514936
  },
  "errorDistribution": {}
}