{
  "summary": {
    "successRate": 1,
    "total": 10.000403427,
    "slowest": 0.005742926,
    "fastest": 0.000313506,
    "average": 0.0009414876853906499,
    "requestsPerSec": 53017.26114053898,
    "totalData": 6892522,
    "sizePerRequest": 13,
    "sizePerSec": 689224.3948270069
  },
  "responseTimeHistogram": {
    "0.000313506": 1,
    "0.0008564480000000001": 122592,
    "0.0013993900000000001": 406502,
    "0.0019423320000000002": 929,
    "0.002485274": 106,
    "0.0030282160000000002": 17,
    "0.003571158": 0,
    "0.0041141": 8,
    "0.004657042": 17,
    "0.005199984": 21,
    "0.005742926000000001": 1
  },
  "latencyPercentiles": {
    "p10": 0.000633457,
    "p25": 0.000883178,
    "p50": 0.00099277,
    "p75": 0.001052026,
    "p90": 0.001104587,
    "p95": 0.001145043,
    "p99": 0.001252542
  },
  "rps": {
    "mean": 53041.12757281074,
    "stddev": 6686.00873247284,
    "max": 79748.82587188159,
    "percentiles": {
      "p10": 47447.644804911615,
      "p25": 48505.786740364056,
      "p50": 50414.5362919223,
      "p75": 56349.779989329254,
      "p90": 62792.57509346118,
      "p95": 67139.78503243919,
      "p99": 74096.03587209154
    }
  },
  "details": {
    "DNSDialup": {
      "average": 0.00119220724,
      "fastest": 0.000119571,
      "slowest": 0.002592585
    },
    "DNSLookup": {
      "average": 0.000023674579999999997,
      "fastest": 0.000004078,
      "slowest": 0.000845607
    }
  },
  "statusCodeDistribution": {
    "200": 530194
  },
  "errorDistribution": {}
}