{
  "summary": {
    "successRate": 1,
    "total": 10.000607078,
    "slowest": 0.043378382,
    "fastest": 0.000152501,
    "average": 0.000950812969747075,
    "requestsPerSec": 52362.02121688837,
    "totalData": 6807476,
    "sizePerRequest": 13,
    "sizePerSec": 680706.2758195489
  },
  "responseTimeHistogram": {
    "0.000152501": 1,
    "0.0044750891": 521530,
    "0.0087976772": 423,
    "0.0131202653": 322,
    "0.0174428534": 590,
    "0.0217654415": 475,
    "0.0260880296": 139,
    "0.0304106177": 126,
    "0.0347332058": 37,
    "0.039055793899999997": 5,
    "0.043378382": 4
  },
  "latencyPercentiles": {
    "p10": 0.000744609,
    "p25": 0.000768307,
    "p50": 0.000791507,
    "p75": 0.000826408,
    "p90": 0.001019409,
    "p95": 0.001867816,
    "p99": 0.002199519
  },
  "rps": {
    "mean": 51946.730475728764,
    "stddev": 17978.917145920932,
    "max": 64936.450964410105,
    "percentiles": {
      "p10": 25816.81190791416,
      "p25": 47108.28309953282,
      "p50": 61544.703907831135,
      "p75": 62509.28262847076,
      "p90": 63117.942186771485,
      "p95": 63470.64081783749,
      "p99": 64096.18781877189
    }
  },
  "details": {
    "DNSDialup": {
      "average": 0.00150636736,
      "fastest": 0.000081801,
      "slowest": 0.002634931
    },
    "DNSLookup": {
      "average": 0.000011142139999999997,
      "fastest": 0.0000034,
      "slowest": 0.000099802
    }
  },
  "statusCodeDistribution": {
    "200": 523652
  },
  "errorDistribution": {}
}