{
  "summary": {
    "successRate": 1,
    "total": 10.000816298,
    "slowest": 0.018154193,
    "fastest": 0.0000942,
    "average": 0.0012673267080968071,
    "requestsPerSec": 39239.59687955464,
    "totalData": 5101564,
    "sizePerRequest": 13,
    "sizePerSec": 510114.7594342103
  },
  "responseTimeHistogram": {
    "0.0000942": 1,
    "0.0019001993": 343654,
    "0.0037061986": 44476,
    "0.005512197900000001": 3618,
    "0.0073181972": 353,
    "0.009124196499999999": 166,
    "0.0109301958": 116,
    "0.0127361951": 23,
    "0.0145421944": 16,
    "0.0163481937": 0,
    "0.018154193": 5
  },
  "latencyPercentiles": {
    "p10": 0.000804004,
    "p25": 0.000898204,
    "p50": 0.001075606,
    "p75": 0.001342107,
    "p90": 0.002224711,
    "p95": 0.002575113,
    "p99": 0.00379252
  },
  "rps": {
    "mean": 39224.49250992876,
    "stddev": 12560.412230483302,
    "max": 60119.5388501263,
    "percentiles": {
      "p10": 19862.666713480998,
      "p25": 29913.607700142828,
      "p50": 41809.52429042473,
      "p75": 49407.6532454901,
      "p90": 53794.46159923405,
      "p95": 55364.494099173324,
      "p99": 57817.05024811797
    }
  },
  "details": {
    "DNSDialup": {
      "average": 0.0029016207399999994,
      "fastest": 0.000122001,
      "slowest": 0.015282877
    },
    "DNSLookup": {
      "average": 0.000011158059999999998,
      "fastest": 0.000007,
      "slowest": 0.0000616
    }
  },
  "statusCodeDistribution": {
    "200": 392428
  },
  "errorDistribution": {}
}