{
  "summary": {
    "successRate": 1,
    "total": 10.000628111,
    "slowest": 0.005381806,
    "fastest": 0.000327333,
    "average": 0.0010029976310958312,
    "requestsPerSec": 49760.474489860775,
    "totalData": 6469268,
    "sizePerRequest": 13,
    "sizePerSec": 646886.1683681901
  },
  "responseTimeHistogram": {
    "0.000327333": 1,
    "0.0008327803000000001": 37295,
    "0.0013382276": 457291,
    "0.0018436748999999999": 2744,
    "0.0023491222": 177,
    "0.0028545695": 71,
    "0.0033600168": 7,
    "0.0038654641": 6,
    "0.0043709114": 18,
    "0.0048763587": 16,
    "0.005381806": 10
  },
  "latencyPercentiles": {
    "p10": 0.000862817,
    "p25": 0.000936846,
    "p50": 0.001016545,
    "p75": 0.001079974,
    "p90": 0.00113144,
    "p95": 0.00117399,
    "p99": 0.001287852
  },
  "rps": {
    "mean": 49759.868813659305,
    "stddev": 3229.8925174606393,
    "max": 64510.958849219496,
    "percentiles": {
      "p10": 47532.85470917559,
      "p25": 48484.406503281636,
      "p50": 49252.05449639646,
      "p75": 50373.634620616576,
      "p90": 53259.12227963251,
      "p95": 55815.36038717909,
      "p99": 60813.70132690827
    }
  },
  "details": {
    "DNSDialup": {
      "average": 0.0008605742999999999,
      "fastest": 0.000103624,
      "slowest": 0.001228142
    },
    "DNSLookup": {
      "average": 0.00000675126,
      "fastest": 0.000004257,
      "slowest": 0.000031509
    }
  },
  "statusCodeDistribution": {
    "200": 497636
  },
  "errorDistribution": {}
}