{
  "summary": {
    "successRate": 1,
    "total": 10.00064281,
    "slowest": 0.016365722,
    "fastest": 0.000404108,
    "average": 0.0017473135940568043,
    "requestsPerSec": 28551.66467044332,
    "totalData": 3711955,
    "sizePerRequest": 13,
    "sizePerSec": 371171.64071576315
  },
  "responseTimeHistogram": {
    "0.000404108": 1,
    "0.0020002694": 254517,
    "0.0035964307999999997": 21205,
    "0.0051925922": 6832,
    "0.0067887536": 1861,
    "0.008384915": 386,
    "0.0099810764": 148,
    "0.0115772378": 343,
    "0.0131733992": 174,
    "0.0147695606": 34,
    "0.016365722": 34
  },
  "latencyPercentiles": {
    "p10": 0.001325026,
    "p25": 0.001479223,
    "p50": 0.001559131,
    "p75": 0.001692334,
    "p90": 0.00205344,
    "p95": 0.003001358,
    "p99": 0.005234402
  },
  "rps": {
    "mean": 28564.27284431456,
    "stddev": 6738.3542412750885,
    "max": 40659.10714134758,
    "percentiles": {
      "p10": 18005.473663994555,
      "p25": 27200.650095537294,
      "p50": 31412.690727052603,
      "p75": 32874.30908826302,
      "p90": 33568.52743513569,
      "p95": 33916.46777753431,
      "p99": 34814.214995135946
    }
  },
  "details": {
    "DNSDialup": {
      "average": 0.0026914729199999997,
      "fastest": 0.000095502,
      "slowest": 0.004694893
    },
    "DNSLookup": {
      "average": 0.000008796199999999997,
      "fastest": 0.0000057,
      "slowest": 0.000043101
    }
  },
  "statusCodeDistribution": {
    "200": 285535
  },
  "errorDistribution": {}
}