{
  "summary": {
    "successRate": 1,
    "total": 10.000652164,
    "slowest": 0.005438719,
    "fastest": 0.000119377,
    "average": 0.000997262193213483,
    "requestsPerSec": 50042.93637984388,
    "totalData": 6506006,
    "sizePerRequest": 13,
    "sizePerSec": 650558.1729379704
  },
  "responseTimeHistogram": {
    "0.000119377": 1,
    "0.0006513112": 16110,
    "0.0011832453999999998": 459538,
    "0.0017151795999999996": 24266,
    "0.0022471137999999996": 371,
    "0.0027790479999999997": 97,
    "0.0033109821999999993": 33,
    "0.0038429163999999993": 7,
    "0.0043748506": 16,
    "0.004906784799999999": 11,
    "0.005438719": 12
  },
  "latencyPercentiles": {
    "p10": 0.000830484,
    "p25": 0.000931382,
    "p50": 0.001013999,
    "p75": 0.001082772,
    "p90": 0.001137373,
    "p95": 0.001182638,
    "p99": 0.00130656
  },
  "rps": {
    "mean": 50042.74559505178,
    "stddev": 3991.552040289986,
    "max": 71795.12479015514,
    "percentiles": {
      "p10": 47107.51313499376,
      "p25": 48232.388048574794,
      "p50": 49211.17789309543,
      "p75": 51068.15711673743,
      "p90": 55115.00429555353,
      "p95": 57637.475886821354,
      "p99": 62354.677011796026
    }
  },
  "details": {
    "DNSDialup": {
      "average": 0.0008306822999999999,
      "fastest": 0.000110996,
      "slowest": 0.001321679
    },
    "DNSLookup": {
      "average": 0.000007205619999999998,
      "fastest": 0.000003647,
      "slowest": 0.000028943
    }
  },
  "statusCodeDistribution": {
    "200": 500462
  },
  "errorDistribution": {}
}