{
  "summary": {
    "successRate": 1,
    "total": 10.000593699,
    "slowest": 0.005651428,
    "fastest": 0.000226456,
    "average": 0.0009159576860757362,
    "requestsPerSec": 54490.16492435746,
    "totalData": 7084142,
    "sizePerRequest": 13,
    "sizePerSec": 708372.144016647
  },
  "responseTimeHistogram": {
    "0.000226456": 1,
    "0.0007689532": 120391,
    "0.0013114504000000002": 421832,
    "0.0018539476": 2460,
    "0.0023964448": 129,
    "0.002938942": 57,
    "0.0034814392000000003": 15,
    "0.004023936400000001": 16,
    "0.0045664336": 15,
    "0.0051089308000000005": 10,
    "0.005651428": 8
  },
  "latencyPercentiles": {
    "p10": 0.000606755,
    "p25": 0.000825044,
    "p50": 0.000959105,
    "p75": 0.001045097,
    "p90": 0.001099128,
    "p95": 0.001139562,
    "p99": 0.001247195
  },
  "rps": {
    "mean": 54485.16530975183,
    "stddev": 8015.118784884356,
    "max": 82650.88607172997,
    "percentiles": {
      "p10": 48614.45293623791,
      "p25": 49693.65383644003,
      "p50": 50871.8412141663,
      "p75": 58009.41155112803,
      "p90": 66870.71578193868,
      "p95": 72684.78653279963,
      "p99": 79157.34157823978
    }
  },
  "details": {
    "DNSDialup": {
      "average": 0.0009403664999999998,
      "fastest": 0.000099789,
      "slowest": 0.001662462
    },
    "DNSLookup": {
      "average": 0.000011424619999999997,
      "fastest": 0.000003967,
      "slowest": 0.000173345
    }
  },
  "statusCodeDistribution": {
    "200": 544934
  },
  "errorDistribution": {}
}