{
  "summary": {
    "successRate": 1,
    "total": 10.000359629,
    "slowest": 0.004567641,
    "fastest": 0.000137367,
    "average": 0.0010206763131350753,
    "requestsPerSec": 48901.74135156595,
    "totalData": 6357455,
    "sizePerRequest": 13,
    "sizePerSec": 635722.6375703573
  },
  "responseTimeHistogram": {
    "0.000137367": 1,
    "0.0005803944": 1208,
    "0.0010234218": 230497,
    "0.0014664491999999997": 256496,
    "0.0019094765999999998": 610,
    "0.002352504": 74,
    "0.0027955313999999997": 61,
    "0.0032385587999999993": 19,
    "0.0036815861999999998": 26,
    "0.004124613599999999": 18,
    "0.004567641": 25
  },
  "latencyPercentiles": {
    "p10": 0.000890765,
    "p25": 0.000951867,
    "p50": 0.001031358,
    "p75": 0.001092693,
    "p90": 0.001143448,
    "p95": 0.001183993,
    "p99": 0.001292586
  },
  "rps": {
    "mean": 48900.992335054674,
    "stddev": 2701.2287566070436,
    "max": 63173.255707320975,
    "percentiles": {
      "p10": 46974.67093692162,
      "p25": 47760.960130605505,
      "p50": 48634.093923765635,
      "p75": 49587.24876419772,
      "p90": 51116.20383661416,
      "p95": 53927.203487584775,
      "p99": 57826.276259930186
    }
  },
  "details": {
    "DNSDialup": {
      "average": 0.0008856497600000001,
      "fastest": 0.000098163,
      "slowest": 0.001714798
    },
    "DNSLookup": {
      "average": 0.00000830822,
      "fastest": 0.000003978,
      "slowest": 0.000033112
    }
  },
  "statusCodeDistribution": {
    "200": 489035
  },
  "errorDistribution": {}
}