{
  "summary": {
    "successRate": 1,
    "total": 10.000588579,
    "slowest": 0.00557096,
    "fastest": 0.000183153,
    "average": 0.000992006248020042,
    "requestsPerSec": 50313.93862723167,
    "totalData": 6541197,
    "sizePerRequest": 13,
    "sizePerSec": 654081.2021540117
  },
  "responseTimeHistogram": {
    "0.000183153": 1,
    "0.0007219337": 9999,
    "0.0012607144": 488955,
    "0.0017994951": 3892,
    "0.0023382758": 177,
    "0.0028770565": 45,
    "0.0034158372": 37,
    "0.0039546179": 25,
    "0.0044933986": 15,
    "0.0050321793": 10,
    "0.00557096": 13
  },
  "latencyPercentiles": {
    "p10": 0.000869871,
    "p25": 0.000925536,
    "p50": 0.001001024,
    "p75": 0.001059584,
    "p90": 0.001106057,
    "p95": 0.001141671,
    "p99": 0.001242481
  },
  "rps": {
    "mean": 50311.83807761784,
    "stddev": 2567.1022682275852,
    "max": 66933.72120874238,
    "percentiles": {
      "p10": 48430.089614677716,
      "p25": 49504.40094124283,
      "p50": 50300.00143285,
      "p75": 51270.60293125398,
      "p90": 52646.5342716411,
      "p95": 53702.234012939676,
      "p99": 56126.14350753294
    }
  },
  "details": {
    "DNSDialup": {
      "average": 0.0007876982200000002,
      "fastest": 0.000106739,
      "slowest": 0.001283179
    },
    "DNSLookup": {
      "average": 0.0000064571599999999995,
      "fastest": 0.000003577,
      "slowest": 0.000033313
    }
  },
  "statusCodeDistribution": {
    "200": 503169
  },
  "errorDistribution": {}
}