{
  "summary": {
    "successRate": 1,
    "total": 10.000895641,
    "slowest": 0.014474429,
    "fastest": 0.0000384,
    "average": 0.0009582193465210649,
    "requestsPerSec": 52111.93264165369,
    "totalData": 6775158,
    "sizePerRequest": 13,
    "sizePerSec": 677455.124341498
  },
  "responseTimeHistogram": {
    "0.0000384": 1,
    "0.0014820029000000001": 481322,
    "0.0029256058000000002": 32621,
    "0.0043692087": 2410,
    "0.0058128116": 2650,
    "0.007256414500000001": 911,
    "0.0087000174": 166,
    "0.0101436203": 15,
    "0.0115872232": 651,
    "0.0130308261": 311,
    "0.014474429": 108
  },
  "latencyPercentiles": {
    "p10": 0.000679496,
    "p25": 0.000724796,
    "p50": 0.000777696,
    "p75": 0.000864195,
    "p90": 0.001315493,
    "p95": 0.00211989,
    "p99": 0.00404228
  },
  "rps": {
    "mean": 52392.85411757868,
    "stddev": 16761.179873514408,
    "max": 70560.75853923737,
    "percentiles": {
      "p10": 23894.985991563626,
      "p25": 42612.98843887616,
      "p50": 61511.33815171848,
      "p75": 65552.94496114967,
      "p90": 66320.24093753152,
      "p95": 66822.29927560841,
      "p99": 67565.86584594875
    }
  },
  "details": {
    "DNSDialup": {
      "average": 0.00114564242,
      "fastest": 0.0000748,
      "slowest": 0.001933391
    },
    "DNSLookup": {
      "average": 0.00000706794,
      "fastest": 0.0000031,
      "slowest": 0.0000629
    }
  },
  "statusCodeDistribution": {
    "200": 521166
  },
  "errorDistribution": {}
}