{
  "summary": {
    "successRate": 1,
    "total": 10.001587526,
    "slowest": 0.03625581,
    "fastest": 0.000850907,
    "average": 0.008210657545946201,
    "requestsPerSec": 6083.33425487037,
    "totalData": 790959,
    "sizePerRequest": 13,
    "sizePerSec": 79083.34531331481
  },
  "responseTimeHistogram": {
    "0.000850907": 1,
    "0.0043913973": 4348,
    "0.0079318876": 25516,
    "0.011472377899999999": 27019,
    "0.0150128682": 2569,
    "0.018553358500000002": 794,
    "0.0220938488": 390,
    "0.0256343391": 121,
    "0.0291748294": 30,
    "0.032715319699999995": 25,
    "0.03625581": 30
  },
  "latencyPercentiles": {
    "p10": 0.006254954,
    "p25": 0.007297962,
    "p50": 0.007955568,
    "p75": 0.008897276,
    "p90": 0.010506889,
    "p95": 0.012130615,
    "p99": 0.018509958
  },
  "rps": {
    "mean": 6249.271598501343,
    "stddev": 2103.6364862234436,
    "max": 46477.15403262705,
    "percentiles": {
      "p10": 4400.614798086926,
      "p25": 5801.55367928167,
      "p50": 6566.584499031788,
      "p75": 6937.49662416427,
      "p90": 7212.637428483537,
      "p95": 7551.526801540516,
      "p99": 11889.446640933678
    }
  },
  "details": {
    "DNSDialup": {
      "average": 0.00256035588,
      "fastest": 0.000143901,
      "slowest": 0.002857124
    },
    "DNSLookup": {
      "average": 0.000008988059999999998,
      "fastest": 0.0000058,
      "slowest": 0.0000982
    }
  },
  "statusCodeDistribution": {
    "200": 60843
  },
  "errorDistribution": {}
}