{
  "summary": {
    "successRate": 1,
    "total": 10.000487572,
    "slowest": 0.023332817,
    "fastest": 0.000816744,
    "average": 0.0035607941340027194,
    "requestsPerSec": 14031.115882076714,
    "totalData": 1824134,
    "sizePerRequest": 13,
    "sizePerSec": 182404.50646699726
  },
  "responseTimeHistogram": {
    "0.000816744": 1,
    "0.0030683512999999996": 28703,
    "0.0053199586": 107722,
    "0.0075715659": 2429,
    "0.009823173199999998": 794,
    "0.012074780499999998": 493,
    "0.014326387799999998": 38,
    "0.0165779951": 48,
    "0.0188296024": 40,
    "0.0210812097": 0,
    "0.023332817": 50
  },
  "latencyPercentiles": {
    "p10": 0.001959201,
    "p25": 0.003390961,
    "p50": 0.003697997,
    "p75": 0.003905414,
    "p90": 0.004142545,
    "p95": 0.00440181,
    "p99": 0.007665917
  },
  "rps": {
    "mean": 14076.813076272223,
    "stddev": 2674.903224507301,
    "max": 19048.666977833527,
    "percentiles": {
      "p10": 11554.734778646556,
      "p25": 13214.19865645544,
      "p50": 14339.684650955722,
      "p75": 15182.871696343587,
      "p90": 17195.727180235077,
      "p95": 17801.992394593417,
      "p99": 18577.626788797897
    }
  },
  "details": {
    "DNSDialup": {
      "average": 0.0012595469800000003,
      "fastest": 0.000084606,
      "slowest": 0.002837878
    },
    "DNSLookup": {
      "average": 0.0000284556,
      "fastest": 0.000002916,
      "slowest": 0.001100976
    }
  },
  "statusCodeDistribution": {
    "200": 140318
  },
  "errorDistribution": {}
}