{
  "summary": {
    "successRate": 1,
    "total": 10.001027746,
    "slowest": 0.020937649,
    "fastest": 0.001987288,
    "average": 0.0038979815631894833,
    "requestsPerSec": 12817.282708896506,
    "totalData": 1666418,
    "sizePerRequest": 13,
    "sizePerSec": 166624.67521565457
  },
  "responseTimeHistogram": {
    "0.001987288": 1,
    "0.0038823241": 84609,
    "0.0057773602": 39526,
    "0.0076723963": 2678,
    "0.009567432399999999": 561,
    "0.0114624685": 603,
    "0.0133575046": 77,
    "0.015252540699999999": 86,
    "0.017147576799999998": 15,
    "0.0190426129": 0,
    "0.020937649": 30
  },
  "latencyPercentiles": {
    "p10": 0.003126199,
    "p25": 0.003578096,
    "p50": 0.003716451,
    "p75": 0.004138425,
    "p90": 0.004536642,
    "p95": 0.005184719,
    "p99": 0.007816841
  },
  "rps": {
    "mean": 12807.951887903224,
    "stddev": 1982.1984797845635,
    "max": 16787.70737719401,
    "percentiles": {
      "p10": 11110.866427365292,
      "p25": 12620.924230281042,
      "p50": 13344.594630092832,
      "p75": 13749.190489556642,
      "p90": 14048.419259697164,
      "p95": 14608.700185120517,
      "p99": 15804.713448472068
    }
  },
  "details": {
    "DNSDialup": {
      "average": 0.0011349465799999996,
      "fastest": 0.000087857,
      "slowest": 0.002647448
    },
    "DNSLookup": {
      "average": 0.000023429819999999992,
      "fastest": 0.000003526,
      "slowest": 0.000809373
    }
  },
  "statusCodeDistribution": {
    "200": 128186
  },
  "errorDistribution": {}
}