{
  "summary": {
    "successRate": 1,
    "total": 10.000352767,
    "slowest": 0.021588465,
    "fastest": 0.000729723,
    "average": 0.003621788138473332,
    "requestsPerSec": 13797.113283373836,
    "totalData": 1793688,
    "sizePerRequest": 13,
    "sizePerSec": 179362.47268385987
  },
  "responseTimeHistogram": {
    "0.000729723": 1,
    "0.0028155971999999996": 19695,
    "0.004901471399999999": 113563,
    "0.006987345599999999": 2605,
    "0.009073219799999999": 1380,
    "0.011159094": 306,
    "0.013244968199999999": 289,
    "0.015330842399999997": 69,
    "0.0174167166": 18,
    "0.0195025908": 0,
    "0.021588465": 50
  },
  "latencyPercentiles": {
    "p10": 0.001984086,
    "p25": 0.003442312,
    "p50": 0.003765611,
    "p75": 0.003973741,
    "p90": 0.004244,
    "p95": 0.004502862,
    "p99": 0.007754604
  },
  "rps": {
    "mean": 13846.749900003037,
    "stddev": 2545.2999283394415,
    "max": 22161.205533765922,
    "percentiles": {
      "p10": 11306.692431249694,
      "p25": 13234.54109349022,
      "p50": 14255.861248193756,
      "p75": 14746.180103739785,
      "p90": 16738.488554740536,
      "p95": 17602.358007152754,
      "p99": 18487.528748106815
    }
  },
  "details": {
    "DNSDialup": {
      "average": 0.0007899666999999998,
      "fastest": 0.000094437,
      "slowest": 0.001087755
    },
    "DNSLookup": {
      "average": 0.000007537320000000001,
      "fastest": 0.000003778,
      "slowest": 0.000038802
    }
  },
  "statusCodeDistribution": {
    "200": 137976
  },
  "errorDistribution": {}
}