{
  "summary": {
    "successRate": 1,
    "total": 10.000706478,
    "slowest": 0.009688935,
    "fastest": 0.000088801,
    "average": 0.0009030080396633778,
    "requestsPerSec": 55109.90660634006,
    "totalData": 7164794,
    "sizePerRequest": 13,
    "sizePerSec": 716428.7858824207
  },
  "responseTimeHistogram": {
    "0.000088801": 1,
    "0.0010488144": 491466,
    "0.0020088277999999998": 42067,
    "0.0029688411999999995": 16353,
    "0.0039288546": 977,
    "0.004888868": 30,
    "0.0058488813999999995": 158,
    "0.0068088948": 31,
    "0.0077689082": 8,
    "0.008728921599999998": 0,
    "0.009688935": 47
  },
  "latencyPercentiles": {
    "p10": 0.00071811,
    "p25": 0.00074021,
    "p50": 0.000763411,
    "p75": 0.000850412,
    "p90": 0.001200516,
    "p95": 0.001836526,
    "p99": 0.002648637
  },
  "rps": {
    "mean": 55093.476336331165,
    "stddev": 15444.511060404015,
    "max": 68127.13886655726,
    "percentiles": {
      "p10": 26915.2367155037,
      "p25": 52751.73509081523,
      "p50": 63415.803598954226,
      "p75": 64513.94146274754,
      "p90": 65151.54901816638,
      "p95": 65411.68529596059,
      "p99": 65767.45050573334
    }
  },
  "details": {
    "DNSDialup": {
      "average": 0.0016751709200000001,
      "fastest": 0.000089001,
      "slowest": 0.002686037
    },
    "DNSLookup": {
      "average": 0.000013906160000000001,
      "fastest": 0.0000041,
      "slowest": 0.000320804
    }
  },
  "statusCodeDistribution": {
    "200": 551138
  },
  "errorDistribution": {}
}