{
  "summary": {
    "successRate": 0.1890340346963596,
    "total": 10.000747365,
    "slowest": 0.042169775,
    "fastest": 0.002823898,
    "average": 0.01034539296973128,
    "requestsPerSec": 15867.914087638788,
    "totalData": 389974,
    "sizePerRequest": 13,
    "sizePerSec": 38994.48568862033
  },
  "responseTimeHistogram": {
    "0.002823898": 1,
    "0.0067584857000000005": 1376,
    "0.010693073400000001": 21186,
    "0.014627661100000001": 5690,
    "0.0185622488": 1227,
    "0.0224968365": 247,
    "0.026431424200000005": 120,
    "0.030366011900000003": 68,
    "0.0343005996": 22,
    "0.0382351873": 10,
    "0.042169775": 51
  },
  "latencyPercentiles": {
    "p10": 0.008523398,
    "p25": 0.009186722,
    "p50": 0.009817144,
    "p75": 0.010677874,
    "p90": 0.013214562,
    "p95": 0.015021425,
    "p99": 0.022195277
  },
  "rps": {
    "mean": 4944.507637104056,
    "stddev": 1532.069816021516,
    "max": 24485.675879613187,
    "percentiles": {
      "p10": 3578.6656558606705,
      "p25": 4361.450320771827,
      "p50": 5128.02582660303,
      "p75": 5555.176569065406,
      "p90": 5870.3168731821725,
      "p95": 6441.143000815173,
      "p99": 7814.057927798989
    }
  },
  "details": {
    "DNSDialup": {
      "average": 0.0024798048000000007,
      "fastest": 0.000093003,
      "slowest": 0.003394318
    },
    "DNSLookup": {
      "average": 0.000007726339999999999,
      "fastest": 0.000007,
      "slowest": 0.0000131
    }
  },
  "statusCodeDistribution": {
    "200": 29998
  },
  "errorDistribution": {
    "Connection refused (os error 111)": 128693
  }
}