{
  "summary": {
    "successRate": 1,
    "total": 10.000768728,
    "slowest": 0.021953541,
    "fastest": 0.00081564,
    "average": 0.0036881751349252465,
    "requestsPerSec": 13546.458645793813,
    "totalData": 1761175,
    "sizePerRequest": 13,
    "sizePerSec": 176103.96239531957
  },
  "responseTimeHistogram": {
    "0.00081564": 1,
    "0.0029294301": 19336,
    "0.0050432202": 111162,
    "0.0071570103": 3087,
    "0.0092708004": 988,
    "0.0113845905": 643,
    "0.013498380599999998": 122,
    "0.015612170699999999": 73,
    "0.0177259608": 13,
    "0.019839750899999998": 0,
    "0.021953541": 50
  },
  "latencyPercentiles": {
    "p10": 0.002047389,
    "p25": 0.003500077,
    "p50": 0.003814265,
    "p75": 0.004043853,
    "p90": 0.004336272,
    "p95": 0.004621398,
    "p99": 0.007890866
  },
  "rps": {
    "mean": 13613.155655327631,
    "stddev": 2331.769156899254,
    "max": 29115.3948973941,
    "percentiles": {
      "p10": 11404.901826805799,
      "p25": 13424.42937265107,
      "p50": 14146.086025855177,
      "p75": 14491.394996826379,
      "p90": 14798.576891635967,
      "p95": 16618.554616229525,
      "p99": 17880.47314619475
    }
  },
  "details": {
    "DNSDialup": {
      "average": 0.0006693423000000002,
      "fastest": 0.000094547,
      "slowest": 0.001674892
    },
    "DNSLookup": {
      "average": 0.000007850660000000002,
      "fastest": 0.000003517,
      "slowest": 0.000031048
    }
  },
  "statusCodeDistribution": {
    "200": 135475
  },
  "errorDistribution": {}
}