{
  "summary": {
    "successRate": 0.526940832831056,
    "total": 10.000973902,
    "slowest": 0.02922379,
    "fastest": 0.000628801,
    "average": 0.005429586329361373,
    "requestsPerSec": 15096.429755686808,
    "totalData": 1034241,
    "sizePerRequest": 13,
    "sizePerSec": 103414.02848708283
  },
  "responseTimeHistogram": {
    "0.000628801": 1,
    "0.0034882999": 8422,
    "0.0063477988": 59820,
    "0.0092072977": 9712,
    "0.0120667966": 870,
    "0.0149262955": 212,
    "0.0177857944": 294,
    "0.0206452933": 122,
    "0.0235047922": 29,
    "0.0263642911": 67,
    "0.02922379": 8
  },
  "latencyPercentiles": {
    "p10": 0.003124309,
    "p25": 0.004976363,
    "p50": 0.005513471,
    "p75": 0.005903776,
    "p90": 0.006630321,
    "p95": 0.007304123,
    "p99": 0.011442436
  },
  "rps": {
    "mean": 9389.842011233992,
    "stddev": 2337.5831962944403,
    "max": 34657.32569218864,
    "percentiles": {
      "p10": 6923.010994710955,
      "p25": 8486.251266105657,
      "p50": 9497.258592162021,
      "p75": 10319.120078312062,
      "p90": 11902.951066195943,
      "p95": 12828.647287404998,
      "p99": 14430.997242600202
    }
  },
  "details": {
    "DNSDialup": {
      "average": 0.0017126213200000003,
      "fastest": 0.0000427,
      "slowest": 0.002402108
    },
    "DNSLookup": {
      "average": 0.0000052180199999999996,
      "fastest": 0.0000035,
      "slowest": 0.000067601
    }
  },
  "statusCodeDistribution": {
    "200": 79557
  },
  "errorDistribution": {
    "Connection refused (os error 111)": 71422
  }
}