{
  "summary": {
    "successRate": 1,
    "total": 10.000202199,
    "slowest": 0.021608278,
    "fastest": 0.000794561,
    "average": 0.003596472162246611,
    "requestsPerSec": 13890.919127004343,
    "totalData": 1805856,
    "sizePerRequest": 13,
    "sizePerSec": 180581.94865105647
  },
  "responseTimeHistogram": {
    "0.000794561": 1,
    "0.0028759327": 20602,
    "0.0049573044": 112049,
    "0.0070386761": 4612,
    "0.0091200478": 827,
    "0.0112014195": 621,
    "0.013282791200000001": 42,
    "0.015364162899999999": 53,
    "0.0174455346": 55,
    "0.0195269063": 0,
    "0.021608278": 50
  },
  "latencyPercentiles": {
    "p10": 0.001935397,
    "p25": 0.003416216,
    "p50": 0.003712679,
    "p75": 0.003919624,
    "p90": 0.00416986,
    "p95": 0.004692935,
    "p99": 0.007435226
  },
  "rps": {
    "mean": 13939.297309067506,
    "stddev": 2956.388756701008,
    "max": 46017.04435231296,
    "percentiles": {
      "p10": 11109.41300563974,
      "p25": 12711.277445349211,
      "p50": 14250.61705171863,
      "p75": 15023.965254846238,
      "p90": 17246.990315646523,
      "p95": 18033.334240399585,
      "p99": 18696.19283568663
    }
  },
  "details": {
    "DNSDialup": {
      "average": 0.0007867095200000001,
      "fastest": 0.000110155,
      "slowest": 0.001241886
    },
    "DNSLookup": {
      "average": 0.000006679679999999998,
      "fastest": 0.000004097,
      "slowest": 0.000026269
    }
  },
  "statusCodeDistribution": {
    "200": 138912
  },
  "errorDistribution": {}
}