{
  "summary": {
    "successRate": 1,
    "total": 10.000939894,
    "slowest": 0.022976073,
    "fastest": 0.001993076,
    "average": 0.003952877591962271,
    "requestsPerSec": 12639.312038645076,
    "totalData": 1643265,
    "sizePerRequest": 13,
    "sizePerSec": 164311.05650238597
  },
  "responseTimeHistogram": {
    "0.001993076": 1,
    "0.0040913757": 88204,
    "0.0061896754": 35134,
    "0.008287975099999999": 1823,
    "0.0103862748": 673,
    "0.0124845745": 443,
    "0.014582874199999998": 50,
    "0.0166811739": 37,
    "0.0187794736": 10,
    "0.0208777733": 0,
    "0.022976073": 30
  },
  "latencyPercentiles": {
    "p10": 0.003147006,
    "p25": 0.003624339,
    "p50": 0.003766522,
    "p75": 0.004191515,
    "p90": 0.004593947,
    "p95": 0.005268966,
    "p99": 0.008199371
  },
  "rps": {
    "mean": 12632.424884979157,
    "stddev": 2000.7908274607973,
    "max": 16778.176222042413,
    "percentiles": {
      "p10": 10600.033576867878,
      "p25": 12489.076561279979,
      "p50": 13199.134278210557,
      "p75": 13567.620393844974,
      "p90": 13919.504362852897,
      "p95": 14503.353164741671,
      "p99": 15644.859666869648
    }
  },
  "details": {
    "DNSDialup": {
      "average": 0.0013313144800000004,
      "fastest": 0.000079769,
      "slowest": 0.00302265
    },
    "DNSLookup": {
      "average": 0.00003202760000000001,
      "fastest": 0.000002966,
      "slowest": 0.001295464
    }
  },
  "statusCodeDistribution": {
    "200": 126405
  },
  "errorDistribution": {}
}