{
  "summary": {
    "successRate": 0.636102282927776,
    "total": 10.001098542,
    "slowest": 0.048692873,
    "fastest": 0.002854815,
    "average": 0.008528433367169403,
    "requestsPerSec": 8242.89448342084,
    "totalData": 681707,
    "sizePerRequest": 13,
    "sizePerSec": 68163.21198487797
  },
  "responseTimeHistogram": {
    "0.002854815": 1,
    "0.0074386208": 5273,
    "0.0120224266": 45327,
    "0.0166062324": 1341,
    "0.0211900382": 261,
    "0.025773844": 186,
    "0.0303576498": 0,
    "0.034941455600000004": 45,
    "0.0395252614": 3,
    "0.044109067200000004": 1,
    "0.048692873": 1
  },
  "latencyPercentiles": {
    "p10": 0.007435901,
    "p25": 0.007739114,
    "p50": 0.008221733,
    "p75": 0.008781456,
    "p90": 0.009756096,
    "p95": 0.011037447,
    "p99": 0.016250958
  },
  "rps": {
    "mean": 5929.738003052278,
    "stddev": 1034.8636912437153,
    "max": 13208.76252443646,
    "percentiles": {
      "p10": 5012.278076375878,
      "p25": 5656.301760497207,
      "p50": 6076.048060568568,
      "p75": 6433.122457260913,
      "p90": 6694.334798678889,
      "p95": 7015.162624461215,
      "p99": 7892.440798419893
    }
  },
  "details": {
    "DNSDialup": {
      "average": 0.002386976699999999,
      "fastest": 0.000066502,
      "slowest": 0.003220531
    },
    "DNSLookup": {
      "average": 0.000008392379999999996,
      "fastest": 0.0000074,
      "slowest": 0.000023301
    }
  },
  "statusCodeDistribution": {
    "200": 52439
  },
  "errorDistribution": {
    "Connection refused (os error 111)": 29999
  }
}