{
  "summary": {
    "successRate": 1,
    "total": 10.000668031,
    "slowest": 0.021507314,
    "fastest": 0.001582568,
    "average": 0.0042041754148405604,
    "requestsPerSec": 11882.806191709695,
    "totalData": 1544868,
    "sizePerRequest": 13,
    "sizePerSec": 154476.48049222602
  },
  "responseTimeHistogram": {
    "0.001582568": 1,
    "0.0035750426": 18520,
    "0.0055675172": 94419,
    "0.007559991799999999": 4243,
    "0.0095524664": 782,
    "0.011544941": 595,
    "0.013537415599999998": 128,
    "0.015529890199999999": 79,
    "0.0175223648": 39,
    "0.019514839399999998": 0,
    "0.021507314": 30
  },
  "latencyPercentiles": {
    "p10": 0.003377517,
    "p25": 0.003850921,
    "p50": 0.004012334,
    "p75": 0.00447839,
    "p90": 0.004919894,
    "p95": 0.005559337,
    "p99": 0.008561685
  },
  "rps": {
    "mean": 11879.260545714376,
    "stddev": 1825.088580166962,
    "max": 17148.400855396678,
    "percentiles": {
      "p10": 10315.35027274088,
      "p25": 11646.289871100616,
      "p50": 12332.539405220892,
      "p75": 12730.213229992216,
      "p90": 13064.280021991855,
      "p95": 13728.354441151072,
      "p99": 14967.972977481057
    }
  },
  "details": {
    "DNSDialup": {
      "average": 0.0012603766599999996,
      "fastest": 0.000100287,
      "slowest": 0.002779182
    },
    "DNSLookup": {
      "average": 0.000032703420000000004,
      "fastest": 0.000004658,
      "slowest": 0.001176644
    }
  },
  "statusCodeDistribution": {
    "200": 118836
  },
  "errorDistribution": {}
}