{
  "summary": {
    "successRate": 1,
    "total": 10.000407741,
    "slowest": 0.021778232,
    "fastest": 0.000780288,
    "average": 0.003221932261791227,
    "requestsPerSec": 15506.767725502083,
    "totalData": 2015962,
    "sizePerRequest": 13,
    "sizePerSec": 201587.98043152707
  },
  "responseTimeHistogram": {
    "0.000780288": 1,
    "0.0028800824": 35139,
    "0.0049798768": 116185,
    "0.007079671199999999": 2550,
    "0.0091794656": 720,
    "0.011279260000000001": 424,
    "0.0133790544": 5,
    "0.0154788488": 0,
    "0.0175786432": 0,
    "0.0196784376": 0,
    "0.021778232": 50
  },
  "latencyPercentiles": {
    "p10": 0.001808043,
    "p25": 0.003055235,
    "p50": 0.003375023,
    "p75": 0.003563738,
    "p90": 0.003785936,
    "p95": 0.003993071,
    "p99": 0.006438628
  },
  "rps": {
    "mean": 15544.012976375023,
    "stddev": 2323.081539141542,
    "max": 22072.686897902444,
    "percentiles": {
      "p10": 13144.122189364496,
      "p25": 15202.281210885385,
      "p50": 15926.436291599803,
      "p75": 16508.22893942021,
      "p90": 17587.1112331208,
      "p95": 18740.789732134905,
      "p99": 19909.928993381294
    }
  },
  "details": {
    "DNSDialup": {
      "average": 0.0009246243600000001,
      "fastest": 0.000086922,
      "slowest": 0.002059731
    },
    "DNSLookup": {
      "average": 0.000022271160000000002,
      "fastest": 0.000003647,
      "slowest": 0.000760642
    }
  },
  "statusCodeDistribution": {
    "200": 155074
  },
  "errorDistribution": {}
}