{
  "summary": {
    "successRate": 0.00023144178240143328,
    "total": 10.000778701,
    "slowest": 0.03138903,
    "fastest": 0.007471226,
    "average": 0.01873367532374101,
    "requestsPerSec": 60053.62361832348,
    "totalData": 1807,
    "sizePerRequest": 13,
    "sizePerSec": 180.68592996856475
  },
  "responseTimeHistogram": {
    "0.007471226": 1,
    "0.009863006399999999": 0,
    "0.0122547868": 19,
    "0.014646567199999998": 50,
    "0.0170383476": 19,
    "0.019430127999999998": 0,
    "0.0218219084": 0,
    "0.024213688799999997": 20,
    "0.0266054692": 0,
    "0.0289972496": 0,
    "0.03138903": 30
  },
  "latencyPercentiles": {
    "p10": 0.012160205,
    "p25": 0.013002719,
    "p50": 0.013869134,
    "p75": 0.0237092,
    "p90": 0.031093425,
    "p95": 0.031205827,
    "p99": 0.03138363
  },
  "rps": {
    "mean": 3362.4131258351226,
    "stddev": 2150.634812766953,
    "max": 6680.091869968929,
    "percentiles": {
      "p10": 0.10033091513654721,
      "p25": 2613.0045385133926,
      "p50": 3683.4854612832446,
      "p75": 3735.755466097688,
      "p90": 6680.091869968929,
      "p95": 6680.091869968929,
      "p99": 6680.091869968929
    }
  },
  "details": {
    "DNSDialup": {
      "average": 0.0014765109399999998,
      "fastest": 0.000064301,
      "slowest": 0.001797231
    },
    "DNSLookup": {
      "average": 0.000004056059999999999,
      "fastest": 0.0000035,
      "slowest": 0.0000124
    }
  },
  "statusCodeDistribution": {
    "200": 139
  },
  "errorDistribution": {
    "Connection refused (os error 111)": 600444
  }
}