{
  "summary": {
    "successRate": 1,
    "total": 10.000571494,
    "slowest": 0.022274308,
    "fastest": 0.000747012,
    "average": 0.0036241574736728113,
    "requestsPerSec": 13787.212069102578,
    "totalData": 1792440,
    "sizePerRequest": 13,
    "sizePerSec": 179233.7568983335
  },
  "responseTimeHistogram": {
    "0.000747012": 1,
    "0.0028997416": 20717,
    "0.0050524712": 112438,
    "0.0072052008": 2910,
    "0.0093579304": 1071,
    "0.01151066": 423,
    "0.0136633896": 181,
    "0.0158161192": 80,
    "0.0179688488": 9,
    "0.0201215784": 0,
    "0.022274308": 50
  },
  "latencyPercentiles": {
    "p10": 0.001982744,
    "p25": 0.003439441,
    "p50": 0.003761312,
    "p75": 0.003975009,
    "p90": 0.004259096,
    "p95": 0.004524841,
    "p99": 0.007765371
  },
  "rps": {
    "mean": 13833.981791545071,
    "stddev": 2507.779758122248,
    "max": 18812.991317145512,
    "percentiles": {
      "p10": 11418.586032483616,
      "p25": 13373.763604201567,
      "p50": 14292.716077177882,
      "p75": 14732.007340676064,
      "p90": 16577.850923063957,
      "p95": 17423.48883903306,
      "p99": 18144.279179398338
    }
  },
  "details": {
    "DNSDialup": {
      "average": 0.0011042111200000003,
      "fastest": 0.000104244,
      "slowest": 0.002435121
    },
    "DNSLookup": {
      "average": 0.00001048058,
      "fastest": 0.000003667,
      "slowest": 0.000165526
    }
  },
  "statusCodeDistribution": {
    "200": 137880
  },
  "errorDistribution": {}
}