{
  "summary": {
    "successRate": 1,
    "total": 10.000766138,
    "slowest": 0.022220566,
    "fastest": 0.001209982,
    "average": 0.0046219873479298405,
    "requestsPerSec": 10809.971806981976,
    "totalData": 1405404,
    "sizePerRequest": 13,
    "sizePerSec": 140529.63349076567
  },
  "responseTimeHistogram": {
    "0.001209982": 1,
    "0.0033110404": 6785,
    "0.0054120988": 90958,
    "0.0075131572": 9366,
    "0.0096142156": 493,
    "0.011715274": 91,
    "0.0138163324": 35,
    "0.0159173908": 82,
    "0.0180184492": 263,
    "0.020119507600000003": 8,
    "0.022220565999999997": 26
  },
  "latencyPercentiles": {
    "p10": 0.00338525,
    "p25": 0.004314535,
    "p50": 0.004783829,
    "p75": 0.004858927,
    "p90": 0.005388719,
    "p95": 0.005684315,
    "p99": 0.007373089
  },
  "rps": {
    "mean": 10831.240120144974,
    "stddev": 1267.1935864632621,
    "max": 12879.919902998137,
    "percentiles": {
      "p10": 10069.084987945622,
      "p25": 10354.310014944878,
      "p50": 11274.820363924624,
      "p75": 11352.623458833878,
      "p90": 11407.52824270683,
      "p95": 11447.311961899277,
      "p99": 12338.681767340584
    }
  },
  "details": {
    "DNSDialup": {
      "average": 0.0009935470400000003,
      "fastest": 0.0000549,
      "slowest": 0.002534462
    },
    "DNSLookup": {
      "average": 0.00000498194,
      "fastest": 0.0000028,
      "slowest": 0.000069899
    }
  },
  "statusCodeDistribution": {
    "200": 108108
  },
  "errorDistribution": {}
}