{
  "summary": {
    "successRate": 0.2849729904292173,
    "total": 10.001115858,
    "slowest": 0.038911883,
    "fastest": 0.002196616,
    "average": 0.00913256076629665,
    "requestsPerSec": 13623.27983542094,
    "totalData": 504751,
    "sizePerRequest": 13,
    "sizePerSec": 50469.46832400149
  },
  "responseTimeHistogram": {
    "0.002196616": 1,
    "0.0058681427000000005": 1087,
    "0.0095396694": 31154,
    "0.013211196100000001": 4056,
    "0.0168827228": 1739,
    "0.020554249500000003": 316,
    "0.0242257762": 282,
    "0.027897302900000004": 58,
    "0.0315688296": 75,
    "0.0352403563": 47,
    "0.038911883": 12
  },
  "latencyPercentiles": {
    "p10": 0.007884957,
    "p25": 0.008157859,
    "p50": 0.008495662,
    "p75": 0.009123966,
    "p90": 0.011336082,
    "p95": 0.013968302,
    "p99": 0.021222255
  },
  "rps": {
    "mean": 5545.241187703187,
    "stddev": 1296.5935227289167,
    "max": 17625.743394465946,
    "percentiles": {
      "p10": 3751.486526536019,
      "p25": 5429.3137553731585,
      "p50": 5955.102576046156,
      "p75": 6182.408882885046,
      "p90": 6332.0338733419185,
      "p95": 6447.899984547667,
      "p99": 7522.629008386122
    }
  },
  "details": {
    "DNSDialup": {
      "average": 0.00311295068,
      "fastest": 0.000053801,
      "slowest": 0.005693641
    },
    "DNSLookup": {
      "average": 0.000007146040000000001,
      "fastest": 0.000006,
      "slowest": 0.0000147
    }
  },
  "statusCodeDistribution": {
    "200": 38827
  },
  "errorDistribution": {
    "Connection refused (os error 111)": 97421
  }
}