{
  "summary": {
    "successRate": 0.5378594355822265,
    "total": 10.001043496,
    "slowest": 0.026798998,
    "fastest": 0.0017055,
    "average": 0.004952881039777468,
    "requestsPerSec": 16478.980424984245,
    "totalData": 1152359,
    "sizePerRequest": 13,
    "sizePerSec": 115223.87643458361
  },
  "responseTimeHistogram": {
    "0.0017055": 1,
    "0.0042148498": 20138,
    "0.006724199600000001": 65655,
    "0.0092335494": 1924,
    "0.011742899200000002": 301,
    "0.014252249000000003": 336,
    "0.016761598800000003": 165,
    "0.0192709486": 73,
    "0.021780298400000002": 0,
    "0.024289648200000003": 0,
    "0.026798998000000004": 50
  },
  "latencyPercentiles": {
    "p10": 0.003574799,
    "p25": 0.0047467,
    "p50": 0.0050466,
    "p75": 0.0051559,
    "p90": 0.0056026,
    "p95": 0.0058525,
    "p99": 0.0094812
  },
  "rps": {
    "mean": 10149.456890170737,
    "stddev": 1624.6918809881759,
    "max": 13887.831976256502,
    "percentiles": {
      "p10": 9115.862512357973,
      "p25": 9937.362237733012,
      "p50": 10406.036541798494,
      "p75": 10750.22872827071,
      "p90": 11583.687938069195,
      "p95": 11913.136218203896,
      "p99": 12668.027306636779
    }
  },
  "details": {
    "DNSDialup": {
      "average": 0.0010345039800000002,
      "fastest": 0.0000396,
      "slowest": 0.001898399
    },
    "DNSLookup": {
      "average": 0.0000036500000000000006,
      "fastest": 0.0000031,
      "slowest": 0.0000127
    }
  },
  "statusCodeDistribution": {
    "200": 88643
  },
  "errorDistribution": {
    "Connection refused (os error 111)": 76164
  }
}