{
  "summary": {
    "successRate": 0.04001014081910161,
    "total": 10.001205783,
    "slowest": 0.021669973,
    "fastest": 0.000926895,
    "average": 0.004700816605459068,
    "requestsPerSec": 56398.89951657442,
    "totalData": 293384,
    "sizePerRequest": 13,
    "sizePerSec": 29334.862852106562
  },
  "responseTimeHistogram": {
    "0.000926895": 1,
    "0.0030012028": 1607,
    "0.005075510599999999": 16458,
    "0.0071498184": 2919,
    "0.0092241262": 935,
    "0.011298434": 292,
    "0.0133727418": 118,
    "0.0154470496": 103,
    "0.0175213574": 5,
    "0.0195956652": 77,
    "0.021669973": 53
  },
  "latencyPercentiles": {
    "p10": 0.00336588,
    "p25": 0.003939577,
    "p50": 0.004203575,
    "p75": 0.004814872,
    "p90": 0.006558661,
    "p95": 0.007819254,
    "p99": 0.01357072
  },
  "rps": {
    "mean": 10557.595779442532,
    "stddev": 2858.592571244119,
    "max": 16080.598032255273,
    "percentiles": {
      "p10": 6723.911702873334,
      "p25": 8745.437286732134,
      "p50": 11641.040518715623,
      "p75": 12594.381394569846,
      "p90": 12895.452430864161,
      "p95": 13251.872695993925,
      "p99": 13901.636689731238
    }
  },
  "details": {
    "DNSDialup": {
      "average": 0.0017617816600000004,
      "fastest": 0.0000338,
      "slowest": 0.001925489
    },
    "DNSLookup": {
      "average": 0.00000355198,
      "fastest": 0.0000031,
      "slowest": 0.0000061
    }
  },
  "statusCodeDistribution": {
    "200": 22568
  },
  "errorDistribution": {
    "Connection refused (os error 111)": 541489
  }
}