{
  "summary": {
    "successRate": 1,
    "total": 10.000276809,
    "slowest": 0.023950041,
    "fastest": 0.000780313,
    "average": 0.0032951868046698835,
    "requestsPerSec": 15160.580341491624,
    "totalData": 1970930,
    "sizePerRequest": 13,
    "sizePerSec": 197087.54443939112
  },
  "responseTimeHistogram": {
    "0.000780313": 1,
    "0.0030972858": 36140,
    "0.0054142586": 112064,
    "0.0077312314": 2208,
    "0.010048204199999999": 562,
    "0.012365177": 495,
    "0.014682149799999999": 80,
    "0.0169991226": 10,
    "0.0193160954": 0,
    "0.0216330682": 0,
    "0.023950041000000002": 50
  },
  "latencyPercentiles": {
    "p10": 0.001809194,
    "p25": 0.003133237,
    "p50": 0.003440036,
    "p75": 0.003616065,
    "p90": 0.003843833,
    "p95": 0.004065058,
    "p99": 0.006890122
  },
  "rps": {
    "mean": 15180.320599204706,
    "stddev": 2503.0753140120933,
    "max": 20198.208640723642,
    "percentiles": {
      "p10": 13118.558825170128,
      "p25": 15003.377504517171,
      "p50": 15731.68819204104,
      "p75": 16166.586384868457,
      "p90": 16743.851169487447,
      "p95": 18119.056025791408,
      "p99": 19490.69178570716
    }
  },
  "details": {
    "DNSDialup": {
      "average": 0.00039556089999999997,
      "fastest": 0.000069566,
      "slowest": 0.000833745
    },
    "DNSLookup": {
      "average": 0.000009282879999999999,
      "fastest": 0.000004168,
      "slowest": 0.00003232
    }
  },
  "statusCodeDistribution": {
    "200": 151610
  },
  "errorDistribution": {}
}