{
  "summary": {
    "successRate": 1,
    "total": 10.001205442,
    "slowest": 0.021659903,
    "fastest": 0.000795963,
    "average": 0.00364382226616639,
    "requestsPerSec": 13710.447285100376,
    "totalData": 1782573,
    "sizePerRequest": 13,
    "sizePerSec": 178235.8147063049
  },
  "responseTimeHistogram": {
    "0.000795963": 1,
    "0.0028823570000000003": 20688,
    "0.004968751": 111623,
    "0.0070551450000000005": 3038,
    "0.009141539": 914,
    "0.011227933": 318,
    "0.013314327": 394,
    "0.015400721000000001": 46,
    "0.017487115": 37,
    "0.019573509": 12,
    "0.021659903": 50
  },
  "latencyPercentiles": {
    "p10": 0.001999751,
    "p25": 0.003455037,
    "p50": 0.003779032,
    "p75": 0.003997007,
    "p90": 0.004304339,
    "p95": 0.004591451,
    "p99": 0.007519122
  },
  "rps": {
    "mean": 13789.914674180054,
    "stddev": 2560.274562919821,
    "max": 40610.5921979886,
    "percentiles": {
      "p10": 11501.476789621682,
      "p25": 13345.075396670305,
      "p50": 14212.452477112203,
      "p75": 14659.788024520476,
      "p90": 16348.80688356179,
      "p95": 17247.149259219306,
      "p99": 18278.72474713527
    }
  },
  "details": {
    "DNSDialup": {
      "average": 0.00082171906,
      "fastest": 0.000345281,
      "slowest": 0.001183575
    },
    "DNSLookup": {
      "average": 0.0000067598599999999975,
      "fastest": 0.000003717,
      "slowest": 0.000035917
    }
  },
  "statusCodeDistribution": {
    "200": 137121
  },
  "errorDistribution": {}
}