{
  "summary": {
    "successRate": 1,
    "total": 10.00108605,
    "slowest": 0.0222186,
    "fastest": 0.000765599,
    "average": 0.0032209926445705373,
    "requestsPerSec": 15510.815447888283,
    "totalData": 2016625,
    "sizePerRequest": 13,
    "sizePerSec": 201640.60082254768
  },
  "responseTimeHistogram": {
    "0.000765599": 1,
    "0.0029108991000000002": 36213,
    "0.0050561992": 115009,
    "0.007201499300000001": 2601,
    "0.009346799400000001": 503,
    "0.011492099500000002": 663,
    "0.0136373996": 72,
    "0.0157826997": 13,
    "0.0179279998": 0,
    "0.0200732999": 0,
    "0.0222186": 50
  },
  "latencyPercentiles": {
    "p10": 0.001840495,
    "p25": 0.003047095,
    "p50": 0.003357695,
    "p75": 0.003540438,
    "p90": 0.003773177,
    "p95": 0.003998768,
    "p99": 0.006714177
  },
  "rps": {
    "mean": 15547.235683220344,
    "stddev": 2573.5509423582134,
    "max": 20626.92088200623,
    "percentiles": {
      "p10": 13212.633920554847,
      "p25": 15310.34213611365,
      "p50": 16051.748250843775,
      "p75": 16578.609477705246,
      "p90": 17518.076662040316,
      "p95": 18697.249491690898,
      "p99": 20059.000044347373
    }
  },
  "details": {
    "DNSDialup": {
      "average": 0.0009791208199999995,
      "fastest": 0.0001071,
      "slowest": 0.001417332
    },
    "DNSLookup": {
      "average": 0.00000794624,
      "fastest": 0.000004699,
      "slowest": 0.000025537
    }
  },
  "statusCodeDistribution": {
    "200": 155125
  },
  "errorDistribution": {}
}