{
  "summary": {
    "successRate": 1,
    "total": 10.000536964,
    "slowest": 0.021713032,
    "fastest": 0.00081302,
    "average": 0.0033651366915264463,
    "requestsPerSec": 14846.502796247252,
    "totalData": 1930149,
    "sizePerRequest": 13,
    "sizePerSec": 193004.53635121428
  },
  "responseTimeHistogram": {
    "0.00081302": 1,
    "0.0029030211999999996": 30182,
    "0.0049930224": 114042,
    "0.007083023599999999": 2859,
    "0.009173024799999999": 806,
    "0.011263025999999999": 441,
    "0.013353027199999997": 43,
    "0.015443028399999998": 49,
    "0.0175330296": 0,
    "0.0196230308": 0,
    "0.021713032": 50
  },
  "latencyPercentiles": {
    "p10": 0.001902599,
    "p25": 0.003163889,
    "p50": 0.003476082,
    "p75": 0.003711604,
    "p90": 0.004015822,
    "p95": 0.00426409,
    "p99": 0.007001947
  },
  "rps": {
    "mean": 14877.405440879691,
    "stddev": 2532.275107626782,
    "max": 20639.02910028486,
    "percentiles": {
      "p10": 12309.42779074464,
      "p25": 14277.388424040166,
      "p50": 15355.329860084816,
      "p75": 16073.92838042042,
      "p90": 17236.292452099053,
      "p95": 18374.503245304895,
      "p99": 19515.373771170616
    }
  },
  "details": {
    "DNSDialup": {
      "average": 0.0008791065999999999,
      "fastest": 0.000093428,
      "slowest": 0.002064766
    },
    "DNSLookup": {
      "average": 0.00000865884,
      "fastest": 0.000003897,
      "slowest": 0.000034725
    }
  },
  "statusCodeDistribution": {
    "200": 148473
  },
  "errorDistribution": {}
}