{
  "summary": {
    "successRate": 0.9612032370878671,
    "total": 10.00031087,
    "slowest": 0.023953845,
    "fastest": 0.001466428,
    "average": 0.004018404373563709,
    "requestsPerSec": 12838.300895740054,
    "totalData": 1604278,
    "sizePerRequest": 13,
    "sizePerSec": 160422.81293601426
  },
  "responseTimeHistogram": {
    "0.001466428": 1,
    "0.0037151697": 35057,
    "0.005963911400000001": 84831,
    "0.0082126531": 2381,
    "0.010461394800000001": 562,
    "0.012710136500000002": 434,
    "0.014958878200000001": 68,
    "0.0172076199": 8,
    "0.0194563616": 34,
    "0.0217051033": 0,
    "0.023953845": 30
  },
  "latencyPercentiles": {
    "p10": 0.003215003,
    "p25": 0.003680262,
    "p50": 0.003829898,
    "p75": 0.004275662,
    "p90": 0.00466575,
    "p95": 0.005264166,
    "p99": 0.008007902
  },
  "rps": {
    "mean": 12427.027064679467,
    "stddev": 1876.0795108989962,
    "max": 16092.873474825945,
    "percentiles": {
      "p10": 11014.501692929645,
      "p25": 12227.39942035003,
      "p50": 12918.789684906902,
      "p75": 13328.097889880833,
      "p90": 13664.022607125165,
      "p95": 14081.901555148794,
      "p99": 15195.402708679201
    }
  },
  "details": {
    "DNSDialup": {
      "average": 0.0010916243000000006,
      "fastest": 0.000071203,
      "slowest": 0.002113867
    },
    "DNSLookup": {
      "average": 0.0000074236599999999995,
      "fastest": 0.000004108,
      "slowest": 0.000018605
    }
  },
  "statusCodeDistribution": {
    "200": 123406
  },
  "errorDistribution": {
    "Connection refused (os error 111)": 4981
  }
}