{
  "summary": {
    "successRate": 1,
    "total": 10.000692816,
    "slowest": 0.052933408,
    "fastest": 0.002036228,
    "average": 0.01411892849227731,
    "requestsPerSec": 3534.7551065106127,
    "totalData": 459550,
    "sizePerRequest": 13,
    "sizePerSec": 45951.81638463796
  },
  "responseTimeHistogram": {
    "0.002036228": 1,
    "0.007125946": 7942,
    "0.012215664000000001": 5909,
    "0.017305382": 10319,
    "0.0223951": 6859,
    "0.027484818": 3026,
    "0.032574536": 922,
    "0.037664254": 237,
    "0.042753972": 64,
    "0.04784369": 21,
    "0.052933408": 50
  },
  "latencyPercentiles": {
    "p10": 0.004416136,
    "p25": 0.008242102,
    "p50": 0.014230337,
    "p75": 0.018682792,
    "p90": 0.023040552,
    "p95": 0.026300395,
    "p99": 0.032751817
  },
  "rps": {
    "mean": 5696.922585598588,
    "stddev": 10750.647851787859,
    "max": 136832.5989981736,
    "percentiles": {
      "p10": 89.23133097631391,
      "p25": 2127.1548078203077,
      "p50": 3265.3706047914843,
      "p75": 5500.099955897932,
      "p90": 10711.956686053032,
      "p95": 13174.919564371401,
      "p99": 69961.13658836884
    }
  },
  "details": {
    "DNSDialup": {
      "average": 0.0016420916800000004,
      "fastest": 0.000150779,
      "slowest": 0.003237326
    },
    "DNSLookup": {
      "average": 0.000008130739999999998,
      "fastest": 0.000003857,
      "slowest": 0.00004854
    }
  },
  "statusCodeDistribution": {
    "200": 35350
  },
  "errorDistribution": {}
}