{
  "summary": {
    "successRate": 1,
    "total": 10.000830533,
    "slowest": 0.066619722,
    "fastest": 0.002319705,
    "average": 0.014685621707936112,
    "requestsPerSec": 3399.3176754493056,
    "totalData": 441948,
    "sizePerRequest": 13,
    "sizePerSec": 44191.12978084097
  },
  "responseTimeHistogram": {
    "0.002319705": 1,
    "0.0087497067": 8668,
    "0.0151797084": 10663,
    "0.0216097101": 8436,
    "0.0280397118": 4159,
    "0.0344697135": 1782,
    "0.0408997152": 203,
    "0.0473297169": 34,
    "0.0537597186": 0,
    "0.0601897203": 4,
    "0.066619722": 46
  },
  "latencyPercentiles": {
    "p10": 0.004986999,
    "p25": 0.008372962,
    "p50": 0.014149095,
    "p75": 0.018947411,
    "p90": 0.025924306,
    "p95": 0.028591871,
    "p99": 0.033892866
  },
  "rps": {
    "mean": 5742.692900086776,
    "stddev": 10585.060910872804,
    "max": 84475.76752263393,
    "percentiles": {
      "p10": 84.39001588473292,
      "p25": 1966.0151347121734,
      "p50": 3396.9508185541395,
      "p75": 5500.618269493466,
      "p90": 10008.532856151349,
      "p95": 14144.109022805287,
      "p99": 71381.71200533079
    }
  },
  "details": {
    "DNSDialup": {
      "average": 0.0011143732400000002,
      "fastest": 0.000091316,
      "slowest": 0.002361204
    },
    "DNSLookup": {
      "average": 0.000006170980000000001,
      "fastest": 0.000003105,
      "slowest": 0.000030717
    }
  },
  "statusCodeDistribution": {
    "200": 33996
  },
  "errorDistribution": {}
}