{
  "summary": {
    "successRate": 1,
    "total": 10.000512698,
    "slowest": 0.033808172,
    "fastest": 0.001276119,
    "average": 0.01291302846152643,
    "requestsPerSec": 3866.101785734666,
    "totalData": 502619,
    "sizePerRequest": 13,
    "sizePerSec": 50259.323214550655
  },
  "responseTimeHistogram": {
    "0.001276119": 1,
    "0.0045293243": 7338,
    "0.0077825296": 1577,
    "0.0110357349": 6244,
    "0.0142889402": 7255,
    "0.0175421455": 6260,
    "0.0207953508": 5350,
    "0.0240485561": 2358,
    "0.0273017614": 2203,
    "0.0305549667": 47,
    "0.033808172": 30
  },
  "latencyPercentiles": {
    "p10": 0.003512047,
    "p25": 0.008302995,
    "p50": 0.013037575,
    "p75": 0.017844815,
    "p90": 0.02127924,
    "p95": 0.024398815,
    "p99": 0.026228616
  },
  "rps": {
    "mean": 3786.48484860317,
    "stddev": 3306.358272070431,
    "max": 77267.81023003133,
    "percentiles": {
      "p10": 1914.2959271786565,
      "p25": 2427.9789701700006,
      "p50": 2964.172185528493,
      "p75": 3955.7986253959516,
      "p90": 5387.9580851149,
      "p95": 9471.10622419942,
      "p99": 15480.413005356306
    }
  },
  "details": {
    "DNSDialup": {
      "average": 0.0008074983999999998,
      "fastest": 0.000097432,
      "slowest": 0.001641639
    },
    "DNSLookup": {
      "average": 0.000024977479999999998,
      "fastest": 0.000003897,
      "slowest": 0.00091567
    }
  },
  "statusCodeDistribution": {
    "200": 38663
  },
  "errorDistribution": {}
}