{
  "summary": {
    "successRate": 1,
    "total": 10.001428024,
    "slowest": 0.055876427,
    "fastest": 0.000794293,
    "average": 0.01380609714964881,
    "requestsPerSec": 3615.283728806845,
    "totalData": 470054,
    "sizePerRequest": 13,
    "sizePerSec": 46998.68847448898
  },
  "responseTimeHistogram": {
    "0.000794293": 1,
    "0.0063025063999999995": 9180,
    "0.0118107198": 5722,
    "0.0173189332": 9216,
    "0.0228271466": 6853,
    "0.02833536": 4250,
    "0.0338435734": 841,
    "0.039351786799999997": 10,
    "0.0448600002": 45,
    "0.0503682136": 0,
    "0.055876427": 40
  },
  "latencyPercentiles": {
    "p10": 0.00422269,
    "p25": 0.006165036,
    "p50": 0.01367651,
    "p75": 0.019634487,
    "p90": 0.024321065,
    "p95": 0.026512987,
    "p99": 0.029473264
  },
  "rps": {
    "mean": 12744.970963179972,
    "stddev": 22719.927813519822,
    "max": 101693.19164024046,
    "percentiles": {
      "p10": 66.42757169361663,
      "p25": 84.21424947207605,
      "p50": 5113.9298334734,
      "p75": 11452.432944443875,
      "p90": 65271.365702905525,
      "p95": 76996.6015293492,
      "p99": 86179.14616761054
    }
  },
  "details": {
    "DNSDialup": {
      "average": 0.0012253196799999998,
      "fastest": 0.000103086,
      "slowest": 0.002717454
    },
    "DNSLookup": {
      "average": 0.000010156080000000001,
      "fastest": 0.000003798,
      "slowest": 0.000178179
    }
  },
  "statusCodeDistribution": {
    "200": 36158
  },
  "errorDistribution": {}
}