{
  "summary": {
    "successRate": 1,
    "total": 10.000872369,
    "slowest": 0.049294016,
    "fastest": 0.001404289,
    "average": 0.013359306001954186,
    "requestsPerSec": 3735.074163708688,
    "totalData": 485602,
    "sizePerRequest": 13,
    "sizePerSec": 48555.964128212945
  },
  "responseTimeHistogram": {
    "0.001404289": 1,
    "0.006193261699999999": 9086,
    "0.010982234399999999": 7183,
    "0.0157712071": 5323,
    "0.020560179799999998": 7666,
    "0.025349152499999996": 7035,
    "0.030138125199999997": 968,
    "0.0349270979": 42,
    "0.0397160706": 1,
    "0.0445050433": 1,
    "0.049294015999999996": 48
  },
  "latencyPercentiles": {
    "p10": 0.004786302,
    "p25": 0.006247795,
    "p50": 0.01345965,
    "p75": 0.02008357,
    "p90": 0.023272772,
    "p95": 0.02435084,
    "p99": 0.026903801
  },
  "rps": {
    "mean": 5599.196908438291,
    "stddev": 7113.673276945007,
    "max": 134523.11555802092,
    "percentiles": {
      "p10": 94.28474180594907,
      "p25": 2174.945022541205,
      "p50": 3474.026163227171,
      "p75": 6524.316781074778,
      "p90": 13791.672527282379,
      "p95": 21394.281802186757,
      "p99": 24295.580026615633
    }
  },
  "details": {
    "DNSDialup": {
      "average": 0.00236061108,
      "fastest": 0.000130209,
      "slowest": 0.004680195
    },
    "DNSLookup": {
      "average": 0.00000991646,
      "fastest": 0.000007,
      "slowest": 0.000065804
    }
  },
  "statusCodeDistribution": {
    "200": 37354
  },
  "errorDistribution": {}
}