{
  "summary": {
    "successRate": 1,
    "total": 10.001182968,
    "slowest": 0.043937941,
    "fastest": 0.002713155,
    "average": 0.01672687854612808,
    "requestsPerSec": 2982.6471623851608,
    "totalData": 387790,
    "sizePerRequest": 13,
    "sizePerSec": 38774.41311100709
  },
  "responseTimeHistogram": {
    "0.002713155": 1,
    "0.0068356336": 6432,
    "0.0109581122": 1975,
    "0.0150805908": 3871,
    "0.0192030694": 5178,
    "0.023325548": 4865,
    "0.0274480266": 4822,
    "0.0315705052": 2501,
    "0.0356929838": 86,
    "0.0398154624": 51,
    "0.043937941": 48
  },
  "latencyPercentiles": {
    "p10": 0.005863919,
    "p25": 0.007609054,
    "p50": 0.017285851,
    "p75": 0.023444076,
    "p90": 0.027227621,
    "p95": 0.028659049,
    "p99": 0.030939692
  },
  "rps": {
    "mean": 4391.0565579368695,
    "stddev": 8699.595094757504,
    "max": 116279.06976559928,
    "percentiles": {
      "p10": 93.0274269041653,
      "p25": 1992.0178516671845,
      "p50": 2849.930787395012,
      "p75": 4271.753370067961,
      "p90": 7591.917065345835,
      "p95": 8813.012269147706,
      "p99": 55668.52033084965
    }
  },
  "details": {
    "DNSDialup": {
      "average": 0.00153159114,
      "fastest": 0.000078102,
      "slowest": 0.001725235
    },
    "DNSLookup": {
      "average": 0.000005824160000000001,
      "fastest": 0.0000038,
      "slowest": 0.000051601
    }
  },
  "statusCodeDistribution": {
    "200": 29830
  },
  "errorDistribution": {}
}