{
  "summary": {
    "successRate": 1,
    "total": 10.000583627,
    "slowest": 0.028920559,
    "fastest": 0.001210229,
    "average": 0.009962711717780305,
    "requestsPerSec": 5011.40752072629,
    "totalData": 651521,
    "sizePerRequest": 13,
    "sizePerSec": 65148.29776944178
  },
  "responseTimeHistogram": {
    "0.001210229": 1,
    "0.003981262": 12267,
    "0.006752295": 4320,
    "0.009523328000000001": 5805,
    "0.012294361": 9026,
    "0.015065394": 8895,
    "0.017836427000000002": 6282,
    "0.02060746": 3187,
    "0.023378493": 168,
    "0.026149526": 52,
    "0.028920559": 114
  },
  "latencyPercentiles": {
    "p10": 0.003190164,
    "p25": 0.004029288,
    "p50": 0.010240409,
    "p75": 0.014217495,
    "p90": 0.016784629,
    "p95": 0.018500989,
    "p99": 0.019991837
  },
  "rps": {
    "mean": 4792.2648643842,
    "stddev": 3267.3689496497304,
    "max": 18024.527777399468,
    "percentiles": {
      "p10": 2851.1343691679067,
      "p25": 3038.6757119755202,
      "p50": 3700.5683960919932,
      "p75": 4807.25370882374,
      "p90": 8938.748678572918,
      "p95": 13849.62771989249,
      "p99": 16819.9542150652
    }
  },
  "details": {
    "DNSDialup": {
      "average": 0.0009820710400000002,
      "fastest": 0.000098976,
      "slowest": 0.002017993
    },
    "DNSLookup": {
      "average": 0.0000096341,
      "fastest": 0.000004198,
      "slowest": 0.000041137
    }
  },
  "statusCodeDistribution": {
    "200": 50117
  },
  "errorDistribution": {}
}