{
  "summary": {
    "successRate": 1,
    "total": 10.000431457,
    "slowest": 0.053564852,
    "fastest": 0.00239006,
    "average": 0.014426555531559693,
    "requestsPerSec": 3461.5506489741647,
    "totalData": 450021,
    "sizePerRequest": 13,
    "sizePerSec": 45000.15843666414
  },
  "responseTimeHistogram": {
    "0.00239006": 1,
    "0.0075075392": 7918,
    "0.0126250184": 5921,
    "0.0177424976": 9702,
    "0.0228599768": 7218,
    "0.027977456": 3226,
    "0.0330949352": 460,
    "0.038212414400000005": 63,
    "0.0433298936": 23,
    "0.0484473728": 35,
    "0.053564852": 50
  },
  "latencyPercentiles": {
    "p10": 0.00510222,
    "p25": 0.008850126,
    "p50": 0.014659312,
    "p75": 0.019297978,
    "p90": 0.023125746,
    "p95": 0.02519298,
    "p99": 0.029933078
  },
  "rps": {
    "mean": 5893.771762310668,
    "stddev": 11408.751123210704,
    "max": 97244.73257725124,
    "percentiles": {
      "p10": 89.00340660538762,
      "p25": 2053.066639977005,
      "p50": 3282.1967086127374,
      "p75": 5519.052218794437,
      "p90": 10097.014276817505,
      "p95": 15936.806464334215,
      "p99": 78488.11416933847
    }
  },
  "details": {
    "DNSDialup": {
      "average": 0.0013527703000000004,
      "fastest": 0.000094227,
      "slowest": 0.002884644
    },
    "DNSLookup": {
      "average": 0.000030761080000000005,
      "fastest": 0.000003927,
      "slowest": 0.001141609
    }
  },
  "statusCodeDistribution": {
    "200": 34617
  },
  "errorDistribution": {}
}