{
  "summary": {
    "successRate": 1,
    "total": 10.00120238,
    "slowest": 0.077537936,
    "fastest": 0.001340623,
    "average": 0.017532018060359308,
    "requestsPerSec": 2849.2574109874176,
    "totalData": 370448,
    "sizePerRequest": 13,
    "sizePerSec": 37040.34634283643
  },
  "responseTimeHistogram": {
    "0.001340623": 1,
    "0.0089603543": 8899,
    "0.0165800856": 3830,
    "0.024199816899999997": 7966,
    "0.0318195482": 6510,
    "0.0394392795": 1131,
    "0.047059010799999995": 26,
    "0.0546787421": 41,
    "0.0622984734": 17,
    "0.0699182047": 28,
    "0.077537936": 47
  },
  "latencyPercentiles": {
    "p10": 0.006166408,
    "p25": 0.007767737,
    "p50": 0.01818659,
    "p75": 0.024901097,
    "p90": 0.029160765,
    "p95": 0.031491802,
    "p99": 0.035649868
  },
  "rps": {
    "mean": 6601.078413532966,
    "stddev": 10388.486465051408,
    "max": 109890.10989298302,
    "percentiles": {
      "p10": 49.22513726921629,
      "p25": 69.0295290377552,
      "p50": 5739.150458153973,
      "p75": 8595.774665357776,
      "p90": 13266.52472289292,
      "p95": 17799.747752145588,
      "p99": 59812.18972427162
    }
  },
  "details": {
    "DNSDialup": {
      "average": 0.0016335086,
      "fastest": 0.000075101,
      "slowest": 0.00339726
    },
    "DNSLookup": {
      "average": 0.00000456206,
      "fastest": 0.0000033,
      "slowest": 0.000029701
    }
  },
  "statusCodeDistribution": {
    "200": 28496
  },
  "errorDistribution": {}
}