{
  "summary": {
    "successRate": 1,
    "total": 10.000622539,
    "slowest": 0.1189034,
    "fastest": 0.001205317,
    "average": 0.017456012360682813,
    "requestsPerSec": 2859.1220085043947,
    "totalData": 371709,
    "sizePerRequest": 13,
    "sizePerSec": 37168.58611055713
  },
  "responseTimeHistogram": {
    "0.001205317": 1,
    "0.012975125300000001": 9933,
    "0.0247449336": 12294,
    "0.036514741899999995": 6067,
    "0.0482845502": 60,
    "0.0600543585": 108,
    "0.07182416679999999": 58,
    "0.0835939751": 12,
    "0.0953637834": 10,
    "0.1071335917": 1,
    "0.1189034": 49
  },
  "latencyPercentiles": {
    "p10": 0.006017487,
    "p25": 0.007639509,
    "p50": 0.017934658,
    "p75": 0.024048946,
    "p90": 0.028164003,
    "p95": 0.030235632,
    "p99": 0.041860999
  },
  "rps": {
    "mean": 6455.254257688303,
    "stddev": 11359.333977265025,
    "max": 120302.67170135913,
    "percentiles": {
      "p10": 57.924513700538334,
      "p25": 84.8106788178907,
      "p50": 3920.5979314500696,
      "p75": 8574.189697585582,
      "p90": 12802.9096571824,
      "p95": 22072.720416817134,
      "p99": 60675.929858625765
    }
  },
  "details": {
    "DNSDialup": {
      "average": 0.0018414424999999997,
      "fastest": 0.000085001,
      "slowest": 0.003790055
    },
    "DNSLookup": {
      "average": 0.000005276059999999999,
      "fastest": 0.000004,
      "slowest": 0.000031201
    }
  },
  "statusCodeDistribution": {
    "200": 28593
  },
  "errorDistribution": {}
}