{
  "summary": {
    "successRate": 1,
    "total": 10.000538408,
    "slowest": 0.090281591,
    "fastest": 0.00094881,
    "average": 0.019289923580247007,
    "requestsPerSec": 2583.760888246768,
    "totalData": 335907,
    "sizePerRequest": 13,
    "sizePerSec": 33588.89154720798
  },
  "responseTimeHistogram": {
    "0.00094881": 1,
    "0.0098820881": 8276,
    "0.018815366200000003": 3268,
    "0.027748644300000003": 8671,
    "0.036681922400000004": 4815,
    "0.0456152005": 660,
    "0.054548478600000005": 0,
    "0.0634817567": 58,
    "0.0724150348": 0,
    "0.0813483129": 44,
    "0.090281591": 46
  },
  "latencyPercentiles": {
    "p10": 0.006631172,
    "p25": 0.008579993,
    "p50": 0.020246619,
    "p75": 0.02705315,
    "p90": 0.031774078,
    "p95": 0.034776905,
    "p99": 0.040172752
  },
  "rps": {
    "mean": 7431.307471152963,
    "stddev": 10006.539058294531,
    "max": 102039.0809684009,
    "percentiles": {
      "p10": 40.82480142612475,
      "p25": 53.88714662762659,
      "p50": 5801.099935903774,
      "p75": 9677.186822041163,
      "p90": 19528.875099946687,
      "p95": 27606.066839148865,
      "p99": 42530.11663902788
    }
  },
  "details": {
    "DNSDialup": {
      "average": 0.0018160176400000003,
      "fastest": 0.000088801,
      "slowest": 0.004304046
    },
    "DNSLookup": {
      "average": 0.000006236060000000001,
      "fastest": 0.0000039,
      "slowest": 0.000065501
    }
  },
  "statusCodeDistribution": {
    "200": 25839
  },
  "errorDistribution": {}
}