{
  "summary": {
    "successRate": 1,
    "total": 10.001308133,
    "slowest": 0.040153363,
    "fastest": 0.001168868,
    "average": 0.014606907470909954,
    "requestsPerSec": 3418.252847064841,
    "totalData": 444431,
    "sizePerRequest": 13,
    "sizePerSec": 44437.287011842935
  },
  "responseTimeHistogram": {
    "0.001168868": 1,
    "0.0050673175": 852,
    "0.008965767": 12278,
    "0.012864216499999998": 3367,
    "0.016762665999999996": 3165,
    "0.020661115499999997": 5178,
    "0.024559564999999995": 5341,
    "0.028458014499999996": 3299,
    "0.032356463999999995": 507,
    "0.0362549135": 141,
    "0.040153363": 58
  },
  "latencyPercentiles": {
    "p10": 0.006105358,
    "p25": 0.007395533,
    "p50": 0.01434454,
    "p75": 0.021363458,
    "p90": 0.02497257,
    "p95": 0.026723573,
    "p99": 0.030362487
  },
  "rps": {
    "mean": 4105.53746402,
    "stddev": 5651.694605316303,
    "max": 67997.40098817233,
    "percentiles": {
      "p10": 97.99598216472747,
      "p25": 2200.440039109085,
      "p50": 2940.8887248092856,
      "p75": 5290.919068620445,
      "p90": 7250.815649623589,
      "p95": 8364.637820363105,
      "p99": 37396.45855541989
    }
  },
  "details": {
    "DNSDialup": {
      "average": 0.00258216532,
      "fastest": 0.000126007,
      "slowest": 0.005164203
    },
    "DNSLookup": {
      "average": 0.000009522640000000002,
      "fastest": 0.0000071,
      "slowest": 0.000066604
    }
  },
  "statusCodeDistribution": {
    "200": 34187
  },
  "errorDistribution": {}
}