{
  "summary": {
    "successRate": 1,
    "total": 10.001624405,
    "slowest": 0.058864501,
    "fastest": 0.000950758,
    "average": 0.018408487033612194,
    "requestsPerSec": 2712.8593217753414,
    "totalData": 352729,
    "sizePerRequest": 13,
    "sizePerSec": 35267.17118307944
  },
  "responseTimeHistogram": {
    "0.000950758": 1,
    "0.0067421323": 2882,
    "0.0125335066": 5409,
    "0.0183248809": 3996,
    "0.0241162552": 7527,
    "0.029907629499999998": 3965,
    "0.035699003800000004": 3122,
    "0.0414903781": 99,
    "0.0472817524": 59,
    "0.0530731267": 23,
    "0.058864501": 50
  },
  "latencyPercentiles": {
    "p10": 0.006710008,
    "p25": 0.008076092,
    "p50": 0.019478487,
    "p75": 0.024596099,
    "p90": 0.030953294,
    "p95": 0.032047561,
    "p99": 0.035043944
  },
  "rps": {
    "mean": 4730.850142238789,
    "stddev": 5851.524707397795,
    "max": 53438.953853858126,
    "percentiles": {
      "p10": 85.44662051353157,
      "p25": 1825.5022666652035,
      "p50": 2749.7431281627782,
      "p75": 5211.324076935744,
      "p90": 18021.54346798095,
      "p95": 19577.868524778456,
      "p99": 20591.808578546832
    }
  },
  "details": {
    "DNSDialup": {
      "average": 0.00254996726,
      "fastest": 0.000078604,
      "slowest": 0.005222319
    },
    "DNSLookup": {
      "average": 0.000009928479999999998,
      "fastest": 0.000004,
      "slowest": 0.000076805
    }
  },
  "statusCodeDistribution": {
    "200": 27133
  },
  "errorDistribution": {}
}