{
  "summary": {
    "successRate": 1,
    "total": 10.001302643,
    "slowest": 0.037332034,
    "fastest": 0.001634191,
    "average": 0.01130630697130374,
    "requestsPerSec": 4418.124476107807,
    "totalData": 574431,
    "sizePerRequest": 13,
    "sizePerSec": 57435.61818940149
  },
  "responseTimeHistogram": {
    "0.001634191": 1,
    "0.0052039753": 12490,
    "0.0087737596": 4887,
    "0.0123435439": 6157,
    "0.0159133282": 9107,
    "0.0194831125": 6070,
    "0.0230528968": 5234,
    "0.0266226811": 166,
    "0.0301924654": 26,
    "0.033762249700000004": 2,
    "0.037332034": 47
  },
  "latencyPercentiles": {
    "p10": 0.003989883,
    "p25": 0.004959778,
    "p50": 0.011568049,
    "p75": 0.016154428,
    "p90": 0.020011011,
    "p95": 0.021032815,
    "p99": 0.022394101
  },
  "rps": {
    "mean": 4421.771125938325,
    "stddev": 3838.13529292261,
    "max": 92050.20920481127,
    "percentiles": {
      "p10": 2167.1151330841058,
      "p25": 2739.5677260990287,
      "p50": 3483.2646549648284,
      "p75": 4866.410588508068,
      "p90": 9948.443014006607,
      "p95": 11265.252306729331,
      "p99": 13669.299125872383
    }
  },
  "details": {
    "DNSDialup": {
      "average": 0.002175774660000001,
      "fastest": 0.000728696,
      "slowest": 0.005133373
    },
    "DNSLookup": {
      "average": 0.0000042639800000000005,
      "fastest": 0.0000029,
      "slowest": 0.000037
    }
  },
  "statusCodeDistribution": {
    "200": 44187
  },
  "errorDistribution": {}
}