{
  "summary": {
    "successRate": 1,
    "total": 10.001985917,
    "slowest": 0.107883052,
    "fastest": 0.000874116,
    "average": 0.01743193327481317,
    "requestsPerSec": 2862.831465432466,
    "totalData": 372242,
    "sizePerRequest": 13,
    "sizePerSec": 37216.80905062206
  },
  "responseTimeHistogram": {
    "0.000874116": 1,
    "0.0115750096": 9379,
    "0.022275903200000002": 10012,
    "0.032976796800000006": 8249,
    "0.043677690400000004": 648,
    "0.054378584": 245,
    "0.0650794776": 0,
    "0.0757803712": 0,
    "0.0864812648": 0,
    "0.0971821584": 54,
    "0.107883052": 46
  },
  "latencyPercentiles": {
    "p10": 0.005783005,
    "p25": 0.007511922,
    "p50": 0.017856024,
    "p75": 0.023881588,
    "p90": 0.028387861,
    "p95": 0.031300108,
    "p99": 0.045450739
  },
  "rps": {
    "mean": 6439.594302441244,
    "stddev": 9230.344565507827,
    "max": 121208.44823116889,
    "percentiles": {
      "p10": 56.02663999499631,
      "p25": 75.03822071772166,
      "p50": 4219.519073281244,
      "p75": 8871.378758636858,
      "p90": 13699.656047300085,
      "p95": 28907.900008731885,
      "p99": 36949.926816528285
    }
  },
  "details": {
    "DNSDialup": {
      "average": 0.00136546474,
      "fastest": 0.000067501,
      "slowest": 0.002836051
    },
    "DNSLookup": {
      "average": 0.000004642060000000001,
      "fastest": 0.0000031,
      "slowest": 0.0000429
    }
  },
  "statusCodeDistribution": {
    "200": 28634
  },
  "errorDistribution": {}
}