{
  "summary": {
    "successRate": 1,
    "total": 10.000915385,
    "slowest": 0.030231917,
    "fastest": 0.001407385,
    "average": 0.013014581080333588,
    "requestsPerSec": 3836.1488446889803,
    "totalData": 498745,
    "sizePerRequest": 13,
    "sizePerSec": 49869.93498095674
  },
  "responseTimeHistogram": {
    "0.001407385": 1,
    "0.0042898382": 6895,
    "0.0071722914": 1414,
    "0.010054744600000002": 4769,
    "0.012937197800000001": 5587,
    "0.015819651": 6394,
    "0.018702104200000003": 4721,
    "0.021584557400000003": 4869,
    "0.024467010600000002": 1820,
    "0.0273494638": 1853,
    "0.030231917": 42
  },
  "latencyPercentiles": {
    "p10": 0.003394742,
    "p25": 0.008105868,
    "p50": 0.013228992,
    "p75": 0.018046703,
    "p90": 0.021454084,
    "p95": 0.0244529,
    "p99": 0.026095111
  },
  "rps": {
    "mean": 3707.523517389141,
    "stddev": 2611.2363967350725,
    "max": 17558.04056549738,
    "percentiles": {
      "p10": 1912.252304655012,
      "p25": 2425.8040272318817,
      "p50": 2921.251426931745,
      "p75": 3852.0541560293095,
      "p90": 5594.195625359324,
      "p95": 7338.972110237978,
      "p99": 15715.807581775005
    }
  },
  "details": {
    "DNSDialup": {
      "average": 0.00099301022,
      "fastest": 0.000089466,
      "slowest": 0.00218853
    },
    "DNSLookup": {
      "average": 0.00000985532,
      "fastest": 0.000004708,
      "slowest": 0.000034354
    }
  },
  "statusCodeDistribution": {
    "200": 38365
  },
  "errorDistribution": {}
}