{
  "summary": {
    "successRate": 1,
    "total": 10.000537325,
    "slowest": 0.038054726,
    "fastest": 0.002063253,
    "average": 0.013493613597475229,
    "requestsPerSec": 3699.2012326697654,
    "totalData": 480922,
    "sizePerRequest": 13,
    "sizePerSec": 48089.61602470696
  },
  "responseTimeHistogram": {
    "0.002063253": 1,
    "0.0056624003": 7878,
    "0.0092615476": 2620,
    "0.0128606949": 6420,
    "0.016459842199999998": 7935,
    "0.0200589895": 5320,
    "0.0236581368": 3526,
    "0.027257284099999998": 2243,
    "0.0308564314": 605,
    "0.034455578699999996": 416,
    "0.038054726": 30
  },
  "latencyPercentiles": {
    "p10": 0.00356766,
    "p25": 0.008544356,
    "p50": 0.013670737,
    "p75": 0.018306049,
    "p90": 0.0228825,
    "p95": 0.026133654,
    "p99": 0.031370098
  },
  "rps": {
    "mean": 3523.292730383098,
    "stddev": 2509.884593862704,
    "max": 16523.34511897862,
    "percentiles": {
      "p10": 1770.7944798217768,
      "p25": 2336.9973556875184,
      "p50": 2800.819468852705,
      "p75": 3794.7762030734575,
      "p90": 5032.827762908034,
      "p95": 7908.154488365447,
      "p99": 14721.92295080869
    }
  },
  "details": {
    "DNSDialup": {
      "average": 0.00080912494,
      "fastest": 0.000091209,
      "slowest": 0.001683999
    },
    "DNSLookup": {
      "average": 0.0000240528,
      "fastest": 0.000004148,
      "slowest": 0.000888802
    }
  },
  "statusCodeDistribution": {
    "200": 36994
  },
  "errorDistribution": {}
}