{
  "summary": {
    "successRate": 1,
    "total": 10.001551757,
    "slowest": 0.121372944,
    "fastest": 0.000849741,
    "average": 0.019163468692570577,
    "requestsPerSec": 2604.095907594672,
    "totalData": 338585,
    "sizePerRequest": 13,
    "sizePerSec": 33853.24679873073
  },
  "responseTimeHistogram": {
    "0.000849741": 1,
    "0.012902061299999998": 9219,
    "0.0249543816": 9095,
    "0.037006701899999994": 7240,
    "0.049059022199999996": 243,
    "0.0611113425": 147,
    "0.07316366279999999": 0,
    "0.08521598309999999": 50,
    "0.09726830339999999": 0,
    "0.1093206237": 0,
    "0.121372944": 50
  },
  "latencyPercentiles": {
    "p10": 0.007711667,
    "p25": 0.009474051,
    "p50": 0.019711339,
    "p75": 0.026526867,
    "p90": 0.030291133,
    "p95": 0.033534076,
    "p99": 0.048415031
  },
  "rps": {
    "mean": 6038.7172407729595,
    "stddev": 8836.955969363165,
    "max": 105816.37331981777,
    "percentiles": {
      "p10": 47.138215375448546,
      "p25": 62.80950167067063,
      "p50": 5138.398222235098,
      "p75": 7870.5963495619635,
      "p90": 13880.355303103817,
      "p95": 20266.261141280916,
      "p99": 47459.971388427875
    }
  },
  "details": {
    "DNSDialup": {
      "average": 0.0009579336200000003,
      "fastest": 0.000077104,
      "slowest": 0.001382566
    },
    "DNSLookup": {
      "average": 0.00000592628,
      "fastest": 0.000004,
      "slowest": 0.000045102
    }
  },
  "statusCodeDistribution": {
    "200": 26045
  },
  "errorDistribution": {}
}