{
  "summary": {
    "successRate": 1,
    "total": 10.001643045,
    "slowest": 0.099300826,
    "fastest": 0.001051398,
    "average": 0.01566749868506473,
    "requestsPerSec": 3184.5767597077847,
    "totalData": 414063,
    "sizePerRequest": 13,
    "sizePerSec": 41399.4978762012
  },
  "responseTimeHistogram": {
    "0.001051398": 1,
    "0.0108763408": 10373,
    "0.0207012836": 13107,
    "0.0305262264": 6984,
    "0.0403511692": 1168,
    "0.050176112": 92,
    "0.0600010548": 26,
    "0.0698259976": 0,
    "0.0796509404": 29,
    "0.0894758832": 63,
    "0.099300826": 8
  },
  "latencyPercentiles": {
    "p10": 0.005396785,
    "p25": 0.007490779,
    "p50": 0.015574256,
    "p75": 0.020973469,
    "p90": 0.02537813,
    "p95": 0.029721818,
    "p99": 0.039014391
  },
  "rps": {
    "mean": 5423.818621121376,
    "stddev": 8120.587579737059,
    "max": 159765.24290867228,
    "percentiles": {
      "p10": 60.04346426291377,
      "p25": 98.34803816808684,
      "p50": 3707.907855082537,
      "p75": 7515.60123191111,
      "p90": 10562.80128740228,
      "p95": 15306.93770151903,
      "p99": 27873.150009015295
    }
  },
  "details": {
    "DNSDialup": {
      "average": 0.00105017706,
      "fastest": 0.0000512,
      "slowest": 0.001413096
    },
    "DNSLookup": {
      "average": 0.000004785980000000001,
      "fastest": 0.000003,
      "slowest": 0.0000461
    }
  },
  "statusCodeDistribution": {
    "200": 31851
  },
  "errorDistribution": {}
}