{
  "summary": {
    "successRate": 1,
    "total": 10.001594261,
    "slowest": 0.066055348,
    "fastest": 0.0009483,
    "average": 0.016131689771187764,
    "requestsPerSec": 3096.806288251009,
    "totalData": 402649,
    "sizePerRequest": 13,
    "sizePerSec": 40258.48174726312
  },
  "responseTimeHistogram": {
    "0.0009483": 1,
    "0.0074590048": 7049,
    "0.013969709600000001": 6079,
    "0.0204804144": 7951,
    "0.0269911192": 6648,
    "0.033501824": 2798,
    "0.0400125288": 285,
    "0.0465232336": 22,
    "0.0530339384": 49,
    "0.059544643200000004": 50,
    "0.066055348": 41
  },
  "latencyPercentiles": {
    "p10": 0.006030997,
    "p25": 0.007896796,
    "p50": 0.015708592,
    "p75": 0.022180783,
    "p90": 0.027131578,
    "p95": 0.029672977,
    "p99": 0.033935573
  },
  "rps": {
    "mean": 5491.5771712122605,
    "stddev": 10360.553862451792,
    "max": 128205.1281959671,
    "percentiles": {
      "p10": 61.3192555768791,
      "p25": 98.41459015982082,
      "p50": 3550.7542496738492,
      "p75": 7009.796190175776,
      "p90": 9075.224236145114,
      "p95": 11315.098474840795,
      "p99": 65789.47368424083
    }
  },
  "details": {
    "DNSDialup": {
      "average": 0.0014997632200000003,
      "fastest": 0.0000768,
      "slowest": 0.002873498
    },
    "DNSLookup": {
      "average": 0.00000453998,
      "fastest": 0.0000029,
      "slowest": 0.0000319
    }
  },
  "statusCodeDistribution": {
    "200": 30973
  },
  "errorDistribution": {}
}