{
  "summary": {
    "successRate": 1,
    "total": 10.001660055,
    "slowest": 0.048615341,
    "fastest": 0.000743007,
    "average": 0.012407306059666667,
    "requestsPerSec": 4025.0318225797764,
    "totalData": 523341,
    "sizePerRequest": 13,
    "sizePerSec": 52325.4136935371
  },
  "responseTimeHistogram": {
    "0.000743007": 1,
    "0.005530240400000001": 10384,
    "0.010317473800000001": 5985,
    "0.015104707200000001": 7278,
    "0.0198919406": 9774,
    "0.024679174": 6642,
    "0.029466407400000002": 80,
    "0.0342536408": 63,
    "0.0390408742": 11,
    "0.0438281076": 18,
    "0.048615341": 21
  },
  "latencyPercentiles": {
    "p10": 0.004318642,
    "p25": 0.005428253,
    "p50": 0.01329253,
    "p75": 0.017940475,
    "p90": 0.021444382,
    "p95": 0.022551897,
    "p99": 0.023832714
  },
  "rps": {
    "mean": 4078.851736531753,
    "stddev": 4061.6868766610723,
    "max": 75430.01845332792,
    "percentiles": {
      "p10": 1948.8497800013427,
      "p25": 2486.0361715897116,
      "p50": 3024.7635882590284,
      "p75": 4178.978328601767,
      "p90": 8378.028252275164,
      "p95": 10667.813669992467,
      "p99": 12970.575836949514
    }
  },
  "details": {
    "DNSDialup": {
      "average": 0.0013845494799999997,
      "fastest": 0.000078701,
      "slowest": 0.001547816
    },
    "DNSLookup": {
      "average": 0.000004854060000000001,
      "fastest": 0.0000032,
      "slowest": 0.000044901
    }
  },
  "statusCodeDistribution": {
    "200": 40257
  },
  "errorDistribution": {}
}