{
  "summary": {
    "successRate": 1,
    "total": 10.000437276,
    "slowest": 0.010653035,
    "fastest": 0.000294994,
    "average": 0.0016843236818497467,
    "requestsPerSec": 29647.903568331927,
    "totalData": 3854396,
    "sizePerRequest": 13,
    "sizePerSec": 385422.74638831505
  },
  "responseTimeHistogram": {
    "0.000294994": 1,
    "0.0013307981": 26791,
    "0.0023666022": 264607,
    "0.0034024063": 4399,
    "0.0044382104": 480,
    "0.0054740145": 108,
    "0.0065098186": 16,
    "0.0075456227": 49,
    "0.0085814268": 22,
    "0.009617230899999999": 18,
    "0.010653035": 1
  },
  "latencyPercentiles": {
    "p10": 0.001345707,
    "p25": 0.00149651,
    "p50": 0.001706343,
    "p75": 0.001813852,
    "p90": 0.001993336,
    "p95": 0.002204313,
    "p99": 0.002469158
  },
  "rps": {
    "mean": 29638.088532185157,
    "stddev": 3797.436031232743,
    "max": 39634.696213064,
    "percentiles": {
      "p10": 24436.25117862399,
      "p25": 28873.21569079566,
      "p50": 29956.21248980377,
      "p75": 30421.538449222167,
      "p90": 33906.92718522563,
      "p95": 37648.988864308245,
      "p99": 39150.15526390747
    }
  },
  "details": {
    "DNSDialup": {
      "average": 0.0010271554400000005,
      "fastest": 0.000097414,
      "slowest": 0.001857926
    },
    "DNSLookup": {
      "average": 0.00003175402,
      "fastest": 0.00000496,
      "slowest": 0.001096742
    }
  },
  "statusCodeDistribution": {
    "200": 296492
  },
  "errorDistribution": {}
}