{
  "summary": {
    "successRate": 1,
    "total": 10.000420175,
    "slowest": 0.080619883,
    "fastest": 0.00108471,
    "average": 0.017728501680783812,
    "requestsPerSec": 2816.7816458771945,
    "totalData": 366197,
    "sizePerRequest": 13,
    "sizePerSec": 36618.16139640353
  },
  "responseTimeHistogram": {
    "0.00108471": 1,
    "0.0090382273": 8661,
    "0.0169917446": 4053,
    "0.0249452619": 8425,
    "0.032898779200000006": 5919,
    "0.04085229650000001": 947,
    "0.04880581380000001": 8,
    "0.056759331100000004": 55,
    "0.06471284840000001": 0,
    "0.07266636570000001": 50,
    "0.08061988300000002": 50
  },
  "latencyPercentiles": {
    "p10": 0.006115955,
    "p25": 0.008024172,
    "p50": 0.018509634,
    "p75": 0.024934681,
    "p90": 0.029890916,
    "p95": 0.032209333,
    "p99": 0.036727829
  },
  "rps": {
    "mean": 5319.934236066706,
    "stddev": 7197.293709742214,
    "max": 100224.37988723135,
    "percentiles": {
      "p10": 50.32034434413245,
      "p25": 67.41584547425273,
      "p50": 4786.579706923476,
      "p75": 8020.00961151279,
      "p90": 11145.751398791883,
      "p95": 13296.712414448828,
      "p99": 27645.92676763476
    }
  },
  "details": {
    "DNSDialup": {
      "average": 0.00101123906,
      "fastest": 0.0000764,
      "slowest": 0.001309612
    },
    "DNSLookup": {
      "average": 0.0000053240400000000004,
      "fastest": 0.0000039,
      "slowest": 0.000034801
    }
  },
  "statusCodeDistribution": {
    "200": 28169
  },
  "errorDistribution": {}
}