{
  "summary": {
    "successRate": 1,
    "total": 10.001291857,
    "slowest": 0.079309796,
    "fastest": 0.000750604,
    "average": 0.017967599870861082,
    "requestsPerSec": 2781.1407163897547,
    "totalData": 361595,
    "sizePerRequest": 13,
    "sizePerSec": 36154.82931306681
  },
  "responseTimeHistogram": {
    "0.000750604": 1,
    "0.0086065232": 7527,
    "0.0164624424": 4222,
    "0.0243183616": 7921,
    "0.0321742808": 7048,
    "0.0400302": 961,
    "0.04788611920000001": 5,
    "0.055742038400000006": 35,
    "0.0635979576": 2,
    "0.07145387680000001": 45,
    "0.079309796": 48
  },
  "latencyPercentiles": {
    "p10": 0.006305437,
    "p25": 0.008251649,
    "p50": 0.018868412,
    "p75": 0.025379227,
    "p90": 0.029326447,
    "p95": 0.031634658,
    "p99": 0.035778879
  },
  "rps": {
    "mean": 5787.7013914110785,
    "stddev": 7964.371398698688,
    "max": 103305.78512241812,
    "percentiles": {
      "p10": 46.61720612175195,
      "p25": 61.63101805320451,
      "p50": 5631.835640509012,
      "p75": 8294.444894276201,
      "p90": 11725.725236105347,
      "p95": 15390.547741200227,
      "p99": 38118.9565572771
    }
  },
  "details": {
    "DNSDialup": {
      "average": 0.0018030447200000001,
      "fastest": 0.0000881,
      "slowest": 0.00338572
    },
    "DNSLookup": {
      "average": 0.000005068079999999999,
      "fastest": 0.0000034,
      "slowest": 0.000028601
    }
  },
  "statusCodeDistribution": {
    "200": 27815
  },
  "errorDistribution": {}
}