{
  "summary": {
    "successRate": 1,
    "total": 10.000812938,
    "slowest": 0.080824378,
    "fastest": 0.001228727,
    "average": 0.017805532522080655,
    "requestsPerSec": 2800.8723064468945,
    "totalData": 364143,
    "sizePerRequest": 13,
    "sizePerSec": 36411.33998380963
  },
  "responseTimeHistogram": {
    "0.001228727": 1,
    "0.0091882921": 9012,
    "0.017147857199999998": 3998,
    "0.025107422299999998": 8013,
    "0.0330669874": 6136,
    "0.041026552499999994": 456,
    "0.0489861176": 140,
    "0.0569456827": 99,
    "0.0649052478": 56,
    "0.07286481289999999": 56,
    "0.08082437799999999": 44
  },
  "latencyPercentiles": {
    "p10": 0.006250135,
    "p25": 0.007877063,
    "p50": 0.018162777,
    "p75": 0.025102021,
    "p90": 0.029539813,
    "p95": 0.031710858,
    "p99": 0.048417505
  },
  "rps": {
    "mean": 5937.77882524562,
    "stddev": 8282.557499453242,
    "max": 111315.18895702751,
    "percentiles": {
      "p10": 46.992169835716595,
      "p25": 65.54060909247383,
      "p50": 5907.907142920115,
      "p75": 8401.231214919444,
      "p90": 12388.443639826031,
      "p95": 15745.7476122382,
      "p99": 42193.32983752055
    }
  },
  "details": {
    "DNSDialup": {
      "average": 0.0015515555399999998,
      "fastest": 0.000061201,
      "slowest": 0.001912142
    },
    "DNSLookup": {
      "average": 0.000005278079999999999,
      "fastest": 0.0000038,
      "slowest": 0.0000285
    }
  },
  "statusCodeDistribution": {
    "200": 28011
  },
  "errorDistribution": {}
}