{
  "summary": {
    "successRate": 1,
    "total": 10.001180441,
    "slowest": 0.071763318,
    "fastest": 0.000955211,
    "average": 0.014158966713714555,
    "requestsPerSec": 3525.7838020242953,
    "totalData": 458406,
    "sizePerRequest": 13,
    "sizePerSec": 45835.18942631584
  },
  "responseTimeHistogram": {
    "0.000955211": 1,
    "0.0080360217": 10843,
    "0.0151168324": 8792,
    "0.0221976431": 9769,
    "0.029278453800000003": 4081,
    "0.0363592645": 1676,
    "0.0434400752": 8,
    "0.0505208859": 42,
    "0.0576016966": 0,
    "0.0646825073": 4,
    "0.071763318": 46
  },
  "latencyPercentiles": {
    "p10": 0.00418031,
    "p25": 0.006082037,
    "p50": 0.013909249,
    "p75": 0.019855731,
    "p90": 0.025610228,
    "p95": 0.029454364,
    "p99": 0.034454107
  },
  "rps": {
    "mean": 10240.079004481193,
    "stddev": 18288.565351094385,
    "max": 99361.4371635874,
    "percentiles": {
      "p10": 61.72866560094225,
      "p25": 82.94821857917222,
      "p50": 5306.09298657647,
      "p75": 10547.975729587308,
      "p90": 17746.11440758701,
      "p95": 67976.74604185169,
      "p99": 81367.47429116107
    }
  },
  "details": {
    "DNSDialup": {
      "average": 0.00100363894,
      "fastest": 0.000079983,
      "slowest": 0.002504058
    },
    "DNSLookup": {
      "average": 0.000022724180000000004,
      "fastest": 0.000003647,
      "slowest": 0.000762051
    }
  },
  "statusCodeDistribution": {
    "200": 35262
  },
  "errorDistribution": {}
}