{
  "summary": {
    "successRate": 1,
    "total": 10.001019065,
    "slowest": 0.051521488,
    "fastest": 0.000916348,
    "average": 0.013893444280054486,
    "requestsPerSec": 3596.4335000495275,
    "totalData": 467584,
    "sizePerRequest": 13,
    "sizePerSec": 46753.63550064385
  },
  "responseTimeHistogram": {
    "0.000916348": 1,
    "0.005976862": 8934,
    "0.011037376000000002": 4541,
    "0.01609789": 8178,
    "0.021158404000000002": 7283,
    "0.026218918000000004": 5118,
    "0.031279432": 1822,
    "0.036339946": 2,
    "0.04140046": 0,
    "0.046460974": 41,
    "0.051521488000000004": 48
  },
  "latencyPercentiles": {
    "p10": 0.004181584,
    "p25": 0.006019006,
    "p50": 0.014101024,
    "p75": 0.019810647,
    "p90": 0.024424249,
    "p95": 0.02650383,
    "p99": 0.029504315
  },
  "rps": {
    "mean": 10710.601811493694,
    "stddev": 19173.239945706086,
    "max": 102232.06679253535,
    "percentiles": {
      "p10": 62.44053319719789,
      "p25": 81.45173048274192,
      "p50": 5220.177599933252,
      "p75": 11020.076258927405,
      "p90": 18313.49371514253,
      "p95": 72754.48479428327,
      "p99": 81573.10231824286
    }
  },
  "details": {
    "DNSDialup": {
      "average": 0.0012645407800000001,
      "fastest": 0.0001018,
      "slowest": 0.002764054
    },
    "DNSLookup": {
      "average": 0.0000068083000000000005,
      "fastest": 0.000003516,
      "slowest": 0.00003176
    }
  },
  "statusCodeDistribution": {
    "200": 35968
  },
  "errorDistribution": {}
}