{
  "summary": {
    "successRate": 1,
    "total": 10.00124812,
    "slowest": 0.077766898,
    "fastest": 0.000678303,
    "average": 0.015196115836466503,
    "requestsPerSec": 3286.9897442360425,
    "totalData": 427362,
    "sizePerRequest": 13,
    "sizePerSec": 42730.86667506855
  },
  "responseTimeHistogram": {
    "0.000678303": 1,
    "0.0083871625": 8958,
    "0.016096022": 8241,
    "0.023804881500000003": 11264,
    "0.031513741": 4120,
    "0.039222600499999996": 138,
    "0.04693146": 21,
    "0.0546403195": 81,
    "0.062349179": 0,
    "0.0700580385": 0,
    "0.077766898": 50
  },
  "latencyPercentiles": {
    "p10": 0.005287629,
    "p25": 0.007317541,
    "p50": 0.015427586,
    "p75": 0.02139891,
    "p90": 0.024415625,
    "p95": 0.025771432,
    "p99": 0.029729452
  },
  "rps": {
    "mean": 5457.687474916498,
    "stddev": 10652.978768405725,
    "max": 101302.46020237746,
    "percentiles": {
      "p10": 76.20747118233587,
      "p25": 1759.0059505570632,
      "p50": 3297.0469763252595,
      "p75": 6508.480483656944,
      "p90": 9849.331223570107,
      "p95": 10998.279240653022,
      "p99": 79715.85725449274
    }
  },
  "details": {
    "DNSDialup": {
      "average": 0.00128629316,
      "fastest": 0.0000662,
      "slowest": 0.002708815
    },
    "DNSLookup": {
      "average": 0.0000041860599999999985,
      "fastest": 0.000003,
      "slowest": 0.0000321
    }
  },
  "statusCodeDistribution": {
    "200": 32874
  },
  "errorDistribution": {}
}