{
  "summary": {
    "successRate": 1,
    "total": 10.000563534,
    "slowest": 0.154227981,
    "fastest": 0.000748551,
    "average": 0.0026097914544194116,
    "requestsPerSec": 19114.52283164906,
    "totalData": 2485028,
    "sizePerRequest": 13,
    "sizePerSec": 248488.7968114378
  },
  "responseTimeHistogram": {
    "0.000748551": 1,
    "0.016096494": 191112,
    "0.031444437": 7,
    "0.046792379999999995": 6,
    "0.062140323": 5,
    "0.077488266": 5,
    "0.09283620899999999": 4,
    "0.10818415199999999": 4,
    "0.123532095": 4,
    "0.13888003799999998": 4,
    "0.154227981": 4
  },
  "latencyPercentiles": {
    "p10": 0.002408717,
    "p25": 0.002472863,
    "p50": 0.0025387,
    "p75": 0.002611319,
    "p90": 0.00270391,
    "p95": 0.002799271,
    "p99": 0.005039157
  },
  "rps": {
    "mean": 19112.782460017766,
    "stddev": 1656.5622150896274,
    "max": 24762.453383679003,
    "percentiles": {
      "p10": 18617.945837993546,
      "p25": 19027.14602924045,
      "p50": 19343.238616277198,
      "p75": 19616.418942654946,
      "p90": 19877.84961021106,
      "p95": 20109.29250406652,
      "p99": 20670.93230420175
    }
  },
  "details": {
    "DNSDialup": {
      "average": 0.0007212345799999999,
      "fastest": 0.000102334,
      "slowest": 0.001231654
    },
    "DNSLookup": {
      "average": 0.0000071077000000000006,
      "fastest": 0.000003757,
      "slowest": 0.00002695
    }
  },
  "statusCodeDistribution": {
    "200": 191156
  },
  "errorDistribution": {}
}