{
  "summary": {
    "successRate": 1,
    "total": 10.000355968,
    "slowest": 0.022264735,
    "fastest": 0.000138381,
    "average": 0.0028865149927299666,
    "requestsPerSec": 17275.785037335183,
    "totalData": 2245932,
    "sizePerRequest": 13,
    "sizePerSec": 224585.2054853574
  },
  "responseTimeHistogram": {
    "0.000138381": 1,
    "0.0023510164": 4249,
    "0.0045636518000000004": 163766,
    "0.006776287200000001": 4473,
    "0.008988922600000001": 174,
    "0.011201558": 42,
    "0.013414193400000001": 13,
    "0.015626828800000003": 8,
    "0.017839464200000002": 8,
    "0.0200520996": 13,
    "0.022264735": 17
  },
  "latencyPercentiles": {
    "p10": 0.002647917,
    "p25": 0.002740287,
    "p50": 0.002819505,
    "p75": 0.002886316,
    "p90": 0.002994905,
    "p95": 0.003125176,
    "p99": 0.005675237
  },
  "rps": {
    "mean": 17278.98694542897,
    "stddev": 1621.9785313003458,
    "max": 24457.019094316733,
    "percentiles": {
      "p10": 16741.604561496213,
      "p25": 17054.225615768308,
      "p50": 17372.329694684355,
      "p75": 17709.929071684535,
      "p90": 18042.981991699722,
      "p95": 18416.934371153984,
      "p99": 22211.007775453374
    }
  },
  "details": {
    "DNSDialup": {
      "average": 0.00078116462,
      "fastest": 0.000105728,
      "slowest": 0.001315864
    },
    "DNSLookup": {
      "average": 0.000009171579999999999,
      "fastest": 0.000004398,
      "slowest": 0.000031489
    }
  },
  "statusCodeDistribution": {
    "200": 172764
  },
  "errorDistribution": {}
}