{
  "summary": {
    "successRate": 1,
    "total": 10.000687934,
    "slowest": 0.025558766,
    "fastest": 0.000180404,
    "average": 0.0014273733837885949,
    "requestsPerSec": 34970.49426080012,
    "totalData": 4546477,
    "sizePerRequest": 13,
    "sizePerSec": 454616.42539040156
  },
  "responseTimeHistogram": {
    "0.000180404": 1,
    "0.0027182402": 343539,
    "0.0052560764": 4319,
    "0.0077939126": 1330,
    "0.0103317488": 429,
    "0.012869585000000001": 45,
    "0.0154074212": 24,
    "0.017945257399999998": 8,
    "0.0204830936": 10,
    "0.0230209298": 14,
    "0.025558766": 10
  },
  "latencyPercentiles": {
    "p10": 0.001298634,
    "p25": 0.001313334,
    "p50": 0.001332035,
    "p75": 0.001356435,
    "p90": 0.00150974,
    "p95": 0.001599142,
    "p99": 0.004417815
  },
  "rps": {
    "mean": 34949.840277802636,
    "stddev": 6099.649495419957,
    "max": 37676.25674364829,
    "percentiles": {
      "p10": 35101.89550235883,
      "p25": 36049.17106933828,
      "p50": 36447.52757595909,
      "p75": 36991.51701309023,
      "p90": 37218.13407938185,
      "p95": 37311.34264816318,
      "p99": 37462.17068895345
    }
  },
  "details": {
    "DNSDialup": {
      "average": 0.0014791345400000002,
      "fastest": 0.000075902,
      "slowest": 0.001721445
    },
    "DNSLookup": {
      "average": 0.000005028100000000001,
      "fastest": 0.0000033,
      "slowest": 0.000048301
    }
  },
  "statusCodeDistribution": {
    "200": 349729
  },
  "errorDistribution": {}
}