{
  "summary": {
    "successRate": 1,
    "total": 10.000223024,
    "slowest": 0.023294446,
    "fastest": 0.001117056,
    "average": 0.0028556840227955487,
    "requestsPerSec": 17463.51052180294,
    "totalData": 2270307,
    "sizePerRequest": 13,
    "sizePerSec": 227025.63678343818
  },
  "responseTimeHistogram": {
    "0.001117056": 1,
    "0.0033347949999999998": 168579,
    "0.005552534": 4081,
    "0.007770272999999999": 1854,
    "0.009988012": 47,
    "0.012205750999999999": 29,
    "0.014423489999999999": 9,
    "0.016641229": 8,
    "0.018858967999999997": 12,
    "0.021076707": 12,
    "0.023294445999999996": 7
  },
  "latencyPercentiles": {
    "p10": 0.002603201,
    "p25": 0.002691823,
    "p50": 0.002780609,
    "p75": 0.002865022,
    "p90": 0.002953267,
    "p95": 0.003064674,
    "p99": 0.005590378
  },
  "rps": {
    "mean": 17462.91714645151,
    "stddev": 1588.999403241851,
    "max": 28722.26205287965,
    "percentiles": {
      "p10": 16818.41784938747,
      "p25": 17235.261621752168,
      "p50": 17671.89811749156,
      "p75": 18055.96083942959,
      "p90": 18414.46456191337,
      "p95": 18663.191700778763,
      "p99": 19157.818295615707
    }
  },
  "details": {
    "DNSDialup": {
      "average": 0.0008239232,
      "fastest": 0.000088345,
      "slowest": 0.00180115
    },
    "DNSLookup": {
      "average": 0.000007367340000000002,
      "fastest": 0.000004068,
      "slowest": 0.000026058
    }
  },
  "statusCodeDistribution": {
    "200": 174639
  },
  "errorDistribution": {}
}