{
  "summary": {
    "successRate": 1,
    "total": 10.000729182,
    "slowest": 0.02271031,
    "fastest": 0.000116303,
    "average": 0.0014315353232775049,
    "requestsPerSec": 34872.75714132022,
    "totalData": 4533789,
    "sizePerRequest": 13,
    "sizePerSec": 453345.8428371628
  },
  "responseTimeHistogram": {
    "0.000116303": 1,
    "0.0023757036999999996": 338648,
    "0.004635104399999999": 8590,
    "0.006894505099999999": 946,
    "0.009153905799999999": 307,
    "0.0114133065": 161,
    "0.013672707199999998": 45,
    "0.0159321079": 15,
    "0.0181915086": 9,
    "0.0204509093": 15,
    "0.02271031": 16
  },
  "latencyPercentiles": {
    "p10": 0.001298935,
    "p25": 0.001315536,
    "p50": 0.001337335,
    "p75": 0.001364737,
    "p90": 0.001583342,
    "p95": 0.001703246,
    "p99": 0.003693899
  },
  "rps": {
    "mean": 34844.842891182285,
    "stddev": 5687.3292541442315,
    "max": 37864.49459364131,
    "percentiles": {
      "p10": 34479.75857754205,
      "p25": 35567.69599578975,
      "p50": 36207.353713539036,
      "p75": 36985.92570259382,
      "p90": 37273.92164140001,
      "p95": 37402.73788041428,
      "p99": 37571.50985470748
    }
  },
  "details": {
    "DNSDialup": {
      "average": 0.0014940461400000003,
      "fastest": 0.000079502,
      "slowest": 0.001687145
    },
    "DNSLookup": {
      "average": 0.000005686159999999998,
      "fastest": 0.0000038,
      "slowest": 0.000052201
    }
  },
  "statusCodeDistribution": {
    "200": 348753
  },
  "errorDistribution": {}
}