{
  "summary": {
    "successRate": 1,
    "total": 10.000633524,
    "slowest": 0.156288748,
    "fastest": 0.000467864,
    "average": 0.002654460942955268,
    "requestsPerSec": 18789.309652139196,
    "totalData": 2442765,
    "sizePerRequest": 13,
    "sizePerSec": 244261.02547780954
  },
  "responseTimeHistogram": {
    "0.000467864": 1,
    "0.016049952399999998": 187861,
    "0.0316320408": 8,
    "0.047214129199999996": 5,
    "0.0627962176": 6,
    "0.078378306": 5,
    "0.0939603944": 4,
    "0.1095424828": 4,
    "0.1251245712": 3,
    "0.1407066596": 3,
    "0.156288748": 5
  },
  "latencyPercentiles": {
    "p10": 0.002452232,
    "p25": 0.002522401,
    "p50": 0.002588862,
    "p75": 0.002657933,
    "p90": 0.002743508,
    "p95": 0.002820233,
    "p99": 0.005114889
  },
  "rps": {
    "mean": 18787.627332726737,
    "stddev": 1591.4825001907227,
    "max": 22027.517297636252,
    "percentiles": {
      "p10": 18323.52007036233,
      "p25": 18638.15229775358,
      "p50": 18994.37163603762,
      "p75": 19306.13935231486,
      "p90": 19648.328994827934,
      "p95": 19879.823455119407,
      "p99": 20379.479971892877
    }
  },
  "details": {
    "DNSDialup": {
      "average": 0.00081488578,
      "fastest": 0.000109221,
      "slowest": 0.001175337
    },
    "DNSLookup": {
      "average": 0.000006537660000000001,
      "fastest": 0.000003346,
      "slowest": 0.000030909
    }
  },
  "statusCodeDistribution": {
    "200": 187905
  },
  "errorDistribution": {}
}