{
  "summary": {
    "successRate": 1,
    "total": 10.000661488,
    "slowest": 0.15841888,
    "fastest": 0.000605468,
    "average": 0.0025116137920465635,
    "requestsPerSec": 19859.386325425836,
    "totalData": 2581891,
    "sizePerRequest": 13,
    "sizePerSec": 258172.02223053586
  },
  "responseTimeHistogram": {
    "0.000605468": 1,
    "0.0163868092": 198563,
    "0.0321681504": 8,
    "0.0479494916": 5,
    "0.0637308328": 6,
    "0.07951217399999999": 5,
    "0.0952935152": 4,
    "0.1110748564": 4,
    "0.1268561976": 4,
    "0.1426375388": 3,
    "0.15841887999999998": 4
  },
  "latencyPercentiles": {
    "p10": 0.00229808,
    "p25": 0.002361108,
    "p50": 0.002430557,
    "p75": 0.002517831,
    "p90": 0.002629206,
    "p95": 0.002739501,
    "p99": 0.004857085
  },
  "rps": {
    "mean": 19857.570939065357,
    "stddev": 1854.4738345374337,
    "max": 35491.78340078477,
    "percentiles": {
      "p10": 19263.55818387165,
      "p25": 19771.592938028545,
      "p50": 20127.60093891241,
      "p75": 20437.011770611545,
      "p90": 20728.581463677125,
      "p95": 20910.122590346386,
      "p99": 21369.549335266824
    }
  },
  "details": {
    "DNSDialup": {
      "average": 0.0009143689399999998,
      "fastest": 0.000128324,
      "slowest": 0.001726359
    },
    "DNSLookup": {
      "average": 0.000006835420000000002,
      "fastest": 0.000002806,
      "slowest": 0.000046978
    }
  },
  "statusCodeDistribution": {
    "200": 198607
  },
  "errorDistribution": {}
}