{
  "summary": {
    "successRate": 1,
    "total": 10.000645635,
    "slowest": 0.031499706,
    "fastest": 0.000207901,
    "average": 0.0029874925172708668,
    "requestsPerSec": 16709.12120065336,
    "totalData": 2172326,
    "sizePerRequest": 13,
    "sizePerSec": 217218.5756084937
  },
  "responseTimeHistogram": {
    "0.000207901": 1,
    "0.0033370814999999997": 153278,
    "0.0064662619999999995": 11102,
    "0.009595442499999999": 1897,
    "0.012724623": 559,
    "0.0158538035": 200,
    "0.018982983999999998": 16,
    "0.0221121645": 7,
    "0.025241345": 12,
    "0.028370525499999997": 15,
    "0.031499706": 15
  },
  "latencyPercentiles": {
    "p10": 0.002521607,
    "p25": 0.002633708,
    "p50": 0.002755908,
    "p75": 0.002921708,
    "p90": 0.003220609,
    "p95": 0.005055917,
    "p99": 0.007661526
  },
  "rps": {
    "mean": 16674.077567104607,
    "stddev": 3135.3888738373735,
    "max": 20334.30600766535,
    "percentiles": {
      "p10": 13501.0409302552,
      "p25": 16769.208199158656,
      "p50": 17546.799067793465,
      "p75": 18165.70717943929,
      "p90": 18835.37169994392,
      "p95": 19200.738595112838,
      "p99": 19668.018048751954
    }
  },
  "details": {
    "DNSDialup": {
      "average": 0.0021062930999999996,
      "fastest": 0.0000906,
      "slowest": 0.004405415
    },
    "DNSLookup": {
      "average": 0.000008404,
      "fastest": 0.0000062,
      "slowest": 0.0000684
    }
  },
  "statusCodeDistribution": {
    "200": 167102
  },
  "errorDistribution": {}
}