{
  "summary": {
    "successRate": 1,
    "total": 10.000163325,
    "slowest": 0.023336006,
    "fastest": 0.000349018,
    "average": 0.0030065775210874513,
    "requestsPerSec": 16585.42911847892,
    "totalData": 2156141,
    "sizePerRequest": 13,
    "sizePerSec": 215610.57854022598
  },
  "responseTimeHistogram": {
    "0.000349018": 1,
    "0.0026477168": 3825,
    "0.0049464156": 157397,
    "0.007245114399999999": 4450,
    "0.0095438132": 108,
    "0.011842512": 21,
    "0.014141210799999998": 13,
    "0.0164399096": 8,
    "0.0187386084": 9,
    "0.021037307199999997": 14,
    "0.023336006": 11
  },
  "latencyPercentiles": {
    "p10": 0.002780189,
    "p25": 0.002857753,
    "p50": 0.002906375,
    "p75": 0.002979579,
    "p90": 0.003113874,
    "p95": 0.003260352,
    "p99": 0.005850013
  },
  "rps": {
    "mean": 16586.083251756012,
    "stddev": 1469.3766266381117,
    "max": 24132.549983417626,
    "percentiles": {
      "p10": 16123.10440861638,
      "p25": 16540.71331174732,
      "p50": 16786.327044089707,
      "p75": 17030.994707267168,
      "p90": 17283.26037854762,
      "p95": 17515.616924050777,
      "p99": 18404.748425092996
    }
  },
  "details": {
    "DNSDialup": {
      "average": 0.00123848658,
      "fastest": 0.000071614,
      "slowest": 0.002926921
    },
    "DNSLookup": {
      "average": 0.000006709200000000001,
      "fastest": 0.000003636,
      "slowest": 0.000030748
    }
  },
  "statusCodeDistribution": {
    "200": 165857
  },
  "errorDistribution": {}
}