{
  "summary": {
    "successRate": 1,
    "total": 10.00063131,
    "slowest": 0.178502206,
    "fastest": 0.000196398,
    "average": 0.0029478101817109427,
    "requestsPerSec": 16947.83006654007,
    "totalData": 2203357,
    "sizePerRequest": 13,
    "sizePerSec": 220321.7908650209
  },
  "responseTimeHistogram": {
    "0.000196398": 1,
    "0.018026978800000003": 169445,
    "0.035857559600000005": 8,
    "0.05368814040000001": 5,
    "0.07151872120000001": 6,
    "0.089349302": 5,
    "0.10717988280000001": 5,
    "0.1250104636": 4,
    "0.1428410444": 3,
    "0.1606716252": 3,
    "0.178502206": 4
  },
  "latencyPercentiles": {
    "p10": 0.00275281,
    "p25": 0.002819233,
    "p50": 0.002858567,
    "p75": 0.002914853,
    "p90": 0.00303694,
    "p95": 0.003223962,
    "p99": 0.005712366
  },
  "rps": {
    "mean": 16946.60912792041,
    "stddev": 1647.0321597216969,
    "max": 22511.61709990509,
    "percentiles": {
      "p10": 16527.554739260355,
      "p25": 16912.654047758147,
      "p50": 17142.934479404226,
      "p75": 17349.46679973995,
      "p90": 17647.646881815268,
      "p95": 18219.347124710886,
      "p99": 19726.972689758673
    }
  },
  "details": {
    "DNSDialup": {
      "average": 0.00065218362,
      "fastest": 0.000059632,
      "slowest": 0.001042607
    },
    "DNSLookup": {
      "average": 0.000005419519999999998,
      "fastest": 0.000002585,
      "slowest": 0.000031318
    }
  },
  "statusCodeDistribution": {
    "200": 169489
  },
  "errorDistribution": {}
}