{
  "summary": {
    "successRate": 1,
    "total": 10.000592038,
    "slowest": 0.158563199,
    "fastest": 0.000249313,
    "average": 0.002674697403796989,
    "requestsPerSec": 18644.89615129724,
    "totalData": 2423980,
    "sizePerRequest": 13,
    "sizePerSec": 242383.6499668641
  },
  "responseTimeHistogram": {
    "0.000249313": 1,
    "0.0160807016": 186415,
    "0.0319120902": 8,
    "0.0477434788": 6,
    "0.0635748674": 6,
    "0.079406256": 5,
    "0.0952376446": 4,
    "0.1110690332": 4,
    "0.1269004218": 4,
    "0.1427318104": 3,
    "0.158563199": 4
  },
  "latencyPercentiles": {
    "p10": 0.002416887,
    "p25": 0.002505891,
    "p50": 0.002604396,
    "p75": 0.002708618,
    "p90": 0.002817772,
    "p95": 0.002933755,
    "p99": 0.005166278
  },
  "rps": {
    "mean": 18642.787254346214,
    "stddev": 1671.5809415176545,
    "max": 23124.60457927221,
    "percentiles": {
      "p10": 17720.119423593467,
      "p25": 18317.58608032591,
      "p50": 18875.51527395515,
      "p75": 19326.95917535317,
      "p90": 19747.37197062031,
      "p95": 20005.063281516588,
      "p99": 20559.288877264644
    }
  },
  "details": {
    "DNSDialup": {
      "average": 0.0005416934400000003,
      "fastest": 0.000085351,
      "slowest": 0.000958138
    },
    "DNSLookup": {
      "average": 0.0000070494799999999995,
      "fastest": 0.000003957,
      "slowest": 0.000034243
    }
  },
  "statusCodeDistribution": {
    "200": 186460
  },
  "errorDistribution": {}
}