{
  "summary": {
    "successRate": 1,
    "total": 10.000624769,
    "slowest": 0.152118771,
    "fastest": 0.000255617,
    "average": 0.0027067237921530973,
    "requestsPerSec": 18423.948928785172,
    "totalData": 2395263,
    "sizePerRequest": 13,
    "sizePerSec": 239511.33607420724
  },
  "responseTimeHistogram": {
    "0.000255617": 1,
    "0.0154419324": 184207,
    "0.0306282478": 7,
    "0.045814563200000005": 5,
    "0.0610008786": 6,
    "0.076187194": 6,
    "0.09137350940000001": 4,
    "0.10655982480000001": 4,
    "0.1217461402": 4,
    "0.13693245560000003": 3,
    "0.152118771": 4
  },
  "latencyPercentiles": {
    "p10": 0.00247734,
    "p25": 0.002561037,
    "p50": 0.002643376,
    "p75": 0.002724351,
    "p90": 0.002806681,
    "p95": 0.002895027,
    "p99": 0.005225161
  },
  "rps": {
    "mean": 18422.734127274714,
    "stddev": 1550.8572677347609,
    "max": 25715.663410583184,
    "percentiles": {
      "p10": 17815.800924430885,
      "p25": 18240.214200246603,
      "p50": 18606.095356841255,
      "p75": 18974.644353420164,
      "p90": 19242.720764369707,
      "p95": 19455.09683423448,
      "p99": 20063.915609565585
    }
  },
  "details": {
    "DNSDialup": {
      "average": 0.0008364208,
      "fastest": 0.000108263,
      "slowest": 0.001088334
    },
    "DNSLookup": {
      "average": 0.000007657659999999997,
      "fastest": 0.000004077,
      "slowest": 0.000031448
    }
  },
  "statusCodeDistribution": {
    "200": 184251
  },
  "errorDistribution": {}
}