{
  "summary": {
    "successRate": 1,
    "total": 10.000639731,
    "slowest": 0.161530123,
    "fastest": 0.000301552,
    "average": 0.002681447298204732,
    "requestsPerSec": 18597.110285204013,
    "totalData": 2417779,
    "sizePerRequest": 13,
    "sizePerSec": 241762.43370765218
  },
  "responseTimeHistogram": {
    "0.000301552": 1,
    "0.0164244091": 185939,
    "0.032547266199999994": 8,
    "0.04867012329999999": 5,
    "0.06479298039999999": 6,
    "0.08091583749999999": 5,
    "0.09703869459999999": 4,
    "0.11316155169999999": 4,
    "0.1292844088": 4,
    "0.1454072659": 3,
    "0.161530123": 4
  },
  "latencyPercentiles": {
    "p10": 0.002432908,
    "p25": 0.002525493,
    "p50": 0.002621753,
    "p75": 0.002711255,
    "p90": 0.00280729,
    "p95": 0.002904059,
    "p99": 0.005205748
  },
  "rps": {
    "mean": 18595.7217770551,
    "stddev": 1768.2982404215459,
    "max": 27109.371709800766,
    "percentiles": {
      "p10": 17831.9548631141,
      "p25": 18321.08390335585,
      "p50": 18763.29233771295,
      "p75": 19200.64322154698,
      "p90": 19534.30223472432,
      "p95": 19824.89610452826,
      "p99": 22699.557991394515
    }
  },
  "details": {
    "DNSDialup": {
      "average": 0.0010089683200000003,
      "fastest": 0.000123951,
      "slowest": 0.00163744
    },
    "DNSLookup": {
      "average": 0.0000070855400000000004,
      "fastest": 0.000003968,
      "slowest": 0.00003239
    }
  },
  "statusCodeDistribution": {
    "200": 185983
  },
  "errorDistribution": {}
}