{
  "summary": {
    "successRate": 1,
    "total": 10.000326246,
    "slowest": 0.022564965,
    "fastest": 0.000382072,
    "average": 0.0028283254847975992,
    "requestsPerSec": 17631.524778556708,
    "totalData": 2292173,
    "sizePerRequest": 13,
    "sizePerSec": 229209.82212123723
  },
  "responseTimeHistogram": {
    "0.000382072": 1,
    "0.0026003612999999995": 15136,
    "0.004818650599999999": 156705,
    "0.007036939899999999": 4289,
    "0.0092552292": 82,
    "0.011473518499999998": 50,
    "0.013691807799999999": 15,
    "0.0159100971": 9,
    "0.018128386399999998": 10,
    "0.020346675699999997": 15,
    "0.022564964999999996": 9
  },
  "latencyPercentiles": {
    "p10": 0.002611966,
    "p25": 0.002682699,
    "p50": 0.002745226,
    "p75": 0.002813582,
    "p90": 0.002893876,
    "p95": 0.003019888,
    "p99": 0.005517856
  },
  "rps": {
    "mean": 17633.74161499144,
    "stddev": 1508.8674602502315,
    "max": 23759.47948093223,
    "percentiles": {
      "p10": 17211.542845719476,
      "p25": 17551.642196836077,
      "p50": 17861.947018456343,
      "p75": 18135.833767752978,
      "p90": 18395.50023949334,
      "p95": 18562.313687047474,
      "p99": 18996.507959385923
    }
  },
  "details": {
    "DNSDialup": {
      "average": 0.0011289791399999999,
      "fastest": 0.000159697,
      "slowest": 0.001696463
    },
    "DNSLookup": {
      "average": 0.000010235999999999998,
      "fastest": 0.000004718,
      "slowest": 0.000040897
    }
  },
  "statusCodeDistribution": {
    "200": 176321
  },
  "errorDistribution": {}
}