{
  "summary": {
    "successRate": 1,
    "total": 10.000276971,
    "slowest": 0.021005757,
    "fastest": 0.000513568,
    "average": 0.0028446407715454203,
    "requestsPerSec": 17529.914472205874,
    "totalData": 2278952,
    "sizePerRequest": 13,
    "sizePerSec": 227888.88813867632
  },
  "responseTimeHistogram": {
    "0.000513568": 1,
    "0.0025627869": 7171,
    "0.0046120058": 163447,
    "0.0066612247": 4358,
    "0.008710443600000001": 249,
    "0.010759662500000001": 27,
    "0.012808881400000001": 6,
    "0.014858100300000001": 8,
    "0.0169073192": 9,
    "0.0189565381": 15,
    "0.021005757": 13
  },
  "latencyPercentiles": {
    "p10": 0.002637027,
    "p25": 0.002706538,
    "p50": 0.00276551,
    "p75": 0.002826711,
    "p90": 0.002912502,
    "p95": 0.003016253,
    "p99": 0.005556772
  },
  "rps": {
    "mean": 17530.222523277316,
    "stddev": 1470.0993939224516,
    "max": 25255.681200342577,
    "percentiles": {
      "p10": 17170.41932373019,
      "p25": 17433.19454573461,
      "p50": 17709.46574969197,
      "p75": 17990.418042037854,
      "p90": 18276.672468673387,
      "p95": 18454.072277179108,
      "p99": 19063.649713664116
    }
  },
  "details": {
    "DNSDialup": {
      "average": 0.00085963178,
      "fastest": 0.000100047,
      "slowest": 0.001880276
    },
    "DNSLookup": {
      "average": 0.000011047119999999998,
      "fastest": 0.000003657,
      "slowest": 0.000200883
    }
  },
  "statusCodeDistribution": {
    "200": 175304
  },
  "errorDistribution": {}
}