{
  "summary": {
    "successRate": 1,
    "total": 10.000643768,
    "slowest": 0.028130804,
    "fastest": 0.000134606,
    "average": 0.001670458613457962,
    "requestsPerSec": 29879.176474231954,
    "totalData": 3884543,
    "sizePerRequest": 13,
    "sizePerSec": 388429.2941650154
  },
  "responseTimeHistogram": {
    "0.000134606": 1,
    "0.0029342257999999998": 288781,
    "0.0057338456": 8664,
    "0.0085334654": 972,
    "0.0113330852": 206,
    "0.014132705": 77,
    "0.0169323248": 60,
    "0.0197319446": 8,
    "0.0225315644": 10,
    "0.0253311842": 17,
    "0.028130804": 15
  },
  "latencyPercentiles": {
    "p10": 0.001503874,
    "p25": 0.001522867,
    "p50": 0.001546077,
    "p75": 0.00157887,
    "p90": 0.00184499,
    "p95": 0.001983388,
    "p99": 0.004321415
  },
  "rps": {
    "mean": 29830.124192350526,
    "stddev": 4946.297186930396,
    "max": 32970.08781267241,
    "percentiles": {
      "p10": 28540.69046239321,
      "p25": 30551.672042925686,
      "p50": 31065.24633688156,
      "p75": 31863.120842387885,
      "p90": 32105.814342912858,
      "p95": 32237.114590026813,
      "p99": 32423.711460192277
    }
  },
  "details": {
    "DNSDialup": {
      "average": 0.0016323295,
      "fastest": 0.000081804,
      "slowest": 0.003459873
    },
    "DNSLookup": {
      "average": 0.00000595228,
      "fastest": 0.000004,
      "slowest": 0.000052503
    }
  },
  "statusCodeDistribution": {
    "200": 298811
  },
  "errorDistribution": {}
}