{
  "summary": {
    "successRate": 1,
    "total": 10.000442824,
    "slowest": 0.022388842,
    "fastest": 0.00020408,
    "average": 0.002779713483364273,
    "requestsPerSec": 17939.505595637413,
    "totalData": 2332239,
    "sizePerRequest": 13,
    "sizePerSec": 233213.57274328635
  },
  "responseTimeHistogram": {
    "0.00020408": 1,
    "0.0024225562000000003": 5808,
    "0.0046410324": 168668,
    "0.0068595086000000005": 4574,
    "0.009077984800000001": 238,
    "0.011296461": 57,
    "0.013514937200000002": 13,
    "0.0157334134": 9,
    "0.0179518896": 9,
    "0.0201703658": 14,
    "0.022388842": 12
  },
  "latencyPercentiles": {
    "p10": 0.002502506,
    "p25": 0.002594614,
    "p50": 0.00270128,
    "p75": 0.002802681,
    "p90": 0.002902832,
    "p95": 0.003026232,
    "p99": 0.005448509
  },
  "rps": {
    "mean": 17939.728379045162,
    "stddev": 1723.1456558409284,
    "max": 25298.49208940256,
    "percentiles": {
      "p10": 17107.67107971208,
      "p25": 17707.957956306178,
      "p50": 18179.517208268877,
      "p75": 18637.935654231227,
      "p90": 19094.821062430543,
      "p95": 19309.274244419037,
      "p99": 19756.62248002799
    }
  },
  "details": {
    "DNSDialup": {
      "average": 0.00099905098,
      "fastest": 0.000118461,
      "slowest": 0.002252782
    },
    "DNSLookup": {
      "average": 0.00000950916,
      "fastest": 0.000004769,
      "slowest": 0.000030677
    }
  },
  "statusCodeDistribution": {
    "200": 179403
  },
  "errorDistribution": {}
}