{
  "summary": {
    "successRate": 1,
    "total": 10.000296196,
    "slowest": 0.022065345,
    "fastest": 0.000351371,
    "average": 0.002914005743863321,
    "requestsPerSec": 17113.793096294004,
    "totalData": 2224859,
    "sizePerRequest": 13,
    "sizePerSec": 222479.31025182205
  },
  "responseTimeHistogram": {
    "0.000351371": 1,
    "0.0025227684": 3008,
    "0.0046941657999999995": 163570,
    "0.006865563199999999": 4249,
    "0.0090369606": 219,
    "0.011208358": 44,
    "0.013379755399999999": 3,
    "0.015551152799999999": 9,
    "0.0177225502": 9,
    "0.0198939476": 14,
    "0.022065345": 17
  },
  "latencyPercentiles": {
    "p10": 0.002661207,
    "p25": 0.002748917,
    "p50": 0.002833034,
    "p75": 0.002906586,
    "p90": 0.003024347,
    "p95": 0.00316039,
    "p99": 0.00570372
  },
  "rps": {
    "mean": 17120.833754964213,
    "stddev": 1519.5006908454889,
    "max": 24966.888670632754,
    "percentiles": {
      "p10": 16600.80840906363,
      "p25": 16946.55217883567,
      "p50": 17323.723106421836,
      "p75": 17660.513750366066,
      "p90": 18022.03554285709,
      "p95": 18251.20558238252,
      "p99": 18811.48252893545
    }
  },
  "details": {
    "DNSDialup": {
      "average": 0.0007474684200000003,
      "fastest": 0.000096029,
      "slowest": 0.001835277
    },
    "DNSLookup": {
      "average": 0.00004510727999999999,
      "fastest": 0.000004748,
      "slowest": 0.001702951
    }
  },
  "statusCodeDistribution": {
    "200": 171143
  },
  "errorDistribution": {}
}