{
  "summary": {
    "successRate": 1,
    "total": 10.000644199,
    "slowest": 0.159722214,
    "fastest": 0.000208199,
    "average": 0.0026445621866751493,
    "requestsPerSec": 18858.28515115639,
    "totalData": 2451735,
    "sizePerRequest": 13,
    "sizePerSec": 245157.70696503308
  },
  "responseTimeHistogram": {
    "0.000208199": 1,
    "0.0161596005": 188551,
    "0.032111002": 7,
    "0.048062403499999996": 6,
    "0.06401380500000001": 6,
    "0.07996520650000001": 5,
    "0.095916608": 4,
    "0.1118680095": 4,
    "0.127819411": 4,
    "0.14377081249999998": 3,
    "0.159722214": 4
  },
  "latencyPercentiles": {
    "p10": 0.002391075,
    "p25": 0.002477866,
    "p50": 0.002573858,
    "p75": 0.002667601,
    "p90": 0.002771808,
    "p95": 0.00287477,
    "p99": 0.005136063
  },
  "rps": {
    "mean": 18858.295732157654,
    "stddev": 1775.3532487605837,
    "max": 27773.42581646712,
    "percentiles": {
      "p10": 18106.26839011666,
      "p25": 18602.487152532776,
      "p50": 19010.913471373384,
      "p75": 19521.223474162925,
      "p90": 19937.374602430722,
      "p95": 20226.616597240296,
      "p99": 20807.27838597591
    }
  },
  "details": {
    "DNSDialup": {
      "average": 0.00083615718,
      "fastest": 0.000112931,
      "slowest": 0.00124665
    },
    "DNSLookup": {
      "average": 0.00000661224,
      "fastest": 0.000003356,
      "slowest": 0.000028073
    }
  },
  "statusCodeDistribution": {
    "200": 188595
  },
  "errorDistribution": {}
}