{
  "summary": {
    "successRate": 1,
    "total": 10.000249628,
    "slowest": 0.022034558,
    "fastest": 0.000343903,
    "average": 0.0028759345686561713,
    "requestsPerSec": 17338.867173326526,
    "totalData": 2254109,
    "sizePerRequest": 13,
    "sizePerSec": 225405.2732532448
  },
  "responseTimeHistogram": {
    "0.000343903": 1,
    "0.0025129685": 4109,
    "0.004682034": 164442,
    "0.006851099500000001": 4517,
    "0.009020165": 235,
    "0.011189230500000001": 35,
    "0.013358296": 11,
    "0.0155273615": 8,
    "0.017696427": 9,
    "0.0198654925": 13,
    "0.022034558000000003": 13
  },
  "latencyPercentiles": {
    "p10": 0.002639744,
    "p25": 0.002723104,
    "p50": 0.002801242,
    "p75": 0.00287054,
    "p90": 0.002971037,
    "p95": 0.003084881,
    "p99": 0.005632833
  },
  "rps": {
    "mean": 17340.141286176473,
    "stddev": 1607.646415189412,
    "max": 30816.705736179574,
    "percentiles": {
      "p10": 16780.351032884355,
      "p25": 17155.64261124563,
      "p50": 17514.183720766974,
      "p75": 17852.142537925058,
      "p90": 18194.59369260867,
      "p95": 18455.938102795757,
      "p99": 19392.62304619344
    }
  },
  "details": {
    "DNSDialup": {
      "average": 0.0009294804999999998,
      "fastest": 0.00012235,
      "slowest": 0.002039144
    },
    "DNSLookup": {
      "average": 0.00000885102,
      "fastest": 0.000004097,
      "slowest": 0.000034655
    }
  },
  "statusCodeDistribution": {
    "200": 173393
  },
  "errorDistribution": {}
}