{
  "summary": {
    "successRate": 1,
    "total": 10.000621395,
    "slowest": 0.021684922,
    "fastest": 0.00061602,
    "average": 0.0027773615267454622,
    "requestsPerSec": 17957.084155769102,
    "totalData": 2334566,
    "sizePerRequest": 13,
    "sizePerSec": 233442.09402499834
  },
  "responseTimeHistogram": {
    "0.00061602": 1,
    "0.0027229102000000003": 106945,
    "0.0048298004000000005": 67995,
    "0.006936690600000001": 4353,
    "0.009043580800000001": 214,
    "0.011150471": 24,
    "0.013257361200000001": 5,
    "0.015364251400000003": 8,
    "0.0174711416": 8,
    "0.0195780318": 16,
    "0.021684922": 13
  },
  "latencyPercentiles": {
    "p10": 0.002478225,
    "p25": 0.00256125,
    "p50": 0.002670455,
    "p75": 0.00284743,
    "p90": 0.002981003,
    "p95": 0.003152916,
    "p99": 0.005416943
  },
  "rps": {
    "mean": 17959.785489387843,
    "stddev": 1805.5155214273689,
    "max": 20361.09040347513,
    "percentiles": {
      "p10": 16582.14129511933,
      "p25": 17309.527163750896,
      "p50": 18436.81647882575,
      "p75": 18928.938248668186,
      "p90": 19314.470401221464,
      "p95": 19507.033140136078,
      "p99": 20012.29955930877
    }
  },
  "details": {
    "DNSDialup": {
      "average": 0.00100795552,
      "fastest": 0.000137247,
      "slowest": 0.001474259
    },
    "DNSLookup": {
      "average": 0.00000788322,
      "fastest": 0.000004538,
      "slowest": 0.00003214
    }
  },
  "statusCodeDistribution": {
    "200": 179582
  },
  "errorDistribution": {}
}