{
  "summary": {
    "successRate": 1,
    "total": 10.000654378,
    "slowest": 0.027375985,
    "fastest": 0.000177702,
    "average": 0.0017886484911113657,
    "requestsPerSec": 27904.67397952506,
    "totalData": 3627845,
    "sizePerRequest": 13,
    "sizePerSec": 362760.7617338258
  },
  "responseTimeHistogram": {
    "0.000177702": 1,
    "0.0028975303000000003": 258998,
    "0.0056173586000000005": 17660,
    "0.0083371869": 2183,
    "0.0110570152": 140,
    "0.013776843500000002": 32,
    "0.016496671799999998": 2,
    "0.0192165001": 8,
    "0.0219363284": 9,
    "0.0246561567": 15,
    "0.027375985000000002": 17
  },
  "latencyPercentiles": {
    "p10": 0.001499816,
    "p25": 0.001534215,
    "p50": 0.001566216,
    "p75": 0.001638217,
    "p90": 0.002083521,
    "p95": 0.003649937,
    "p99": 0.005258354
  },
  "rps": {
    "mean": 27893.10673811859,
    "stddev": 6670.246070492894,
    "max": 33657.21389790452,
    "percentiles": {
      "p10": 12920.020864331145,
      "p25": 28910.983282549412,
      "p50": 30638.29480467531,
      "p75": 31410.877255626314,
      "p90": 31916.912772077587,
      "p95": 32088.236231991817,
      "p99": 32641.121284593857
    }
  },
  "details": {
    "DNSDialup": {
      "average": 0.00171305782,
      "fastest": 0.000080401,
      "slowest": 0.003418136
    },
    "DNSLookup": {
      "average": 0.000007292080000000002,
      "fastest": 0.0000041,
      "slowest": 0.000068901
    }
  },
  "statusCodeDistribution": {
    "200": 279065
  },
  "errorDistribution": {}
}