{
  "summary": {
    "successRate": 1,
    "total": 10.000528354,
    "slowest": 0.156058893,
    "fastest": 0.000464551,
    "average": 0.002698279016539052,
    "requestsPerSec": 18482.523468479532,
    "totalData": 2402855,
    "sizePerRequest": 13,
    "sizePerSec": 240272.80509023395
  },
  "responseTimeHistogram": {
    "0.000464551": 1,
    "0.0160239852": 184790,
    "0.0315834194": 8,
    "0.0471428536": 6,
    "0.06270228779999999": 5,
    "0.07826172199999999": 5,
    "0.09382115619999999": 5,
    "0.10938059039999999": 4,
    "0.12494002459999999": 4,
    "0.1404994588": 3,
    "0.156058893": 4
  },
  "latencyPercentiles": {
    "p10": 0.002469236,
    "p25": 0.00254817,
    "p50": 0.002628601,
    "p75": 0.002718307,
    "p90": 0.002802942,
    "p95": 0.002880074,
    "p99": 0.005217074
  },
  "rps": {
    "mean": 18482.15191686997,
    "stddev": 1589.4726610624962,
    "max": 22937.753837709457,
    "percentiles": {
      "p10": 17750.72269008726,
      "p25": 18245.518920602033,
      "p50": 18717.92053712225,
      "p75": 19077.040721249214,
      "p90": 19402.755191237196,
      "p95": 19620.868756007254,
      "p99": 20213.2081146874
    }
  },
  "details": {
    "DNSDialup": {
      "average": 0.0009514960600000002,
      "fastest": 0.000137902,
      "slowest": 0.001327543
    },
    "DNSLookup": {
      "average": 0.00000810108,
      "fastest": 0.000004257,
      "slowest": 0.000039744
    }
  },
  "statusCodeDistribution": {
    "200": 184835
  },
  "errorDistribution": {}
}