{
  "summary": {
    "successRate": 1,
    "total": 10.000735139,
    "slowest": 0.02251365,
    "fastest": 0.000067101,
    "average": 0.0014747519668900796,
    "requestsPerSec": 33851.411450723754,
    "totalData": 4401007,
    "sizePerRequest": 13,
    "sizePerSec": 440068.3488594088
  },
  "responseTimeHistogram": {
    "0.000067101": 1,
    "0.0023117559": 327533,
    "0.0045564108": 8054,
    "0.006801065699999999": 2346,
    "0.0090457206": 397,
    "0.0112903755": 125,
    "0.013535030399999998": 37,
    "0.0157796853": 7,
    "0.0180243402": 9,
    "0.0202689951": 15,
    "0.02251365": 15
  },
  "latencyPercentiles": {
    "p10": 0.001328815,
    "p25": 0.001346015,
    "p50": 0.001366715,
    "p75": 0.001393216,
    "p90": 0.001624918,
    "p95": 0.00172302,
    "p99": 0.004391649
  },
  "rps": {
    "mean": 33842.56873831947,
    "stddev": 6047.646586097953,
    "max": 39328.273095528195,
    "percentiles": {
      "p10": 32837.727264850284,
      "p25": 34846.30725771542,
      "p50": 35443.55658668954,
      "p75": 36173.3921954263,
      "p90": 36540.88925507861,
      "p95": 36693.52813385951,
      "p99": 36940.96383479398
    }
  },
  "details": {
    "DNSDialup": {
      "average": 0.0013977095000000002,
      "fastest": 0.000073001,
      "slowest": 0.002967133
    },
    "DNSLookup": {
      "average": 0.00000472004,
      "fastest": 0.0000033,
      "slowest": 0.0000408
    }
  },
  "statusCodeDistribution": {
    "200": 338539
  },
  "errorDistribution": {}
}