{
  "summary": {
    "successRate": 1,
    "total": 10.000596246,
    "slowest": 0.023154527,
    "fastest": 0.00037391,
    "average": 0.002768268643139029,
    "requestsPerSec": 18016.025801667984,
    "totalData": 2342223,
    "sizePerRequest": 13,
    "sizePerSec": 234208.3354216838
  },
  "responseTimeHistogram": {
    "0.00037391": 1,
    "0.0026519716999999997": 78466,
    "0.0049300334": 97263,
    "0.007208095099999999": 4136,
    "0.0094861568": 229,
    "0.0117642185": 25,
    "0.014042280199999998": 9,
    "0.0163203419": 7,
    "0.0185984036": 10,
    "0.0208764653": 15,
    "0.023154527": 10
  },
  "latencyPercentiles": {
    "p10": 0.002489692,
    "p25": 0.002574931,
    "p50": 0.002677756,
    "p75": 0.00280272,
    "p90": 0.002923137,
    "p95": 0.003046777,
    "p99": 0.005420554
  },
  "rps": {
    "mean": 18015.543572698854,
    "stddev": 1719.503517577193,
    "max": 21563.755399214333,
    "percentiles": {
      "p10": 16930.786942977433,
      "p25": 17750.0053149744,
      "p50": 18348.231997451814,
      "p75": 18807.332979129333,
      "p90": 19133.58326534706,
      "p95": 19375.315727294197,
      "p99": 19817.790430470337
    }
  },
  "details": {
    "DNSDialup": {
      "average": 0.0006898251399999998,
      "fastest": 0.000080663,
      "slowest": 0.001156997
    },
    "DNSLookup": {
      "average": 0.000007439539999999999,
      "fastest": 0.000003837,
      "slowest": 0.000035346
    }
  },
  "statusCodeDistribution": {
    "200": 180171
  },
  "errorDistribution": {}
}