{
  "summary": {
    "successRate": 1,
    "total": 10.00057782,
    "slowest": 0.032005742,
    "fastest": 0.0001648,
    "average": 0.0031079548567728376,
    "requestsPerSec": 16061.67192447286,
    "totalData": 2088138,
    "sizePerRequest": 13,
    "sizePerSec": 208801.73501814718
  },
  "responseTimeHistogram": {
    "0.0001648": 1,
    "0.0033488942": 141440,
    "0.006532988399999999": 15796,
    "0.0097170826": 2505,
    "0.012901176799999999": 639,
    "0.016085270999999998": 100,
    "0.0192693652": 40,
    "0.022453459399999997": 32,
    "0.025637553599999998": 43,
    "0.0288216478": 15,
    "0.032005742": 15
  },
  "latencyPercentiles": {
    "p10": 0.002606593,
    "p25": 0.002716193,
    "p50": 0.002850695,
    "p75": 0.003050594,
    "p90": 0.003482693,
    "p95": 0.004987086,
    "p99": 0.008518884
  },
  "rps": {
    "mean": 16030.755495243975,
    "stddev": 3058.4260199260298,
    "max": 22907.855103514335,
    "percentiles": {
      "p10": 12921.09756810842,
      "p25": 15945.011172037515,
      "p50": 16954.845210337142,
      "p75": 17552.356925473043,
      "p90": 18110.717922866825,
      "p95": 18400.703369400966,
      "p99": 18885.22714156775
    }
  },
  "details": {
    "DNSDialup": {
      "average": 0.0020423183,
      "fastest": 0.0000894,
      "slowest": 0.004371092
    },
    "DNSLookup": {
      "average": 0.0000072239599999999995,
      "fastest": 0.0000054,
      "slowest": 0.000049599
    }
  },
  "statusCodeDistribution": {
    "200": 160626
  },
  "errorDistribution": {}
}