{
  "summary": {
    "successRate": 1,
    "total": 10.000632474,
    "slowest": 0.152566794,
    "fastest": 0.000824608,
    "average": 0.0026859392741974478,
    "requestsPerSec": 18574.12523487162,
    "totalData": 2414789,
    "sizePerRequest": 13,
    "sizePerSec": 241463.62805333108
  },
  "responseTimeHistogram": {
    "0.000824608": 1,
    "0.015998826600000002": 185708,
    "0.031173045200000003": 9,
    "0.0463472638": 5,
    "0.0615214824": 5,
    "0.076695701": 6,
    "0.09186991960000002": 4,
    "0.10704413820000001": 4,
    "0.12221835680000001": 4,
    "0.13739257540000002": 3,
    "0.152566794": 4
  },
  "latencyPercentiles": {
    "p10": 0.002500224,
    "p25": 0.002554144,
    "p50": 0.002608526,
    "p75": 0.002672906,
    "p90": 0.002769987,
    "p95": 0.002863722,
    "p99": 0.005187546
  },
  "rps": {
    "mean": 18580.298824773487,
    "stddev": 1512.5493583710736,
    "max": 25932.264923818533,
    "percentiles": {
      "p10": 18201.055661228387,
      "p25": 18523.91622824063,
      "p50": 18802.128400934474,
      "p75": 19039.17500649344,
      "p90": 19267.422491524758,
      "p95": 19430.322962014612,
      "p99": 19713.162478587394
    }
  },
  "details": {
    "DNSDialup": {
      "average": 0.0013577573400000004,
      "fastest": 0.000118751,
      "slowest": 0.002589097
    },
    "DNSLookup": {
      "average": 0.00000698154,
      "fastest": 0.000002605,
      "slowest": 0.000028763
    }
  },
  "statusCodeDistribution": {
    "200": 185753
  },
  "errorDistribution": {}
}