{
  "summary": {
    "successRate": 1,
    "total": 10.000687216,
    "slowest": 0.157617568,
    "fastest": 0.000836272,
    "average": 0.0025265155557361576,
    "requestsPerSec": 19742.543260839047,
    "totalData": 2566707,
    "sizePerRequest": 13,
    "sizePerSec": 256653.0623909076
  },
  "responseTimeHistogram": {
    "0.000836272": 1,
    "0.0165144016": 197395,
    "0.0321925312": 8,
    "0.0478706608": 5,
    "0.0635487904": 6,
    "0.07922692": 5,
    "0.0949050496": 4,
    "0.11058317919999999": 4,
    "0.1262613088": 4,
    "0.1419394384": 3,
    "0.157617568": 4
  },
  "latencyPercentiles": {
    "p10": 0.002309552,
    "p25": 0.00237234,
    "p50": 0.002447552,
    "p75": 0.002534421,
    "p90": 0.002635495,
    "p95": 0.002731138,
    "p99": 0.004889769
  },
  "rps": {
    "mean": 19741.216163261768,
    "stddev": 1743.9878517020156,
    "max": 24803.702890357366,
    "percentiles": {
      "p10": 19117.909657768992,
      "p25": 19613.900371193842,
      "p50": 20019.765514492537,
      "p75": 20371.78201109381,
      "p90": 20641.036444554138,
      "p95": 20810.509307200016,
      "p99": 21171.908269244228
    }
  },
  "details": {
    "DNSDialup": {
      "average": 0.00079549912,
      "fastest": 0.000095961,
      "slowest": 0.001302132
    },
    "DNSLookup": {
      "average": 0.0000061788000000000026,
      "fastest": 0.000003276,
      "slowest": 0.000027181
    }
  },
  "statusCodeDistribution": {
    "200": 197439
  },
  "errorDistribution": {}
}