{
  "summary": {
    "successRate": 1,
    "total": 10.00057117,
    "slowest": 0.158061532,
    "fastest": 0.000643685,
    "average": 0.0026557354516288387,
    "requestsPerSec": 18778.727415426212,
    "totalData": 2441374,
    "sizePerRequest": 13,
    "sizePerSec": 244123.45640054074
  },
  "responseTimeHistogram": {
    "0.000643685": 1,
    "0.016385469700000002": 187754,
    "0.0321272544": 8,
    "0.0478690391": 5,
    "0.06361082380000001": 6,
    "0.0793526085": 5,
    "0.09509439320000002": 4,
    "0.11083617790000001": 4,
    "0.1265779626": 4,
    "0.14231974730000002": 3,
    "0.158061532": 4
  },
  "latencyPercentiles": {
    "p10": 0.002437428,
    "p25": 0.002520094,
    "p50": 0.00259279,
    "p75": 0.002657211,
    "p90": 0.002739027,
    "p95": 0.002815949,
    "p99": 0.005131773
  },
  "rps": {
    "mean": 18777.671909134075,
    "stddev": 1610.6631547920394,
    "max": 21764.695557545467,
    "percentiles": {
      "p10": 18345.76534623213,
      "p25": 18695.900622241366,
      "p50": 18992.361754449033,
      "p75": 19315.887599240075,
      "p90": 19623.679894529374,
      "p95": 19775.44530136976,
      "p99": 20125.80732273002
    }
  },
  "details": {
    "DNSDialup": {
      "average": 0.0007917314399999999,
      "fastest": 0.000103565,
      "slowest": 0.00103909
    },
    "DNSLookup": {
      "average": 0.0000075925400000000025,
      "fastest": 0.000003397,
      "slowest": 0.000033743
    }
  },
  "statusCodeDistribution": {
    "200": 187798
  },
  "errorDistribution": {}
}