{
  "summary": {
    "successRate": 1,
    "total": 10.000612252,
    "slowest": 0.157599247,
    "fastest": 0.000291662,
    "average": 0.00272390401265013,
    "requestsPerSec": 18314.87866789058,
    "totalData": 2381080,
    "sizePerRequest": 13,
    "sizePerSec": 238093.42268257757
  },
  "responseTimeHistogram": {
    "0.000291662": 1,
    "0.016022420500000002": 183116,
    "0.031753179": 8,
    "0.047483937500000004": 5,
    "0.063214696": 6,
    "0.0789454545": 5,
    "0.09467621300000001": 4,
    "0.1104069715": 4,
    "0.12613773": 3,
    "0.1418684885": 3,
    "0.157599247": 5
  },
  "latencyPercentiles": {
    "p10": 0.002538607,
    "p25": 0.002589999,
    "p50": 0.002643232,
    "p75": 0.002711331,
    "p90": 0.002814971,
    "p95": 0.002913292,
    "p99": 0.005240159
  },
  "rps": {
    "mean": 18313.150911654066,
    "stddev": 1535.7981434203205,
    "max": 22347.459299313203,
    "percentiles": {
      "p10": 17966.665311638586,
      "p25": 18306.707970086904,
      "p50": 18553.128739458138,
      "p75": 18795.033327011042,
      "p90": 19003.298972701596,
      "p95": 19107.610561285346,
      "p99": 19733.122045352928
    }
  },
  "details": {
    "DNSDialup": {
      "average": 0.00078753598,
      "fastest": 0.000084007,
      "slowest": 0.001566171
    },
    "DNSLookup": {
      "average": 0.000006669400000000001,
      "fastest": 0.000003256,
      "slowest": 0.000033352
    }
  },
  "statusCodeDistribution": {
    "200": 183160
  },
  "errorDistribution": {}
}