{
  "summary": {
    "successRate": 1,
    "total": 10.000415464,
    "slowest": 0.021536957,
    "fastest": 0.000211559,
    "average": 0.002757473503151511,
    "requestsPerSec": 18085.64860640874,
    "totalData": 2351232,
    "sizePerRequest": 13,
    "sizePerSec": 235113.4318833136
  },
  "responseTimeHistogram": {
    "0.000211559": 1,
    "0.0023440988": 3914,
    "0.0044766386": 172159,
    "0.0066091784": 4478,
    "0.0087417182": 171,
    "0.010874258": 76,
    "0.0130067978": 20,
    "0.0151393376": 8,
    "0.0172718774": 9,
    "0.0194044172": 12,
    "0.021536957": 16
  },
  "latencyPercentiles": {
    "p10": 0.002479545,
    "p25": 0.002582031,
    "p50": 0.002685583,
    "p75": 0.002790912,
    "p90": 0.002885528,
    "p95": 0.003008278,
    "p99": 0.005416715
  },
  "rps": {
    "mean": 18089.19328747374,
    "stddev": 1679.9806551734896,
    "max": 28001.727475748023,
    "percentiles": {
      "p10": 17286.522502427542,
      "p25": 17728.663703476424,
      "p50": 18235.97410611907,
      "p75": 18748.019301838263,
      "p90": 19301.02102401135,
      "p95": 19657.23203105933,
      "p99": 20368.11096306124
    }
  },
  "details": {
    "DNSDialup": {
      "average": 0.0007574824200000001,
      "fastest": 0.000104005,
      "slowest": 0.001213487
    },
    "DNSLookup": {
      "average": 0.000008680380000000001,
      "fastest": 0.000004439,
      "slowest": 0.000030938
    }
  },
  "statusCodeDistribution": {
    "200": 180864
  },
  "errorDistribution": {}
}