{
  "summary": {
    "successRate": 1,
    "total": 10.000616854,
    "slowest": 0.138164961,
    "fastest": 0.000143651,
    "average": 0.002654247180313842,
    "requestsPerSec": 18792.740762268983,
    "totalData": 2443207,
    "sizePerRequest": 13,
    "sizePerSec": 244305.62990949678
  },
  "responseTimeHistogram": {
    "0.000143651": 1,
    "0.013945782": 187894,
    "0.027747913000000003": 8,
    "0.041550044": 5,
    "0.055352175": 4,
    "0.069154306": 11,
    "0.082956437": 3,
    "0.096758568": 4,
    "0.110560699": 3,
    "0.12436283": 3,
    "0.138164961": 3
  },
  "latencyPercentiles": {
    "p10": 0.002448993,
    "p25": 0.002517092,
    "p50": 0.002577877,
    "p75": 0.002643936,
    "p90": 0.002724345,
    "p95": 0.002817594,
    "p99": 0.005115372
  },
  "rps": {
    "mean": 18788.71809530238,
    "stddev": 1810.0407871532968,
    "max": 27079.163225774173,
    "percentiles": {
      "p10": 18446.769940507,
      "p25": 18754.331297767985,
      "p50": 19082.664193017263,
      "p75": 19353.01953230965,
      "p90": 19646.12394064591,
      "p95": 19865.570287849256,
      "p99": 20413.13366942123
    }
  },
  "details": {
    "DNSDialup": {
      "average": 0.00064105696,
      "fastest": 0.000059191,
      "slowest": 0.00136225
    },
    "DNSLookup": {
      "average": 0.00000850848,
      "fastest": 0.000002414,
      "slowest": 0.000174436
    }
  },
  "statusCodeDistribution": {
    "200": 187939
  },
  "errorDistribution": {}
}