{
  "summary": {
    "successRate": 1,
    "total": 10.000353706,
    "slowest": 0.024053184,
    "fastest": 0.000377691,
    "average": 0.002980655420279521,
    "requestsPerSec": 16731.60819297925,
    "totalData": 2175186,
    "sizePerRequest": 13,
    "sizePerSec": 217510.90650873023
  },
  "responseTimeHistogram": {
    "0.000377691": 1,
    "0.0027452402999999996": 12908,
    "0.0051127896": 150259,
    "0.0074803388999999994": 3990,
    "0.009847888199999998": 88,
    "0.012215437499999999": 22,
    "0.014582986799999998": 11,
    "0.016950536099999997": 8,
    "0.019318085399999997": 9,
    "0.021685634699999998": 14,
    "0.024053184": 12
  },
  "latencyPercentiles": {
    "p10": 0.002764934,
    "p25": 0.002836168,
    "p50": 0.002889989,
    "p75": 0.002946544,
    "p90": 0.003088173,
    "p95": 0.003208955,
    "p99": 0.005804673
  },
  "rps": {
    "mean": 16735.940672687313,
    "stddev": 1415.8309199098157,
    "max": 25007.204575639633,
    "percentiles": {
      "p10": 16335.901410530008,
      "p25": 16647.59046686664,
      "p50": 16929.895952532377,
      "p75": 17144.54151886673,
      "p90": 17418.940006148765,
      "p95": 17603.360481516043,
      "p99": 18227.603883320928
    }
  },
  "details": {
    "DNSDialup": {
      "average": 0.0016466881800000002,
      "fastest": 0.000079408,
      "slowest": 0.003593428
    },
    "DNSLookup": {
      "average": 0.00000764446,
      "fastest": 0.000003186,
      "slowest": 0.000061331
    }
  },
  "statusCodeDistribution": {
    "200": 167322
  },
  "errorDistribution": {}
}