{
  "summary": {
    "successRate": 1,
    "total": 10.000678321,
    "slowest": 0.253085352,
    "fastest": 0.000138466,
    "average": 0.0018229629478395408,
    "requestsPerSec": 27346.445033205862,
    "totalData": 3555279,
    "sizePerRequest": 13,
    "sizePerSec": 355503.7854316762
  },
  "responseTimeHistogram": {
    "0.000138466": 1,
    "0.025433154599999997": 273442,
    "0.05072784319999999": 8,
    "0.07602253179999999": 4,
    "0.10131722039999999": 4,
    "0.126611909": 6,
    "0.15190659759999997": 4,
    "0.17720128619999997": 3,
    "0.20249597479999998": 4,
    "0.22779066339999998": 3,
    "0.253085352": 4
  },
  "latencyPercentiles": {
    "p10": 0.001597664,
    "p25": 0.001654458,
    "p50": 0.001716871,
    "p75": 0.001788268,
    "p90": 0.001928836,
    "p95": 0.0020729,
    "p99": 0.004127102
  },
  "rps": {
    "mean": 27332.954956752972,
    "stddev": 4842.129786914255,
    "max": 35307.35805341952,
    "percentiles": {
      "p10": 26673.517549068372,
      "p25": 27830.444074422758,
      "p50": 28478.806553493792,
      "p75": 29028.383833179807,
      "p90": 29534.9999424573,
      "p95": 29837.565494955743,
      "p99": 30827.17106857801
    }
  },
  "details": {
    "DNSDialup": {
      "average": 0.0006587524999999999,
      "fastest": 0.000066599,
      "slowest": 0.00119069
    },
    "DNSLookup": {
      "average": 0.000005063559999999998,
      "fastest": 0.000002644,
      "slowest": 0.00003327
    }
  },
  "statusCodeDistribution": {
    "200": 273483
  },
  "errorDistribution": {}
}