{
  "summary": {
    "successRate": 1,
    "total": 10.00059958,
    "slowest": 0.158617193,
    "fastest": 0.000827442,
    "average": 0.002574741940449625,
    "requestsPerSec": 19372.33847332982,
    "totalData": 2518555,
    "sizePerRequest": 13,
    "sizePerSec": 251840.40015328763
  },
  "responseTimeHistogram": {
    "0.000827442": 1,
    "0.0166064171": 193691,
    "0.032385392199999995": 8,
    "0.0481643673": 5,
    "0.06394334239999999": 6,
    "0.07972231749999999": 5,
    "0.0955012926": 4,
    "0.11128026769999999": 4,
    "0.1270592428": 4,
    "0.1428382179": 3,
    "0.158617193": 4
  },
  "latencyPercentiles": {
    "p10": 0.002358956,
    "p25": 0.002424468,
    "p50": 0.002498447,
    "p75": 0.002580455,
    "p90": 0.002671471,
    "p95": 0.002755961,
    "p99": 0.004988408
  },
  "rps": {
    "mean": 19370.89949708416,
    "stddev": 1675.1047629645009,
    "max": 21605.247804153263,
    "percentiles": {
      "p10": 18911.290040154625,
      "p25": 19263.051821220306,
      "p50": 19625.267531946756,
      "p75": 19934.995885275926,
      "p90": 20221.20800295399,
      "p95": 20383.711827734187,
      "p99": 20671.82217897846
    }
  },
  "details": {
    "DNSDialup": {
      "average": 0.0007853907999999999,
      "fastest": 0.000122938,
      "slowest": 0.001189692
    },
    "DNSLookup": {
      "average": 0.000006368100000000002,
      "fastest": 0.000003356,
      "slowest": 0.000033874
    }
  },
  "statusCodeDistribution": {
    "200": 193735
  },
  "errorDistribution": {}
}