{
  "summary": {
    "successRate": 1,
    "total": 10.000213954,
    "slowest": 0.021163539,
    "fastest": 0.00077252,
    "average": 0.002902808756670709,
    "requestsPerSec": 17179.23244345018,
    "totalData": 2233348,
    "sizePerRequest": 13,
    "sizePerSec": 223330.02176485234
  },
  "responseTimeHistogram": {
    "0.00077252": 1,
    "0.0028116219": 72344,
    "0.0048507238": 94819,
    "0.0068898257": 4330,
    "0.0089289276": 200,
    "0.0109680295": 50,
    "0.013007131400000002": 9,
    "0.015046233300000001": 7,
    "0.0170853352": 10,
    "0.0191244371": 15,
    "0.021163539": 11
  },
  "latencyPercentiles": {
    "p10": 0.002679118,
    "p25": 0.002757098,
    "p50": 0.002829841,
    "p75": 0.002882145,
    "p90": 0.002973025,
    "p95": 0.003070488,
    "p99": 0.005682738
  },
  "rps": {
    "mean": 17180.01144716389,
    "stddev": 1531.8839672651504,
    "max": 29201.2612135105,
    "percentiles": {
      "p10": 16808.7523173321,
      "p25": 17097.422824999132,
      "p50": 17336.635778727363,
      "p75": 17635.707015995908,
      "p90": 17920.022040626132,
      "p95": 18130.60082807771,
      "p99": 18741.475651398112
    }
  },
  "details": {
    "DNSDialup": {
      "average": 0.0009016427799999998,
      "fastest": 0.000110837,
      "slowest": 0.001539865
    },
    "DNSLookup": {
      "average": 0.000008877020000000001,
      "fastest": 0.000003667,
      "slowest": 0.000028164
    }
  },
  "statusCodeDistribution": {
    "200": 171796
  },
  "errorDistribution": {}
}