{
  "summary": {
    "successRate": 1,
    "total": 10.000356978,
    "slowest": 0.022493247,
    "fastest": 0.000353078,
    "average": 0.002899499127444193,
    "requestsPerSec": 17198.286059023925,
    "totalData": 2235857,
    "sizePerRequest": 13,
    "sizePerSec": 223577.71876731102
  },
  "responseTimeHistogram": {
    "0.000353078": 1,
    "0.0025670949": 5055,
    "0.0047811118": 162281,
    "0.0069951287": 4343,
    "0.0092091456": 226,
    "0.0114231625": 25,
    "0.0136371794": 16,
    "0.0158511963": 7,
    "0.0180652132": 10,
    "0.0202792301": 14,
    "0.022493247": 11
  },
  "latencyPercentiles": {
    "p10": 0.00265847,
    "p25": 0.002739852,
    "p50": 0.002819951,
    "p75": 0.002886142,
    "p90": 0.002991407,
    "p95": 0.003128749,
    "p99": 0.005659749
  },
  "rps": {
    "mean": 17200.556398474295,
    "stddev": 1460.6828023103963,
    "max": 20210.034282020602,
    "percentiles": {
      "p10": 16841.043306643485,
      "p25": 17110.569198593475,
      "p50": 17376.33598160036,
      "p75": 17686.895533731942,
      "p90": 18024.88335146554,
      "p95": 18248.660891083466,
      "p99": 18689.932215836223
    }
  },
  "details": {
    "DNSDialup": {
      "average": 0.0009936191800000004,
      "fastest": 0.000105367,
      "slowest": 0.002042072
    },
    "DNSLookup": {
      "average": 0.00000968168,
      "fastest": 0.000004068,
      "slowest": 0.00004319
    }
  },
  "statusCodeDistribution": {
    "200": 171989
  },
  "errorDistribution": {}
}