{
  "summary": {
    "successRate": 1,
    "total": 10.000680252,
    "slowest": 0.154437791,
    "fastest": 0.000771476,
    "average": 0.002615408691361403,
    "requestsPerSec": 19068.90283407093,
    "totalData": 2479126,
    "sizePerRequest": 13,
    "sizePerSec": 247895.7368429221
  },
  "responseTimeHistogram": {
    "0.000771476": 1,
    "0.0161381075": 190658,
    "0.031504739": 7,
    "0.0468713705": 6,
    "0.062238002": 5,
    "0.07760463349999999": 6,
    "0.092971265": 4,
    "0.10833789649999999": 4,
    "0.123704528": 4,
    "0.13907115949999999": 3,
    "0.154437791": 4
  },
  "latencyPercentiles": {
    "p10": 0.002385588,
    "p25": 0.002458422,
    "p50": 0.002540254,
    "p75": 0.002632012,
    "p90": 0.002741672,
    "p95": 0.002840228,
    "p99": 0.005072573
  },
  "rps": {
    "mean": 19065.103436557372,
    "stddev": 1700.476579923195,
    "max": 30209.410231286845,
    "percentiles": {
      "p10": 18471.747963440677,
      "p25": 18889.840079418223,
      "p50": 19252.445587023507,
      "p75": 19626.9458339375,
      "p90": 19958.306195719713,
      "p95": 20150.424422072738,
      "p99": 20735.73181306124
    }
  },
  "details": {
    "DNSDialup": {
      "average": 0.0008222535799999999,
      "fastest": 0.000094918,
      "slowest": 0.001722646
    },
    "DNSLookup": {
      "average": 0.000007570599999999998,
      "fastest": 0.000003356,
      "slowest": 0.000030747
    }
  },
  "statusCodeDistribution": {
    "200": 190702
  },
  "errorDistribution": {}
}