{
  "summary": {
    "successRate": 1,
    "total": 10.000570927,
    "slowest": 0.158187578,
    "fastest": 0.000828258,
    "average": 0.0026790713612021458,
    "requestsPerSec": 18615.93716588417,
    "totalData": 2420210,
    "sizePerRequest": 13,
    "sizePerSec": 242007.1831564942
  },
  "responseTimeHistogram": {
    "0.000828258": 1,
    "0.01656419": 186127,
    "0.032300122": 8,
    "0.048036054": 5,
    "0.063771986": 5,
    "0.07950791800000001": 5,
    "0.09524385": 4,
    "0.110979782": 4,
    "0.126715714": 4,
    "0.14245164600000002": 3,
    "0.15818757800000002": 4
  },
  "latencyPercentiles": {
    "p10": 0.002450148,
    "p25": 0.002531226,
    "p50": 0.002613465,
    "p75": 0.002696341,
    "p90": 0.002783606,
    "p95": 0.002873655,
    "p99": 0.005191286
  },
  "rps": {
    "mean": 18614.630649141756,
    "stddev": 1635.2057333086263,
    "max": 25990.7336511771,
    "percentiles": {
      "p10": 18102.771534321684,
      "p25": 18438.55501854363,
      "p50": 18776.169285942877,
      "p75": 19117.540343264875,
      "p90": 19456.864632574918,
      "p95": 19710.23158121349,
      "p99": 21454.900946030764
    }
  },
  "details": {
    "DNSDialup": {
      "average": 0.0007340139200000001,
      "fastest": 0.000072499,
      "slowest": 0.001593038
    },
    "DNSLookup": {
      "average": 0.000007427499999999996,
      "fastest": 0.000003547,
      "slowest": 0.000032752
    }
  },
  "statusCodeDistribution": {
    "200": 186170
  },
  "errorDistribution": {}
}