{
  "summary": {
    "successRate": 1,
    "total": 10.000647046,
    "slowest": 0.153346983,
    "fastest": 0.000569535,
    "average": 0.002581849217074163,
    "requestsPerSec": 19317.950039769858,
    "totalData": 2511496,
    "sizePerRequest": 13,
    "sizePerSec": 251133.35051700816
  },
  "responseTimeHistogram": {
    "0.000569535": 1,
    "0.0158472798": 193148,
    "0.031125024599999995": 7,
    "0.046402769399999995": 6,
    "0.061680514199999995": 6,
    "0.07695825899999999": 5,
    "0.09223600379999998": 5,
    "0.10751374859999999": 3,
    "0.12279149339999998": 4,
    "0.1380692382": 3,
    "0.153346983": 4
  },
  "latencyPercentiles": {
    "p10": 0.002361835,
    "p25": 0.002434461,
    "p50": 0.002510273,
    "p75": 0.002590913,
    "p90": 0.00269059,
    "p95": 0.002777639,
    "p99": 0.0049919
  },
  "rps": {
    "mean": 19314.79303470675,
    "stddev": 1619.15128692385,
    "max": 21649.466866843653,
    "percentiles": {
      "p10": 18835.623815322127,
      "p25": 19177.303711259086,
      "p50": 19513.03275457754,
      "p75": 19841.758965919376,
      "p90": 20191.548480811995,
      "p95": 20404.188979996674,
      "p99": 20801.922097602404
    }
  },
  "details": {
    "DNSDialup": {
      "average": 0.0006975532400000002,
      "fastest": 0.000097074,
      "slowest": 0.001548193
    },
    "DNSLookup": {
      "average": 0.000006471040000000001,
      "fastest": 0.000003186,
      "slowest": 0.00002674
    }
  },
  "statusCodeDistribution": {
    "200": 193192
  },
  "errorDistribution": {}
}