{
  "summary": {
    "successRate": 1,
    "total": 10.000597272,
    "slowest": 0.153831648,
    "fastest": 0.000501783,
    "average": 0.002580995763752025,
    "requestsPerSec": 19325.145763153974,
    "totalData": 2512419,
    "sizePerRequest": 13,
    "sizePerSec": 251226.89492100166
  },
  "responseTimeHistogram": {
    "0.000501783": 1,
    "0.0158347695": 193219,
    "0.031167755999999994": 8,
    "0.04650074249999999": 5,
    "0.06183372899999999": 6,
    "0.0771667155": 5,
    "0.09249970199999999": 5,
    "0.1078326885": 3,
    "0.12316567499999999": 4,
    "0.13849866149999998": 3,
    "0.153831648": 4
  },
  "latencyPercentiles": {
    "p10": 0.00235404,
    "p25": 0.002419004,
    "p50": 0.002501967,
    "p75": 0.002599119,
    "p90": 0.002694974,
    "p95": 0.002780591,
    "p99": 0.00498782
  },
  "rps": {
    "mean": 19320.300853907884,
    "stddev": 1691.8436936205878,
    "max": 21966.94866945971,
    "percentiles": {
      "p10": 18615.516032612697,
      "p25": 19063.774043306454,
      "p50": 19617.133604489947,
      "p75": 20022.643607655464,
      "p90": 20338.347955069232,
      "p95": 20469.94991284146,
      "p99": 20820.055959905483
    }
  },
  "details": {
    "DNSDialup": {
      "average": 0.0007543014999999998,
      "fastest": 0.000079609,
      "slowest": 0.00156102
    },
    "DNSLookup": {
      "average": 0.0000065056999999999985,
      "fastest": 0.000003257,
      "slowest": 0.000032321
    }
  },
  "statusCodeDistribution": {
    "200": 193263
  },
  "errorDistribution": {}
}