{
  "summary": {
    "successRate": 1,
    "total": 10.000276774,
    "slowest": 0.023827925,
    "fastest": 0.000980421,
    "average": 0.0028934547734894376,
    "requestsPerSec": 17234.922982142656,
    "totalData": 2240602,
    "sizePerRequest": 13,
    "sizePerSec": 224053.9987678545
  },
  "responseTimeHistogram": {
    "0.000980421": 1,
    "0.0032651714": 165754,
    "0.0055499218": 3984,
    "0.0078346722": 2462,
    "0.0101194226": 80,
    "0.012404173000000001": 23,
    "0.0146889234": 8,
    "0.0169736738": 8,
    "0.0192584242": 9,
    "0.0215431746": 14,
    "0.023827925": 11
  },
  "latencyPercentiles": {
    "p10": 0.002674584,
    "p25": 0.002746716,
    "p50": 0.002814308,
    "p75": 0.002878331,
    "p90": 0.002976,
    "p95": 0.003086387,
    "p99": 0.00565198
  },
  "rps": {
    "mean": 17239.627020513864,
    "stddev": 1512.260508307814,
    "max": 25611.247576095644,
    "percentiles": {
      "p10": 16819.931618967963,
      "p25": 17134.3063080892,
      "p50": 17413.348710763177,
      "p75": 17697.52575517885,
      "p90": 17933.93818462002,
      "p95": 18110.080070567285,
      "p99": 18818.517421143923
    }
  },
  "details": {
    "DNSDialup": {
      "average": 0.0008982026200000001,
      "fastest": 0.000094528,
      "slowest": 0.001882201
    },
    "DNSLookup": {
      "average": 0.000011364900000000002,
      "fastest": 0.000003838,
      "slowest": 0.000200428
    }
  },
  "statusCodeDistribution": {
    "200": 172354
  },
  "errorDistribution": {}
}