{
  "summary": {
    "successRate": 1,
    "total": 10.000578488,
    "slowest": 0.157673389,
    "fastest": 0.00089387,
    "average": 0.0025168657915912267,
    "requestsPerSec": 19816.153659290194,
    "totalData": 2576249,
    "sizePerRequest": 13,
    "sizePerSec": 257609.9975707725
  },
  "responseTimeHistogram": {
    "0.00089387": 1,
    "0.016571821900000002": 198129,
    "0.0322497738": 8,
    "0.0479277257": 5,
    "0.06360567760000001": 6,
    "0.07928362950000001": 5,
    "0.09496158140000001": 4,
    "0.11063953330000001": 4,
    "0.1263174852": 4,
    "0.14199543709999998": 3,
    "0.157673389": 4
  },
  "latencyPercentiles": {
    "p10": 0.002283436,
    "p25": 0.002344742,
    "p50": 0.002417865,
    "p75": 0.002547689,
    "p90": 0.002694143,
    "p95": 0.002799445,
    "p99": 0.004814248
  },
  "rps": {
    "mean": 19814.02558445692,
    "stddev": 1934.8078232452858,
    "max": 25137.6687966923,
    "percentiles": {
      "p10": 18334.990495862294,
      "p25": 19391.107177964986,
      "p50": 20312.681206877583,
      "p75": 20730.482990638746,
      "p90": 21049.177192675575,
      "p95": 21273.72195606753,
      "p99": 21636.860555641186
    }
  },
  "details": {
    "DNSDialup": {
      "average": 0.0008957531399999999,
      "fastest": 0.000076019,
      "slowest": 0.001858997
    },
    "DNSLookup": {
      "average": 0.000007586780000000001,
      "fastest": 0.000003597,
      "slowest": 0.000029846
    }
  },
  "statusCodeDistribution": {
    "200": 198173
  },
  "errorDistribution": {}
}