{
  "summary": {
    "successRate": 1,
    "total": 10.000381603,
    "slowest": 0.021482157,
    "fastest": 0.001281238,
    "average": 0.0029051509320447005,
    "requestsPerSec": 17165.044976734174,
    "totalData": 2231541,
    "sizePerRequest": 13,
    "sizePerSec": 223145.58469754428
  },
  "responseTimeHistogram": {
    "0.001281238": 1,
    "0.0033013299000000003": 164933,
    "0.0053214218": 3204,
    "0.007341513700000002": 3234,
    "0.009361605600000001": 202,
    "0.011381697500000001": 26,
    "0.013401789400000003": 14,
    "0.015421881300000002": 7,
    "0.017441973200000002": 8,
    "0.019462065100000002": 12,
    "0.021482157": 16
  },
  "latencyPercentiles": {
    "p10": 0.002637064,
    "p25": 0.002738384,
    "p50": 0.002831657,
    "p75": 0.002914208,
    "p90": 0.003028735,
    "p95": 0.003152128,
    "p99": 0.005702318
  },
  "rps": {
    "mean": 17165.713786122473,
    "stddev": 1462.8641429351237,
    "max": 23614.61744820019,
    "percentiles": {
      "p10": 16521.319110179546,
      "p25": 16934.838349452002,
      "p50": 17308.929676820022,
      "p75": 17726.387500433113,
      "p90": 18144.388431860094,
      "p95": 18446.82727102757,
      "p99": 18965.543020123103
    }
  },
  "details": {
    "DNSDialup": {
      "average": 0.0009908156999999997,
      "fastest": 0.000095021,
      "slowest": 0.001713224
    },
    "DNSLookup": {
      "average": 0.000010060299999999998,
      "fastest": 0.000004548,
      "slowest": 0.000030097
    }
  },
  "statusCodeDistribution": {
    "200": 171657
  },
  "errorDistribution": {}
}