{
  "summary": {
    "successRate": 1,
    "total": 10.000366611,
    "slowest": 0.023587774,
    "fastest": 0.000148485,
    "average": 0.002921421154847446,
    "requestsPerSec": 17069.074228962785,
    "totalData": 2219061,
    "sizePerRequest": 13,
    "sizePerSec": 221897.9649765162
  },
  "responseTimeHistogram": {
    "0.000148485": 1,
    "0.0024924138999999996": 2128,
    "0.0048363428": 163716,
    "0.007180271699999999": 4555,
    "0.0095242006": 202,
    "0.0118681295": 37,
    "0.014212058399999998": 15,
    "0.016555987299999998": 9,
    "0.0188999162": 9,
    "0.0212438451": 14,
    "0.023587774": 11
  },
  "latencyPercentiles": {
    "p10": 0.002679994,
    "p25": 0.002763365,
    "p50": 0.002837137,
    "p75": 0.002903529,
    "p90": 0.003026795,
    "p95": 0.00315044,
    "p99": 0.005708851
  },
  "rps": {
    "mean": 17069.9016763372,
    "stddev": 1521.9499396601886,
    "max": 21238.467111633545,
    "percentiles": {
      "p10": 16643.567867606955,
      "p25": 16975.024515851983,
      "p50": 17265.371877539863,
      "p75": 17538.590159928863,
      "p90": 17871.05352169705,
      "p95": 18052.520197009508,
      "p99": 18731.057967215245
    }
  },
  "details": {
    "DNSDialup": {
      "average": 0.0010649718400000002,
      "fastest": 0.000108131,
      "slowest": 0.001495558
    },
    "DNSLookup": {
      "average": 0.000011699639999999998,
      "fastest": 0.000004108,
      "slowest": 0.000212499
    }
  },
  "statusCodeDistribution": {
    "200": 170697
  },
  "errorDistribution": {}
}