{
  "summary": {
    "successRate": 1,
    "total": 40.000652946,
    "slowest": 0.02516119,
    "fastest": 0.000181812,
    "average": 0.0015748583574258677,
    "requestsPerSec": 31694.382631990946,
    "totalData": 16481348,
    "sizePerRequest": 13,
    "sizePerSec": 412026.9742158823
  },
  "responseTimeHistogram": {
    "0.000181812": 1,
    "0.0026797497999999998": 1231724,
    "0.0051776876": 33823,
    "0.007675625399999999": 1684,
    "0.0101735632": 397,
    "0.012671500999999998": 62,
    "0.015169438799999999": 57,
    "0.0176673766": 10,
    "0.0201653144": 9,
    "0.022663252199999998": 18,
    "0.025161189999999996": 11
  },
  "latencyPercentiles": {
    "p10": 0.001429891,
    "p25": 0.001471702,
    "p50": 0.001503313,
    "p75": 0.001534497,
    "p90": 0.001627204,
    "p95": 0.00189943,
    "p99": 0.003591145
  },
  "rps": {
    "mean": 31681.36705841323,
    "stddev": 3733.65105387999,
    "max": 35456.77338554454,
    "percentiles": {
      "p10": 30854.198485057874,
      "p25": 31658.628614317982,
      "p50": 32483.427417942632,
      "p75": 33024.322413457056,
      "p90": 33503.56813000422,
      "p95": 33775.6980945698,
      "p99": 34258.96653319592
    }
  },
  "details": {
    "DNSDialup": {
      "average": 0.0015738654599999997,
      "fastest": 0.000079405,
      "slowest": 0.003311909
    },
    "DNSLookup": {
      "average": 0.0000058323800000000006,
      "fastest": 0.0000041,
      "slowest": 0.000050003
    }
  },
  "statusCodeDistribution": {
    "200": 1267796
  },
  "errorDistribution": {}
}