{
  "summary": {
    "successRate": 1,
    "total": 10.000649285,
    "slowest": 0.160386443,
    "fastest": 0.000262027,
    "average": 0.0027183539056025432,
    "requestsPerSec": 18345.70884064354,
    "totalData": 2385097,
    "sizePerRequest": 13,
    "sizePerSec": 238494.21492836604
  },
  "responseTimeHistogram": {
    "0.000262027": 1,
    "0.0162744686": 183425,
    "0.0322869102": 8,
    "0.0482993518": 5,
    "0.0643117934": 6,
    "0.080324235": 5,
    "0.0963366766": 4,
    "0.1123491182": 4,
    "0.1283615598": 4,
    "0.1443740014": 3,
    "0.160386443": 4
  },
  "latencyPercentiles": {
    "p10": 0.002471322,
    "p25": 0.00256115,
    "p50": 0.002654769,
    "p75": 0.002744661,
    "p90": 0.002838215,
    "p95": 0.002927778,
    "p99": 0.005244162
  },
  "rps": {
    "mean": 18344.92668948705,
    "stddev": 1601.118495845868,
    "max": 21988.108549769095,
    "percentiles": {
      "p10": 17699.926706212646,
      "p25": 18084.001997678602,
      "p50": 18539.961032008647,
      "p75": 18942.998712778674,
      "p90": 19317.569329305014,
      "p95": 19580.98892830606,
      "p99": 20050.03285197863
    }
  },
  "details": {
    "DNSDialup": {
      "average": 0.0008096394599999999,
      "fastest": 0.000137514,
      "slowest": 0.001116387
    },
    "DNSLookup": {
      "average": 0.000007572879999999999,
      "fastest": 0.000004337,
      "slowest": 0.000032781
    }
  },
  "statusCodeDistribution": {
    "200": 183469
  },
  "errorDistribution": {}
}