{
  "summary": {
    "successRate": 1,
    "total": 10.000637515,
    "slowest": 0.144796486,
    "fastest": 0.000099985,
    "average": 0.001903662175616639,
    "requestsPerSec": 26242.427005914735,
    "totalData": 3411733,
    "sizePerRequest": 13,
    "sizePerSec": 341151.55107689154
  },
  "responseTimeHistogram": {
    "0.000099985": 1,
    "0.0145696351": 262396,
    "0.0290392852": 8,
    "0.043508935299999996": 6,
    "0.0579785854": 6,
    "0.0724482355": 6,
    "0.0869178856": 4,
    "0.1013875357": 3,
    "0.1158571858": 4,
    "0.1303268359": 3,
    "0.144796486": 4
  },
  "latencyPercentiles": {
    "p10": 0.001701607,
    "p25": 0.001774321,
    "p50": 0.001850154,
    "p75": 0.001936368,
    "p90": 0.002046308,
    "p95": 0.002169398,
    "p99": 0.003736843
  },
  "rps": {
    "mean": 26239.349439429265,
    "stddev": 2765.4490945907623,
    "max": 36308.96684038463,
    "percentiles": {
      "p10": 25243.916842130027,
      "p25": 25907.927243310158,
      "p50": 26510.994109258438,
      "p75": 27126.561686203066,
      "p90": 27871.627294986105,
      "p95": 28522.318382480782,
      "p99": 30550.316371063087
    }
  },
  "details": {
    "DNSDialup": {
      "average": 0.0006296481,
      "fastest": 0.00006686,
      "slowest": 0.001446283
    },
    "DNSLookup": {
      "average": 0.000004936879999999998,
      "fastest": 0.000002424,
      "slowest": 0.000030575
    }
  },
  "statusCodeDistribution": {
    "200": 262441
  },
  "errorDistribution": {}
}