{
  "summary": {
    "successRate": 1,
    "total": 10.00070106,
    "slowest": 0.138100198,
    "fastest": 0.000099396,
    "average": 0.0017619025035397772,
    "requestsPerSec": 28290.71665101846,
    "totalData": 3678051,
    "sizePerRequest": 13,
    "sizePerSec": 367779.31646324
  },
  "responseTimeHistogram": {
    "0.000099396": 1,
    "0.0138994762": 282882,
    "0.027699556400000002": 8,
    "0.0414996366": 7,
    "0.0552997168": 4,
    "0.069099797": 4,
    "0.0828998772": 5,
    "0.09669995740000001": 4,
    "0.1105000376": 4,
    "0.1243001178": 4,
    "0.138100198": 4
  },
  "latencyPercentiles": {
    "p10": 0.001573315,
    "p25": 0.001633943,
    "p50": 0.001697047,
    "p75": 0.001766323,
    "p90": 0.001880898,
    "p95": 0.002021619,
    "p99": 0.00346024
  },
  "rps": {
    "mean": 28284.250291913515,
    "stddev": 3248.8865298795254,
    "max": 37070.346623858546,
    "percentiles": {
      "p10": 27740.359448961277,
      "p25": 28339.088104222556,
      "p50": 28844.88263738446,
      "p75": 29353.21444246167,
      "p90": 29844.043839896418,
      "p95": 30234.40070111823,
      "p99": 31117.154887494497
    }
  },
  "details": {
    "DNSDialup": {
      "average": 0.0007539808800000001,
      "fastest": 0.000086006,
      "slowest": 0.001067136
    },
    "DNSLookup": {
      "average": 0.00000406212,
      "fastest": 0.000001763,
      "slowest": 0.000025738
    }
  },
  "statusCodeDistribution": {
    "200": 282927
  },
  "errorDistribution": {}
}