{
  "summary": {
    "successRate": 1,
    "total": 10.000620653,
    "slowest": 0.164255952,
    "fastest": 0.000094165,
    "average": 0.002985899082646554,
    "requestsPerSec": 16731.661544406747,
    "totalData": 2175251,
    "sizePerRequest": 13,
    "sizePerSec": 217511.6000772877
  },
  "responseTimeHistogram": {
    "0.000094165": 1,
    "0.0165103437": 167282,
    "0.0329265224": 8,
    "0.0493427011": 6,
    "0.06575887979999999": 6,
    "0.0821750585": 5,
    "0.09859123719999999": 4,
    "0.11500741589999998": 4,
    "0.1314235946": 4,
    "0.1478397733": 3,
    "0.164255952": 4
  },
  "latencyPercentiles": {
    "p10": 0.002810569,
    "p25": 0.00285351,
    "p50": 0.002895367,
    "p75": 0.002959106,
    "p90": 0.003075975,
    "p95": 0.003203848,
    "p99": 0.005792098
  },
  "rps": {
    "mean": 16729.21399714425,
    "stddev": 1471.9103732783485,
    "max": 24041.49080483087,
    "percentiles": {
      "p10": 16287.167290622581,
      "p25": 16631.043505809594,
      "p50": 16875.28910233073,
      "p75": 17109.56424641373,
      "p90": 17322.02148591512,
      "p95": 17562.40977939233,
      "p99": 19806.658857949646
    }
  },
  "details": {
    "DNSDialup": {
      "average": 0.0004894232999999999,
      "fastest": 0.000069891,
      "slowest": 0.000706581
    },
    "DNSLookup": {
      "average": 0.000006231999999999998,
      "fastest": 0.000003306,
      "slowest": 0.000028353
    }
  },
  "statusCodeDistribution": {
    "200": 167327
  },
  "errorDistribution": {}
}