{
  "summary": {
    "successRate": 1,
    "total": 10.000424413,
    "slowest": 0.021881536,
    "fastest": 0.000281698,
    "average": 0.0028436502677030235,
    "requestsPerSec": 17535.855755485125,
    "totalData": 2279758,
    "sizePerRequest": 13,
    "sizePerSec": 227966.12482130664
  },
  "responseTimeHistogram": {
    "0.000281698": 1,
    "0.0024416818": 2507,
    "0.004601665600000001": 168379,
    "0.006761649400000001": 4149,
    "0.008921633200000001": 237,
    "0.011081617000000002": 42,
    "0.013241600800000001": 5,
    "0.0154015846": 9,
    "0.0175615684": 10,
    "0.019721552200000003": 16,
    "0.021881536000000004": 11
  },
  "latencyPercentiles": {
    "p10": 0.002604108,
    "p25": 0.002689263,
    "p50": 0.002771247,
    "p75": 0.002845028,
    "p90": 0.002931436,
    "p95": 0.003052483,
    "p99": 0.005578977
  },
  "rps": {
    "mean": 17538.52892488472,
    "stddev": 1482.0948347378812,
    "max": 23282.29125845277,
    "percentiles": {
      "p10": 17005.868332718746,
      "p25": 17330.68918440755,
      "p50": 17723.437473714694,
      "p75": 18050.907168398666,
      "p90": 18398.85150950398,
      "p95": 18667.767730415017,
      "p99": 19166.980931563387
    }
  },
  "details": {
    "DNSDialup": {
      "average": 0.0010708580199999998,
      "fastest": 0.000092154,
      "slowest": 0.002395198
    },
    "DNSLookup": {
      "average": 0.00001033486,
      "fastest": 0.000004479,
      "slowest": 0.000036408
    }
  },
  "statusCodeDistribution": {
    "200": 175366
  },
  "errorDistribution": {}
}