{
  "summary": {
    "successRate": 1,
    "total": 10.000620698,
    "slowest": 0.025434786,
    "fastest": 0.000152108,
    "average": 0.0016368247010478435,
    "requestsPerSec": 30498.30697618565,
    "totalData": 3965026,
    "sizePerRequest": 13,
    "sizePerSec": 396477.9906904134
  },
  "responseTimeHistogram": {
    "0.000152108": 1,
    "0.0026803758000000003": 294139,
    "0.0052086436": 8809,
    "0.0077369114": 1261,
    "0.0102651792": 412,
    "0.012793447000000001": 203,
    "0.0153217148": 121,
    "0.0178499826": 13,
    "0.020378250400000002": 11,
    "0.022906518200000003": 14,
    "0.025434786000000004": 18
  },
  "latencyPercentiles": {
    "p10": 0.001369575,
    "p25": 0.00147638,
    "p50": 0.001538984,
    "p75": 0.001584387,
    "p90": 0.001812699,
    "p95": 0.001994808,
    "p99": 0.004290233
  },
  "rps": {
    "mean": 30456.000502510455,
    "stddev": 5924.939068613548,
    "max": 39786.164897317234,
    "percentiles": {
      "p10": 28499.054162552748,
      "p25": 30766.628210051433,
      "p50": 31795.567938550845,
      "p75": 32825.91363954021,
      "p90": 34184.284772534986,
      "p95": 35223.09578390574,
      "p99": 36314.729254185775
    }
  },
  "details": {
    "DNSDialup": {
      "average": 0.00186734976,
      "fastest": 0.000101705,
      "slowest": 0.002069813
    },
    "DNSLookup": {
      "average": 0.00000593636,
      "fastest": 0.0000047,
      "slowest": 0.000047703
    }
  },
  "statusCodeDistribution": {
    "200": 305002
  },
  "errorDistribution": {}
}