{
  "summary": {
    "successRate": 1,
    "total": 10.000325343,
    "slowest": 0.021090777,
    "fastest": 0.000495548,
    "average": 0.0029064772324852947,
    "requestsPerSec": 17159.241736081585,
    "totalData": 2230774,
    "sizePerRequest": 13,
    "sizePerSec": 223070.1425690606
  },
  "responseTimeHistogram": {
    "0.000495548": 1,
    "0.0025550709000000003": 4807,
    "0.0046145938000000004": 161821,
    "0.006674116700000001": 4672,
    "0.0087336396": 215,
    "0.0107931625": 30,
    "0.012852685400000001": 6,
    "0.014912208300000002": 8,
    "0.0169717312": 9,
    "0.0190312541": 15,
    "0.021090776999999998": 14
  },
  "latencyPercentiles": {
    "p10": 0.002712822,
    "p25": 0.002786417,
    "p50": 0.002838405,
    "p75": 0.002888896,
    "p90": 0.003004292,
    "p95": 0.003120223,
    "p99": 0.005702213
  },
  "rps": {
    "mean": 17171.386279363076,
    "stddev": 1916.581591639335,
    "max": 31694.751459491472,
    "percentiles": {
      "p10": 16584.319656429205,
      "p25": 17015.783841091554,
      "p50": 17230.484172598743,
      "p75": 17475.550299052273,
      "p90": 17725.22831746448,
      "p95": 17922.02389187011,
      "p99": 26418.664786672714
    }
  },
  "details": {
    "DNSDialup": {
      "average": 0.0009505863599999999,
      "fastest": 0.000073506,
      "slowest": 0.002029976
    },
    "DNSLookup": {
      "average": 0.000007376220000000001,
      "fastest": 0.000003717,
      "slowest": 0.000036147
    }
  },
  "statusCodeDistribution": {
    "200": 171598
  },
  "errorDistribution": {}
}