{
  "summary": {
    "successRate": 1,
    "total": 10.000358181,
    "slowest": 0.0223361,
    "fastest": 0.000346226,
    "average": 0.002912848405034708,
    "requestsPerSec": 17120.386780274268,
    "totalData": 2225730,
    "sizePerRequest": 13,
    "sizePerSec": 222565.02814356546
  },
  "responseTimeHistogram": {
    "0.000346226": 1,
    "0.0025452134": 2567,
    "0.0047442008": 164058,
    "0.0069431882": 4285,
    "0.0091421756": 210,
    "0.011341163": 32,
    "0.013540150400000001": 15,
    "0.0157391378": 7,
    "0.017938125200000002": 10,
    "0.020137112600000003": 12,
    "0.0223361": 13
  },
  "latencyPercentiles": {
    "p10": 0.002702777,
    "p25": 0.002773558,
    "p50": 0.002830851,
    "p75": 0.002880237,
    "p90": 0.002984868,
    "p95": 0.003102974,
    "p99": 0.005678253
  },
  "rps": {
    "mean": 17120.489550660226,
    "stddev": 1435.6922760995312,
    "max": 25919.48363566278,
    "percentiles": {
      "p10": 16771.384041897974,
      "p25": 17068.25424188714,
      "p50": 17316.670758939734,
      "p75": 17554.966355154374,
      "p90": 17827.21859735435,
      "p95": 17964.586280595093,
      "p99": 18637.155032272214
    }
  },
  "details": {
    "DNSDialup": {
      "average": 0.00122737088,
      "fastest": 0.000091258,
      "slowest": 0.002135738
    },
    "DNSLookup": {
      "average": 0.0000197071,
      "fastest": 0.000003827,
      "slowest": 0.000641508
    }
  },
  "statusCodeDistribution": {
    "200": 171210
  },
  "errorDistribution": {}
}