{
  "summary": {
    "successRate": 1,
    "total": 10.000619204,
    "slowest": 0.158910645,
    "fastest": 0.000142042,
    "average": 0.002659467126378516,
    "requestsPerSec": 18751.23891578584,
    "totalData": 2437812,
    "sizePerRequest": 13,
    "sizePerSec": 243766.10590521593
  },
  "responseTimeHistogram": {
    "0.000142042": 1,
    "0.016018902299999995": 187479,
    "0.031895762599999995": 8,
    "0.04777262289999999": 6,
    "0.06364948319999998": 5,
    "0.07952634349999997": 6,
    "0.09540320379999997": 4,
    "0.11128006409999998": 4,
    "0.12715692439999998": 4,
    "0.14303378469999997": 2,
    "0.15891064499999996": 5
  },
  "latencyPercentiles": {
    "p10": 0.002401284,
    "p25": 0.002490945,
    "p50": 0.002592088,
    "p75": 0.00270587,
    "p90": 0.002797489,
    "p95": 0.002884183,
    "p99": 0.005112694
  },
  "rps": {
    "mean": 18750.07816291455,
    "stddev": 1746.641850803326,
    "max": 25123.69667069958,
    "percentiles": {
      "p10": 17752.80750119194,
      "p25": 18349.11139665412,
      "p50": 19046.864810866082,
      "p75": 19508.735840954218,
      "p90": 19834.285545994026,
      "p95": 20038.88947280012,
      "p99": 20624.080676597896
    }
  },
  "details": {
    "DNSDialup": {
      "average": 0.0007300574000000001,
      "fastest": 0.000131824,
      "slowest": 0.001438958
    },
    "DNSLookup": {
      "average": 0.00000814536,
      "fastest": 0.000004258,
      "slowest": 0.000031549
    }
  },
  "statusCodeDistribution": {
    "200": 187524
  },
  "errorDistribution": {}
}