{
  "summary": {
    "successRate": 1,
    "total": 10.000275172,
    "slowest": 0.023383326,
    "fastest": 0.001143956,
    "average": 0.002821394835810602,
    "requestsPerSec": 17673.613671637875,
    "totalData": 2297633,
    "sizePerRequest": 13,
    "sizePerSec": 229756.97773129237
  },
  "responseTimeHistogram": {
    "0.001143956": 1,
    "0.0033678929999999994": 170403,
    "0.005591829999999999": 5100,
    "0.007815767": 1072,
    "0.010039703999999998": 87,
    "0.012263640999999997": 28,
    "0.014487577999999997": 8,
    "0.016711515": 8,
    "0.018935452": 10,
    "0.021159388999999997": 13,
    "0.023383325999999996": 11
  },
  "latencyPercentiles": {
    "p10": 0.002622366,
    "p25": 0.002690676,
    "p50": 0.002744785,
    "p75": 0.002806065,
    "p90": 0.002902304,
    "p95": 0.003017573,
    "p99": 0.005517572
  },
  "rps": {
    "mean": 17675.530176090077,
    "stddev": 1712.139896161247,
    "max": 31565.450962570492,
    "percentiles": {
      "p10": 17214.410182764084,
      "p25": 17572.271237143526,
      "p50": 17832.34251962759,
      "p75": 18100.57584970653,
      "p90": 18327.648405614553,
      "p95": 18566.063624194067,
      "p99": 21135.520355509172
    }
  },
  "details": {
    "DNSDialup": {
      "average": 0.0007446102600000002,
      "fastest": 0.000149189,
      "slowest": 0.001222041
    },
    "DNSLookup": {
      "average": 0.0000098894,
      "fastest": 0.000004258,
      "slowest": 0.000040296
    }
  },
  "statusCodeDistribution": {
    "200": 176741
  },
  "errorDistribution": {}
}