{
  "summary": {
    "successRate": 1,
    "total": 10.000418645,
    "slowest": 0.02304641,
    "fastest": 0.000323333,
    "average": 0.0028599598455036354,
    "requestsPerSec": 17436.57002671412,
    "totalData": 2266849,
    "sizePerRequest": 13,
    "sizePerSec": 226675.41034728353
  },
  "responseTimeHistogram": {
    "0.000323333": 1,
    "0.0025956407": 17198,
    "0.0048679484000000006": 152629,
    "0.007140256100000001": 4274,
    "0.0094125638": 179,
    "0.011684871500000001": 35,
    "0.013957179200000001": 15,
    "0.0162294869": 8,
    "0.0185017946": 9,
    "0.0207741023": 14,
    "0.02304641": 11
  },
  "latencyPercentiles": {
    "p10": 0.002596859,
    "p25": 0.002687136,
    "p50": 0.00278,
    "p75": 0.002865429,
    "p90": 0.002975444,
    "p95": 0.00310687,
    "p99": 0.00560524
  },
  "rps": {
    "mean": 17439.38952636621,
    "stddev": 1537.765629369895,
    "max": 20726.612658748396,
    "percentiles": {
      "p10": 16832.707381727058,
      "p25": 17232.217353564087,
      "p50": 17657.19518664866,
      "p75": 18044.18479530889,
      "p90": 18351.9525424515,
      "p95": 18613.2489105751,
      "p99": 19139.69764688842
    }
  },
  "details": {
    "DNSDialup": {
      "average": 0.0009734045400000004,
      "fastest": 0.000077905,
      "slowest": 0.002127532
    },
    "DNSLookup": {
      "average": 0.000008675240000000002,
      "fastest": 0.000004278,
      "slowest": 0.000043972
    }
  },
  "statusCodeDistribution": {
    "200": 174373
  },
  "errorDistribution": {}
}