{
  "summary": {
    "successRate": 1,
    "total": 10.00062592,
    "slowest": 0.160524606,
    "fastest": 0.000588048,
    "average": 0.0026506595575636915,
    "requestsPerSec": 18816.222255016615,
    "totalData": 2446262,
    "sizePerRequest": 13,
    "sizePerSec": 244610.88931521602
  },
  "responseTimeHistogram": {
    "0.000588048": 1,
    "0.0165817038": 188130,
    "0.0325753596": 8,
    "0.0485690154": 5,
    "0.06456267119999999": 6,
    "0.080556327": 5,
    "0.09654998279999999": 4,
    "0.11254363859999998": 4,
    "0.1285372944": 4,
    "0.1445309502": 3,
    "0.16052460600000001": 4
  },
  "latencyPercentiles": {
    "p10": 0.002435907,
    "p25": 0.002510895,
    "p50": 0.002582938,
    "p75": 0.002661422,
    "p90": 0.002758747,
    "p95": 0.002874681,
    "p99": 0.005123056
  },
  "rps": {
    "mean": 18815.140629157268,
    "stddev": 1747.6540732127135,
    "max": 26241.56138492066,
    "percentiles": {
      "p10": 18234.17448982895,
      "p25": 18651.28918011636,
      "p50": 19007.37838269564,
      "p75": 19317.16329959159,
      "p90": 19668.874497828754,
      "p95": 19921.686748194705,
      "p99": 22435.623282648972
    }
  },
  "details": {
    "DNSDialup": {
      "average": 0.0006367492599999998,
      "fastest": 0.000078196,
      "slowest": 0.001428244
    },
    "DNSLookup": {
      "average": 0.0000061082599999999985,
      "fastest": 0.000002725,
      "slowest": 0.000040436
    }
  },
  "statusCodeDistribution": {
    "200": 188174
  },
  "errorDistribution": {}
}