{
  "summary": {
    "successRate": 1,
    "total": 10.00057412,
    "slowest": 0.15763938,
    "fastest": 0.000826706,
    "average": 0.002767907413414947,
    "requestsPerSec": 18017.66556978431,
    "totalData": 2342431,
    "sizePerRequest": 13,
    "sizePerSec": 234229.652407196
  },
  "responseTimeHistogram": {
    "0.000826706": 1,
    "0.016507973399999997": 180143,
    "0.03218924079999999": 8,
    "0.047870508199999995": 5,
    "0.06355177559999999": 6,
    "0.07923304299999999": 5,
    "0.09491431039999998": 4,
    "0.11059557779999997": 4,
    "0.1262768452": 4,
    "0.1419581126": 3,
    "0.15763938": 4
  },
  "latencyPercentiles": {
    "p10": 0.00251777,
    "p25": 0.002607823,
    "p50": 0.002701083,
    "p75": 0.002795719,
    "p90": 0.002879937,
    "p95": 0.002957422,
    "p99": 0.005335052
  },
  "rps": {
    "mean": 18015.935883346094,
    "stddev": 1537.3861229776912,
    "max": 20845.618551638214,
    "percentiles": {
      "p10": 17267.470915857037,
      "p25": 17802.862700322272,
      "p50": 18257.969051739252,
      "p75": 18605.135761675603,
      "p90": 18943.610084775853,
      "p95": 19167.342541284517,
      "p99": 19606.836904028572
    }
  },
  "details": {
    "DNSDialup": {
      "average": 0.0006925632599999999,
      "fastest": 0.000086722,
      "slowest": 0.000954959
    },
    "DNSLookup": {
      "average": 0.000007208959999999998,
      "fastest": 0.000003958,
      "slowest": 0.00003216
    }
  },
  "statusCodeDistribution": {
    "200": 180187
  },
  "errorDistribution": {}
}