{
  "summary": {
    "successRate": 1,
    "total": 10.000695805,
    "slowest": 0.111504698,
    "fastest": 0.00011276,
    "average": 0.001360888759775782,
    "requestsPerSec": 36710.64565492001,
    "totalData": 4772716,
    "sizePerRequest": 13,
    "sizePerSec": 477238.3935139601
  },
  "responseTimeHistogram": {
    "0.00011276": 1,
    "0.011251953799999999": 367087,
    "0.022391147599999998": 8,
    "0.0335303414": 5,
    "0.0446695352": 6,
    "0.055808729": 6,
    "0.06694792279999999": 4,
    "0.07808711659999999": 4,
    "0.0892263104": 3,
    "0.1003655042": 3,
    "0.111504698": 5
  },
  "latencyPercentiles": {
    "p10": 0.00121674,
    "p25": 0.001265102,
    "p50": 0.001319744,
    "p75": 0.001385012,
    "p90": 0.001474316,
    "p95": 0.001565393,
    "p99": 0.00264744
  },
  "rps": {
    "mean": 36711.33093043043,
    "stddev": 3456.2562386014033,
    "max": 45807.05428636041,
    "percentiles": {
      "p10": 35618.71003681382,
      "p25": 36437.578074267905,
      "p50": 37129.70004706899,
      "p75": 37911.27102087517,
      "p90": 38628.465316091315,
      "p95": 39147.66227882423,
      "p99": 40431.24931259461
    }
  },
  "details": {
    "DNSDialup": {
      "average": 0.0004900090600000001,
      "fastest": 0.000075384,
      "slowest": 0.001142527
    },
    "DNSLookup": {
      "average": 0.000004053899999999999,
      "fastest": 0.000002043,
      "slowest": 0.000031798
    }
  },
  "statusCodeDistribution": {
    "200": 367132
  },
  "errorDistribution": {}
}