{
  "summary": {
    "successRate": 1,
    "total": 10.00026742,
    "slowest": 0.023583734,
    "fastest": 0.000259355,
    "average": 0.0028178425533500347,
    "requestsPerSec": 17697.726727391855,
    "totalData": 2300766,
    "sizePerRequest": 13,
    "sizePerSec": 230070.44745609412
  },
  "responseTimeHistogram": {
    "0.000259355": 1,
    "0.0025917929": 23056,
    "0.0049242308": 149912,
    "0.007256668700000001": 3795,
    "0.0095891066": 147,
    "0.011921544499999999": 20,
    "0.0142539824": 11,
    "0.016586420299999998": 9,
    "0.0189188582": 12,
    "0.0212512961": 16,
    "0.023583734": 3
  },
  "latencyPercentiles": {
    "p10": 0.0025696,
    "p25": 0.00265511,
    "p50": 0.002744791,
    "p75": 0.002836319,
    "p90": 0.002928498,
    "p95": 0.003043677,
    "p99": 0.005521505
  },
  "rps": {
    "mean": 17698.100259777726,
    "stddev": 1481.559525001,
    "max": 25362.82879950198,
    "percentiles": {
      "p10": 17002.501067907502,
      "p25": 17420.264994267738,
      "p50": 17914.004726074792,
      "p75": 18299.827388384863,
      "p90": 18579.5072855265,
      "p95": 18774.593336788857,
      "p99": 19255.853528745243
    }
  },
  "details": {
    "DNSDialup": {
      "average": 0.0011172366199999999,
      "fastest": 0.00010692,
      "slowest": 0.002372501
    },
    "DNSLookup": {
      "average": 0.00004336760000000001,
      "fastest": 0.000003747,
      "slowest": 0.001703128
    }
  },
  "statusCodeDistribution": {
    "200": 176982
  },
  "errorDistribution": {}
}