{
  "summary": {
    "successRate": 1,
    "total": 10.000596198,
    "slowest": 0.165825587,
    "fastest": 0.000084839,
    "average": 0.002995607393637616,
    "requestsPerSec": 16678.30564275324,
    "totalData": 2168309,
    "sizePerRequest": 13,
    "sizePerSec": 216817.9733557921
  },
  "responseTimeHistogram": {
    "0.000084839": 1,
    "0.016658913799999998": 166749,
    "0.0332329886": 8,
    "0.0498070634": 5,
    "0.0663811382": 6,
    "0.082955213": 5,
    "0.09952928779999999": 4,
    "0.11610336259999998": 3,
    "0.1326774374": 4,
    "0.1492515122": 3,
    "0.165825587": 5
  },
  "latencyPercentiles": {
    "p10": 0.002822635,
    "p25": 0.002860767,
    "p50": 0.002900936,
    "p75": 0.002960564,
    "p90": 0.003085239,
    "p95": 0.003228268,
    "p99": 0.005797708
  },
  "rps": {
    "mean": 16677.159811701888,
    "stddev": 1448.0961875473652,
    "max": 21934.650166868305,
    "percentiles": {
      "p10": 16207.78501188607,
      "p25": 16633.184867128886,
      "p50": 16870.420509291103,
      "p75": 17093.924276330035,
      "p90": 17266.831270432434,
      "p95": 17630.643822026923,
      "p99": 18942.74999819528
    }
  },
  "details": {
    "DNSDialup": {
      "average": 0.0008114210799999998,
      "fastest": 0.000082114,
      "slowest": 0.001503924
    },
    "DNSLookup": {
      "average": 0.000006419,
      "fastest": 0.000003197,
      "slowest": 0.000024266
    }
  },
  "statusCodeDistribution": {
    "200": 166793
  },
  "errorDistribution": {}
}