{
  "summary": {
    "successRate": 1,
    "total": 10.000554012,
    "slowest": 0.026995644,
    "fastest": 0.000198416,
    "average": 0.0016789617345895215,
    "requestsPerSec": 29728.15302464865,
    "totalData": 3864874,
    "sizePerRequest": 13,
    "sizePerSec": 386465.9893204325
  },
  "responseTimeHistogram": {
    "0.000198416": 1,
    "0.0028781388": 284909,
    "0.0055578616": 10818,
    "0.008237584400000001": 922,
    "0.0109173072": 476,
    "0.01359703": 82,
    "0.016276752800000002": 43,
    "0.0189564756": 9,
    "0.0216361984": 8,
    "0.0243159212": 18,
    "0.026995644": 12
  },
  "latencyPercentiles": {
    "p10": 0.001483218,
    "p25": 0.001511421,
    "p50": 0.001536523,
    "p75": 0.001571531,
    "p90": 0.001854849,
    "p95": 0.002080766,
    "p99": 0.004414267
  },
  "rps": {
    "mean": 29688.00860895729,
    "stddev": 5786.805975557819,
    "max": 33856.55059646202,
    "percentiles": {
      "p10": 26550.719840110152,
      "p25": 30682.7544570462,
      "p50": 31425.460908428013,
      "p75": 32069.922051051755,
      "p90": 32423.026833659696,
      "p95": 32699.41931448258,
      "p99": 33162.3551764379
    }
  },
  "details": {
    "DNSDialup": {
      "average": 0.0016327497799999999,
      "fastest": 0.000074906,
      "slowest": 0.003554596
    },
    "DNSLookup": {
      "average": 0.000005948519999999999,
      "fastest": 0.000004,
      "slowest": 0.000062305
    }
  },
  "statusCodeDistribution": {
    "200": 297298
  },
  "errorDistribution": {}
}