{
  "summary": {
    "successRate": 1,
    "total": 10.000560352,
    "slowest": 0.157954823,
    "fastest": 0.000317266,
    "average": 0.002600496108935374,
    "requestsPerSec": 19180.025243449476,
    "totalData": 2493543,
    "sizePerRequest": 13,
    "sizePerSec": 249340.3281648432
  },
  "responseTimeHistogram": {
    "0.000317266": 1,
    "0.0160810217": 191767,
    "0.031844777399999996": 7,
    "0.047608533099999996": 5,
    "0.0633722888": 6,
    "0.07913604449999999": 5,
    "0.0948998002": 4,
    "0.1106635559": 4,
    "0.1264273116": 4,
    "0.1421910673": 3,
    "0.157954823": 5
  },
  "latencyPercentiles": {
    "p10": 0.002400806,
    "p25": 0.002462872,
    "p50": 0.002525961,
    "p75": 0.002596312,
    "p90": 0.002700505,
    "p95": 0.002795054,
    "p99": 0.005011313
  },
  "rps": {
    "mean": 19178.44549380275,
    "stddev": 1683.4588389154337,
    "max": 25140.695243390874,
    "percentiles": {
      "p10": 18770.20243412373,
      "p25": 19123.48172320813,
      "p50": 19427.14555047756,
      "p75": 19721.202264554227,
      "p90": 19958.474338115037,
      "p95": 20130.900932932418,
      "p99": 20484.463588716077
    }
  },
  "details": {
    "DNSDialup": {
      "average": 0.0007947057399999998,
      "fastest": 0.00014163,
      "slowest": 0.001206834
    },
    "DNSLookup": {
      "average": 0.000006747959999999999,
      "fastest": 0.000003186,
      "slowest": 0.000034485
    }
  },
  "statusCodeDistribution": {
    "200": 191811
  },
  "errorDistribution": {}
}