{
  "summary": {
    "successRate": 1,
    "total": 10.000669118,
    "slowest": 0.02665118,
    "fastest": 0.000115812,
    "average": 0.0017317335720614146,
    "requestsPerSec": 28823.47136964841,
    "totalData": 3747302,
    "sizePerRequest": 13,
    "sizePerSec": 374705.12780542934
  },
  "responseTimeHistogram": {
    "0.000115812": 1,
    "0.0027693488": 277598,
    "0.0054228856": 8795,
    "0.0080764224": 1173,
    "0.0107299592": 445,
    "0.013383496": 140,
    "0.0160370328": 56,
    "0.018690569599999998": 7,
    "0.0213441064": 9,
    "0.0239976432": 15,
    "0.02665118": 15
  },
  "latencyPercentiles": {
    "p10": 0.001518343,
    "p25": 0.001546456,
    "p50": 0.001581949,
    "p75": 0.00169177,
    "p90": 0.001961598,
    "p95": 0.002273014,
    "p99": 0.004140648
  },
  "rps": {
    "mean": 28782.92528963665,
    "stddev": 4674.8133321640025,
    "max": 33514.72301782167,
    "percentiles": {
      "p10": 26227.531371292953,
      "p25": 29245.511865565077,
      "p50": 29977.407662064317,
      "p75": 30762.567249681928,
      "p90": 31177.200985076484,
      "p95": 31388.18510605685,
      "p99": 32210.417775157533
    }
  },
  "details": {
    "DNSDialup": {
      "average": 0.0015945563000000001,
      "fastest": 0.000071808,
      "slowest": 0.003250551
    },
    "DNSLookup": {
      "average": 0.0000061606,
      "fastest": 0.0000041,
      "slowest": 0.000057406
    }
  },
  "statusCodeDistribution": {
    "200": 288254
  },
  "errorDistribution": {}
}