{
  "summary": {
    "successRate": 1,
    "total": 10.000882389,
    "slowest": 0.241779367,
    "fastest": 0.000139501,
    "average": 0.003205248358566781,
    "requestsPerSec": 15574.52572098236,
    "totalData": 2024867,
    "sizePerRequest": 13,
    "sizePerSec": 202468.83437277068
  },
  "responseTimeHistogram": {
    "0.000139501": 1,
    "0.0243034876": 155701,
    "0.0484674742": 19,
    "0.0726314608": 6,
    "0.0967954474": 7,
    "0.12095943399999999": 3,
    "0.1451234206": 6,
    "0.1692874072": 4,
    "0.19345139379999998": 3,
    "0.21761538039999997": 4,
    "0.24177936699999997": 5
  },
  "latencyPercentiles": {
    "p10": 0.002593619,
    "p25": 0.00273162,
    "p50": 0.002914221,
    "p75": 0.003162923,
    "p90": 0.003707527,
    "p95": 0.005051638,
    "p99": 0.008382461
  },
  "rps": {
    "mean": 15511.212235451956,
    "stddev": 3398.315704404889,
    "max": 19514.493414258977,
    "percentiles": {
      "p10": 11548.998937792992,
      "p25": 15408.362118121922,
      "p50": 16509.950547194352,
      "p75": 17346.187693973887,
      "p90": 18061.095266959503,
      "p95": 18399.03834359544,
      "p99": 18951.02943696439
    }
  },
  "details": {
    "DNSDialup": {
      "average": 0.0039967271799999995,
      "fastest": 0.000098401,
      "slowest": 0.006533447
    },
    "DNSLookup": {
      "average": 0.000007188080000000001,
      "fastest": 0.0000052,
      "slowest": 0.0000376
    }
  },
  "statusCodeDistribution": {
    "200": 155759
  },
  "errorDistribution": {}
}