{
  "summary": {
    "successRate": 1,
    "total": 10.000326345,
    "slowest": 0.027346383,
    "fastest": 0.000494373,
    "average": 0.002999818628064908,
    "requestsPerSec": 16623.057514829532,
    "totalData": 2161068,
    "sizePerRequest": 13,
    "sizePerSec": 216099.74769278392
  },
  "responseTimeHistogram": {
    "0.000494373": 1,
    "0.003179574": 157585,
    "0.005864775": 7127,
    "0.008549975999999999": 1408,
    "0.011235176999999999": 52,
    "0.013920377999999999": 13,
    "0.016605579": 4,
    "0.01929078": 8,
    "0.021975981": 10,
    "0.024661181999999997": 15,
    "0.027346383": 13
  },
  "latencyPercentiles": {
    "p10": 0.002773569,
    "p25": 0.00285445,
    "p50": 0.002912401,
    "p75": 0.002968142,
    "p90": 0.003084965,
    "p95": 0.003189378,
    "p99": 0.005849064
  },
  "rps": {
    "mean": 16629.212343525403,
    "stddev": 1493.867326483699,
    "max": 28821.618583939166,
    "percentiles": {
      "p10": 16257.843782392923,
      "p25": 16566.11869292771,
      "p50": 16807.33808380734,
      "p75": 17047.78665076004,
      "p90": 17331.54861794923,
      "p95": 17504.561749152235,
      "p99": 18320.090022103563
    }
  },
  "details": {
    "DNSDialup": {
      "average": 0.0013556558600000001,
      "fastest": 0.000088175,
      "slowest": 0.002590131
    },
    "DNSLookup": {
      "average": 0.000014605459999999997,
      "fastest": 0.000003797,
      "slowest": 0.000239863
    }
  },
  "statusCodeDistribution": {
    "200": 166236
  },
  "errorDistribution": {}
}