{
  "summary": {
    "successRate": 1,
    "total": 10.000456368,
    "slowest": 0.021420216,
    "fastest": 0.000292034,
    "average": 0.0028092076455792547,
    "requestsPerSec": 17750.689915314473,
    "totalData": 2307695,
    "sizePerRequest": 13,
    "sizePerSec": 230758.96889908816
  },
  "responseTimeHistogram": {
    "0.000292034": 1,
    "0.0024048522": 4990,
    "0.0045176704": 167925,
    "0.0066304886": 4282,
    "0.0087433068": 232,
    "0.010856125": 31,
    "0.0129689432": 9,
    "0.0150817614": 8,
    "0.0171945796": 9,
    "0.019307397799999997": 13,
    "0.021420216": 15
  },
  "latencyPercentiles": {
    "p10": 0.002548195,
    "p25": 0.00264782,
    "p50": 0.002758198,
    "p75": 0.002838565,
    "p90": 0.002918464,
    "p95": 0.003018918,
    "p99": 0.005560872
  },
  "rps": {
    "mean": 17752.31561305345,
    "stddev": 1715.9978926812896,
    "max": 27847.42974233689,
    "percentiles": {
      "p10": 17049.829832668744,
      "p25": 17367.059426564294,
      "p50": 17749.667118531026,
      "p75": 18320.187014072013,
      "p90": 18795.588725581598,
      "p95": 19058.985654701664,
      "p99": 23127.246208757977
    }
  },
  "details": {
    "DNSDialup": {
      "average": 0.0011460394200000004,
      "fastest": 0.000231378,
      "slowest": 0.001739069
    },
    "DNSLookup": {
      "average": 0.000009951980000000003,
      "fastest": 0.000004698,
      "slowest": 0.000043732
    }
  },
  "statusCodeDistribution": {
    "200": 177515
  },
  "errorDistribution": {}
}