{
  "summary": {
    "successRate": 1,
    "total": 10.000372088,
    "slowest": 0.022693991,
    "fastest": 0.0003383,
    "average": 0.0028226143739543993,
    "requestsPerSec": 17668.342582174526,
    "totalData": 2296970,
    "sizePerRequest": 13,
    "sizePerSec": 229688.45356826886
  },
  "responseTimeHistogram": {
    "0.0003383": 1,
    "0.0025738691000000004": 23557,
    "0.0048094382": 148664,
    "0.0070450073": 4161,
    "0.0092805764": 223,
    "0.011516145500000002": 27,
    "0.013751714600000001": 16,
    "0.0159872837": 7,
    "0.0182228528": 10,
    "0.020458421900000003": 13,
    "0.022693991000000004": 11
  },
  "latencyPercentiles": {
    "p10": 0.002549799,
    "p25": 0.002637803,
    "p50": 0.002743718,
    "p75": 0.002859314,
    "p90": 0.002957996,
    "p95": 0.00309795,
    "p99": 0.005523455
  },
  "rps": {
    "mean": 17670.319585609515,
    "stddev": 1659.6830841260125,
    "max": 26654.68742218421,
    "percentiles": {
      "p10": 16785.45475013425,
      "p25": 17314.242696042613,
      "p50": 17942.49680367899,
      "p75": 18429.20291493887,
      "p90": 18783.254899013296,
      "p95": 18999.49847355413,
      "p99": 19448.978037241333
    }
  },
  "details": {
    "DNSDialup": {
      "average": 0.0008688770800000001,
      "fastest": 0.000102932,
      "slowest": 0.001821001
    },
    "DNSLookup": {
      "average": 0.000011061700000000005,
      "fastest": 0.000004097,
      "slowest": 0.000198732
    }
  },
  "statusCodeDistribution": {
    "200": 176690
  },
  "errorDistribution": {}
}