{
  "summary": {
    "successRate": 1,
    "total": 10.000582575,
    "slowest": 0.157094623,
    "fastest": 0.000384052,
    "average": 0.0027017138177991384,
    "requestsPerSec": 18458.22466997629,
    "totalData": 2399709,
    "sizePerRequest": 13,
    "sizePerSec": 239956.92070969177
  },
  "responseTimeHistogram": {
    "0.000384052": 1,
    "0.0160551091": 184548,
    "0.0317261662": 8,
    "0.047397223300000006": 5,
    "0.0630682804": 6,
    "0.07873933749999999": 5,
    "0.0944103946": 5,
    "0.1100814517": 4,
    "0.1257525088": 4,
    "0.1414235659": 2,
    "0.157094623": 5
  },
  "latencyPercentiles": {
    "p10": 0.002460542,
    "p25": 0.002544484,
    "p50": 0.002634515,
    "p75": 0.002724401,
    "p90": 0.002818341,
    "p95": 0.002916146,
    "p99": 0.005206461
  },
  "rps": {
    "mean": 18456.493868838086,
    "stddev": 1607.6797800070722,
    "max": 25212.709726973022,
    "percentiles": {
      "p10": 17723.941500179404,
      "p25": 18213.98493914788,
      "p50": 18704.89518168925,
      "p75": 19071.462677799987,
      "p90": 19406.16533872846,
      "p95": 19626.847564783937,
      "p99": 20182.812096312522
    }
  },
  "details": {
    "DNSDialup": {
      "average": 0.0010793899800000002,
      "fastest": 0.000136527,
      "slowest": 0.001598224
    },
    "DNSLookup": {
      "average": 0.000007484480000000002,
      "fastest": 0.000003968,
      "slowest": 0.000033162
    }
  },
  "statusCodeDistribution": {
    "200": 184593
  },
  "errorDistribution": {}
}