{
  "summary": {
    "successRate": 1,
    "total": 10.000590727,
    "slowest": 0.159097321,
    "fastest": 0.000764852,
    "average": 0.0027489790286897896,
    "requestsPerSec": 18141.228348660126,
    "totalData": 2358499,
    "sizePerRequest": 13,
    "sizePerSec": 235835.96853258164
  },
  "responseTimeHistogram": {
    "0.000764852": 1,
    "0.0165980989": 181379,
    "0.032431345800000004": 8,
    "0.048264592700000004": 5,
    "0.0640978396": 6,
    "0.0799310865": 5,
    "0.0957643334": 4,
    "0.1115975803": 4,
    "0.1274308272": 4,
    "0.1432640741": 3,
    "0.159097321": 4
  },
  "latencyPercentiles": {
    "p10": 0.00252352,
    "p25": 0.002606038,
    "p50": 0.002682977,
    "p75": 0.002755139,
    "p90": 0.002831313,
    "p95": 0.002915345,
    "p99": 0.005318886
  },
  "rps": {
    "mean": 18139.749558867195,
    "stddev": 1505.9369624174383,
    "max": 22289.725059252916,
    "percentiles": {
      "p10": 17644.913362473573,
      "p25": 17976.778822350243,
      "p50": 18318.46868012241,
      "p75": 18645.952951048028,
      "p90": 18986.155375865506,
      "p95": 19145.034865513433,
      "p99": 19608.442530571447
    }
  },
  "details": {
    "DNSDialup": {
      "average": 0.00083501186,
      "fastest": 0.000090972,
      "slowest": 0.001672607
    },
    "DNSLookup": {
      "average": 0.000024906400000000003,
      "fastest": 0.000003787,
      "slowest": 0.000904023
    }
  },
  "statusCodeDistribution": {
    "200": 181423
  },
  "errorDistribution": {}
}