{
  "summary": {
    "successRate": 1,
    "total": 10.00065564,
    "slowest": 0.152106903,
    "fastest": 0.000341721,
    "average": 0.002693646455021659,
    "requestsPerSec": 18515.486050672574,
    "totalData": 2407171,
    "sizePerRequest": 13,
    "sizePerSec": 240701.31865874346
  },
  "responseTimeHistogram": {
    "0.000341721": 1,
    "0.015518239199999999": 185123,
    "0.030694757399999998": 8,
    "0.0458712756": 5,
    "0.0610477938": 6,
    "0.076224312": 5,
    "0.09140083019999999": 4,
    "0.1065773484": 4,
    "0.1217538666": 4,
    "0.13693038479999997": 3,
    "0.152106903": 4
  },
  "latencyPercentiles": {
    "p10": 0.002451246,
    "p25": 0.002536368,
    "p50": 0.002625843,
    "p75": 0.002713503,
    "p90": 0.002800932,
    "p95": 0.002898893,
    "p99": 0.005223814
  },
  "rps": {
    "mean": 18515.03924297707,
    "stddev": 1559.5094794859897,
    "max": 26050.660719901694,
    "percentiles": {
      "p10": 18010.014171567433,
      "p25": 18316.605834849557,
      "p50": 18673.53826102553,
      "p75": 19035.186542323914,
      "p90": 19429.394731288954,
      "p95": 19632.20663498554,
      "p99": 20033.279283545864
    }
  },
  "details": {
    "DNSDialup": {
      "average": 0.00085758696,
      "fastest": 0.000133247,
      "slowest": 0.001779397
    },
    "DNSLookup": {
      "average": 0.000006960779999999999,
      "fastest": 0.000002715,
      "slowest": 0.000036048
    }
  },
  "statusCodeDistribution": {
    "200": 185167
  },
  "errorDistribution": {}
}