{
  "summary": {
    "successRate": 1,
    "total": 10.000666949,
    "slowest": 0.118811585,
    "fastest": 0.000041962,
    "average": 0.0013615330031130496,
    "requestsPerSec": 36682.05349411042,
    "totalData": 4768985,
    "sizePerRequest": 13,
    "sizePerSec": 476866.6954234354
  },
  "responseTimeHistogram": {
    "0.000041962": 1,
    "0.011918924299999998": 366799,
    "0.023795886599999996": 8,
    "0.03567284889999999": 6,
    "0.04754981119999999": 6,
    "0.059426773499999995": 5,
    "0.07130373579999999": 5,
    "0.08318069809999999": 4,
    "0.0950576604": 4,
    "0.1069346227": 3,
    "0.118811585": 4
  },
  "latencyPercentiles": {
    "p10": 0.001229917,
    "p25": 0.001285649,
    "p50": 0.001329949,
    "p75": 0.001379068,
    "p90": 0.001505975,
    "p95": 0.001636308,
    "p99": 0.002659694
  },
  "rps": {
    "mean": 36677.72146122974,
    "stddev": 3505.2511556926806,
    "max": 43416.18121073893,
    "percentiles": {
      "p10": 35724.32826755224,
      "p25": 36399.08194095171,
      "p50": 37014.2727035527,
      "p75": 37792.62471821559,
      "p90": 38569.88863820987,
      "p95": 39129.35875787673,
      "p99": 40743.0001623729
    }
  },
  "details": {
    "DNSDialup": {
      "average": 0.0005146780599999999,
      "fastest": 0.000061468,
      "slowest": 0.000992183
    },
    "DNSLookup": {
      "average": 0.000005514919999999999,
      "fastest": 0.000003153,
      "slowest": 0.000033701
    }
  },
  "statusCodeDistribution": {
    "200": 366845
  },
  "errorDistribution": {}
}