{
  "summary": {
    "successRate": 1,
    "total": 10.000629269,
    "slowest": 0.156324033,
    "fastest": 0.000335875,
    "average": 0.002518510668588616,
    "requestsPerSec": 19805.25371677989,
    "totalData": 2574845,
    "sizePerRequest": 13,
    "sizePerSec": 257468.29831813858
  },
  "responseTimeHistogram": {
    "0.000335875": 1,
    "0.015934690799999998": 198021,
    "0.0315335066": 7,
    "0.047132322399999996": 6,
    "0.0627311382": 5,
    "0.078329954": 6,
    "0.09392876979999999": 3,
    "0.10952758559999999": 5,
    "0.1251264014": 4,
    "0.1407252172": 3,
    "0.156324033": 4
  },
  "latencyPercentiles": {
    "p10": 0.002305392,
    "p25": 0.00236464,
    "p50": 0.002435532,
    "p75": 0.002526539,
    "p90": 0.002645245,
    "p95": 0.002758038,
    "p99": 0.004865527
  },
  "rps": {
    "mean": 19799.574554530558,
    "stddev": 1832.2399203878938,
    "max": 27804.74300559595,
    "percentiles": {
      "p10": 19135.860602769604,
      "p25": 19639.49305658669,
      "p50": 20076.308039226402,
      "p75": 20439.75889542329,
      "p90": 20735.210460883896,
      "p95": 20916.34821776767,
      "p99": 21544.683673940373
    }
  },
  "details": {
    "DNSDialup": {
      "average": 0.0007277257199999999,
      "fastest": 0.000077233,
      "slowest": 0.001517121
    },
    "DNSLookup": {
      "average": 0.000006370619999999999,
      "fastest": 0.000003446,
      "slowest": 0.000023494
    }
  },
  "statusCodeDistribution": {
    "200": 198065
  },
  "errorDistribution": {}
}