{
  "summary": {
    "successRate": 1,
    "total": 10.000948514,
    "slowest": 0.027341666,
    "fastest": 0.000197403,
    "average": 0.0016180989299511806,
    "requestsPerSec": 30845.5742540982,
    "totalData": 4010305,
    "sizePerRequest": 13,
    "sizePerSec": 400992.46530327655
  },
  "responseTimeHistogram": {
    "0.000197403": 1,
    "0.0029118293000000004": 298727,
    "0.0056262556": 8118,
    "0.008340681900000002": 1088,
    "0.011055108200000002": 393,
    "0.013769534500000001": 83,
    "0.016483960800000003": 29,
    "0.019198387100000002": 7,
    "0.0219128134": 9,
    "0.0246272397": 17,
    "0.027341666": 13
  },
  "latencyPercentiles": {
    "p10": 0.001446319,
    "p25": 0.00147232,
    "p50": 0.00149842,
    "p75": 0.00153032,
    "p90": 0.001809624,
    "p95": 0.001946626,
    "p99": 0.004085555
  },
  "rps": {
    "mean": 30789.326365437828,
    "stddev": 5206.600263617426,
    "max": 35213.623799915265,
    "percentiles": {
      "p10": 29443.18136979691,
      "p25": 31471.978974281123,
      "p50": 32228.899654318833,
      "p75": 32854.75902687014,
      "p90": 33100.87103756274,
      "p95": 33230.126432623976,
      "p99": 33600.22512150975
    }
  },
  "details": {
    "DNSDialup": {
      "average": 0.0018112283000000001,
      "fastest": 0.000079501,
      "slowest": 0.002029927
    },
    "DNSLookup": {
      "average": 0.000005280119999999999,
      "fastest": 0.000004,
      "slowest": 0.0000409
    }
  },
  "statusCodeDistribution": {
    "200": 308485
  },
  "errorDistribution": {}
}