{
  "summary": {
    "successRate": 1,
    "total": 10.000435339,
    "slowest": 0.024449668,
    "fastest": 0.000351761,
    "average": 0.00282758576286425,
    "requestsPerSec": 17637.232182497894,
    "totalData": 2292940,
    "sizePerRequest": 13,
    "sizePerSec": 229284.0183724726
  },
  "responseTimeHistogram": {
    "0.000351761": 1,
    "0.0027615517": 94471,
    "0.0051713424": 77837,
    "0.0075811331": 3950,
    "0.0099909238": 49,
    "0.012400714500000002": 22,
    "0.0148105052": 9,
    "0.017220295899999998": 8,
    "0.0196300866": 12,
    "0.0220398773": 14,
    "0.024449668": 7
  },
  "latencyPercentiles": {
    "p10": 0.002571369,
    "p25": 0.002659137,
    "p50": 0.002749976,
    "p75": 0.0028317,
    "p90": 0.002914375,
    "p95": 0.003040312,
    "p99": 0.005541287
  },
  "rps": {
    "mean": 17639.726783759874,
    "stddev": 1588.6630778916897,
    "max": 21450.116051142402,
    "percentiles": {
      "p10": 17004.186350186355,
      "p25": 17461.424051384372,
      "p50": 17845.148225009467,
      "p75": 18275.378626683796,
      "p90": 18644.73991790808,
      "p95": 18816.34575956133,
      "p99": 19249.337978171778
    }
  },
  "details": {
    "DNSDialup": {
      "average": 0.0009039931600000001,
      "fastest": 0.000099668,
      "slowest": 0.001989184
    },
    "DNSLookup": {
      "average": 0.00004492639999999999,
      "fastest": 0.000004018,
      "slowest": 0.001899645
    }
  },
  "statusCodeDistribution": {
    "200": 176380
  },
  "errorDistribution": {}
}