{
  "summary": {
    "successRate": 1,
    "total": 10.000603694,
    "slowest": 0.006098291,
    "fastest": 0.000144498,
    "average": 0.0010526408003994063,
    "requestsPerSec": 47421.837172143016,
    "totalData": 6165211,
    "sizePerRequest": 13,
    "sizePerSec": 616483.8832378592
  },
  "responseTimeHistogram": {
    "0.000144498": 1,
    "0.0007398773": 4024,
    "0.0013352566": 465947,
    "0.0019306358999999999": 3768,
    "0.0025260151999999996": 353,
    "0.0031213944999999993": 98,
    "0.0037167737999999994": 9,
    "0.0043121531": 10,
    "0.004907532399999999": 17,
    "0.005502911699999999": 15,
    "0.006098290999999999": 5
  },
  "latencyPercentiles": {
    "p10": 0.000927204,
    "p25": 0.000978572,
    "p50": 0.001061331,
    "p75": 0.001120549,
    "p90": 0.001166372,
    "p95": 0.001202036,
    "p99": 0.001318061
  },
  "rps": {
    "mean": 47421.363370363106,
    "stddev": 2480.646466867968,
    "max": 54555.06732335819,
    "percentiles": {
      "p10": 45923.04877818171,
      "p25": 46698.71424894977,
      "p50": 47532.065131136114,
      "p75": 48443.05635029536,
      "p90": 49430.70466928656,
      "p95": 49913.19205666259,
      "p99": 52106.634968632396
    }
  },
  "details": {
    "DNSDialup": {
      "average": 0.00082040362,
      "fastest": 0.000128138,
      "slowest": 0.00141041
    },
    "DNSLookup": {
      "average": 0.00000618706,
      "fastest": 0.000003717,
      "slowest": 0.000027391
    }
  },
  "statusCodeDistribution": {
    "200": 474247
  },
  "errorDistribution": {}
}