{
  "summary": {
    "successRate": 1,
    "total": 10.000663421,
    "slowest": 0.006227723,
    "fastest": 0.000135052,
    "average": 0.0010473965108243294,
    "requestsPerSec": 47658.038265659576,
    "totalData": 6195956,
    "sizePerRequest": 13,
    "sizePerSec": 619554.4974535744
  },
  "responseTimeHistogram": {
    "0.000135052": 1,
    "0.0007443190999999999": 5228,
    "0.0013535862": 467727,
    "0.0019628532999999997": 3098,
    "0.0025721204": 396,
    "0.0031813874999999997": 69,
    "0.0037906546": 43,
    "0.0043999217": 7,
    "0.0050091888": 15,
    "0.0056184558999999995": 16,
    "0.006227722999999999": 12
  },
  "latencyPercentiles": {
    "p10": 0.000921659,
    "p25": 0.000974779,
    "p50": 0.001055019,
    "p75": 0.001117497,
    "p90": 0.001161169,
    "p95": 0.001193778,
    "p99": 0.001303292
  },
  "rps": {
    "mean": 47616.43974666118,
    "stddev": 2802.5839099783752,
    "max": 57080.56811646134,
    "percentiles": {
      "p10": 46284.43604991876,
      "p25": 46942.43892004415,
      "p50": 47674.791119126734,
      "p75": 48569.24030898575,
      "p90": 49704.42866459509,
      "p95": 50508.24294524989,
      "p99": 52134.692513844355
    }
  },
  "details": {
    "DNSDialup": {
      "average": 0.0007149709200000002,
      "fastest": 0.000150261,
      "slowest": 0.001135251
    },
    "DNSLookup": {
      "average": 0.00000635604,
      "fastest": 0.000003427,
      "slowest": 0.00003161
    }
  },
  "statusCodeDistribution": {
    "200": 476612
  },
  "errorDistribution": {}
}