{
  "summary": {
    "successRate": 1,
    "total": 10.000598046,
    "slowest": 0.006301671,
    "fastest": 0.00021754,
    "average": 0.0009915128565745421,
    "requestsPerSec": 50372.28750549465,
    "totalData": 6548789,
    "sizePerRequest": 13,
    "sizePerSec": 654839.7375714304
  },
  "responseTimeHistogram": {
    "0.00021754": 1,
    "0.0008259531": 20486,
    "0.0014343662": 480488,
    "0.0020427793": 2196,
    "0.0026511924": 376,
    "0.0032596055": 61,
    "0.0038680185999999997": 54,
    "0.0044764317": 30,
    "0.0050848448": 32,
    "0.0056932579": 24,
    "0.006301671": 5
  },
  "latencyPercentiles": {
    "p10": 0.000875495,
    "p25": 0.000918759,
    "p50": 0.000998896,
    "p75": 0.001052159,
    "p90": 0.00109338,
    "p95": 0.001137544,
    "p99": 0.001256875
  },
  "rps": {
    "mean": 50369.46155664117,
    "stddev": 2817.6904199866,
    "max": 62498.1533498319,
    "percentiles": {
      "p10": 49216.4875233217,
      "p25": 49871.33698807907,
      "p50": 50633.54979008867,
      "p75": 51200.48958191886,
      "p90": 51919.552210434966,
      "p95": 52461.36405753823,
      "p99": 56074.18574432834
    }
  },
  "details": {
    "DNSDialup": {
      "average": 0.00068991792,
      "fastest": 0.000083383,
      "slowest": 0.001457991
    },
    "DNSLookup": {
      "average": 0.000005537039999999999,
      "fastest": 0.000002584,
      "slowest": 0.000035362
    }
  },
  "statusCodeDistribution": {
    "200": 503753
  },
  "errorDistribution": {}
}