{
  "summary": {
    "successRate": 1,
    "total": 10.000290087,
    "slowest": 0.008890363,
    "fastest": 0.000263058,
    "average": 0.0010555067889327135,
    "requestsPerSec": 47291.128145850955,
    "totalData": 6148025,
    "sizePerRequest": 13,
    "sizePerSec": 614784.6658960624
  },
  "responseTimeHistogram": {
    "0.000263058": 1,
    "0.0011257885": 346361,
    "0.001988519": 126276,
    "0.0028512495": 207,
    "0.00371398": 35,
    "0.0045767105": 32,
    "0.005439441": 11,
    "0.0063021715": 1,
    "0.007164902": 0,
    "0.0080276325": 0,
    "0.008890363": 1
  },
  "latencyPercentiles": {
    "p10": 0.000922808,
    "p25": 0.000983129,
    "p50": 0.001068188,
    "p75": 0.001129834,
    "p90": 0.001178453,
    "p95": 0.001217346,
    "p99": 0.001329154
  },
  "rps": {
    "mean": 47292.10373398621,
    "stddev": 2766.7201428916546,
    "max": 62265.054528974906,
    "percentiles": {
      "p10": 45506.275436192125,
      "p25": 46336.90270931779,
      "p50": 47181.74881460352,
      "p75": 47966.90847631719,
      "p90": 49942.171169339206,
      "p95": 51504.434531812956,
      "p99": 54191.74119867428
    }
  },
  "details": {
    "DNSDialup": {
      "average": 0.0008884097000000002,
      "fastest": 0.000077465,
      "slowest": 0.001813969
    },
    "DNSLookup": {
      "average": 0.000009422620000000002,
      "fastest": 0.000004258,
      "slowest": 0.000042579
    }
  },
  "statusCodeDistribution": {
    "200": 472925
  },
  "errorDistribution": {}
}