{
  "summary": {
    "successRate": 1,
    "total": 10.000645786,
    "slowest": 0.005257244,
    "fastest": 0.000145742,
    "average": 0.0010537793712345432,
    "requestsPerSec": 47371.84079284217,
    "totalData": 6158737,
    "sizePerRequest": 13,
    "sizePerSec": 615833.9303069483
  },
  "responseTimeHistogram": {
    "0.000145742": 1,
    "0.0006568922": 1787,
    "0.0011680424": 424747,
    "0.0016791926": 45942,
    "0.0021903428": 1010,
    "0.002701493": 122,
    "0.0032126432": 50,
    "0.0037237933999999997": 47,
    "0.0042349436": 5,
    "0.0047460938": 22,
    "0.005257244": 16
  },
  "latencyPercentiles": {
    "p10": 0.000928845,
    "p25": 0.000979473,
    "p50": 0.001061662,
    "p75": 0.00112071,
    "p90": 0.001167864,
    "p95": 0.001205869,
    "p99": 0.001325253
  },
  "rps": {
    "mean": 47372.59449363533,
    "stddev": 2540.87324157442,
    "max": 64000.43520295696,
    "percentiles": {
      "p10": 45916.97550584407,
      "p25": 46669.90527524476,
      "p50": 47525.84455426789,
      "p75": 48286.87775045002,
      "p90": 49215.87878660363,
      "p95": 49891.12291365948,
      "p99": 51677.53180096043
    }
  },
  "details": {
    "DNSDialup": {
      "average": 0.0007467855599999998,
      "fastest": 0.000068696,
      "slowest": 0.001186009
    },
    "DNSLookup": {
      "average": 0.000007452520000000001,
      "fastest": 0.000003317,
      "slowest": 0.000051526
    }
  },
  "statusCodeDistribution": {
    "200": 473749
  },
  "errorDistribution": {}
}