{
  "summary": {
    "successRate": 1,
    "total": 10.000754597,
    "slowest": 0.012865601,
    "fastest": 0.000090604,
    "average": 0.0010759718401842828,
    "requestsPerSec": 46379.300231918285,
    "totalData": 6029764,
    "sizePerRequest": 13,
    "sizePerSec": 602930.9030149378
  },
  "responseTimeHistogram": {
    "0.000090604": 1,
    "0.0013681037": 432052,
    "0.0026456034000000004": 28398,
    "0.0039231031": 2614,
    "0.005200602800000001": 455,
    "0.006478102500000001": 142,
    "0.0077556022": 92,
    "0.0090331019": 23,
    "0.0103106016": 1,
    "0.0115881013": 0,
    "0.012865601": 50
  },
  "latencyPercentiles": {
    "p10": 0.000924244,
    "p25": 0.000951637,
    "p50": 0.000979446,
    "p75": 0.001014248,
    "p90": 0.001240648,
    "p95": 0.001850994,
    "p99": 0.002444314
  },
  "rps": {
    "mean": 46346.012160311686,
    "stddev": 9073.094981644992,
    "max": 55317.16650588063,
    "percentiles": {
      "p10": 29348.524850988637,
      "p25": 48115.074452825975,
      "p50": 50018.171601741495,
      "p75": 50799.30599715001,
      "p90": 51394.450904998375,
      "p95": 51823.78765110737,
      "p99": 52421.928233175415
    }
  },
  "details": {
    "DNSDialup": {
      "average": 0.0017022888399999998,
      "fastest": 0.000094205,
      "slowest": 0.002734139
    },
    "DNSLookup": {
      "average": 0.000012770680000000002,
      "fastest": 0.0000042,
      "slowest": 0.000361418
    }
  },
  "statusCodeDistribution": {
    "200": 463828
  },
  "errorDistribution": {}
}