{
  "summary": {
    "successRate": 1,
    "total": 10.00067603,
    "slowest": 0.006475161,
    "fastest": 0.000260565,
    "average": 0.0010555296702723877,
    "requestsPerSec": 47291.90292548653,
    "totalData": 6148363,
    "sizePerRequest": 13,
    "sizePerSec": 614794.7380313249
  },
  "responseTimeHistogram": {
    "0.000260565": 1,
    "0.0008820245999999999": 18704,
    "0.0015034841999999999": 452034,
    "0.0021249438": 1908,
    "0.0027464034": 167,
    "0.0033678629999999996": 71,
    "0.0039893226": 17,
    "0.0046107822": 9,
    "0.0052322418": 19,
    "0.0058537013999999995": 19,
    "0.006475160999999999": 2
  },
  "latencyPercentiles": {
    "p10": 0.000932595,
    "p25": 0.000981359,
    "p50": 0.001063041,
    "p75": 0.001122251,
    "p90": 0.00116636,
    "p95": 0.001200026,
    "p99": 0.001308955
  },
  "rps": {
    "mean": 47291.93125335952,
    "stddev": 2416.0405311801073,
    "max": 53421.80143716848,
    "percentiles": {
      "p10": 46010.936799675954,
      "p25": 46653.567626348566,
      "p50": 47482.995527881234,
      "p75": 48183.91954894822,
      "p90": 49024.94005973944,
      "p95": 49737.93512311951,
      "p99": 51105.86630705067
    }
  },
  "details": {
    "DNSDialup": {
      "average": 0.0006981793400000001,
      "fastest": 0.000087943,
      "slowest": 0.001386353
    },
    "DNSLookup": {
      "average": 0.00000914056,
      "fastest": 0.000002625,
      "slowest": 0.000152554
    }
  },
  "statusCodeDistribution": {
    "200": 472951
  },
  "errorDistribution": {}
}