{
  "summary": {
    "successRate": 1,
    "total": 10.000725457,
    "slowest": 0.005614805,
    "fastest": 0.000160933,
    "average": 0.0010655761662298033,
    "requestsPerSec": 46842.00181418899,
    "totalData": 6089902,
    "sizePerRequest": 13,
    "sizePerSec": 608946.0235844569
  },
  "responseTimeHistogram": {
    "0.000160933": 1,
    "0.0007063201999999999": 2693,
    "0.0012517073999999998": 452577,
    "0.0017970945999999997": 12429,
    "0.0023424817999999994": 552,
    "0.002887868999999999": 119,
    "0.003433256199999999": 32,
    "0.0039786434": 8,
    "0.004524030599999999": 2,
    "0.005069417799999999": 18,
    "0.005614804999999999": 23
  },
  "latencyPercentiles": {
    "p10": 0.000939691,
    "p25": 0.000990471,
    "p50": 0.001073232,
    "p75": 0.001133805,
    "p90": 0.001181175,
    "p95": 0.001217813,
    "p99": 0.001343196
  },
  "rps": {
    "mean": 46841.05316446614,
    "stddev": 2427.018925860227,
    "max": 57692.47526860528,
    "percentiles": {
      "p10": 45354.202807775575,
      "p25": 46319.688804353515,
      "p50": 46939.70629755818,
      "p75": 47608.05528295541,
      "p90": 48720.735545047835,
      "p95": 49656.42459526666,
      "p99": 51596.74803433283
    }
  },
  "details": {
    "DNSDialup": {
      "average": 0.0007015168000000001,
      "fastest": 0.000066704,
      "slowest": 0.001585148
    },
    "DNSLookup": {
      "average": 0.0000061335,
      "fastest": 0.000003096,
      "slowest": 0.000025227
    }
  },
  "statusCodeDistribution": {
    "200": 468454
  },
  "errorDistribution": {}
}