{
  "summary": {
    "successRate": 1,
    "total": 10.000705308,
    "slowest": 0.005320766,
    "fastest": 0.000184304,
    "average": 0.0010849683324393063,
    "requestsPerSec": 46005.75517728274,
    "totalData": 5981170,
    "sizePerRequest": 13,
    "sizePerSec": 598074.8173046756
  },
  "responseTimeHistogram": {
    "0.000184304": 1,
    "0.0006979502": 4957,
    "0.0012115964": 410926,
    "0.0017252426": 43100,
    "0.0022388888000000003": 879,
    "0.0027525350000000004": 141,
    "0.0032661812000000004": 36,
    "0.0037798274000000005": 4,
    "0.0042934736": 1,
    "0.004807119800000001": 16,
    "0.005320766": 29
  },
  "latencyPercentiles": {
    "p10": 0.000952271,
    "p25": 0.001010497,
    "p50": 0.001096608,
    "p75": 0.001158107,
    "p90": 0.001209315,
    "p95": 0.001249966,
    "p99": 0.001371692
  },
  "rps": {
    "mean": 46004.017344443026,
    "stddev": 2698.5728278352176,
    "max": 65066.41328804367,
    "percentiles": {
      "p10": 44339.03164956231,
      "p25": 45202.07477523218,
      "p50": 45909.00275544104,
      "p75": 46659.26192857313,
      "p90": 48272.658456761535,
      "p95": 49815.495352833255,
      "p99": 52858.149249990216
    }
  },
  "details": {
    "DNSDialup": {
      "average": 0.0008219303600000001,
      "fastest": 0.000152912,
      "slowest": 0.001181263
    },
    "DNSLookup": {
      "average": 0.000008234559999999998,
      "fastest": 0.000004108,
      "slowest": 0.000036928
    }
  },
  "statusCodeDistribution": {
    "200": 460090
  },
  "errorDistribution": {}
}