{
  "summary": {
    "successRate": 1,
    "total": 10.000593529,
    "slowest": 0.00551627,
    "fastest": 0.00029539,
    "average": 0.0010680618702545895,
    "requestsPerSec": 46737.22601009835,
    "totalData": 6076200,
    "sizePerRequest": 13,
    "sizePerSec": 607583.9381312785
  },
  "responseTimeHistogram": {
    "0.00029539": 1,
    "0.0008174780000000001": 18569,
    "0.0013395660000000002": 443030,
    "0.0018616540000000003": 5006,
    "0.0023837420000000003": 547,
    "0.0029058300000000003": 127,
    "0.0034279180000000007": 58,
    "0.003950006000000001": 12,
    "0.004472094000000001": 9,
    "0.0049941820000000015": 15,
    "0.00551627": 26
  },
  "latencyPercentiles": {
    "p10": 0.000925624,
    "p25": 0.000995395,
    "p50": 0.001080032,
    "p75": 0.001145657,
    "p90": 0.001195815,
    "p95": 0.001236258,
    "p99": 0.001364428
  },
  "rps": {
    "mean": 46734.858137421455,
    "stddev": 2875.4332916631656,
    "max": 56769.41493824762,
    "percentiles": {
      "p10": 44883.49676904043,
      "p25": 45609.769612651166,
      "p50": 46498.58630268044,
      "p75": 47715.29311383716,
      "p90": 49727.713032564054,
      "p95": 50751.91729186067,
      "p99": 54372.69765608223
    }
  },
  "details": {
    "DNSDialup": {
      "average": 0.0008293071399999998,
      "fastest": 0.000150717,
      "slowest": 0.001148587
    },
    "DNSLookup": {
      "average": 0.000008155939999999995,
      "fastest": 0.000004057,
      "slowest": 0.000037761
    }
  },
  "statusCodeDistribution": {
    "200": 467400
  },
  "errorDistribution": {}
}