{
  "summary": {
    "successRate": 1,
    "total": 10.000204587,
    "slowest": 0.005898334,
    "fastest": 0.000335243,
    "average": 0.0010919530480266823,
    "requestsPerSec": 45715.264725113564,
    "totalData": 5943106,
    "sizePerRequest": 13,
    "sizePerSec": 594298.4414264763
  },
  "responseTimeHistogram": {
    "0.000335243": 1,
    "0.0008915520999999999": 19315,
    "0.0014478612": 435246,
    "0.0020041702999999997": 2226,
    "0.0025604793999999998": 277,
    "0.0031167885": 14,
    "0.0036730975999999995": 25,
    "0.0042294067": 12,
    "0.0047857158": 20,
    "0.0053420249": 15,
    "0.005898334": 11
  },
  "latencyPercentiles": {
    "p10": 0.001003716,
    "p25": 0.001051424,
    "p50": 0.001095749,
    "p75": 0.001141197,
    "p90": 0.001190923,
    "p95": 0.001229855,
    "p99": 0.001364967
  },
  "rps": {
    "mean": 45715.2278582448,
    "stddev": 2636.138947631359,
    "max": 56348.47095471314,
    "percentiles": {
      "p10": 44155.722919407475,
      "p25": 44774.80526715435,
      "p50": 45423.38684645652,
      "p75": 46250.1346029752,
      "p90": 48423.727143069686,
      "p95": 50038.27928365152,
      "p99": 53254.91294289766
    }
  },
  "details": {
    "DNSDialup": {
      "average": 0.0010868523199999997,
      "fastest": 0.000099826,
      "slowest": 0.001868704
    },
    "DNSLookup": {
      "average": 0.0000066021799999999995,
      "fastest": 0.000004298,
      "slowest": 0.000025999
    }
  },
  "statusCodeDistribution": {
    "200": 457162
  },
  "errorDistribution": {}
}