{
  "summary": {
    "successRate": 1,
    "total": 10.000677853,
    "slowest": 0.00552684,
    "fastest": 0.000238086,
    "average": 0.001046439673217081,
    "requestsPerSec": 47698.46674512215,
    "totalData": 6201221,
    "sizePerRequest": 13,
    "sizePerSec": 620080.0676865879
  },
  "responseTimeHistogram": {
    "0.000238086": 1,
    "0.0007669614": 6379,
    "0.0012958368": 464930,
    "0.0018247121999999999": 5018,
    "0.0023535876": 504,
    "0.002882463": 75,
    "0.0034113384": 45,
    "0.0039402138": 22,
    "0.0044690892": 0,
    "0.0049979646": 21,
    "0.00552684": 22
  },
  "latencyPercentiles": {
    "p10": 0.00091943,
    "p25": 0.000972049,
    "p50": 0.001053813,
    "p75": 0.001115447,
    "p90": 0.001163207,
    "p95": 0.001200385,
    "p99": 0.001314499
  },
  "rps": {
    "mean": 47695.26496070874,
    "stddev": 2544.616701183787,
    "max": 56830.56158836214,
    "percentiles": {
      "p10": 46107.68153974632,
      "p25": 46982.774251674455,
      "p50": 47789.290652342555,
      "p75": 48661.722206719285,
      "p90": 49744.54770672712,
      "p95": 50525.91056913929,
      "p99": 51936.88412851082
    }
  },
  "details": {
    "DNSDialup": {
      "average": 0.0007094078000000001,
      "fastest": 0.00006983,
      "slowest": 0.001648034
    },
    "DNSLookup": {
      "average": 0.000007467400000000001,
      "fastest": 0.000003146,
      "slowest": 0.000026399
    }
  },
  "statusCodeDistribution": {
    "200": 477017
  },
  "errorDistribution": {}
}