{
  "summary": {
    "successRate": 1,
    "total": 10.000397322,
    "slowest": 0.005232396,
    "fastest": 0.000188175,
    "average": 0.0010777854050732303,
    "requestsPerSec": 46315.95976502343,
    "totalData": 6021314,
    "sizePerRequest": 13,
    "sizePerSec": 602107.4769453045
  },
  "responseTimeHistogram": {
    "0.000188175": 1,
    "0.0006925971000000001": 2831,
    "0.0011970192000000002": 412679,
    "0.0017014413000000003": 46565,
    "0.0022058634000000003": 825,
    "0.0027102855000000004": 170,
    "0.0032147076000000004": 28,
    "0.0037191297000000005": 16,
    "0.0042235518": 17,
    "0.004727973900000001": 26,
    "0.005232396": 20
  },
  "latencyPercentiles": {
    "p10": 0.000948043,
    "p25": 0.0010008,
    "p50": 0.001086352,
    "p75": 0.00114355,
    "p90": 0.001198944,
    "p95": 0.001246156,
    "p99": 0.001361937
  },
  "rps": {
    "mean": 46316.443264288966,
    "stddev": 2475.326171504034,
    "max": 65434.300660409506,
    "percentiles": {
      "p10": 44899.56478491056,
      "p25": 45622.82053482833,
      "p50": 46395.25442826141,
      "p75": 47171.7695847945,
      "p90": 47814.96236315364,
      "p95": 48640.44452962625,
      "p99": 52009.43157908497
    }
  },
  "details": {
    "DNSDialup": {
      "average": 0.0009346386399999999,
      "fastest": 0.000092645,
      "slowest": 0.002111154
    },
    "DNSLookup": {
      "average": 0.00000867214,
      "fastest": 0.000004819,
      "slowest": 0.000032962
    }
  },
  "statusCodeDistribution": {
    "200": 463178
  },
  "errorDistribution": {}
}