{
  "summary": {
    "successRate": 1,
    "total": 10.000482477,
    "slowest": 0.006007538,
    "fastest": 0.000216307,
    "average": 0.0011293150570622801,
    "requestsPerSec": 44200.46742910762,
    "totalData": 5746338,
    "sizePerRequest": 13,
    "sizePerSec": 574606.076578399
  },
  "responseTimeHistogram": {
    "0.000216307": 1,
    "0.0007954301": 4573,
    "0.0013745532": 431150,
    "0.0019536763": 5735,
    "0.0025327993999999998": 422,
    "0.0031119225": 74,
    "0.0036910455999999998": 11,
    "0.004270168699999999": 13,
    "0.0048492918": 7,
    "0.0054284149": 21,
    "0.006007538": 19
  },
  "latencyPercentiles": {
    "p10": 0.001040483,
    "p25": 0.001081219,
    "p50": 0.00112546,
    "p75": 0.001172362,
    "p90": 0.001225178,
    "p95": 0.001269985,
    "p99": 0.001417491
  },
  "rps": {
    "mean": 44192.202560025755,
    "stddev": 2361.966441845355,
    "max": 53170.111831451475,
    "percentiles": {
      "p10": 42777.03248663409,
      "p25": 43523.093685978936,
      "p50": 44276.72270510132,
      "p75": 44951.175297640366,
      "p90": 45819.71622388746,
      "p95": 47038.90117126867,
      "p99": 49931.38461339736
    }
  },
  "details": {
    "DNSDialup": {
      "average": 0.0012061329199999997,
      "fastest": 0.000093705,
      "slowest": 0.002142163
    },
    "DNSLookup": {
      "average": 0.00001058394,
      "fastest": 0.000004007,
      "slowest": 0.00019136
    }
  },
  "statusCodeDistribution": {
    "200": 442026
  },
  "errorDistribution": {}
}