{
  "summary": {
    "successRate": 1,
    "total": 10.000686981,
    "slowest": 0.008996247,
    "fastest": 0.000131699,
    "average": 0.0013915024046013296,
    "requestsPerSec": 35830.838489474365,
    "totalData": 4658329,
    "sizePerRequest": 13,
    "sizePerSec": 465800.9003631668
  },
  "responseTimeHistogram": {
    "0.000131699": 1,
    "0.0010181538": 6564,
    "0.0019046086000000001": 325879,
    "0.0027910634": 13101,
    "0.0036775182": 9924,
    "0.004563973": 1059,
    "0.0054504278": 861,
    "0.0063368826": 511,
    "0.0072233374": 250,
    "0.0081097922": 77,
    "0.008996247": 106
  },
  "latencyPercentiles": {
    "p10": 0.001099793,
    "p25": 0.001158194,
    "p50": 0.001252992,
    "p75": 0.001402791,
    "p90": 0.00168189,
    "p95": 0.002484686,
    "p99": 0.00345688
  },
  "rps": {
    "mean": 35814.761515882165,
    "stddev": 7429.6645671187725,
    "max": 45412.06186842142,
    "percentiles": {
      "p10": 23745.997121778662,
      "p25": 34999.45180973798,
      "p50": 38490.29438159018,
      "p75": 40168.94657238826,
      "p90": 41457.04074235738,
      "p95": 42216.71359690945,
      "p99": 43567.55209183434
    }
  },
  "details": {
    "DNSDialup": {
      "average": 0.00244759556,
      "fastest": 0.000333998,
      "slowest": 0.003203381
    },
    "DNSLookup": {
      "average": 0.000023701899999999994,
      "fastest": 0.0000062,
      "slowest": 0.000483097
    }
  },
  "statusCodeDistribution": {
    "200": 358333
  },
  "errorDistribution": {}
}