{
  "summary": {
    "successRate": 1,
    "total": 10.000711489,
    "slowest": 0.006557148,
    "fastest": 0.000239557,
    "average": 0.00105903173945798,
    "requestsPerSec": 47134.14645732712,
    "totalData": 6127875,
    "sizePerRequest": 13,
    "sizePerSec": 612743.9039452525
  },
  "responseTimeHistogram": {
    "0.000239557": 1,
    "0.0008713161": 17670,
    "0.0015030752": 451356,
    "0.0021348343": 2097,
    "0.0027665934": 165,
    "0.0033983525": 35,
    "0.0040301116": 2,
    "0.004661870699999999": 11,
    "0.0052936298": 16,
    "0.0059253889": 19,
    "0.006557148": 3
  },
  "latencyPercentiles": {
    "p10": 0.000933266,
    "p25": 0.000984269,
    "p50": 0.001067725,
    "p75": 0.001127206,
    "p90": 0.001173613,
    "p95": 0.001210993,
    "p99": 0.001325284
  },
  "rps": {
    "mean": 47132.604639438745,
    "stddev": 2561.0254433044506,
    "max": 63404.600912457194,
    "percentiles": {
      "p10": 45537.946771046416,
      "p25": 46440.734000315715,
      "p50": 47330.12379490381,
      "p75": 48013.37172402805,
      "p90": 49019.63236275839,
      "p95": 49907.61042663718,
      "p99": 51509.10681007918
    }
  },
  "details": {
    "DNSDialup": {
      "average": 0.0006586096399999998,
      "fastest": 0.000082254,
      "slowest": 0.00137882
    },
    "DNSLookup": {
      "average": 0.000006590259999999998,
      "fastest": 0.000003196,
      "slowest": 0.000031739
    }
  },
  "statusCodeDistribution": {
    "200": 471375
  },
  "errorDistribution": {}
}