{
  "summary": {
    "successRate": 1,
    "total": 10.00036659,
    "slowest": 0.005825025,
    "fastest": 0.000195355,
    "average": 0.001112580405700048,
    "requestsPerSec": 44867.955185630846,
    "totalData": 5833048,
    "sizePerRequest": 13,
    "sizePerSec": 583283.4174132011
  },
  "responseTimeHistogram": {
    "0.000195355": 1,
    "0.000758322": 5666,
    "0.0013212889999999998": 435574,
    "0.0018842559999999997": 6760,
    "0.0024472229999999997": 504,
    "0.00301019": 110,
    "0.0035731569999999995": 19,
    "0.004136124": 14,
    "0.004699091": 13,
    "0.005262058": 12,
    "0.005825025": 23
  },
  "latencyPercentiles": {
    "p10": 0.001023198,
    "p25": 0.001066998,
    "p50": 0.001112305,
    "p75": 0.001159069,
    "p90": 0.001209694,
    "p95": 0.001248978,
    "p99": 0.001377006
  },
  "rps": {
    "mean": 44866.35234168464,
    "stddev": 2405.884224712077,
    "max": 56400.13844580928,
    "percentiles": {
      "p10": 43444.27418105694,
      "p25": 44116.76878381406,
      "p50": 44856.501248971814,
      "p75": 45507.26295916796,
      "p90": 46801.4602055576,
      "p95": 48321.181227382054,
      "p99": 50864.67952648511
    }
  },
  "details": {
    "DNSDialup": {
      "average": 0.00108543978,
      "fastest": 0.000092763,
      "slowest": 0.00184518
    },
    "DNSLookup": {
      "average": 0.000007222500000000005,
      "fastest": 0.000003617,
      "slowest": 0.000036537
    }
  },
  "statusCodeDistribution": {
    "200": 448696
  },
  "errorDistribution": {}
}