{
  "summary": {
    "successRate": 1,
    "total": 10.000240381,
    "slowest": 0.008977146,
    "fastest": 0.000137438,
    "average": 0.001042536552515694,
    "requestsPerSec": 47881.64901613279,
    "totalData": 6224764,
    "sizePerRequest": 13,
    "sizePerSec": 622461.4372097262
  },
  "responseTimeHistogram": {
    "0.000137438": 1,
    "0.0010214088": 194621,
    "0.0019053796": 283578,
    "0.0027893504000000005": 471,
    "0.0036733212000000003": 90,
    "0.004557292": 31,
    "0.005441262800000001": 35,
    "0.006325233600000001": 0,
    "0.0072092044000000004": 0,
    "0.0080931752": 0,
    "0.008977146": 1
  },
  "latencyPercentiles": {
    "p10": 0.000901309,
    "p25": 0.000970468,
    "p50": 0.001056232,
    "p75": 0.001119708,
    "p90": 0.001170149,
    "p95": 0.001212253,
    "p99": 0.001339039
  },
  "rps": {
    "mean": 47880.4428875741,
    "stddev": 3204.7369022075018,
    "max": 65446.59142843748,
    "percentiles": {
      "p10": 45721.37195398986,
      "p25": 46704.506984924614,
      "p50": 47601.59608652747,
      "p75": 48869.05077484195,
      "p90": 51101.1548861063,
      "p95": 52902.10550379584,
      "p99": 55156.81703722934
    }
  },
  "details": {
    "DNSDialup": {
      "average": 0.00097081722,
      "fastest": 0.000160261,
      "slowest": 0.001381927
    },
    "DNSLookup": {
      "average": 0.000014696860000000002,
      "fastest": 0.000004138,
      "slowest": 0.000275867
    }
  },
  "statusCodeDistribution": {
    "200": 478828
  },
  "errorDistribution": {}
}