{
  "summary": {
    "successRate": 1,
    "total": 10.000637268,
    "slowest": 0.005582485,
    "fastest": 0.000259927,
    "average": 0.0010459992953976292,
    "requestsPerSec": 47720.758908741176,
    "totalData": 6204094,
    "sizePerRequest": 13,
    "sizePerSec": 620369.8658136353
  },
  "responseTimeHistogram": {
    "0.000259927": 1,
    "0.0007921828000000001": 9795,
    "0.0013244386": 462980,
    "0.0018566944": 3835,
    "0.0023889502": 465,
    "0.002921206": 60,
    "0.0034534618": 47,
    "0.0039857176": 4,
    "0.0045179734": 12,
    "0.0050502292": 22,
    "0.005582485": 17
  },
  "latencyPercentiles": {
    "p10": 0.000920028,
    "p25": 0.000972778,
    "p50": 0.001054992,
    "p75": 0.001114985,
    "p90": 0.001161522,
    "p95": 0.00119781,
    "p99": 0.001314066
  },
  "rps": {
    "mean": 47721.15500879599,
    "stddev": 2631.814209295794,
    "max": 65729.11142344994,
    "percentiles": {
      "p10": 46024.8534208464,
      "p25": 46941.57615399891,
      "p50": 47722.79074057626,
      "p75": 48743.084011956686,
      "p90": 49908.898756648705,
      "p95": 50788.82532529145,
      "p99": 52313.94166545154
    }
  },
  "details": {
    "DNSDialup": {
      "average": 0.0005705639600000001,
      "fastest": 0.000072665,
      "slowest": 0.001070051
    },
    "DNSLookup": {
      "average": 0.000006042819999999999,
      "fastest": 0.000003506,
      "slowest": 0.000028102
    }
  },
  "statusCodeDistribution": {
    "200": 477238
  },
  "errorDistribution": {}
}