{
  "summary": {
    "successRate": 1,
    "total": 10.00066198,
    "slowest": 0.006075801,
    "fastest": 0.000152724,
    "average": 0.0010938300326165076,
    "requestsPerSec": 45633.37916156626,
    "totalData": 5932732,
    "sizePerRequest": 13,
    "sizePerSec": 593233.9291003614
  },
  "responseTimeHistogram": {
    "0.000152724": 1,
    "0.0007450317": 6214,
    "0.0013373393999999998": 440884,
    "0.0019296470999999996": 8579,
    "0.0025219547999999997": 485,
    "0.0031142624999999998": 126,
    "0.0037065701999999994": 18,
    "0.004298877899999999": 7,
    "0.0048911855999999995": 9,
    "0.0054834932999999995": 24,
    "0.006075801": 17
  },
  "latencyPercentiles": {
    "p10": 0.000956686,
    "p25": 0.001014741,
    "p50": 0.001103047,
    "p75": 0.001164976,
    "p90": 0.001224804,
    "p95": 0.001276025,
    "p99": 0.001401471
  },
  "rps": {
    "mean": 45657.86781403999,
    "stddev": 2839.052495656211,
    "max": 73285.27719141016,
    "percentiles": {
      "p10": 43846.0471186841,
      "p25": 44724.80885146985,
      "p50": 45600.91201823985,
      "p75": 46502.52763575077,
      "p90": 48017.84823419081,
      "p95": 49413.294802323435,
      "p99": 51908.32228694955
    }
  },
  "details": {
    "DNSDialup": {
      "average": 0.0006024571999999999,
      "fastest": 0.000084126,
      "slowest": 0.000884118
    },
    "DNSLookup": {
      "average": 0.000006928660000000002,
      "fastest": 0.000003627,
      "slowest": 0.000038311
    }
  },
  "statusCodeDistribution": {
    "200": 456364
  },
  "errorDistribution": {}
}