{
  "summary": {
    "successRate": 1,
    "total": 10.000454485,
    "slowest": 0.006063448,
    "fastest": 0.000272098,
    "average": 0.0010436550850972475,
    "requestsPerSec": 47831.326137974014,
    "totalData": 6218355,
    "sizePerRequest": 13,
    "sizePerSec": 621807.2397936622
  },
  "responseTimeHistogram": {
    "0.000272098": 1,
    "0.000851233": 26678,
    "0.001430368": 448890,
    "0.0020095029999999997": 2415,
    "0.002588638": 216,
    "0.0031677729999999996": 71,
    "0.0037469079999999997": 11,
    "0.004326043": 10,
    "0.004905178": 21,
    "0.005484312999999999": 16,
    "0.006063447999999999": 6
  },
  "latencyPercentiles": {
    "p10": 0.000908745,
    "p25": 0.000972171,
    "p50": 0.00105765,
    "p75": 0.00111904,
    "p90": 0.001170729,
    "p95": 0.001213418,
    "p99": 0.001331904
  },
  "rps": {
    "mean": 47830.02193426964,
    "stddev": 3341.446209087356,
    "max": 76767.58367541104,
    "percentiles": {
      "p10": 45660.0340152068,
      "p25": 46555.943139402945,
      "p50": 47468.316400968324,
      "p75": 48588.280046014814,
      "p90": 50816.789867372325,
      "p95": 52836.331627738065,
      "p99": 58639.621546567796
    }
  },
  "details": {
    "DNSDialup": {
      "average": 0.0011662433599999998,
      "fastest": 0.000085804,
      "slowest": 0.002353603
    },
    "DNSLookup": {
      "average": 0.000013791260000000005,
      "fastest": 0.000003106,
      "slowest": 0.000370643
    }
  },
  "statusCodeDistribution": {
    "200": 478335
  },
  "errorDistribution": {}
}