{
  "summary": {
    "successRate": 1,
    "total": 10.000658832,
    "slowest": 0.005784742,
    "fastest": 0.000186248,
    "average": 0.001051269779184735,
    "requestsPerSec": 47483.17165670511,
    "totalData": 6173219,
    "sizePerRequest": 13,
    "sizePerSec": 617281.2315371664
  },
  "responseTimeHistogram": {
    "0.000186248": 1,
    "0.0007460974": 4489,
    "0.0013059468": 464712,
    "0.0018657962": 4978,
    "0.0024256456": 513,
    "0.002985495": 61,
    "0.0035453444": 23,
    "0.0041051938": 36,
    "0.0046650432": 11,
    "0.005224892599999999": 24,
    "0.005784742": 15
  },
  "latencyPercentiles": {
    "p10": 0.000925828,
    "p25": 0.000977548,
    "p50": 0.001058399,
    "p75": 0.001118831,
    "p90": 0.00116481,
    "p95": 0.001201719,
    "p99": 0.001333914
  },
  "rps": {
    "mean": 47483.35621581359,
    "stddev": 2620.2279866341964,
    "max": 56340.3875314805,
    "percentiles": {
      "p10": 46051.78523249412,
      "p25": 46839.73228936276,
      "p50": 47597.50348588902,
      "p75": 48487.704560013626,
      "p90": 49610.308520994644,
      "p95": 50146.98270809936,
      "p99": 51952.47823934004
    }
  },
  "details": {
    "DNSDialup": {
      "average": 0.0005599486000000001,
      "fastest": 0.000064056,
      "slowest": 0.00119795
    },
    "DNSLookup": {
      "average": 0.00000575576,
      "fastest": 0.000002714,
      "slowest": 0.00003196
    }
  },
  "statusCodeDistribution": {
    "200": 474863
  },
  "errorDistribution": {}
}