{
  "summary": {
    "successRate": 1,
    "total": 10.000274301,
    "slowest": 0.009719216,
    "fastest": 0.000164003,
    "average": 0.0008220931946250427,
    "requestsPerSec": 60508.54024469024,
    "totalData": 7866326,
    "sizePerRequest": 13,
    "sizePerSec": 786611.0231809731
  },
  "responseTimeHistogram": {
    "0.000164003": 1,
    "0.0011195242999999999": 581898,
    "0.0020750456": 18667,
    "0.0030305668999999996": 4082,
    "0.0039860882": 396,
    "0.0049416095": 5,
    "0.0058971308": 49,
    "0.0068526521": 1,
    "0.0078081734": 2,
    "0.0087636947": 0,
    "0.009719216": 1
  },
  "latencyPercentiles": {
    "p10": 0.000691016,
    "p25": 0.000743317,
    "p50": 0.000780017,
    "p75": 0.000814019,
    "p90": 0.00093592,
    "p95": 0.001046523,
    "p99": 0.001989443
  },
  "rps": {
    "mean": 60496.67077376978,
    "stddev": 9340.512173264598,
    "max": 66576.42307604956,
    "percentiles": {
      "p10": 56003.24258774609,
      "p25": 62220.39584576161,
      "p50": 63321.38996552994,
      "p75": 64139.104166422316,
      "p90": 64747.12295608882,
      "p95": 65084.46662078037,
      "p99": 65816.96761425328
    }
  },
  "details": {
    "DNSDialup": {
      "average": 0.0016224759799999997,
      "fastest": 0.000086402,
      "slowest": 0.001909742
    },
    "DNSLookup": {
      "average": 0.000008400200000000005,
      "fastest": 0.0000038,
      "slowest": 0.000034901
    }
  },
  "statusCodeDistribution": {
    "200": 605102
  },
  "errorDistribution": {}
}