{
  "summary": {
    "successRate": 1,
    "total": 10.000734832,
    "slowest": 0.005593414,
    "fastest": 0.000190788,
    "average": 0.0010551163318686149,
    "requestsPerSec": 47309.52354481946,
    "totalData": 6150690,
    "sizePerRequest": 13,
    "sizePerSec": 615023.8060826529
  },
  "responseTimeHistogram": {
    "0.000190788": 1,
    "0.0007310506": 8635,
    "0.0012713132000000001": 455035,
    "0.0018115758": 8606,
    "0.0023518384": 682,
    "0.002892101": 86,
    "0.0034323636": 31,
    "0.0039726262": 6,
    "0.0045128888": 14,
    "0.0050531514": 18,
    "0.005593414": 16
  },
  "latencyPercentiles": {
    "p10": 0.000923519,
    "p25": 0.000981917,
    "p50": 0.001065057,
    "p75": 0.001128714,
    "p90": 0.001178178,
    "p95": 0.001215849,
    "p99": 0.00134019
  },
  "rps": {
    "mean": 47308.0706092174,
    "stddev": 2842.1980390355284,
    "max": 65220.56560199045,
    "percentiles": {
      "p10": 45430.576563156894,
      "p25": 46438.633251843705,
      "p50": 47334.60834640297,
      "p75": 48201.86541218842,
      "p90": 49502.282055201365,
      "p95": 50847.725675321635,
      "p99": 54807.897818075486
    }
  },
  "details": {
    "DNSDialup": {
      "average": 0.0008252584800000001,
      "fastest": 0.000105631,
      "slowest": 0.0013137
    },
    "DNSLookup": {
      "average": 0.000007243619999999997,
      "fastest": 0.000003246,
      "slowest": 0.000047639
    }
  },
  "statusCodeDistribution": {
    "200": 473130
  },
  "errorDistribution": {}
}