{
  "summary": {
    "successRate": 1,
    "total": 10.000836713,
    "slowest": 0.012818934,
    "fastest": 0.0000745,
    "average": 0.0009319546439001733,
    "requestsPerSec": 53575.717250089256,
    "totalData": 6965426,
    "sizePerRequest": 13,
    "sizePerSec": 696484.3242511603
  },
  "responseTimeHistogram": {
    "0.0000745": 1,
    "0.0013489434": 514431,
    "0.0026233868": 12196,
    "0.0038978301999999998": 2597,
    "0.0051722736": 5138,
    "0.006446717": 120,
    "0.0077211604": 82,
    "0.0089956038": 37,
    "0.0102700472": 586,
    "0.0115444906": 493,
    "0.012818934": 121
  },
  "latencyPercentiles": {
    "p10": 0.000746102,
    "p25": 0.000794002,
    "p50": 0.000840702,
    "p75": 0.000893602,
    "p90": 0.000968402,
    "p95": 0.001160003,
    "p99": 0.00414771
  },
  "rps": {
    "mean": 53690.28868750415,
    "stddev": 11825.096354839414,
    "max": 62453.17273215536,
    "percentiles": {
      "p10": 38504.03200203119,
      "p25": 54257.96147503397,
      "p50": 59007.52936075224,
      "p75": 59988.717353822394,
      "p90": 60635.01672215825,
      "p95": 61061.808610601285,
      "p99": 61693.443768289304
    }
  },
  "details": {
    "DNSDialup": {
      "average": 0.00152387792,
      "fastest": 0.0000777,
      "slowest": 0.002328206
    },
    "DNSLookup": {
      "average": 0.00000678002,
      "fastest": 0.0000033,
      "slowest": 0.0000523
    }
  },
  "statusCodeDistribution": {
    "200": 535802
  },
  "errorDistribution": {}
}