{
  "summary": {
    "successRate": 1,
    "total": 10.000775977,
    "slowest": 0.005142444,
    "fastest": 0.000049066,
    "average": 0.0005605704585678079,
    "requestsPerSec": 88961.39680021952,
    "totalData": 11565879,
    "sizePerRequest": 13,
    "sizePerSec": 1156498.1584028536
  },
  "responseTimeHistogram": {
    "0.000049066": 1,
    "0.0005584037999999999": 440518,
    "0.0010677415999999999": 447489,
    "0.0015770793999999998": 1196,
    "0.0020864171999999998": 221,
    "0.0025957549999999995": 156,
    "0.0031050927999999997": 32,
    "0.0036144306": 15,
    "0.0041237684": 11,
    "0.0046331062": 24,
    "0.0051424439999999995": 20
  },
  "latencyPercentiles": {
    "p10": 0.000470085,
    "p25": 0.000510703,
    "p50": 0.000559163,
    "p75": 0.00060094,
    "p90": 0.000652822,
    "p95": 0.000681904,
    "p99": 0.000783542
  },
  "rps": {
    "mean": 88975.04851430852,
    "stddev": 6894.387118221812,
    "max": 110941.78240502266,
    "percentiles": {
      "p10": 81650.32926295741,
      "p25": 85894.37214667573,
      "p50": 90363.55804005562,
      "p75": 92640.64333512812,
      "p90": 95235.33603887935,
      "p95": 96971.96289367684,
      "p99": 100061.82820364578
    }
  },
  "details": {
    "DNSDialup": {
      "average": 0.00048871182,
      "fastest": 0.000069765,
      "slowest": 0.000961895
    },
    "DNSLookup": {
      "average": 0.000006811339999999999,
      "fastest": 0.000001571,
      "slowest": 0.000131719
    }
  },
  "statusCodeDistribution": {
    "200": 889683
  },
  "errorDistribution": {}
}