{
  "summary": {
    "successRate": 1,
    "total": 10.000582694,
    "slowest": 0.006070357,
    "fastest": 0.000246305,
    "average": 0.001074325635875115,
    "requestsPerSec": 46460.192792442096,
    "totalData": 6040177,
    "sizePerRequest": 13,
    "sizePerSec": 603982.5063017473
  },
  "responseTimeHistogram": {
    "0.000246305": 1,
    "0.0008287102000000001": 23057,
    "0.0014111154000000002": 437537,
    "0.0019935206": 3508,
    "0.0025759258000000004": 410,
    "0.0031583310000000008": 50,
    "0.0037407362000000006": 12,
    "0.0043231414": 7,
    "0.0049055466": 10,
    "0.005487951800000001": 21,
    "0.006070357000000001": 16
  },
  "latencyPercentiles": {
    "p10": 0.000919221,
    "p25": 0.001000013,
    "p50": 0.001086341,
    "p75": 0.001156973,
    "p90": 0.001208606,
    "p95": 0.001256777,
    "p99": 0.0013847
  },
  "rps": {
    "mean": 46459.05367229645,
    "stddev": 3028.9375135240425,
    "max": 64239.224470462,
    "percentiles": {
      "p10": 44327.39432969556,
      "p25": 45315.32111006814,
      "p50": 46315.75198725115,
      "p75": 47695.16138599699,
      "p90": 49086.531895410044,
      "p95": 50422.45816286647,
      "p99": 53706.99995312875
    }
  },
  "details": {
    "DNSDialup": {
      "average": 0.0010391192200000004,
      "fastest": 0.000165142,
      "slowest": 0.001429565
    },
    "DNSLookup": {
      "average": 0.000033907639999999996,
      "fastest": 0.000003847,
      "slowest": 0.001289082
    }
  },
  "statusCodeDistribution": {
    "200": 464629
  },
  "errorDistribution": {}
}