{
  "summary": {
    "successRate": 1,
    "total": 10.000405811,
    "slowest": 0.005922444,
    "fastest": 0.000097141,
    "average": 0.0010525456209995174,
    "requestsPerSec": 47423.87548696648,
    "totalData": 6165354,
    "sizePerRequest": 13,
    "sizePerSec": 616510.3813305642
  },
  "responseTimeHistogram": {
    "0.000097141": 1,
    "0.0006796713": 7564,
    "0.0012622016": 453055,
    "0.0018447318999999997": 13109,
    "0.0024272621999999995": 389,
    "0.0030097924999999996": 71,
    "0.003592322799999999": 21,
    "0.0041748531": 1,
    "0.0047573834": 12,
    "0.0053399137": 18,
    "0.005922444": 17
  },
  "latencyPercentiles": {
    "p10": 0.000915791,
    "p25": 0.00097974,
    "p50": 0.001064947,
    "p75": 0.001127736,
    "p90": 0.001181154,
    "p95": 0.001225917,
    "p99": 0.001349226
  },
  "rps": {
    "mean": 47422.52745980204,
    "stddev": 2854.2951736334758,
    "max": 59722.22529435557,
    "percentiles": {
      "p10": 45525.63093021357,
      "p25": 46336.279632026126,
      "p50": 47271.80587312253,
      "p75": 48198.73642515804,
      "p90": 50400.15624048492,
      "p95": 52141.94383358144,
      "p99": 55161.872918721645
    }
  },
  "details": {
    "DNSDialup": {
      "average": 0.0009648243999999999,
      "fastest": 0.000189231,
      "slowest": 0.001387829
    },
    "DNSLookup": {
      "average": 0.000012807000000000001,
      "fastest": 0.000004158,
      "slowest": 0.000127587
    }
  },
  "statusCodeDistribution": {
    "200": 474258
  },
  "errorDistribution": {}
}