{
  "summary": {
    "successRate": 1,
    "total": 10.000648722,
    "slowest": 0.005503585,
    "fastest": 0.000177744,
    "average": 0.0010966444473557108,
    "requestsPerSec": 45524.34673547371,
    "totalData": 5918549,
    "sizePerRequest": 13,
    "sizePerSec": 591816.5075611583
  },
  "responseTimeHistogram": {
    "0.000177744": 1,
    "0.0007103281": 15907,
    "0.0012429122000000002": 398500,
    "0.0017754963000000002": 39505,
    "0.0023080804000000003": 1034,
    "0.0028406645000000003": 125,
    "0.0033732486000000003": 86,
    "0.0039058327000000004": 66,
    "0.0044384168": 19,
    "0.0049710009000000005": 7,
    "0.005503585": 23
  },
  "latencyPercentiles": {
    "p10": 0.000945242,
    "p25": 0.001025138,
    "p50": 0.001114827,
    "p75": 0.001184911,
    "p90": 0.001236881,
    "p95": 0.001276827,
    "p99": 0.001435105
  },
  "rps": {
    "mean": 45521.48323713333,
    "stddev": 3382.324917104762,
    "max": 64687.104789427256,
    "percentiles": {
      "p10": 43686.01232267658,
      "p25": 44301.12359731501,
      "p50": 45049.080923499525,
      "p75": 45914.97287265388,
      "p90": 49001.229930869624,
      "p95": 51574.00870248829,
      "p99": 56685.4135811838
    }
  },
  "details": {
    "DNSDialup": {
      "average": 0.0006812004,
      "fastest": 0.000083636,
      "slowest": 0.001200457
    },
    "DNSLookup": {
      "average": 0.000007108780000000001,
      "fastest": 0.000003266,
      "slowest": 0.000029184
    }
  },
  "statusCodeDistribution": {
    "200": 455273
  },
  "errorDistribution": {}
}