{
  "summary": {
    "successRate": 1,
    "total": 10.000547118,
    "slowest": 0.013251516,
    "fastest": 0.000141301,
    "average": 0.0014663207215776246,
    "requestsPerSec": 33867.547045539555,
    "totalData": 4403022,
    "sizePerRequest": 13,
    "sizePerSec": 440278.1115920142
  },
  "responseTimeHistogram": {
    "0.000141301": 1,
    "0.0014523225": 251607,
    "0.002763344": 68832,
    "0.0040743655": 15570,
    "0.005385387": 1843,
    "0.006696408500000001": 680,
    "0.00800743": 62,
    "0.0093184515": 96,
    "0.010629473": 1,
    "0.011940494500000001": 0,
    "0.013251516000000001": 2
  },
  "latencyPercentiles": {
    "p10": 0.00112111,
    "p25": 0.00119681,
    "p50": 0.001296711,
    "p75": 0.001459513,
    "p90": 0.001978917,
    "p95": 0.002821524,
    "p99": 0.003675531
  },
  "rps": {
    "mean": 33844.582083997724,
    "stddev": 7723.413632791199,
    "max": 44334.58314634545,
    "percentiles": {
      "p10": 20113.701453430214,
      "p25": 31315.919005793385,
      "p50": 36855.21944220165,
      "p75": 38913.66647966777,
      "p90": 40520.31283282035,
      "p95": 41362.52359065378,
      "p99": 42419.266008310675
    }
  },
  "details": {
    "DNSDialup": {
      "average": 0.0023191683599999994,
      "fastest": 0.000164701,
      "slowest": 0.002738724
    },
    "DNSLookup": {
      "average": 0.000008712119999999999,
      "fastest": 0.0000055,
      "slowest": 0.000057401
    }
  },
  "statusCodeDistribution": {
    "200": 338694
  },
  "errorDistribution": {}
}