{
  "summary": {
    "successRate": 1,
    "total": 10.000648731,
    "slowest": 0.005744235,
    "fastest": 0.000141034,
    "average": 0.0010598904954927705,
    "requestsPerSec": 47099.14453248683,
    "totalData": 6123286,
    "sizePerRequest": 13,
    "sizePerSec": 612288.8789223288
  },
  "responseTimeHistogram": {
    "0.000141034": 1,
    "0.0007013541": 2883,
    "0.0012616742": 456802,
    "0.0018219943": 10587,
    "0.0023823144": 608,
    "0.0029426345": 61,
    "0.0035029546": 30,
    "0.0040632747": 0,
    "0.0046235948": 15,
    "0.0051839149": 19,
    "0.005744235": 16
  },
  "latencyPercentiles": {
    "p10": 0.000932322,
    "p25": 0.000984279,
    "p50": 0.001068177,
    "p75": 0.00112835,
    "p90": 0.001176987,
    "p95": 0.001216644,
    "p99": 0.001331201
  },
  "rps": {
    "mean": 47098.69115927012,
    "stddev": 2591.425177839627,
    "max": 73111.9684292318,
    "percentiles": {
      "p10": 45500.459554641595,
      "p25": 46434.012914459294,
      "p50": 47234.70512048109,
      "p75": 47988.961937640815,
      "p90": 48906.74726175371,
      "p95": 49722.028747168,
      "p99": 51601.14124858706
    }
  },
  "details": {
    "DNSDialup": {
      "average": 0.00062829718,
      "fastest": 0.000082542,
      "slowest": 0.00090034
    },
    "DNSLookup": {
      "average": 0.000006292299999999998,
      "fastest": 0.000003466,
      "slowest": 0.000030256
    }
  },
  "statusCodeDistribution": {
    "200": 471022
  },
  "errorDistribution": {}
}