{
  "summary": {
    "successRate": 1,
    "total": 10.000608227,
    "slowest": 0.006010909,
    "fastest": 0.000252904,
    "average": 0.00108942016871127,
    "requestsPerSec": 45817.51325513653,
    "totalData": 5956639,
    "sizePerRequest": 13,
    "sizePerSec": 595627.672316775
  },
  "responseTimeHistogram": {
    "0.000252904": 1,
    "0.0008287044999999999": 10574,
    "0.001404505": 443556,
    "0.0019803054999999996": 3566,
    "0.002556106": 373,
    "0.0031319065": 59,
    "0.0037077069999999998": 18,
    "0.0042835074999999995": 6,
    "0.004859308": 9,
    "0.0054351085": 24,
    "0.006010909": 17
  },
  "latencyPercentiles": {
    "p10": 0.000958266,
    "p25": 0.001013978,
    "p50": 0.001098919,
    "p75": 0.001160153,
    "p90": 0.001210827,
    "p95": 0.001252066,
    "p99": 0.001385375
  },
  "rps": {
    "mean": 45817.76796525509,
    "stddev": 2717.9593828816405,
    "max": 69046.55142582953,
    "percentiles": {
      "p10": 44302.387898708046,
      "p25": 45130.90218177933,
      "p50": 45728.03128317372,
      "p75": 46480.87357424098,
      "p90": 47690.805152140354,
      "p95": 49272.90225152973,
      "p99": 52898.52817624515
    }
  },
  "details": {
    "DNSDialup": {
      "average": 0.0005445789399999999,
      "fastest": 0.000080199,
      "slowest": 0.00093476
    },
    "DNSLookup": {
      "average": 0.000006887199999999997,
      "fastest": 0.000003496,
      "slowest": 0.000033372
    }
  },
  "statusCodeDistribution": {
    "200": 458203
  },
  "errorDistribution": {}
}