{
  "summary": {
    "successRate": 1,
    "total": 10.000722116,
    "slowest": 0.006323803,
    "fastest": 0.000220299,
    "average": 0.0011140968474045707,
    "requestsPerSec": 44803.46467013063,
    "totalData": 5824871,
    "sizePerRequest": 13,
    "sizePerSec": 582445.0407116981
  },
  "responseTimeHistogram": {
    "0.000220299": 1,
    "0.0008306494": 5281,
    "0.0014409998": 439058,
    "0.0020513502": 3100,
    "0.0026617006": 433,
    "0.003272051": 51,
    "0.0038824014": 61,
    "0.0044927518": 31,
    "0.0051031022": 21,
    "0.0057134526": 15,
    "0.006323803": 15
  },
  "latencyPercentiles": {
    "p10": 0.000983385,
    "p25": 0.001034268,
    "p50": 0.001121442,
    "p75": 0.001183439,
    "p90": 0.001232217,
    "p95": 0.001271733,
    "p99": 0.001396767
  },
  "rps": {
    "mean": 44803.24043649683,
    "stddev": 2487.218679631121,
    "max": 52231.391066031225,
    "percentiles": {
      "p10": 43424.96935738009,
      "p25": 44303.907604652326,
      "p50": 44981.36679439434,
      "p75": 45589.240939138435,
      "p90": 46469.64405553939,
      "p95": 47305.88012089917,
      "p99": 48914.27318491568
    }
  },
  "details": {
    "DNSDialup": {
      "average": 0.0007101609200000002,
      "fastest": 0.000071273,
      "slowest": 0.00140911
    },
    "DNSLookup": {
      "average": 0.000007028260000000001,
      "fastest": 0.000003156,
      "slowest": 0.000038482
    }
  },
  "statusCodeDistribution": {
    "200": 448067
  },
  "errorDistribution": {}
}