{
  "summary": {
    "successRate": 1,
    "total": 10.000624159,
    "slowest": 0.005369621,
    "fastest": 0.000126638,
    "average": 0.0010581108128060097,
    "requestsPerSec": 47178.05533921576,
    "totalData": 6133530,
    "sizePerRequest": 13,
    "sizePerSec": 613314.7194098048
  },
  "responseTimeHistogram": {
    "0.000126638": 1,
    "0.0006509363": 1890,
    "0.0011752346": 422297,
    "0.0016995329": 46441,
    "0.0022238312": 953,
    "0.0027481295": 103,
    "0.0032724278": 46,
    "0.0037967261": 35,
    "0.0043210244": 1,
    "0.0048453227": 21,
    "0.005369621": 22
  },
  "latencyPercentiles": {
    "p10": 0.000930308,
    "p25": 0.000984472,
    "p50": 0.001066597,
    "p75": 0.001128784,
    "p90": 0.001175712,
    "p95": 0.001212773,
    "p99": 0.001324121
  },
  "rps": {
    "mean": 47178.517631573086,
    "stddev": 2594.4839635903177,
    "max": 61165.94912635163,
    "percentiles": {
      "p10": 45526.35976230084,
      "p25": 46432.41911502473,
      "p50": 47301.84086337851,
      "p75": 48121.11554550143,
      "p90": 49220.352615804215,
      "p95": 49987.78581273763,
      "p99": 52538.99969948508
    }
  },
  "details": {
    "DNSDialup": {
      "average": 0.0007102555200000001,
      "fastest": 0.000070232,
      "slowest": 0.001636349
    },
    "DNSLookup": {
      "average": 0.000006810120000000001,
      "fastest": 0.000003206,
      "slowest": 0.000030578
    }
  },
  "statusCodeDistribution": {
    "200": 471810
  },
  "errorDistribution": {}
}