{
  "summary": {
    "successRate": 1,
    "total": 10.000666245,
    "slowest": 0.005594627,
    "fastest": 0.00011523,
    "average": 0.0010401363243826085,
    "requestsPerSec": 47989.20274336183,
    "totalData": 6239012,
    "sizePerRequest": 13,
    "sizePerSec": 623859.6356637038
  },
  "responseTimeHistogram": {
    "0.00011523": 1,
    "0.0006631696999999999": 2442,
    "0.0012111093999999998": 460085,
    "0.0017590490999999998": 16606,
    "0.0023069887999999997": 599,
    "0.0028549284999999994": 87,
    "0.0034028681999999995": 36,
    "0.0039508079": 9,
    "0.004498747599999999": 22,
    "0.005046687299999999": 19,
    "0.005594626999999999": 18
  },
  "latencyPercentiles": {
    "p10": 0.000913393,
    "p25": 0.000967431,
    "p50": 0.001048088,
    "p75": 0.001109995,
    "p90": 0.00115601,
    "p95": 0.001193094,
    "p99": 0.001302339
  },
  "rps": {
    "mean": 47988.58817688372,
    "stddev": 2670.274522532531,
    "max": 69475.36687798808,
    "percentiles": {
      "p10": 46358.913720340235,
      "p25": 47404.34644739926,
      "p50": 48002.57773842569,
      "p75": 48851.84157427352,
      "p90": 50032.698137065694,
      "p95": 50846.47876623928,
      "p99": 52280.04311685046
    }
  },
  "details": {
    "DNSDialup": {
      "average": 0.00074543694,
      "fastest": 0.000070581,
      "slowest": 0.001714462
    },
    "DNSLookup": {
      "average": 0.0000064745,
      "fastest": 0.000003407,
      "slowest": 0.000028613
    }
  },
  "statusCodeDistribution": {
    "200": 479924
  },
  "errorDistribution": {}
}