{
  "summary": {
    "successRate": 1,
    "total": 10.00041205,
    "slowest": 0.005508226,
    "fastest": 0.000225092,
    "average": 0.001040881737871646,
    "requestsPerSec": 47953.92405855917,
    "totalData": 6234267,
    "sizePerRequest": 13,
    "sizePerSec": 623401.0127612692
  },
  "responseTimeHistogram": {
    "0.000225092": 1,
    "0.0007534054": 16658,
    "0.0012817188": 454267,
    "0.0018100322000000001": 7917,
    "0.0023383456": 550,
    "0.002866659": 31,
    "0.0033949724": 32,
    "0.0039232858": 57,
    "0.0044515992": 3,
    "0.0049799126": 26,
    "0.005508226": 17
  },
  "latencyPercentiles": {
    "p10": 0.000902682,
    "p25": 0.000969286,
    "p50": 0.001054142,
    "p75": 0.001117147,
    "p90": 0.001171455,
    "p95": 0.001214338,
    "p99": 0.001332614
  },
  "rps": {
    "mean": 47952.75081795389,
    "stddev": 3222.3039262176976,
    "max": 61861.27359149217,
    "percentiles": {
      "p10": 45729.728896755194,
      "p25": 46618.31633648966,
      "p50": 47587.53250729297,
      "p75": 48690.702973030646,
      "p90": 51422.051630967355,
      "p95": 53218.509397568436,
      "p99": 56553.84342025562
    }
  },
  "details": {
    "DNSDialup": {
      "average": 0.0006503500399999999,
      "fastest": 0.000133796,
      "slowest": 0.001123232
    },
    "DNSLookup": {
      "average": 0.000010055480000000004,
      "fastest": 0.00000508,
      "slowest": 0.000035096
    }
  },
  "statusCodeDistribution": {
    "200": 479559
  },
  "errorDistribution": {}
}