{
  "summary": {
    "successRate": 1,
    "total": 10.000416945,
    "slowest": 0.00565429,
    "fastest": 0.000263319,
    "average": 0.0011249820595141849,
    "requestsPerSec": 44370.74998376481,
    "totalData": 5768438,
    "sizePerRequest": 13,
    "sizePerSec": 576819.7497889424
  },
  "responseTimeHistogram": {
    "0.000263319": 1,
    "0.0008024161000000001": 9552,
    "0.0013415132": 424540,
    "0.0018806103": 8914,
    "0.0024197074000000002": 532,
    "0.0029588045000000004": 44,
    "0.0034979016": 44,
    "0.0040369987": 50,
    "0.0045760958": 7,
    "0.0051151929": 19,
    "0.00565429": 23
  },
  "latencyPercentiles": {
    "p10": 0.001029036,
    "p25": 0.001079428,
    "p50": 0.001126632,
    "p75": 0.001175205,
    "p90": 0.001230862,
    "p95": 0.001277626,
    "p99": 0.001425962
  },
  "rps": {
    "mean": 44370.46324358885,
    "stddev": 2630.0938118551217,
    "max": 63048.866485789054,
    "percentiles": {
      "p10": 42778.08751349947,
      "p25": 43506.57819462339,
      "p50": 44215.00657323087,
      "p75": 45111.602704218894,
      "p90": 46529.80699436061,
      "p95": 48140.02361563297,
      "p99": 51150.828578358065
    }
  },
  "details": {
    "DNSDialup": {
      "average": 0.0012422020799999997,
      "fastest": 0.000097101,
      "slowest": 0.001974741
    },
    "DNSLookup": {
      "average": 0.000008483580000000005,
      "fastest": 0.000004779,
      "slowest": 0.000062436
    }
  },
  "statusCodeDistribution": {
    "200": 443726
  },
  "errorDistribution": {}
}