{
  "summary": {
    "successRate": 1,
    "total": 10.001127532,
    "slowest": 0.006433707,
    "fastest": 0.000108183,
    "average": 0.001055285068770524,
    "requestsPerSec": 47304.16630387591,
    "totalData": 6150235,
    "sizePerRequest": 13,
    "sizePerSec": 614954.1619503868
  },
  "responseTimeHistogram": {
    "0.000108183": 1,
    "0.0007407354": 3992,
    "0.0013732878": 465459,
    "0.0020058402": 3174,
    "0.0026383926": 286,
    "0.003270945": 69,
    "0.0039034974000000003": 25,
    "0.004536049800000001": 35,
    "0.0051686022000000005": 29,
    "0.0058011546": 22,
    "0.006433707": 3
  },
  "latencyPercentiles": {
    "p10": 0.000930812,
    "p25": 0.000981301,
    "p50": 0.001063327,
    "p75": 0.001122266,
    "p90": 0.001167416,
    "p95": 0.001201999,
    "p99": 0.001317986
  },
  "rps": {
    "mean": 47322.40169201426,
    "stddev": 2821.7528769961827,
    "max": 78435.41387561502,
    "percentiles": {
      "p10": 45661.71297693762,
      "p25": 46590.348002846076,
      "p50": 47470.571256637544,
      "p75": 48339.96927547628,
      "p90": 49221.92836908517,
      "p95": 50022.980253957554,
      "p99": 51820.68876726019
    }
  },
  "details": {
    "DNSDialup": {
      "average": 0.0007723618600000001,
      "fastest": 0.000078744,
      "slowest": 0.001491636
    },
    "DNSLookup": {
      "average": 0.000009011420000000001,
      "fastest": 0.000003286,
      "slowest": 0.00014992
    }
  },
  "statusCodeDistribution": {
    "200": 473095
  },
  "errorDistribution": {}
}