{
  "summary": {
    "successRate": 1,
    "total": 10.000679557,
    "slowest": 0.006098363,
    "fastest": 0.000157749,
    "average": 0.0010116877515851982,
    "requestsPerSec": 49359.645730722616,
    "totalData": 6417190,
    "sizePerRequest": 13,
    "sizePerSec": 641675.394499394
  },
  "responseTimeHistogram": {
    "0.000157749": 1,
    "0.0007518104": 40180,
    "0.0013458718": 449097,
    "0.0019399332": 3803,
    "0.0025339946": 342,
    "0.003128056": 117,
    "0.0037221174": 38,
    "0.004316178800000001": 2,
    "0.004910240200000001": 10,
    "0.005504301600000001": 23,
    "0.006098363000000001": 17
  },
  "latencyPercentiles": {
    "p10": 0.000809841,
    "p25": 0.000946095,
    "p50": 0.001028729,
    "p75": 0.001108996,
    "p90": 0.001159854,
    "p95": 0.001197398,
    "p99": 0.001321991
  },
  "rps": {
    "mean": 49360.57744676267,
    "stddev": 4216.115140370947,
    "max": 70085.69743802426,
    "percentiles": {
      "p10": 46456.61238985775,
      "p25": 47424.43306791738,
      "p50": 48523.8931649899,
      "p75": 50628.320581931395,
      "p90": 54429.24769156043,
      "p95": 56890.256391761395,
      "p99": 61736.543566673325
    }
  },
  "details": {
    "DNSDialup": {
      "average": 0.0005917679400000004,
      "fastest": 0.000071712,
      "slowest": 0.000839362
    },
    "DNSLookup": {
      "average": 0.000006118680000000001,
      "fastest": 0.000003467,
      "slowest": 0.000026068
    }
  },
  "statusCodeDistribution": {
    "200": 493630
  },
  "errorDistribution": {}
}