{
  "summary": {
    "successRate": 0.39681704901877174,
    "total": 10.001009434,
    "slowest": 0.012402563,
    "fastest": 0.000123902,
    "average": 0.0012787471836829933,
    "requestsPerSec": 42208.13936690463,
    "totalData": 2177578,
    "sizePerRequest": 13,
    "sizePerSec": 217735.82100592586
  },
  "responseTimeHistogram": {
    "0.000123902": 1,
    "0.0013517681": 123355,
    "0.0025796342": 37227,
    "0.0038075003000000002": 5732,
    "0.0050353664000000005": 759,
    "0.0062632325": 203,
    "0.007491098600000001": 73,
    "0.0087189647": 81,
    "0.0099468308": 19,
    "0.011174696900000001": 52,
    "0.012402563": 4
  },
  "latencyPercentiles": {
    "p10": 0.000846811,
    "p25": 0.000945413,
    "p50": 0.001128915,
    "p75": 0.001370718,
    "p90": 0.001824924,
    "p95": 0.002476533,
    "p99": 0.003526847
  },
  "rps": {
    "mean": 38849.50686898439,
    "stddev": 11078.70519437869,
    "max": 60023.222984965774,
    "percentiles": {
      "p10": 21076.02120849798,
      "p25": 33099.19497742807,
      "p50": 39802.66279814318,
      "p75": 47334.881073866345,
      "p90": 52467.207744356165,
      "p95": 54327.5386293334,
      "p99": 56700.95824619428
    }
  },
  "details": {
    "DNSDialup": {
      "average": 0.0015720627,
      "fastest": 0.000072901,
      "slowest": 0.003387845
    },
    "DNSLookup": {
      "average": 0.00000638412,
      "fastest": 0.0000053,
      "slowest": 0.0000223
    }
  },
  "statusCodeDistribution": {
    "200": 167506
  },
  "errorDistribution": {
    "Connection refused (os error 111)": 254618
  }
}