{
  "summary": {
    "successRate": 1,
    "total": 10.000370704,
    "slowest": 0.006447691,
    "fastest": 0.000211997,
    "average": 0.0010268607256794188,
    "requestsPerSec": 48610.29799680914,
    "totalData": 6319573,
    "sizePerRequest": 13,
    "sizePerSec": 631933.8739585188
  },
  "responseTimeHistogram": {
    "0.000211997": 1,
    "0.0008355664": 37429,
    "0.0014591358": 446763,
    "0.0020827052": 1679,
    "0.0027062746": 167,
    "0.003329844": 35,
    "0.0039534133999999995": 1,
    "0.0045769828": 9,
    "0.0052005522": 13,
    "0.0058241216": 19,
    "0.006447691": 5
  },
  "latencyPercentiles": {
    "p10": 0.000872704,
    "p25": 0.000959644,
    "p50": 0.001043504,
    "p75": 0.001111523,
    "p90": 0.001160672,
    "p95": 0.001198765,
    "p99": 0.001311729
  },
  "rps": {
    "mean": 48607.906545016194,
    "stddev": 3320.6833621738087,
    "max": 67545.12689928216,
    "percentiles": {
      "p10": 46003.232130594355,
      "p25": 46981.046159480815,
      "p50": 48033.54182225345,
      "p75": 50108.418214258854,
      "p90": 52533.411249558085,
      "p95": 54176.58944449868,
      "p99": 57438.68721918674
    }
  },
  "details": {
    "DNSDialup": {
      "average": 0.0010344928399999998,
      "fastest": 0.000104456,
      "slowest": 0.002015383
    },
    "DNSLookup": {
      "average": 0.000008374120000000001,
      "fastest": 0.000004349,
      "slowest": 0.000033283
    }
  },
  "statusCodeDistribution": {
    "200": 486121
  },
  "errorDistribution": {}
}