{
  "summary": {
    "successRate": 1,
    "total": 10.000685185,
    "slowest": 0.00808681,
    "fastest": 0.000132416,
    "average": 0.0010559334347091305,
    "requestsPerSec": 47269.06119483052,
    "totalData": 6145399,
    "sizePerRequest": 13,
    "sizePerSec": 614497.7955327968
  },
  "responseTimeHistogram": {
    "0.000132416": 1,
    "0.0009278554": 98679,
    "0.0017232948": 347062,
    "0.0025187342": 24393,
    "0.0033141736000000003": 1867,
    "0.004109613": 450,
    "0.0049050524": 76,
    "0.0057004918": 135,
    "0.0064959312": 46,
    "0.0072913706": 4,
    "0.00808681": 10
  },
  "latencyPercentiles": {
    "p10": 0.000902409,
    "p25": 0.000935294,
    "p50": 0.000968728,
    "p75": 0.001002522,
    "p90": 0.001200221,
    "p95": 0.002039547,
    "p99": 0.002345435
  },
  "rps": {
    "mean": 47256.08962692305,
    "stddev": 8959.181997103633,
    "max": 55228.06690359877,
    "percentiles": {
      "p10": 30485.059412773568,
      "p25": 49414.77501773373,
      "p50": 50748.67305232319,
      "p75": 51779.110115163836,
      "p90": 52609.938017292465,
      "p95": 53113.756462926336,
      "p99": 54019.392962071826
    }
  },
  "details": {
    "DNSDialup": {
      "average": 0.0015310274400000003,
      "fastest": 0.000079308,
      "slowest": 0.002914992
    },
    "DNSLookup": {
      "average": 0.0000102172,
      "fastest": 0.0000039,
      "slowest": 0.000211321
    }
  },
  "statusCodeDistribution": {
    "200": 472723
  },
  "errorDistribution": {}
}