{
  "summary": {
    "successRate": 1,
    "total": 10.000422602,
    "slowest": 0.00535637,
    "fastest": 0.0003484,
    "average": 0.0011098127153945576,
    "requestsPerSec": 44974.39937288762,
    "totalData": 5846919,
    "sizePerRequest": 13,
    "sizePerSec": 584667.191847539
  },
  "responseTimeHistogram": {
    "0.0003484": 1,
    "0.0008491970000000001": 10820,
    "0.0013499940000000002": 432444,
    "0.0018507910000000003": 5950,
    "0.0023515880000000004": 386,
    "0.0028523850000000003": 76,
    "0.0033531820000000006": 35,
    "0.003853979000000001": 1,
    "0.004354776000000001": 0,
    "0.004855573": 11,
    "0.005356370000000001": 39
  },
  "latencyPercentiles": {
    "p10": 0.000973896,
    "p25": 0.001032639,
    "p50": 0.001120802,
    "p75": 0.001185874,
    "p90": 0.001235806,
    "p95": 0.001273438,
    "p99": 0.001380637
  },
  "rps": {
    "mean": 44974.98056578153,
    "stddev": 2370.2582214906824,
    "max": 60200.00850826948,
    "percentiles": {
      "p10": 43226.03504090495,
      "p25": 44172.4226345137,
      "p50": 44975.07689585953,
      "p75": 45776.624528073524,
      "p90": 46995.597609404416,
      "p95": 48133.150218819035,
      "p99": 50587.03499370673
    }
  },
  "details": {
    "DNSDialup": {
      "average": 0.0008147363599999998,
      "fastest": 0.000099606,
      "slowest": 0.001236748
    },
    "DNSLookup": {
      "average": 0.000009501299999999997,
      "fastest": 0.0000052,
      "slowest": 0.000028193
    }
  },
  "statusCodeDistribution": {
    "200": 449763
  },
  "errorDistribution": {}
}