{
  "summary": {
    "successRate": 1,
    "total": 10.000679808,
    "slowest": 0.005811231,
    "fastest": 0.000236924,
    "average": 0.001045280463233458,
    "requestsPerSec": 47757.55340331361,
    "totalData": 6208904,
    "sizePerRequest": 13,
    "sizePerSec": 620848.1942430768
  },
  "responseTimeHistogram": {
    "0.000236924": 1,
    "0.0007943547": 7801,
    "0.0013517854": 465845,
    "0.0019092160999999996": 3414,
    "0.0024666467999999997": 387,
    "0.0030240774999999998": 77,
    "0.0035815081999999994": 22,
    "0.0041389389": 14,
    "0.0046963696": 13,
    "0.0052538003": 21,
    "0.005811231": 13
  },
  "latencyPercentiles": {
    "p10": 0.000921081,
    "p25": 0.000971766,
    "p50": 0.001052519,
    "p75": 0.001111779,
    "p90": 0.001158602,
    "p95": 0.001196595,
    "p99": 0.001315673
  },
  "rps": {
    "mean": 47758.630082707146,
    "stddev": 2537.65661953766,
    "max": 57551.186024850664,
    "percentiles": {
      "p10": 46313.884902695994,
      "p25": 47175.702850364025,
      "p50": 47840.02296321355,
      "p75": 48693.985065431974,
      "p90": 49749.54871129118,
      "p95": 50459.178524573545,
      "p99": 52219.527249334955
    }
  },
  "details": {
    "DNSDialup": {
      "average": 0.0007216658000000001,
      "fastest": 0.000080792,
      "slowest": 0.001515192
    },
    "DNSLookup": {
      "average": 0.0000066865199999999974,
      "fastest": 0.000003257,
      "slowest": 0.000035997
    }
  },
  "statusCodeDistribution": {
    "200": 477608
  },
  "errorDistribution": {}
}