{
  "summary": {
    "successRate": 1,
    "total": 10.000564223,
    "slowest": 0.006110899,
    "fastest": 0.000202187,
    "average": 0.00109049560904892,
    "requestsPerSec": 45775.51724003363,
    "totalData": 5951153,
    "sizePerRequest": 13,
    "sizePerSec": 595081.7241204372
  },
  "responseTimeHistogram": {
    "0.000202187": 1,
    "0.0007930582": 7286,
    "0.0013839294": 446543,
    "0.0019748006000000003": 3434,
    "0.0025656718": 310,
    "0.003156543": 115,
    "0.0037474142": 28,
    "0.004338285400000001": 20,
    "0.004929156600000001": 10,
    "0.0055200278000000005": 18,
    "0.006110899": 16
  },
  "latencyPercentiles": {
    "p10": 0.000957267,
    "p25": 0.001013927,
    "p50": 0.001099693,
    "p75": 0.001163945,
    "p90": 0.001213255,
    "p95": 0.00125093,
    "p99": 0.001359298
  },
  "rps": {
    "mean": 45776.567508761385,
    "stddev": 2496.30658528789,
    "max": 56104.2877802848,
    "percentiles": {
      "p10": 44217.902615534804,
      "p25": 45054.97608181882,
      "p50": 45719.30268959778,
      "p75": 46693.46631151564,
      "p90": 47893.746208411845,
      "p95": 48663.21642789804,
      "p99": 50935.655784489194
    }
  },
  "details": {
    "DNSDialup": {
      "average": 0.00079083672,
      "fastest": 0.000090249,
      "slowest": 0.001263566
    },
    "DNSLookup": {
      "average": 0.000009799080000000003,
      "fastest": 0.000003576,
      "slowest": 0.000163124
    }
  },
  "statusCodeDistribution": {
    "200": 457781
  },
  "errorDistribution": {}
}