{
  "summary": {
    "successRate": 1,
    "total": 10.000221453,
    "slowest": 0.008300132,
    "fastest": 0.000248684,
    "average": 0.0010526119085456597,
    "requestsPerSec": 47419.34988427101,
    "totalData": 6164652,
    "sizePerRequest": 13,
    "sizePerSec": 616451.548495523
  },
  "responseTimeHistogram": {
    "0.000248684": 1,
    "0.0010538288": 220682,
    "0.0018589735999999996": 252883,
    "0.0026641183999999993": 448,
    "0.0034692631999999994": 62,
    "0.0042744079999999995": 38,
    "0.005079552799999999": 37,
    "0.005884697599999999": 1,
    "0.006689842399999999": 8,
    "0.007494987199999999": 43,
    "0.008300132": 1
  },
  "latencyPercentiles": {
    "p10": 0.000918942,
    "p25": 0.000980397,
    "p50": 0.001064964,
    "p75": 0.001125953,
    "p90": 0.001179049,
    "p95": 0.00122141,
    "p99": 0.001341364
  },
  "rps": {
    "mean": 47420.57104423096,
    "stddev": 3309.8225266858162,
    "max": 64646.53257414565,
    "percentiles": {
      "p10": 45436.03077240646,
      "p25": 46352.76799107999,
      "p50": 47247.23305888911,
      "p75": 47945.96189177961,
      "p90": 49983.820761242176,
      "p95": 52991.34105368102,
      "p99": 57158.14148289998
    }
  },
  "details": {
    "DNSDialup": {
      "average": 0.0007708346600000002,
      "fastest": 0.000074006,
      "slowest": 0.001431196
    },
    "DNSLookup": {
      "average": 0.000009286359999999999,
      "fastest": 0.000004759,
      "slowest": 0.000040455
    }
  },
  "statusCodeDistribution": {
    "200": 474204
  },
  "errorDistribution": {}
}