{
  "summary": {
    "successRate": 1,
    "total": 10.00042911,
    "slowest": 0.005210231,
    "fastest": 0.000292736,
    "average": 0.0010263779563786954,
    "requestsPerSec": 48632.41313451998,
    "totalData": 6322485,
    "sizePerRequest": 13,
    "sizePerSec": 632221.3707487597
  },
  "responseTimeHistogram": {
    "0.000292736": 1,
    "0.0007844855000000001": 27375,
    "0.0012762350000000001": 452182,
    "0.0017679845000000002": 6297,
    "0.0022597340000000002": 273,
    "0.0027514835000000005": 157,
    "0.0032432330000000003": 11,
    "0.0037349825": 5,
    "0.004226732": 1,
    "0.004718481500000001": 17,
    "0.005210231000000001": 26
  },
  "latencyPercentiles": {
    "p10": 0.000877192,
    "p25": 0.0009592,
    "p50": 0.001043455,
    "p75": 0.001109289,
    "p90": 0.001158611,
    "p95": 0.001195361,
    "p99": 0.001306384
  },
  "rps": {
    "mean": 48631.15027683293,
    "stddev": 3444.3160643599163,
    "max": 76116.3225888026,
    "percentiles": {
      "p10": 46130.87539490178,
      "p25": 47089.14445937522,
      "p50": 48001.96808069316,
      "p75": 49819.57195464884,
      "p90": 52961.350428335594,
      "p95": 54517.29288530678,
      "p99": 57387.94826909273
    }
  },
  "details": {
    "DNSDialup": {
      "average": 0.0007561169399999996,
      "fastest": 0.000077056,
      "slowest": 0.001662821
    },
    "DNSLookup": {
      "average": 0.000007299639999999998,
      "fastest": 0.000003667,
      "slowest": 0.000033893
    }
  },
  "statusCodeDistribution": {
    "200": 486345
  },
  "errorDistribution": {}
}