{
  "summary": {
    "successRate": 1,
    "total": 10.000728538,
    "slowest": 0.004767077,
    "fastest": 0.000122524,
    "average": 0.0007242857994578235,
    "requestsPerSec": 68900.68032361583,
    "totalData": 8957741,
    "sizePerRequest": 13,
    "sizePerSec": 895708.8442070058
  },
  "responseTimeHistogram": {
    "0.000122524": 1,
    "0.0005869792999999999": 14323,
    "0.0010514346": 671370,
    "0.0015158899": 2689,
    "0.0019803452": 461,
    "0.0024448005": 109,
    "0.0029092558": 29,
    "0.0033737111": 33,
    "0.0038381664": 6,
    "0.004302621699999999": 13,
    "0.004767077": 23
  },
  "latencyPercentiles": {
    "p10": 0.000634959,
    "p25": 0.000667719,
    "p50": 0.000729699,
    "p75": 0.000767783,
    "p90": 0.000798987,
    "p95": 0.000838372,
    "p99": 0.000919647
  },
  "rps": {
    "mean": 68899.81541515025,
    "stddev": 3517.945712658794,
    "max": 85443.99877113066,
    "percentiles": {
      "p10": 67347.34518366343,
      "p25": 68503.32926180221,
      "p50": 69391.01325298163,
      "p75": 70175.00698978269,
      "p90": 70804.4465192335,
      "p95": 71301.29768361908,
      "p99": 72215.13258587812
    }
  },
  "details": {
    "DNSDialup": {
      "average": 0.00041672228000000003,
      "fastest": 0.000055806,
      "slowest": 0.000908683
    },
    "DNSLookup": {
      "average": 0.0000053789,
      "fastest": 0.000002907,
      "slowest": 0.000030079
    }
  },
  "statusCodeDistribution": {
    "200": 689057
  },
  "errorDistribution": {}
}