{
  "summary": {
    "successRate": 1,
    "total": 10.00071682,
    "slowest": 0.005656065,
    "fastest": 0.000225361,
    "average": 0.0010671426106239447,
    "requestsPerSec": 46777.646884716014,
    "totalData": 6081530,
    "sizePerRequest": 13,
    "sizePerSec": 608109.4095013082
  },
  "responseTimeHistogram": {
    "0.000225361": 1,
    "0.0007684314": 5313,
    "0.0013115018000000001": 455348,
    "0.0018545722000000001": 6302,
    "0.0023976426": 637,
    "0.0029407129999999997": 86,
    "0.0034837834": 46,
    "0.004026853800000001": 12,
    "0.0045699242000000004": 12,
    "0.0051129946": 20,
    "0.005656065": 33
  },
  "latencyPercentiles": {
    "p10": 0.000936396,
    "p25": 0.000989059,
    "p50": 0.00107464,
    "p75": 0.00113528,
    "p90": 0.001187464,
    "p95": 0.001231199,
    "p99": 0.001365463
  },
  "rps": {
    "mean": 46736.6068297857,
    "stddev": 2904.380365894809,
    "max": 58287.46033423186,
    "percentiles": {
      "p10": 45204.92062076249,
      "p25": 46214.00603936956,
      "p50": 46928.74478068872,
      "p75": 47774.26987994885,
      "p90": 48816.2460466855,
      "p95": 49523.06289038838,
      "p99": 51020.91033758087
    }
  },
  "details": {
    "DNSDialup": {
      "average": 0.0007141838400000001,
      "fastest": 0.000098844,
      "slowest": 0.0015174
    },
    "DNSLookup": {
      "average": 0.000007735419999999997,
      "fastest": 0.000003155,
      "slowest": 0.00003795
    }
  },
  "statusCodeDistribution": {
    "200": 467810
  },
  "errorDistribution": {}
}