{
  "summary": {
    "successRate": 1,
    "total": 10.000663056,
    "slowest": 0.00552037,
    "fastest": 0.000165327,
    "average": 0.0010917799077032947,
    "requestsPerSec": 45726.66806583789,
    "totalData": 5944861,
    "sizePerRequest": 13,
    "sizePerSec": 594446.6848558926
  },
  "responseTimeHistogram": {
    "0.000165327": 1,
    "0.0007008313": 19314,
    "0.0012363356": 390111,
    "0.0017718399": 46130,
    "0.0023073442": 1338,
    "0.0028428485": 200,
    "0.0033783527999999997": 89,
    "0.0039138571": 26,
    "0.0044493614": 43,
    "0.0049848657": 19,
    "0.00552037": 26
  },
  "latencyPercentiles": {
    "p10": 0.000918569,
    "p25": 0.001021059,
    "p50": 0.001112389,
    "p75": 0.001186356,
    "p90": 0.001239094,
    "p95": 0.001284721,
    "p99": 0.001448858
  },
  "rps": {
    "mean": 45722.37245744067,
    "stddev": 3888.3151991409554,
    "max": 66766.08291056361,
    "percentiles": {
      "p10": 43332.78992213085,
      "p25": 44230.85544475868,
      "p50": 45055.183588860564,
      "p75": 46303.458868376765,
      "p90": 50501.831893829214,
      "p95": 53049.42761688273,
      "p99": 57623.769805042095
    }
  },
  "details": {
    "DNSDialup": {
      "average": 0.00069734554,
      "fastest": 0.000085172,
      "slowest": 0.001558441
    },
    "DNSLookup": {
      "average": 0.000008082299999999999,
      "fastest": 0.000003827,
      "slowest": 0.000036618
    }
  },
  "statusCodeDistribution": {
    "200": 457297
  },
  "errorDistribution": {}
}