{
  "summary": {
    "successRate": 1,
    "total": 10.000649195,
    "slowest": 0.00618422,
    "fastest": 0.000265887,
    "average": 0.0011434272664088815,
    "requestsPerSec": 43650.36624004888,
    "totalData": 5674916,
    "sizePerRequest": 13,
    "sizePerSec": 567454.7611206354
  },
  "responseTimeHistogram": {
    "0.000265887": 1,
    "0.0008577203": 7536,
    "0.0014495536": 424833,
    "0.0020413869": 3583,
    "0.0026332201999999996": 368,
    "0.0032250535": 95,
    "0.0038168867999999996": 32,
    "0.0044087201": 13,
    "0.0050005534": 15,
    "0.005592386699999999": 27,
    "0.00618422": 29
  },
  "latencyPercentiles": {
    "p10": 0.001007464,
    "p25": 0.001063358,
    "p50": 0.001152517,
    "p75": 0.001217906,
    "p90": 0.00126691,
    "p95": 0.001304426,
    "p99": 0.001438029
  },
  "rps": {
    "mean": 43651.0131060935,
    "stddev": 2400.3478714296198,
    "max": 60210.27789443663,
    "percentiles": {
      "p10": 42591.61456292506,
      "p25": 43119.63850263858,
      "p50": 43587.47684478341,
      "p75": 44363.365947835766,
      "p90": 45446.4756916014,
      "p95": 46324.36744126595,
      "p99": 47597.48661068557
    }
  },
  "details": {
    "DNSDialup": {
      "average": 0.00070520736,
      "fastest": 0.000083125,
      "slowest": 0.001452098
    },
    "DNSLookup": {
      "average": 0.000007471679999999999,
      "fastest": 0.000002585,
      "slowest": 0.000051366
    }
  },
  "statusCodeDistribution": {
    "200": 436532
  },
  "errorDistribution": {}
}