{
  "summary": {
    "successRate": 1,
    "total": 10.000675836,
    "slowest": 0.005442509,
    "fastest": 0.000181543,
    "average": 0.0010489830991700629,
    "requestsPerSec": 47587.78384625165,
    "totalData": 6186830,
    "sizePerRequest": 13,
    "sizePerSec": 618641.1900012714
  },
  "responseTimeHistogram": {
    "0.000181543": 1,
    "0.0007076395999999999": 3801,
    "0.0012337361999999999": 457963,
    "0.0017598327999999999": 13234,
    "0.0022859294": 756,
    "0.002812026": 55,
    "0.0033381226": 51,
    "0.0038642192": 0,
    "0.0043903158": 11,
    "0.0049164123999999995": 14,
    "0.005442509": 24
  },
  "latencyPercentiles": {
    "p10": 0.000922905,
    "p25": 0.000974283,
    "p50": 0.001057693,
    "p75": 0.001116997,
    "p90": 0.001164864,
    "p95": 0.001202476,
    "p99": 0.001352206
  },
  "rps": {
    "mean": 47587.6516167407,
    "stddev": 2589.002578831227,
    "max": 61938.4295516283,
    "percentiles": {
      "p10": 45942.93367151622,
      "p25": 46916.58031948577,
      "p50": 47671.230292087675,
      "p75": 48536.504304887174,
      "p90": 49659.90504503339,
      "p95": 50413.61167515124,
      "p99": 52677.6131081177
    }
  },
  "details": {
    "DNSDialup": {
      "average": 0.0007001897399999999,
      "fastest": 0.000069279,
      "slowest": 0.001557554
    },
    "DNSLookup": {
      "average": 0.000006490459999999999,
      "fastest": 0.000003366,
      "slowest": 0.000033863
    }
  },
  "statusCodeDistribution": {
    "200": 475910
  },
  "errorDistribution": {}
}