{
  "summary": {
    "successRate": 1,
    "total": 10.000695244,
    "slowest": 0.005783596,
    "fastest": 0.000115567,
    "average": 0.0010593966105229228,
    "requestsPerSec": 47120.42398079499,
    "totalData": 6126081,
    "sizePerRequest": 13,
    "sizePerSec": 612565.5117503349
  },
  "responseTimeHistogram": {
    "0.000115567": 1,
    "0.0006823699": 2225,
    "0.0012491728": 457127,
    "0.0018159757": 11033,
    "0.0023827786": 640,
    "0.0029495815": 76,
    "0.0035163844": 55,
    "0.0040831873": 13,
    "0.0046499902": 27,
    "0.0052167930999999996": 17,
    "0.005783595999999999": 23
  },
  "latencyPercentiles": {
    "p10": 0.000934389,
    "p25": 0.000985061,
    "p50": 0.001067796,
    "p75": 0.001126242,
    "p90": 0.001172913,
    "p95": 0.001209986,
    "p99": 0.001329077
  },
  "rps": {
    "mean": 47120.64844383475,
    "stddev": 2595.340541172319,
    "max": 61305.96507040071,
    "percentiles": {
      "p10": 45704.309916425475,
      "p25": 46502.643856482435,
      "p50": 47277.62861084163,
      "p75": 47973.086593441025,
      "p90": 48857.441694202,
      "p95": 49661.4559409142,
      "p99": 51696.79708285113
    }
  },
  "details": {
    "DNSDialup": {
      "average": 0.00078349158,
      "fastest": 0.00011164,
      "slowest": 0.00121718
    },
    "DNSLookup": {
      "average": 0.00000784354,
      "fastest": 0.000003566,
      "slowest": 0.000035547
    }
  },
  "statusCodeDistribution": {
    "200": 471237
  },
  "errorDistribution": {}
}