{
  "summary": {
    "successRate": 1,
    "total": 10.000616003,
    "slowest": 0.009479497,
    "fastest": 0.0000481,
    "average": 0.0009220263360088126,
    "requestsPerSec": 54118.16630472018,
    "totalData": 7035795,
    "sizePerRequest": 13,
    "sizePerSec": 703536.1619613623
  },
  "responseTimeHistogram": {
    "0.0000481": 1,
    "0.0009912397": 472528,
    "0.0019343793999999999": 58470,
    "0.0028775191000000003": 9389,
    "0.0038206588": 670,
    "0.004763798499999999": 104,
    "0.0057069382": 28,
    "0.0066500779": 1,
    "0.0075932175999999995": 23,
    "0.0085363573": 0,
    "0.009479497": 1
  },
  "latencyPercentiles": {
    "p10": 0.000803608,
    "p25": 0.000824108,
    "p50": 0.000847408,
    "p75": 0.000874509,
    "p90": 0.00102081,
    "p95": 0.001596817,
    "p99": 0.002112422
  },
  "rps": {
    "mean": 54110.67569100656,
    "stddev": 10023.30474502369,
    "max": 60732.175906796976,
    "percentiles": {
      "p10": 35565.48769784704,
      "p25": 56299.28822044247,
      "p50": 58121.493328234,
      "p75": 58883.00737549975,
      "p90": 59366.87541670108,
      "p95": 59629.206385287645,
      "p99": 60151.57793939176
    }
  },
  "details": {
    "DNSDialup": {
      "average": 0.00154061772,
      "fastest": 0.000081301,
      "slowest": 0.002434125
    },
    "DNSLookup": {
      "average": 0.000012250120000000001,
      "fastest": 0.0000038,
      "slowest": 0.000205303
    }
  },
  "statusCodeDistribution": {
    "200": 541215
  },
  "errorDistribution": {}
}