{
  "summary": {
    "successRate": 1,
    "total": 10.000658338,
    "slowest": 0.005487148,
    "fastest": 0.000136207,
    "average": 0.0010661860239255712,
    "requestsPerSec": 46817.21784464386,
    "totalData": 6086639,
    "sizePerRequest": 13,
    "sizePerSec": 608623.8319803702
  },
  "responseTimeHistogram": {
    "0.000136207": 1,
    "0.0006713011": 1743,
    "0.0012063952": 437056,
    "0.0017414893": 28309,
    "0.0022765834": 852,
    "0.0028116775": 114,
    "0.0033467716000000003": 51,
    "0.0038818657": 17,
    "0.0044169598": 14,
    "0.0049520539": 26,
    "0.005487148": 20
  },
  "latencyPercentiles": {
    "p10": 0.000939668,
    "p25": 0.000991273,
    "p50": 0.001074256,
    "p75": 0.001132684,
    "p90": 0.001181266,
    "p95": 0.001218634,
    "p99": 0.001352664
  },
  "rps": {
    "mean": 46817.21065329186,
    "stddev": 2389.701829237289,
    "max": 55416.25358718436,
    "percentiles": {
      "p10": 45325.34856800978,
      "p25": 46309.201728596134,
      "p50": 47011.44258512516,
      "p75": 47637.39182761958,
      "p90": 48557.19065915813,
      "p95": 49309.85704042002,
      "p99": 50966.602773756385
    }
  },
  "details": {
    "DNSDialup": {
      "average": 0.0007698597200000001,
      "fastest": 0.000073278,
      "slowest": 0.00177517
    },
    "DNSLookup": {
      "average": 0.0000068274,
      "fastest": 0.000003277,
      "slowest": 0.000031409
    }
  },
  "statusCodeDistribution": {
    "200": 468203
  },
  "errorDistribution": {}
}