{
  "summary": {
    "successRate": 1,
    "total": 10.00035524,
    "slowest": 0.007093217,
    "fastest": 0.000149104,
    "average": 0.0011155653710513366,
    "requestsPerSec": 44744.51049600914,
    "totalData": 5816993,
    "sizePerRequest": 13,
    "sizePerSec": 581678.6364481188
  },
  "responseTimeHistogram": {
    "0.000149104": 1,
    "0.0008435153000000001": 8700,
    "0.0015379266": 436530,
    "0.0022323379000000003": 1996,
    "0.0029267492000000003": 113,
    "0.0036211605": 72,
    "0.0043155718": 2,
    "0.0050099831": 10,
    "0.0057043944": 20,
    "0.0063988057": 15,
    "0.007093217": 2
  },
  "latencyPercentiles": {
    "p10": 0.000979869,
    "p25": 0.001036662,
    "p50": 0.001125562,
    "p75": 0.001188895,
    "p90": 0.001241041,
    "p95": 0.001280471,
    "p99": 0.001398878
  },
  "rps": {
    "mean": 44743.165731416746,
    "stddev": 2502.546535591075,
    "max": 61352.25985494447,
    "percentiles": {
      "p10": 43059.4504125169,
      "p25": 44043.92059762075,
      "p50": 44713.7792086203,
      "p75": 45491.96044092322,
      "p90": 46723.99145612861,
      "p95": 48043.81759024601,
      "p99": 50769.8898303411
    }
  },
  "details": {
    "DNSDialup": {
      "average": 0.0009986736000000003,
      "fastest": 0.000117299,
      "slowest": 0.002132302
    },
    "DNSLookup": {
      "average": 0.00004827534,
      "fastest": 0.000004168,
      "slowest": 0.002011797
    }
  },
  "statusCodeDistribution": {
    "200": 447461
  },
  "errorDistribution": {}
}