{
  "summary": {
    "successRate": 1,
    "total": 10.000682553,
    "slowest": 0.006948599,
    "fastest": 0.000186537,
    "average": 0.0010918664920981432,
    "requestsPerSec": 45720.47933496685,
    "totalData": 5944068,
    "sizePerRequest": 13,
    "sizePerSec": 594366.231354569
  },
  "responseTimeHistogram": {
    "0.000186537": 1,
    "0.0008627432": 9469,
    "0.0015389494": 445307,
    "0.0022151556": 2222,
    "0.0028913618": 104,
    "0.003567568": 83,
    "0.0042437742": 1,
    "0.0049199804": 8,
    "0.0055961866": 19,
    "0.006272392799999999": 20,
    "0.006948599": 2
  },
  "latencyPercentiles": {
    "p10": 0.000962162,
    "p25": 0.001012927,
    "p50": 0.001101071,
    "p75": 0.001160111,
    "p90": 0.001210208,
    "p95": 0.001249578,
    "p99": 0.001364071
  },
  "rps": {
    "mean": 45720.54882506628,
    "stddev": 2396.2710184435823,
    "max": 51511.97795449623,
    "percentiles": {
      "p10": 44354.88281530257,
      "p25": 45209.9823239975,
      "p50": 45818.441922874765,
      "p75": 46585.1144829187,
      "p90": 47518.50911230196,
      "p95": 48121.15887356035,
      "p99": 49803.522588059
    }
  },
  "details": {
    "DNSDialup": {
      "average": 0.0007438166799999997,
      "fastest": 0.000097291,
      "slowest": 0.001483814
    },
    "DNSLookup": {
      "average": 0.000006838280000000001,
      "fastest": 0.000003777,
      "slowest": 0.000026299
    }
  },
  "statusCodeDistribution": {
    "200": 457236
  },
  "errorDistribution": {}
}