{
  "summary": {
    "successRate": 1,
    "total": 10.000698073,
    "slowest": 0.006837433,
    "fastest": 0.000147015,
    "average": 0.001051031319441241,
    "requestsPerSec": 47493.68459411143,
    "totalData": 6174610,
    "sizePerRequest": 13,
    "sizePerSec": 617417.8997234486
  },
  "responseTimeHistogram": {
    "0.000147015": 1,
    "0.0008160568000000001": 24690,
    "0.0014850986": 447738,
    "0.0021541404000000003": 2195,
    "0.0028231822": 191,
    "0.003492224": 70,
    "0.004161265800000001": 31,
    "0.004830307600000001": 36,
    "0.005499349400000001": 12,
    "0.006168391200000001": 5,
    "0.006837433": 1
  },
  "latencyPercentiles": {
    "p10": 0.000901624,
    "p25": 0.000981067,
    "p50": 0.001063947,
    "p75": 0.001131934,
    "p90": 0.001180273,
    "p95": 0.001218455,
    "p99": 0.001341223
  },
  "rps": {
    "mean": 47492.34442979177,
    "stddev": 3247.5801021256684,
    "max": 67849.68003756928,
    "percentiles": {
      "p10": 45372.5961538472,
      "p25": 46312.544113450334,
      "p50": 47230.02412633057,
      "p75": 48613.39823422693,
      "p90": 50431.95368585753,
      "p95": 51908.03017226813,
      "p99": 55414.235917209895
    }
  },
  "details": {
    "DNSDialup": {
      "average": 0.00068617918,
      "fastest": 0.000168945,
      "slowest": 0.001107627
    },
    "DNSLookup": {
      "average": 0.00000683782,
      "fastest": 0.000003657,
      "slowest": 0.000034254
    }
  },
  "statusCodeDistribution": {
    "200": 474970
  },
  "errorDistribution": {}
}