{
  "summary": {
    "successRate": 1,
    "total": 10.000383111,
    "slowest": 0.006325734,
    "fastest": 0.000279582,
    "average": 0.0011005557568871034,
    "requestsPerSec": 45354.56241682379,
    "totalData": 5896319,
    "sizePerRequest": 13,
    "sizePerSec": 589609.3114187093
  },
  "responseTimeHistogram": {
    "0.000279582": 1,
    "0.0008841972": 23948,
    "0.0014888124": 426865,
    "0.0020934276000000003": 2370,
    "0.0026980428": 221,
    "0.0033026580000000004": 68,
    "0.0039072732": 29,
    "0.0045118884000000005": 13,
    "0.005116503600000001": 18,
    "0.005721118800000001": 28,
    "0.006325734000000001": 2
  },
  "latencyPercentiles": {
    "p10": 0.000992232,
    "p25": 0.001058625,
    "p50": 0.001105928,
    "p75": 0.001153983,
    "p90": 0.001211512,
    "p95": 0.001261044,
    "p99": 0.001394182
  },
  "rps": {
    "mean": 45349.411018361636,
    "stddev": 2838.4408711803094,
    "max": 59658.751938910274,
    "percentiles": {
      "p10": 43435.1303334125,
      "p25": 44260.504048680115,
      "p50": 45135.13459296883,
      "p75": 46474.05213942785,
      "p90": 48193.3066872505,
      "p95": 49223.96222480986,
      "p99": 51344.64814274853
    }
  },
  "details": {
    "DNSDialup": {
      "average": 0.0011560575200000001,
      "fastest": 0.000090138,
      "slowest": 0.002322333
    },
    "DNSLookup": {
      "average": 0.000023495680000000005,
      "fastest": 0.000004168,
      "slowest": 0.000830634
    }
  },
  "statusCodeDistribution": {
    "200": 453563
  },
  "errorDistribution": {}
}