{
  "summary": {
    "successRate": 1,
    "total": 10.000649197,
    "slowest": 0.002706392,
    "fastest": 0.000032711,
    "average": 0.0006195147859171983,
    "requestsPerSec": 80515.4729596501,
    "totalData": 10467691,
    "sizePerRequest": 13,
    "sizePerSec": 1046701.1484754514
  },
  "responseTimeHistogram": {
    "0.000032711": 1,
    "0.0003000791": 32329,
    "0.0005674472000000001": 354384,
    "0.0008348153": 292080,
    "0.0011021834": 94064,
    "0.0013695515": 23297,
    "0.0016369196": 7272,
    "0.0019042877": 1613,
    "0.0021716558": 147,
    "0.0024390239": 10,
    "0.002706392": 10
  },
  "latencyPercentiles": {
    "p10": 0.000372089,
    "p25": 0.000462507,
    "p50": 0.000576696,
    "p75": 0.000732351,
    "p90": 0.000933539,
    "p95": 0.001062025,
    "p99": 0.001393843
  },
  "rps": {
    "mean": 80508.41229266814,
    "stddev": 9877.789375263015,
    "max": 98670.7469255384,
    "percentiles": {
      "p10": 65567.73243633796,
      "p25": 73884.15405146661,
      "p50": 81865.866745067,
      "p75": 88235.77960863124,
      "p90": 92527.23180801918,
      "p95": 94013.24275379846,
      "p99": 96929.12462050702
    }
  },
  "details": {
    "DNSDialup": {
      "average": 0.0008922231399999998,
      "fastest": 0.000107782,
      "slowest": 0.001208849
    },
    "DNSLookup": {
      "average": 0.000007574420000000001,
      "fastest": 0.000004338,
      "slowest": 0.000031429
    }
  },
  "statusCodeDistribution": {
    "200": 805207
  },
  "errorDistribution": {}
}