{
  "summary": {
    "successRate": 1,
    "total": 10.0007874,
    "slowest": 0.002611654,
    "fastest": 0.000033142,
    "average": 0.0006128834757215464,
    "requestsPerSec": 81394.99095841193,
    "totalData": 10582182,
    "sizePerRequest": 13,
    "sizePerSec": 1058134.882459355
  },
  "responseTimeHistogram": {
    "0.000033142": 1,
    "0.00029099320000000004": 29853,
    "0.0005488444000000001": 330852,
    "0.0008066956000000002": 316418,
    "0.0010645468000000003": 102319,
    "0.0013223980000000002": 24821,
    "0.0015802492000000002": 7718,
    "0.0018381004000000002": 1811,
    "0.0020959516": 175,
    "0.0023538028": 27,
    "0.002611654": 19
  },
  "latencyPercentiles": {
    "p10": 0.000369175,
    "p25": 0.000460724,
    "p50": 0.000574966,
    "p75": 0.000724849,
    "p90": 0.000914019,
    "p95": 0.001035859,
    "p99": 0.001358503
  },
  "rps": {
    "mean": 81381.00432300627,
    "stddev": 9192.232491385837,
    "max": 98488.83263880391,
    "percentiles": {
      "p10": 68182.2687254458,
      "p25": 75401.67391716043,
      "p50": 82548.72025469472,
      "p75": 88483.02532000394,
      "p90": 92561.56621382872,
      "p95": 94462.74215332977,
      "p99": 97193.87956826677
    }
  },
  "details": {
    "DNSDialup": {
      "average": 0.0006103486000000001,
      "fastest": 0.000108649,
      "slowest": 0.001100229
    },
    "DNSLookup": {
      "average": 0.000007660839999999999,
      "fastest": 0.000004128,
      "slowest": 0.000028704
    }
  },
  "statusCodeDistribution": {
    "200": 814014
  },
  "errorDistribution": {}
}