{
  "summary": {
    "successRate": 1,
    "total": 10.000583442,
    "slowest": 0.016855811,
    "fastest": 0.0000331,
    "average": 0.0009488076199446664,
    "requestsPerSec": 52555.33370109948,
    "totalData": 6832592,
    "sizePerRequest": 13,
    "sizePerSec": 683219.3381142932
  },
  "responseTimeHistogram": {
    "0.0000331": 1,
    "0.0017153710999999999": 500687,
    "0.0033976421999999994": 23597,
    "0.0050799133": 777,
    "0.006762184399999999": 207,
    "0.008444455499999998": 173,
    "0.010126726599999998": 107,
    "0.011808997699999997": 13,
    "0.013491268799999998": 18,
    "0.015173539899999998": 0,
    "0.016855811": 4
  },
  "latencyPercentiles": {
    "p10": 0.000560904,
    "p25": 0.000686005,
    "p50": 0.000840906,
    "p75": 0.001058908,
    "p90": 0.001514411,
    "p95": 0.001691813,
    "p99": 0.002278815
  },
  "rps": {
    "mean": 52532.33320558742,
    "stddev": 13423.333414752471,
    "max": 69031.94798552999,
    "percentiles": {
      "p10": 33852.925663985065,
      "p25": 38111.032682615114,
      "p50": 60512.27188873924,
      "p75": 64419.544889918914,
      "p90": 65964.50437804233,
      "p95": 66768.48359149462,
      "p99": 68023.35922155755
    }
  },
  "details": {
    "DNSDialup": {
      "average": 0.0022887505000000006,
      "fastest": 0.000320002,
      "slowest": 0.002861121
    },
    "DNSLookup": {
      "average": 0.000012272140000000003,
      "fastest": 0.0000071,
      "slowest": 0.000084801
    }
  },
  "statusCodeDistribution": {
    "200": 525584
  },
  "errorDistribution": {}
}