{
  "summary": {
    "successRate": 1,
    "total": 10.000395214,
    "slowest": 0.004239058,
    "fastest": 0.000032684,
    "average": 0.0006453512035404648,
    "requestsPerSec": 77291.64532596842,
    "totalData": 10048311,
    "sizePerRequest": 13,
    "sizePerSec": 1004791.3892375894
  },
  "responseTimeHistogram": {
    "0.000032684": 1,
    "0.00045332140000000005": 158478,
    "0.0008739588": 494068,
    "0.0012945962000000001": 105441,
    "0.0017152336000000002": 14375,
    "0.002135871": 553,
    "0.0025565084": 28,
    "0.0029771458000000003": 1,
    "0.0033977832": 0,
    "0.0038184206": 0,
    "0.004239058": 2
  },
  "latencyPercentiles": {
    "p10": 0.00038201,
    "p25": 0.00047716,
    "p50": 0.000605938,
    "p75": 0.000770803,
    "p90": 0.000966261,
    "p95": 0.001089729,
    "p99": 0.001415037
  },
  "rps": {
    "mean": 77287.20548428269,
    "stddev": 9648.068567455775,
    "max": 100476.75871392565,
    "percentiles": {
      "p10": 64660.14686861742,
      "p25": 69541.12676265073,
      "p50": 76457.59550669516,
      "p75": 84914.43545402799,
      "p90": 91067.85465850894,
      "p95": 93612.45981840194,
      "p99": 96591.02114015541
    }
  },
  "details": {
    "DNSDialup": {
      "average": 0.0010503951800000003,
      "fastest": 0.000145864,
      "slowest": 0.002163336
    },
    "DNSLookup": {
      "average": 0.000008902699999999999,
      "fastest": 0.000004709,
      "slowest": 0.000028594
    }
  },
  "statusCodeDistribution": {
    "200": 772947
  },
  "errorDistribution": {}
}