{
  "summary": {
    "successRate": 1,
    "total": 10.001134,
    "slowest": 0.004187941,
    "fastest": 0.000030627,
    "average": 0.000594549940905293,
    "requestsPerSec": 83916.78383671292,
    "totalData": 10910419,
    "sizePerRequest": 13,
    "sizePerSec": 1090918.189877268
  },
  "responseTimeHistogram": {
    "0.000030627": 1,
    "0.0004463583999999999": 192837,
    "0.0008620897999999999": 548262,
    "0.0012778211999999998": 86625,
    "0.0016935525999999998": 10976,
    "0.002109284": 510,
    "0.0025250153999999995": 43,
    "0.0029407467999999996": 6,
    "0.0033564781999999996": 2,
    "0.0037722095999999997": 0,
    "0.004187941": 1
  },
  "latencyPercentiles": {
    "p10": 0.000366062,
    "p25": 0.00045666,
    "p50": 0.000539427,
    "p75": 0.000700073,
    "p90": 0.000894469,
    "p95": 0.001032647,
    "p99": 0.001341822
  },
  "rps": {
    "mean": 83901.61362937301,
    "stddev": 10603.242794372996,
    "max": 109519.88829975047,
    "percentiles": {
      "p10": 68102.45849875102,
      "p25": 76349.09246645757,
      "p50": 84870.90964501271,
      "p75": 90158.4226578825,
      "p90": 98613.42128663736,
      "p95": 101602.30637235475,
      "p99": 105502.84857690589
    }
  },
  "details": {
    "DNSDialup": {
      "average": 0.0005083796,
      "fastest": 0.000069991,
      "slowest": 0.000897052
    },
    "DNSLookup": {
      "average": 0.00000598556,
      "fastest": 0.000003246,
      "slowest": 0.00003224
    }
  },
  "statusCodeDistribution": {
    "200": 839263
  },
  "errorDistribution": {}
}