{
  "summary": {
    "successRate": 1,
    "total": 10.000930569,
    "slowest": 0.002964245,
    "fastest": 0.000034612,
    "average": 0.0006304329340957787,
    "requestsPerSec": 79166.63299854973,
    "totalData": 10292620,
    "sizePerRequest": 13,
    "sizePerSec": 1029166.2289811464
  },
  "responseTimeHistogram": {
    "0.000034612": 1,
    "0.00032757530000000003": 42209,
    "0.0006205386000000001": 370286,
    "0.0009135019": 314424,
    "0.0012064652000000002": 50352,
    "0.0014994285": 12543,
    "0.0017923918000000002": 1667,
    "0.0020853551": 213,
    "0.0023783184": 28,
    "0.0026712817": 4,
    "0.002964245": 13
  },
  "latencyPercentiles": {
    "p10": 0.000390097,
    "p25": 0.000502026,
    "p50": 0.000610129,
    "p75": 0.000734206,
    "p90": 0.000876841,
    "p95": 0.001007768,
    "p99": 0.001300849
  },
  "rps": {
    "mean": 79163.17511541929,
    "stddev": 5774.112721803535,
    "max": 95087.58879517553,
    "percentiles": {
      "p10": 71504.21159806065,
      "p25": 75445.93148308611,
      "p50": 79355.46153206346,
      "p75": 83210.98384987711,
      "p90": 86207.55383524894,
      "p95": 88093.29250437995,
      "p99": 91675.12466861439
    }
  },
  "details": {
    "DNSDialup": {
      "average": 0.0005259706599999999,
      "fastest": 0.000116715,
      "slowest": 0.00072368
    },
    "DNSLookup": {
      "average": 0.00000460296,
      "fastest": 0.000001783,
      "slowest": 0.000035674
    }
  },
  "statusCodeDistribution": {
    "200": 791740
  },
  "errorDistribution": {}
}