{
  "summary": {
    "successRate": 1,
    "total": 10.000788883,
    "slowest": 0.016691608,
    "fastest": 0.0000282,
    "average": 0.000756285191687041,
    "requestsPerSec": 65968.99581806721,
    "totalData": 8576646,
    "sizePerRequest": 13,
    "sizePerSec": 857596.9456348737
  },
  "responseTimeHistogram": {
    "0.0000282": 1,
    "0.0016945408": 651403,
    "0.0033608816000000002": 7356,
    "0.005027222400000001": 392,
    "0.0066935632000000005": 108,
    "0.008359904000000001": 206,
    "0.010026244800000002": 172,
    "0.011692585600000001": 66,
    "0.013358926400000002": 26,
    "0.015025267200000003": 3,
    "0.016691608": 9
  },
  "latencyPercentiles": {
    "p10": 0.000452498,
    "p25": 0.000561197,
    "p50": 0.000686096,
    "p75": 0.000892395,
    "p90": 0.001122693,
    "p95": 0.001253893,
    "p99": 0.001732091
  },
  "rps": {
    "mean": 65949.6228229715,
    "stddev": 13488.548417853255,
    "max": 89801.07110552928,
    "percentiles": {
      "p10": 50002.78015457675,
      "p25": 54814.55326388948,
      "p50": 64798.64023162994,
      "p75": 79392.67122126375,
      "p90": 80924.7225027234,
      "p95": 81804.54015197801,
      "p99": 85404.7399630675
    }
  },
  "details": {
    "DNSDialup": {
      "average": 0.00119561342,
      "fastest": 0.000076,
      "slowest": 0.001990589
    },
    "DNSLookup": {
      "average": 0.00000852192,
      "fastest": 0.0000031,
      "slowest": 0.0000466
    }
  },
  "statusCodeDistribution": {
    "200": 659742
  },
  "errorDistribution": {}
}