{
  "summary": {
    "successRate": 1,
    "total": 10.000441037,
    "slowest": 0.003828909,
    "fastest": 0.000033533,
    "average": 0.0006249103357702761,
    "requestsPerSec": 79837.07888942379,
    "totalData": 10379278,
    "sizePerRequest": 13,
    "sizePerSec": 1037882.0255625092
  },
  "responseTimeHistogram": {
    "0.000033533": 1,
    "0.00041307059999999996": 95889,
    "0.0007926081999999999": 534358,
    "0.0011721458000000001": 143929,
    "0.0015516834": 18023,
    "0.001931221": 4825,
    "0.0023107586": 1190,
    "0.0026902962": 142,
    "0.0030698338": 39,
    "0.0034493714": 8,
    "0.0038289089999999997": 2
  },
  "latencyPercentiles": {
    "p10": 0.000400701,
    "p25": 0.000462968,
    "p50": 0.000544542,
    "p75": 0.00074232,
    "p90": 0.000960954,
    "p95": 0.001061328,
    "p99": 0.001490103
  },
  "rps": {
    "mean": 79837.69859881008,
    "stddev": 9495.975518852454,
    "max": 101347.9984821891,
    "percentiles": {
      "p10": 66321.02693085896,
      "p25": 72068.97000429576,
      "p50": 80947.95356769425,
      "p75": 87918.01440115954,
      "p90": 90627.65049616608,
      "p95": 93584.60984576136,
      "p99": 98216.37266932863
    }
  },
  "details": {
    "DNSDialup": {
      "average": 0.0011687312600000002,
      "fastest": 0.000098776,
      "slowest": 0.001950149
    },
    "DNSLookup": {
      "average": 0.000014318300000000001,
      "fastest": 0.000004368,
      "slowest": 0.000177485
    }
  },
  "statusCodeDistribution": {
    "200": 798406
  },
  "errorDistribution": {}
}