{
  "summary": {
    "successRate": 1,
    "total": 10.001130422,
    "slowest": 0.00377351,
    "fastest": 0.000032825,
    "average": 0.0006107435159395233,
    "requestsPerSec": 81665.0684010048,
    "totalData": 10617659,
    "sizePerRequest": 13,
    "sizePerSec": 1061645.8892130626
  },
  "responseTimeHistogram": {
    "0.000032825": 1,
    "0.0004068935": 124743,
    "0.000780962": 538682,
    "0.0011550305": 131676,
    "0.001529099": 18731,
    "0.0019031674999999998": 2780,
    "0.002277236": 95,
    "0.0026513045": 9,
    "0.0030253729999999996": 18,
    "0.0033994415": 7,
    "0.00377351": 1
  },
  "latencyPercentiles": {
    "p10": 0.000367356,
    "p25": 0.000458503,
    "p50": 0.000572667,
    "p75": 0.000720667,
    "p90": 0.000913657,
    "p95": 0.001040044,
    "p99": 0.001350433
  },
  "rps": {
    "mean": 81664.59753109791,
    "stddev": 9425.528277561652,
    "max": 101820.35165566024,
    "percentiles": {
      "p10": 68248.54756050567,
      "p25": 75242.95620369719,
      "p50": 82908.72199755593,
      "p75": 89461.96135443765,
      "p90": 93288.80909855977,
      "p95": 94661.49210526646,
      "p99": 97524.56853437834
    }
  },
  "details": {
    "DNSDialup": {
      "average": 0.0008704372400000002,
      "fastest": 0.000101498,
      "slowest": 0.001285749
    },
    "DNSLookup": {
      "average": 0.000010664580000000001,
      "fastest": 0.000004047,
      "slowest": 0.000149269
    }
  },
  "statusCodeDistribution": {
    "200": 816743
  },
  "errorDistribution": {}
}