{
  "summary": {
    "successRate": 1,
    "total": 10.000623703,
    "slowest": 0.003606751,
    "fastest": 0.000042688,
    "average": 0.0006644975610201734,
    "requestsPerSec": 75047.51926370927,
    "totalData": 9756786,
    "sizePerRequest": 13,
    "sizePerSec": 975617.7504282204
  },
  "responseTimeHistogram": {
    "0.000042688": 1,
    "0.0003990943": 98130,
    "0.0007555006000000001": 414127,
    "0.0011119069": 195701,
    "0.0014683132": 32643,
    "0.0018247195": 8827,
    "0.0021811258": 974,
    "0.0025375321": 96,
    "0.0028939384": 18,
    "0.0032503447000000003": 3,
    "0.003606751": 2
  },
  "latencyPercentiles": {
    "p10": 0.000373435,
    "p25": 0.000478021,
    "p50": 0.000618604,
    "p75": 0.00081909,
    "p90": 0.000983368,
    "p95": 0.001143984,
    "p99": 0.00152799
  },
  "rps": {
    "mean": 75037.70091638701,
    "stddev": 10679.902055960027,
    "max": 100084.2409055555,
    "percentiles": {
      "p10": 61000.57950550579,
      "p25": 66556.27332909907,
      "p50": 74645.26488863607,
      "p75": 83713.95511632186,
      "p90": 89496.50191082695,
      "p95": 92045.99415132185,
      "p99": 96206.68636470221
    }
  },
  "details": {
    "DNSDialup": {
      "average": 0.00053166026,
      "fastest": 0.000078827,
      "slowest": 0.000904671
    },
    "DNSLookup": {
      "average": 0.0000061574,
      "fastest": 0.000003166,
      "slowest": 0.000030237
    }
  },
  "statusCodeDistribution": {
    "200": 750522
  },
  "errorDistribution": {}
}