{
  "summary": {
    "successRate": 1,
    "total": 10.000586817,
    "slowest": 0.003090099,
    "fastest": 0.000035072,
    "average": 0.0006934716352417572,
    "requestsPerSec": 71904.78050524183,
    "totalData": 9348170,
    "sizePerRequest": 13,
    "sizePerSec": 934762.1465681437
  },
  "responseTimeHistogram": {
    "0.000035072": 1,
    "0.0003405746999999999": 41137,
    "0.0006460773999999999": 310272,
    "0.0009515800999999999": 267246,
    "0.0012570827999999997": 72385,
    "0.0015625854999999995": 20200,
    "0.0018680881999999996": 6791,
    "0.0021735909": 928,
    "0.0024790935999999997": 105,
    "0.0027845962999999995": 20,
    "0.0030900989999999994": 5
  },
  "latencyPercentiles": {
    "p10": 0.000387107,
    "p25": 0.000499624,
    "p50": 0.000653586,
    "p75": 0.00085027,
    "p90": 0.001016805,
    "p95": 0.001189153,
    "p99": 0.001578551
  },
  "rps": {
    "mean": 71899.18640596674,
    "stddev": 9658.788706304733,
    "max": 99616.3071894846,
    "percentiles": {
      "p10": 59756.91091206781,
      "p25": 64746.53981281662,
      "p50": 70983.83190548031,
      "p75": 78201.4194208427,
      "p90": 84738.85308466239,
      "p95": 89527.84315922219,
      "p99": 95434.40214512052
    }
  },
  "details": {
    "DNSDialup": {
      "average": 0.0008334242399999999,
      "fastest": 0.00011226,
      "slowest": 0.001437921
    },
    "DNSLookup": {
      "average": 0.000007284199999999999,
      "fastest": 0.000003456,
      "slowest": 0.000040456
    }
  },
  "statusCodeDistribution": {
    "200": 719090
  },
  "errorDistribution": {}
}