{
  "summary": {
    "successRate": 1,
    "total": 10.000708055,
    "slowest": 0.016685409,
    "fastest": 0.000027099,
    "average": 0.0007137473638986932,
    "requestsPerSec": 69899.95069904078,
    "totalData": 9087637,
    "sizePerRequest": 13,
    "sizePerSec": 908699.35908753
  },
  "responseTimeHistogram": {
    "0.000027099": 2,
    "0.00169293": 693212,
    "0.003358761": 5084,
    "0.0050245920000000005": 238,
    "0.006690423": 138,
    "0.008356253999999999": 164,
    "0.010022085": 165,
    "0.011687916": 12,
    "0.013353747": 26,
    "0.015019577999999999": 1,
    "0.016685409": 7
  },
  "latencyPercentiles": {
    "p10": 0.000435995,
    "p25": 0.000546994,
    "p50": 0.000664092,
    "p75": 0.000805186,
    "p90": 0.001058388,
    "p95": 0.001182587,
    "p99": 0.001663772
  },
  "rps": {
    "mean": 69854.80467700075,
    "stddev": 12235.345535287333,
    "max": 89718.96658953842,
    "percentiles": {
      "p10": 54942.93240738397,
      "p25": 59726.789154174185,
      "p50": 68882.08766278028,
      "p75": 82008.12161804663,
      "p90": 83604.22939278497,
      "p95": 84271.07134205577,
      "p99": 85560.71422217546
    }
  },
  "details": {
    "DNSDialup": {
      "average": 0.0012515297599999995,
      "fastest": 0.000167498,
      "slowest": 0.001441684
    },
    "DNSLookup": {
      "average": 0.00000612194,
      "fastest": 0.0000032,
      "slowest": 0.000040299
    }
  },
  "statusCodeDistribution": {
    "200": 699049
  },
  "errorDistribution": {}
}