{
  "summary": {
    "successRate": 1,
    "total": 10.000459271,
    "slowest": 0.003975824,
    "fastest": 0.000032481,
    "average": 0.0006269748892583342,
    "requestsPerSec": 79577.94521575228,
    "totalData": 10345608,
    "sizePerRequest": 13,
    "sizePerSec": 1034513.2878047796
  },
  "responseTimeHistogram": {
    "0.000032481": 1,
    "0.00042681530000000003": 140411,
    "0.0008211496000000001": 515832,
    "0.0012154839000000001": 121568,
    "0.0016098182000000001": 17051,
    "0.0020041525": 882,
    "0.0023984868000000003": 58,
    "0.0027928211": 6,
    "0.0031871554000000002": 5,
    "0.0035814897000000004": 1,
    "0.003975824": 1
  },
  "latencyPercentiles": {
    "p10": 0.000373556,
    "p25": 0.000465571,
    "p50": 0.000590313,
    "p75": 0.000749359,
    "p90": 0.000930079,
    "p95": 0.001051056,
    "p99": 0.001365993
  },
  "rps": {
    "mean": 79566.87475325527,
    "stddev": 9758.993577173815,
    "max": 101313.54208661427,
    "percentiles": {
      "p10": 66508.23550245837,
      "p25": 72001.46086368604,
      "p50": 78781.30230397858,
      "p75": 87127.53855569479,
      "p90": 93132.33554689925,
      "p95": 95946.39967888684,
      "p99": 99246.83680782613
    }
  },
  "details": {
    "DNSDialup": {
      "average": 0.0009322797400000001,
      "fastest": 0.000094857,
      "slowest": 0.001380789
    },
    "DNSLookup": {
      "average": 0.00000828944,
      "fastest": 0.000004268,
      "slowest": 0.000040085
    }
  },
  "statusCodeDistribution": {
    "200": 795816
  },
  "errorDistribution": {}
}