{
  "summary": {
    "successRate": 1,
    "total": 10.001264541,
    "slowest": 0.003018546,
    "fastest": 0.000033102,
    "average": 0.00060052103724827,
    "requestsPerSec": 83061.7964952798,
    "totalData": 10799399,
    "sizePerRequest": 13,
    "sizePerSec": 1079803.3544386376
  },
  "responseTimeHistogram": {
    "0.000033102": 1,
    "0.00033164640000000003": 57358,
    "0.0006301908": 471415,
    "0.0009287352": 231863,
    "0.0012272796": 56792,
    "0.001525824": 11092,
    "0.0018243684": 2067,
    "0.0021229128": 74,
    "0.0024214572": 18,
    "0.0027200016000000003": 14,
    "0.0030185460000000004": 29
  },
  "latencyPercentiles": {
    "p10": 0.00036259,
    "p25": 0.000451406,
    "p50": 0.000563225,
    "p75": 0.000710268,
    "p90": 0.0008983,
    "p95": 0.001011897,
    "p99": 0.001317749
  },
  "rps": {
    "mean": 83061.47233138153,
    "stddev": 9043.73804002067,
    "max": 100103.92407382598,
    "percentiles": {
      "p10": 70441.85655116133,
      "p25": 76421.74198559506,
      "p50": 84296.4444341106,
      "p75": 90068.74947647388,
      "p90": 94617.07838263453,
      "p95": 96201.59694650679,
      "p99": 98580.80705823285
    }
  },
  "details": {
    "DNSDialup": {
      "average": 0.0005517053000000002,
      "fastest": 0.000074913,
      "slowest": 0.00091281
    },
    "DNSLookup": {
      "average": 0.000007050379999999996,
      "fastest": 0.000003958,
      "slowest": 0.000034114
    }
  },
  "statusCodeDistribution": {
    "200": 830723
  },
  "errorDistribution": {}
}