{
  "summary": {
    "successRate": 1,
    "total": 10.001114089,
    "slowest": 0.003582699,
    "fastest": 0.000041004,
    "average": 0.0006105761693525379,
    "requestsPerSec": 81696.19831641139,
    "totalData": 10621689,
    "sizePerRequest": 13,
    "sizePerSec": 1062050.578113348
  },
  "responseTimeHistogram": {
    "0.000041004": 1,
    "0.00039517350000000003": 92523,
    "0.000749343": 543827,
    "0.0011035125": 152782,
    "0.001457682": 23207,
    "0.0018118515000000001": 4449,
    "0.0021660209999999997": 237,
    "0.0025201905": 15,
    "0.00287436": 8,
    "0.0032285294999999997": 3,
    "0.003582699": 1
  },
  "latencyPercentiles": {
    "p10": 0.000383937,
    "p25": 0.000478581,
    "p50": 0.000547973,
    "p75": 0.000715591,
    "p90": 0.000921982,
    "p95": 0.001048741,
    "p99": 0.001361668
  },
  "rps": {
    "mean": 81688.4441227765,
    "stddev": 9915.587645253667,
    "max": 105769.86099318642,
    "percentiles": {
      "p10": 66544.09284971847,
      "p25": 75401.37230498395,
      "p50": 83430.17011340626,
      "p75": 87123.90762142015,
      "p90": 94537.32333525296,
      "p95": 98210.35137103387,
      "p99": 102848.5033541779
    }
  },
  "details": {
    "DNSDialup": {
      "average": 0.0007142351200000001,
      "fastest": 0.000073685,
      "slowest": 0.001433487
    },
    "DNSLookup": {
      "average": 0.000007587759999999996,
      "fastest": 0.000003336,
      "slowest": 0.000030177
    }
  },
  "statusCodeDistribution": {
    "200": 817053
  },
  "errorDistribution": {}
}