{
  "summary": {
    "successRate": 1,
    "total": 10.000854575,
    "slowest": 0.003605723,
    "fastest": 0.000042903,
    "average": 0.0006783863650442328,
    "requestsPerSec": 73497.41909430776,
    "totalData": 9555481,
    "sizePerRequest": 13,
    "sizePerSec": 955466.4482260008
  },
  "responseTimeHistogram": {
    "0.000042903": 1,
    "0.000399185": 91396,
    "0.0007554669999999999": 393831,
    "0.001111749": 203968,
    "0.0014680309999999998": 34473,
    "0.0018243129999999997": 9850,
    "0.002180595": 1391,
    "0.002536877": 94,
    "0.0028931589999999997": 7,
    "0.0032494409999999996": 13,
    "0.0036057229999999995": 13
  },
  "latencyPercentiles": {
    "p10": 0.000377986,
    "p25": 0.000483623,
    "p50": 0.000631396,
    "p75": 0.00083782,
    "p90": 0.001006494,
    "p95": 0.001168773,
    "p99": 0.001565314
  },
  "rps": {
    "mean": 73495.35339424764,
    "stddev": 10407.415794972136,
    "max": 99090.38437140231,
    "percentiles": {
      "p10": 60138.39836735515,
      "p25": 64972.30655698782,
      "p50": 73221.94382524776,
      "p75": 81272.12623615714,
      "p90": 87556.92828256005,
      "p95": 90875.16807884464,
      "p99": 96052.93477235842
    }
  },
  "details": {
    "DNSDialup": {
      "average": 0.0005979013000000002,
      "fastest": 0.000075601,
      "slowest": 0.001111158
    },
    "DNSLookup": {
      "average": 0.000007831580000000002,
      "fastest": 0.000003296,
      "slowest": 0.000038272
    }
  },
  "statusCodeDistribution": {
    "200": 735037
  },
  "errorDistribution": {}
}