{
  "summary": {
    "successRate": 1,
    "total": 10.000845514,
    "slowest": 0.003574447,
    "fastest": 0.000032221,
    "average": 0.0006185626515585069,
    "requestsPerSec": 80647.1811679262,
    "totalData": 10485020,
    "sizePerRequest": 13,
    "sizePerSec": 1048413.3551830406
  },
  "responseTimeHistogram": {
    "0.000032221": 1,
    "0.0003864436000000001": 74587,
    "0.0007406662000000001": 535652,
    "0.0010948888": 166559,
    "0.0014491114000000002": 24062,
    "0.0018033340000000004": 5097,
    "0.0021575566": 473,
    "0.0025117792": 60,
    "0.0028660018000000002": 27,
    "0.0032202244000000004": 20,
    "0.0035744470000000006": 2
  },
  "latencyPercentiles": {
    "p10": 0.000393015,
    "p25": 0.000469112,
    "p50": 0.000553747,
    "p75": 0.000732912,
    "p90": 0.000949994,
    "p95": 0.001044862,
    "p99": 0.001384444
  },
  "rps": {
    "mean": 80634.18555118055,
    "stddev": 9632.376618513397,
    "max": 99318.36396550153,
    "percentiles": {
      "p10": 65310.90038927624,
      "p25": 75083.35002686402,
      "p50": 83007.75292411758,
      "p75": 86849.36566249742,
      "p90": 91517.80936570276,
      "p95": 94094.23266553905,
      "p99": 97040.53383098429
    }
  },
  "details": {
    "DNSDialup": {
      "average": 0.00055513728,
      "fastest": 0.000080871,
      "slowest": 0.000979613
    },
    "DNSLookup": {
      "average": 0.00000735328,
      "fastest": 0.000003676,
      "slowest": 0.000034374
    }
  },
  "statusCodeDistribution": {
    "200": 806540
  },
  "errorDistribution": {}
}