{
  "summary": {
    "successRate": 1,
    "total": 10.00094954,
    "slowest": 0.003015768,
    "fastest": 0.000031703,
    "average": 0.0006109061227260484,
    "requestsPerSec": 81661.9458715917,
    "totalData": 10617061,
    "sizePerRequest": 13,
    "sizePerSec": 1061605.2963306922
  },
  "responseTimeHistogram": {
    "0.000031703": 1,
    "0.0003301095": 38764,
    "0.000628516": 510056,
    "0.0009269225": 188845,
    "0.0012253289999999998": 63950,
    "0.0015237354999999998": 12054,
    "0.001822142": 2698,
    "0.0021205485": 260,
    "0.002418955": 31,
    "0.0027173615": 7,
    "0.003015768": 31
  },
  "latencyPercentiles": {
    "p10": 0.000391137,
    "p25": 0.000482576,
    "p50": 0.000547051,
    "p75": 0.0007112,
    "p90": 0.000918942,
    "p95": 0.001048085,
    "p99": 0.001358149
  },
  "rps": {
    "mean": 81665.99125474898,
    "stddev": 9657.979747740923,
    "max": 105184.41048941849,
    "percentiles": {
      "p10": 66784.48237019937,
      "p25": 75800.08189617295,
      "p50": 83384.46310928345,
      "p75": 87111.1937884014,
      "p90": 93642.8790743281,
      "p95": 97308.68966598656,
      "p99": 101239.69213049782
    }
  },
  "details": {
    "DNSDialup": {
      "average": 0.0005399118999999999,
      "fastest": 0.000078882,
      "slowest": 0.000795884
    },
    "DNSLookup": {
      "average": 0.000006800979999999999,
      "fastest": 0.000003286,
      "slowest": 0.000035677
    }
  },
  "statusCodeDistribution": {
    "200": 816697
  },
  "errorDistribution": {}
}