{
  "summary": {
    "successRate": 1,
    "total": 10.000698755,
    "slowest": 0.01665803,
    "fastest": 0.000027,
    "average": 0.0007839298888133091,
    "requestsPerSec": 63646.15269325748,
    "totalData": 8274578,
    "sizePerRequest": 13,
    "sizePerSec": 827399.9850123472
  },
  "responseTimeHistogram": {
    "0.000027": 1,
    "0.001690103": 624445,
    "0.0033532060000000005": 11370,
    "0.005016309000000001": 251,
    "0.006679412000000001": 84,
    "0.008342515": 177,
    "0.010005618": 141,
    "0.011668721": 14,
    "0.013331824": 19,
    "0.014994927000000002": 0,
    "0.01665803": 4
  },
  "latencyPercentiles": {
    "p10": 0.000457895,
    "p25": 0.000587995,
    "p50": 0.000692893,
    "p75": 0.00092709,
    "p90": 0.001151989,
    "p95": 0.001389185,
    "p99": 0.001887181
  },
  "rps": {
    "mean": 63629.91663540131,
    "stddev": 12909.014147565626,
    "max": 91315.47797351766,
    "percentiles": {
      "p10": 46133.686818116534,
      "p25": 54477.908857454546,
      "p50": 61897.19096926542,
      "p75": 76611.50704835977,
      "p90": 81132.26181320711,
      "p95": 82435.46373649947,
      "p99": 85488.3435529382
    }
  },
  "details": {
    "DNSDialup": {
      "average": 0.0012505181599999997,
      "fastest": 0.000073599,
      "slowest": 0.002103177
    },
    "DNSLookup": {
      "average": 0.00000785794,
      "fastest": 0.0000032,
      "slowest": 0.000042
    }
  },
  "statusCodeDistribution": {
    "200": 636506
  },
  "errorDistribution": {}
}