{
  "summary": {
    "successRate": 1,
    "total": 10.000550069,
    "slowest": 0.003422717,
    "fastest": 0.000036741,
    "average": 0.000608082369741751,
    "requestsPerSec": 82007.5890167517,
    "totalData": 10661573,
    "sizePerRequest": 13,
    "sizePerSec": 1066098.6572177722
  },
  "responseTimeHistogram": {
    "0.000036741": 1,
    "0.00037533860000000006": 90191,
    "0.0007139362": 519451,
    "0.0010525338": 175047,
    "0.0013911314000000002": 29078,
    "0.0017297290000000004": 5866,
    "0.0020683266": 426,
    "0.0024069242": 30,
    "0.0027455218": 5,
    "0.0030841194000000003": 9,
    "0.0034227170000000005": 17
  },
  "latencyPercentiles": {
    "p10": 0.000366577,
    "p25": 0.000456963,
    "p50": 0.000569716,
    "p75": 0.000719717,
    "p90": 0.000908172,
    "p95": 0.001028588,
    "p99": 0.001341794
  },
  "rps": {
    "mean": 81987.4073384729,
    "stddev": 9233.134675974323,
    "max": 98204.72364720785,
    "percentiles": {
      "p10": 68790.07411526897,
      "p25": 75019.40001684532,
      "p50": 84016.35798490053,
      "p75": 88962.4249335753,
      "p90": 92870.098350238,
      "p95": 94600.78518651682,
      "p99": 96917.74563922922
    }
  },
  "details": {
    "DNSDialup": {
      "average": 0.0006667036600000002,
      "fastest": 0.000111634,
      "slowest": 0.001093152
    },
    "DNSLookup": {
      "average": 0.000008636000000000002,
      "fastest": 0.000004839,
      "slowest": 0.00003153
    }
  },
  "statusCodeDistribution": {
    "200": 820121
  },
  "errorDistribution": {}
}