{
  "summary": {
    "successRate": 1,
    "total": 10.000959864,
    "slowest": 0.002950683,
    "fastest": 0.000034925,
    "average": 0.0005958348522127337,
    "requestsPerSec": 83736.66241922636,
    "totalData": 10886811,
    "sizePerRequest": 13,
    "sizePerSec": 1088576.6114499427
  },
  "responseTimeHistogram": {
    "0.000034925": 1,
    "0.0003265008": 65572,
    "0.0006180766": 450813,
    "0.0009096524000000001": 247423,
    "0.0012012282000000002": 54604,
    "0.0014928040000000001": 15348,
    "0.0017843798000000003": 3449,
    "0.0020759556": 173,
    "0.0023675314": 20,
    "0.0026591072": 11,
    "0.002950683": 33
  },
  "latencyPercentiles": {
    "p10": 0.000345754,
    "p25": 0.000432186,
    "p50": 0.000551326,
    "p75": 0.00072795,
    "p90": 0.000886306,
    "p95": 0.001022929,
    "p99": 0.001367184
  },
  "rps": {
    "mean": 83728.44189940557,
    "stddev": 11775.05309268264,
    "max": 109102.73847873216,
    "percentiles": {
      "p10": 68114.35850677318,
      "p25": 74341.63875186502,
      "p50": 83462.23779071249,
      "p75": 92901.28203769292,
      "p90": 100231.93389413903,
      "p95": 102937.34016762162,
      "p99": 106524.84159306408
    }
  },
  "details": {
    "DNSDialup": {
      "average": 0.0005852701800000001,
      "fastest": 0.000081742,
      "slowest": 0.00081427
    },
    "DNSLookup": {
      "average": 0.000006367979999999999,
      "fastest": 0.000003416,
      "slowest": 0.000033973
    }
  },
  "statusCodeDistribution": {
    "200": 837447
  },
  "errorDistribution": {}
}