{
  "summary": {
    "successRate": 1,
    "total": 10.000772981,
    "slowest": 0.007596822,
    "fastest": 0.000029061,
    "average": 0.0006191607986644872,
    "requestsPerSec": 80576.17161502888,
    "totalData": 10475712,
    "sizePerRequest": 13,
    "sizePerSec": 1047490.2309953754
  },
  "responseTimeHistogram": {
    "0.000029061": 1,
    "0.0007858371": 648565,
    "0.0015426131999999998": 155476,
    "0.0022993893": 1759,
    "0.0030561653999999997": 22,
    "0.0038129414999999995": 0,
    "0.0045697176": 0,
    "0.0053264937": 0,
    "0.0060832698": 0,
    "0.0068400459": 0,
    "0.007596822": 1
  },
  "latencyPercentiles": {
    "p10": 0.000367584,
    "p25": 0.000458102,
    "p50": 0.000579969,
    "p75": 0.000734022,
    "p90": 0.000931156,
    "p95": 0.001060965,
    "p99": 0.001365176
  },
  "rps": {
    "mean": 80574.15961046472,
    "stddev": 10023.326828472118,
    "max": 103904.71517195103,
    "percentiles": {
      "p10": 67936.55087940245,
      "p25": 71935.9176036587,
      "p50": 79821.67276744469,
      "p75": 88219.00237310256,
      "p90": 94893.03574581118,
      "p95": 97389.4619597561,
      "p99": 100631.9808435147
    }
  },
  "details": {
    "DNSDialup": {
      "average": 0.0008370479600000002,
      "fastest": 0.000108857,
      "slowest": 0.00125992
    },
    "DNSLookup": {
      "average": 0.00001206636,
      "fastest": 0.000004498,
      "slowest": 0.000132807
    }
  },
  "statusCodeDistribution": {
    "200": 805824
  },
  "errorDistribution": {}
}