{
  "summary": {
    "successRate": 1,
    "total": 10.000668933,
    "slowest": 0.002554699,
    "fastest": 0.000035226,
    "average": 0.0006082095514078225,
    "requestsPerSec": 81999.51478185784,
    "totalData": 10660650,
    "sizePerRequest": 13,
    "sizePerSec": 1065993.692164152
  },
  "responseTimeHistogram": {
    "0.000035226": 1,
    "0.0002871733": 29646,
    "0.0005391205999999999": 328987,
    "0.0007910678999999999": 313952,
    "0.0010430151999999999": 107189,
    "0.0012949624999999997": 29358,
    "0.0015469097999999998": 8087,
    "0.0017988570999999999": 2511,
    "0.0020508044": 258,
    "0.0023027517": 33,
    "0.0025546989999999997": 28
  },
  "latencyPercentiles": {
    "p10": 0.00036465,
    "p25": 0.000455488,
    "p50": 0.000567629,
    "p75": 0.000719588,
    "p90": 0.000912242,
    "p95": 0.001040106,
    "p99": 0.001353376
  },
  "rps": {
    "mean": 81997.77366208052,
    "stddev": 9009.716673307248,
    "max": 100039.89591049134,
    "percentiles": {
      "p10": 69314.64134993816,
      "p25": 75501.70279902719,
      "p50": 83048.4421563144,
      "p75": 89149.38876137642,
      "p90": 93384.73212906033,
      "p95": 95102.691406155,
      "p99": 97523.7567871635
    }
  },
  "details": {
    "DNSDialup": {
      "average": 0.00055767582,
      "fastest": 0.000086444,
      "slowest": 0.000880049
    },
    "DNSLookup": {
      "average": 0.000007978420000000003,
      "fastest": 0.000003756,
      "slowest": 0.000032812
    }
  },
  "statusCodeDistribution": {
    "200": 820050
  },
  "errorDistribution": {}
}