{
  "summary": {
    "successRate": 1,
    "total": 10.001026333,
    "slowest": 0.016679158,
    "fastest": 0.0000257,
    "average": 0.0007292311735047076,
    "requestsPerSec": 68414.17842710123,
    "totalData": 8894756,
    "sizePerRequest": 13,
    "sizePerSec": 889384.3195523161
  },
  "responseTimeHistogram": {
    "0.0000257": 1,
    "0.0016910458": 678650,
    "0.0033563916": 4746,
    "0.0050217374": 283,
    "0.0066870832": 183,
    "0.008352429": 194,
    "0.0100177748": 119,
    "0.0116831206": 13,
    "0.0133484664": 14,
    "0.0150138122": 4,
    "0.016679158": 5
  },
  "latencyPercentiles": {
    "p10": 0.000439197,
    "p25": 0.000554594,
    "p50": 0.000664994,
    "p75": 0.000881493,
    "p90": 0.001048991,
    "p95": 0.001174988,
    "p99": 0.001646784
  },
  "rps": {
    "mean": 68398.27939781878,
    "stddev": 13590.607055770048,
    "max": 90217.15028026293,
    "percentiles": {
      "p10": 52380.109004812846,
      "p25": 56815.24455399284,
      "p50": 65224.48092184019,
      "p75": 82364.60566442028,
      "p90": 84006.49770688421,
      "p95": 84690.49687332241,
      "p99": 87619.28500463169
    }
  },
  "details": {
    "DNSDialup": {
      "average": 0.0011811798999999997,
      "fastest": 0.000073999,
      "slowest": 0.002021483
    },
    "DNSLookup": {
      "average": 0.00000743792,
      "fastest": 0.000003,
      "slowest": 0.0000521
    }
  },
  "statusCodeDistribution": {
    "200": 684212
  },
  "errorDistribution": {}
}