{
  "summary": {
    "successRate": 1,
    "total": 10.000844115,
    "slowest": 0.003111849,
    "fastest": 0.000037219,
    "average": 0.0006158516277063236,
    "requestsPerSec": 81011.46170100063,
    "totalData": 10532379,
    "sizePerRequest": 13,
    "sizePerSec": 1053149.0021130082
  },
  "responseTimeHistogram": {
    "0.000037219": 1,
    "0.000344682": 48920,
    "0.000652145": 514548,
    "0.000959608": 173179,
    "0.001267071": 59369,
    "0.001574534": 11396,
    "0.001881997": 2489,
    "0.00218946": 240,
    "0.002496923": 28,
    "0.002804386": 4,
    "0.003111849": 9
  },
  "latencyPercentiles": {
    "p10": 0.000385713,
    "p25": 0.000480436,
    "p50": 0.000553852,
    "p75": 0.000713213,
    "p90": 0.000937471,
    "p95": 0.001073627,
    "p99": 0.001394795
  },
  "rps": {
    "mean": 80993.17295946022,
    "stddev": 10072.842896329037,
    "max": 106466.58420175832,
    "percentiles": {
      "p10": 65934.82677550457,
      "p25": 75646.68156719589,
      "p50": 81543.30420280156,
      "p75": 86135.08281923214,
      "p90": 94628.22760029005,
      "p95": 98625.6293266352,
      "p99": 102793.37750412458
    }
  },
  "details": {
    "DNSDialup": {
      "average": 0.0006328221600000002,
      "fastest": 0.000100399,
      "slowest": 0.00091312
    },
    "DNSLookup": {
      "average": 0.0000082639,
      "fastest": 0.000003246,
      "slowest": 0.000035567
    }
  },
  "statusCodeDistribution": {
    "200": 810183
  },
  "errorDistribution": {}
}