{
  "summary": {
    "successRate": 1,
    "total": 10.000437476,
    "slowest": 0.005608937,
    "fastest": 0.000034755,
    "average": 0.000624129565937041,
    "requestsPerSec": 79930.30324106594,
    "totalData": 10391394,
    "sizePerRequest": 13,
    "sizePerSec": 1039093.942133857
  },
  "responseTimeHistogram": {
    "0.000034755": 1,
    "0.0005921731999999999": 409556,
    "0.0011495913999999999": 366122,
    "0.0017070095999999998": 23404,
    "0.0022644277999999997": 241,
    "0.0028218459999999994": 12,
    "0.0033792641999999995": 0,
    "0.0039366824": 1,
    "0.004494100599999999": 0,
    "0.005051518799999999": 0,
    "0.005608936999999999": 1
  },
  "latencyPercentiles": {
    "p10": 0.000373437,
    "p25": 0.000464435,
    "p50": 0.000586094,
    "p75": 0.000739154,
    "p90": 0.000941355,
    "p95": 0.001055329,
    "p99": 0.001341852
  },
  "rps": {
    "mean": 79931.00544905063,
    "stddev": 9070.624844092468,
    "max": 102119.11669864264,
    "percentiles": {
      "p10": 68498.26075505058,
      "p25": 72608.53150245282,
      "p50": 78916.81717373803,
      "p75": 86891.72290269597,
      "p90": 92647.11435288495,
      "p95": 95561.07308180751,
      "p99": 99247.60907807578
    }
  },
  "details": {
    "DNSDialup": {
      "average": 0.0008342226199999999,
      "fastest": 0.00008591,
      "slowest": 0.001455184
    },
    "DNSLookup": {
      "average": 0.00000899638,
      "fastest": 0.000004288,
      "slowest": 0.000040185
    }
  },
  "statusCodeDistribution": {
    "200": 799338
  },
  "errorDistribution": {}
}