{
  "summary": {
    "successRate": 1,
    "total": 10.000630539,
    "slowest": 0.003958234,
    "fastest": 0.000047358,
    "average": 0.0006843042843461301,
    "requestsPerSec": 72907.60289129805,
    "totalData": 9478586,
    "sizePerRequest": 13,
    "sizePerSec": 947798.8375868747
  },
  "responseTimeHistogram": {
    "0.000047358": 1,
    "0.00043844559999999997": 91494,
    "0.0008295332": 466262,
    "0.0012206207999999998": 142712,
    "0.0016117083999999998": 24100,
    "0.002002796": 4218,
    "0.0023938835999999996": 294,
    "0.0027849712": 23,
    "0.0031760587999999997": 13,
    "0.0035671463999999995": 4,
    "0.003958234": 1
  },
  "latencyPercentiles": {
    "p10": 0.000414066,
    "p25": 0.00051422,
    "p50": 0.000642579,
    "p75": 0.000816429,
    "p90": 0.000994947,
    "p95": 0.001160233,
    "p99": 0.001520809
  },
  "rps": {
    "mean": 72905.99870824213,
    "stddev": 6922.780792094999,
    "max": 94176.63672874741,
    "percentiles": {
      "p10": 63880.24963503724,
      "p25": 68209.09227199975,
      "p50": 72992.6276444835,
      "p75": 77728.65078067512,
      "p90": 81802.19548281709,
      "p95": 84470.22439619983,
      "p99": 86744.4738917632
    }
  },
  "details": {
    "DNSDialup": {
      "average": 0.0006725774800000001,
      "fastest": 0.000067205,
      "slowest": 0.001581149
    },
    "DNSLookup": {
      "average": 0.00000663952,
      "fastest": 0.000002605,
      "slowest": 0.00003725
    }
  },
  "statusCodeDistribution": {
    "200": 729122
  },
  "errorDistribution": {}
}