{
  "summary": {
    "successRate": 1,
    "total": 10.00063337,
    "slowest": 0.01632156,
    "fastest": 0.0000314,
    "average": 0.0008154832591344615,
    "requestsPerSec": 61187.52456575658,
    "totalData": 7954882,
    "sizePerRequest": 13,
    "sizePerSec": 795437.8193548355
  },
  "responseTimeHistogram": {
    "0.0000314": 2,
    "0.0016604159999999998": 598553,
    "0.0032894319999999997": 12266,
    "0.004918448": 440,
    "0.006547463999999999": 111,
    "0.008176479999999998": 244,
    "0.009805495999999999": 248,
    "0.011434511999999997": 9,
    "0.013063527999999998": 38,
    "0.014692543999999998": 1,
    "0.01632156": 2
  },
  "latencyPercentiles": {
    "p10": 0.000490305,
    "p25": 0.000619706,
    "p50": 0.000761509,
    "p75": 0.000901508,
    "p90": 0.001252712,
    "p95": 0.001404415,
    "p99": 0.001882118
  },
  "rps": {
    "mean": 61143.2176031428,
    "stddev": 10210.026329731638,
    "max": 82825.30138482558,
    "percentiles": {
      "p10": 50733.89819857218,
      "p25": 53459.218655931356,
      "p50": 58833.5869904274,
      "p75": 71432.90483315948,
      "p90": 73328.62016045405,
      "p95": 74432.70028220817,
      "p99": 76484.48257995224
    }
  },
  "details": {
    "DNSDialup": {
      "average": 0.0013900308799999997,
      "fastest": 0.000080301,
      "slowest": 0.002435126
    },
    "DNSLookup": {
      "average": 0.000007040120000000001,
      "fastest": 0.0000034,
      "slowest": 0.000048
    }
  },
  "statusCodeDistribution": {
    "200": 611914
  },
  "errorDistribution": {}
}