{
  "summary": {
    "successRate": 1,
    "total": 10.000681509,
    "slowest": 0.00340136,
    "fastest": 0.000036808,
    "average": 0.0006008437518212501,
    "requestsPerSec": 83029.24148246665,
    "totalData": 10794537,
    "sizePerRequest": 13,
    "sizePerSec": 1079380.1392720665
  },
  "responseTimeHistogram": {
    "0.000036808": 1,
    "0.0003732632": 61140,
    "0.0007097184": 568571,
    "0.0010461736": 169308,
    "0.0013826288": 26473,
    "0.0017190839999999998": 4307,
    "0.0020555392000000004": 412,
    "0.0023919944000000003": 35,
    "0.0027284496": 53,
    "0.0030649048": 40,
    "0.00340136": 9
  },
  "latencyPercentiles": {
    "p10": 0.000397433,
    "p25": 0.000464128,
    "p50": 0.000532665,
    "p75": 0.000699468,
    "p90": 0.000935041,
    "p95": 0.001014978,
    "p99": 0.001299247
  },
  "rps": {
    "mean": 83028.16507822355,
    "stddev": 8239.971953828066,
    "max": 99938.06104517539,
    "percentiles": {
      "p10": 69525.45326844182,
      "p25": 80002.41607296806,
      "p50": 84642.17719690055,
      "p75": 87530.4343320184,
      "p90": 92115.15294266303,
      "p95": 94440.93528273876,
      "p99": 97714.29560144675
    }
  },
  "details": {
    "DNSDialup": {
      "average": 0.0005194342799999999,
      "fastest": 0.000089057,
      "slowest": 0.000945538
    },
    "DNSLookup": {
      "average": 0.0000073146,
      "fastest": 0.000003707,
      "slowest": 0.000033553
    }
  },
  "statusCodeDistribution": {
    "200": 830349
  },
  "errorDistribution": {}
}