{
  "summary": {
    "successRate": 1,
    "total": 10.000632509,
    "slowest": 0.002948344,
    "fastest": 0.000031407,
    "average": 0.0005043331162362272,
    "requestsPerSec": 98968.04018238722,
    "totalData": 12866659,
    "sizePerRequest": 13,
    "sizePerSec": 1286584.522371034
  },
  "responseTimeHistogram": {
    "0.000031407": 1,
    "0.0003231007": 110256,
    "0.0006147944": 689990,
    "0.0009064881": 165087,
    "0.0011981818": 22443,
    "0.0014898755": 1803,
    "0.0017815692": 151,
    "0.0020732629": 7,
    "0.0023649566": 1,
    "0.0026566502999999997": 2,
    "0.002948344": 2
  },
  "latencyPercentiles": {
    "p10": 0.000313165,
    "p25": 0.000403237,
    "p50": 0.00049119,
    "p75": 0.00058528,
    "p90": 0.000702777,
    "p95": 0.000802557,
    "p99": 0.0010241
  },
  "rps": {
    "mean": 98962.08962688831,
    "stddev": 6267.492749857754,
    "max": 121410.37437436152,
    "percentiles": {
      "p10": 90745.3504389888,
      "p25": 94627.2715796669,
      "p50": 99320.91698512086,
      "p75": 103320.52138649093,
      "p90": 106803.23613805466,
      "p95": 108714.82870262835,
      "p99": 112567.14705701525
    }
  },
  "details": {
    "DNSDialup": {
      "average": 0.0005141559399999999,
      "fastest": 0.000051127,
      "slowest": 0.00174511
    },
    "DNSLookup": {
      "average": 0.0000035709000000000004,
      "fastest": 0.000001402,
      "slowest": 0.000022333
    }
  },
  "statusCodeDistribution": {
    "200": 989743
  },
  "errorDistribution": {}
}