{
  "summary": {
    "successRate": 1,
    "total": 10.000380744,
    "slowest": 0.003179561,
    "fastest": 0.000032801,
    "average": 0.0006379339246761255,
    "requestsPerSec": 78188.72301128459,
    "totalData": 10164921,
    "sizePerRequest": 13,
    "sizePerSec": 1016453.3991466996
  },
  "responseTimeHistogram": {
    "0.000032801": 1,
    "0.000347477": 54346,
    "0.000662153": 426739,
    "0.000976829": 227639,
    "0.001291505": 58926,
    "0.0016061810000000001": 12455,
    "0.001920857": 1682,
    "0.002235533": 81,
    "0.002550209": 28,
    "0.0028648849999999997": 17,
    "0.003179561": 3
  },
  "latencyPercentiles": {
    "p10": 0.0003789,
    "p25": 0.000472245,
    "p50": 0.000597845,
    "p75": 0.000755878,
    "p90": 0.000963534,
    "p95": 0.001090735,
    "p99": 0.001398606
  },
  "rps": {
    "mean": 78178.31519185696,
    "stddev": 9940.431984688288,
    "max": 100132.05226993549,
    "percentiles": {
      "p10": 65349.80962489775,
      "p25": 69670.99066266682,
      "p50": 77975.37099360727,
      "p75": 86409.781587281,
      "p90": 91607.96989337899,
      "p95": 94100.73398572514,
      "p99": 97101.05840153998
    }
  },
  "details": {
    "DNSDialup": {
      "average": 0.00118409036,
      "fastest": 0.000094635,
      "slowest": 0.002137043
    },
    "DNSLookup": {
      "average": 0.000020785780000000002,
      "fastest": 0.000003828,
      "slowest": 0.000616672
    }
  },
  "statusCodeDistribution": {
    "200": 781917
  },
  "errorDistribution": {}
}