{
  "summary": {
    "successRate": 1,
    "total": 10.000644199,
    "slowest": 0.004053612,
    "fastest": 0.000031708,
    "average": 0.0006496538409780881,
    "requestsPerSec": 76820.95120200566,
    "totalData": 9987367,
    "sizePerRequest": 13,
    "sizePerSec": 998672.3656260736
  },
  "responseTimeHistogram": {
    "0.000031708": 1,
    "0.00043389839999999997": 99443,
    "0.0008360888": 556996,
    "0.0012382792000000002": 98647,
    "0.0016404696": 12307,
    "0.00204266": 815,
    "0.0024448504000000003": 40,
    "0.0028470408": 5,
    "0.0032492312": 3,
    "0.0036514216": 1,
    "0.004053612": 1
  },
  "latencyPercentiles": {
    "p10": 0.000402571,
    "p25": 0.000520518,
    "p50": 0.000632772,
    "p75": 0.000751471,
    "p90": 0.000904767,
    "p95": 0.001037506,
    "p99": 0.00133208
  },
  "rps": {
    "mean": 76817.1623220405,
    "stddev": 5561.728039999973,
    "max": 92779.20717556606,
    "percentiles": {
      "p10": 69433.38357082018,
      "p25": 73137.24203468027,
      "p50": 77058.27917653977,
      "p75": 80474.56773446588,
      "p90": 83939.90503085249,
      "p95": 85681.19149706261,
      "p99": 89116.613423523
    }
  },
  "details": {
    "DNSDialup": {
      "average": 0.0006448316199999999,
      "fastest": 0.000066911,
      "slowest": 0.001743033
    },
    "DNSLookup": {
      "average": 0.000004607659999999999,
      "fastest": 0.000002474,
      "slowest": 0.000025268
    }
  },
  "statusCodeDistribution": {
    "200": 768259
  },
  "errorDistribution": {}
}