{
  "summary": {
    "successRate": 1,
    "total": 10.00019397,
    "slowest": 0.018012203,
    "fastest": 0.0000289,
    "average": 0.0009290957021255544,
    "requestsPerSec": 53702.45833341571,
    "totalData": 6981455,
    "sizePerRequest": 13,
    "sizePerSec": 698131.9583344042
  },
  "responseTimeHistogram": {
    "0.0000289": 1,
    "0.0018272303000000003": 523659,
    "0.0036255606000000005": 13145,
    "0.0054238909000000005": 194,
    "0.007222221200000001": 33,
    "0.009020551500000001": 0,
    "0.010818881800000001": 1,
    "0.012617212100000002": 0,
    "0.014415542400000002": 0,
    "0.0162138727": 0,
    "0.018012203": 2
  },
  "latencyPercentiles": {
    "p10": 0.0005046,
    "p25": 0.00065,
    "p50": 0.0008584,
    "p75": 0.0011414,
    "p90": 0.001437,
    "p95": 0.0016606,
    "p99": 0.002050101
  },
  "rps": {
    "mean": 53702.82163702084,
    "stddev": 10113.840265239758,
    "max": 82131.3938038115,
    "percentiles": {
      "p10": 43119.395103918745,
      "p25": 47517.57199812801,
      "p50": 52039.01885633841,
      "p75": 59314.22355080554,
      "p90": 69146.31420125328,
      "p95": 73494.69904422534,
      "p99": 78013.24664928397
    }
  },
  "details": {
    "DNSDialup": {
      "average": 0.0014974002200000005,
      "fastest": 0.0000753,
      "slowest": 0.002793301
    },
    "DNSLookup": {
      "average": 0.000008011999999999997,
      "fastest": 0.0000031,
      "slowest": 0.0001118
    }
  },
  "statusCodeDistribution": {
    "200": 537035
  },
  "errorDistribution": {}
}