{
  "summary": {
    "successRate": 1,
    "total": 10.001029321,
    "slowest": 0.008997396,
    "fastest": 0.000033902,
    "average": 0.0010110692904567013,
    "requestsPerSec": 49313.12409657917,
    "totalData": 6411366,
    "sizePerRequest": 13,
    "sizePerSec": 641070.6132555293
  },
  "responseTimeHistogram": {
    "0.000033902": 1,
    "0.0009302513999999999": 285879,
    "0.0018266007999999997": 184995,
    "0.0027229501999999997": 19893,
    "0.0036192995999999996": 1557,
    "0.004515648999999999": 379,
    "0.005411998399999999": 171,
    "0.006308347799999999": 138,
    "0.007204697199999999": 83,
    "0.0081010466": 51,
    "0.008997396": 35
  },
  "latencyPercentiles": {
    "p10": 0.000574931,
    "p25": 0.000723439,
    "p50": 0.000864548,
    "p75": 0.001237468,
    "p90": 0.001596888,
    "p95": 0.001787999,
    "p99": 0.00236403
  },
  "rps": {
    "mean": 49309.75666918304,
    "stddev": 10930.651494014382,
    "max": 70743.50725696245,
    "percentiles": {
      "p10": 36269.456008256464,
      "p25": 40454.00609814063,
      "p50": 46558.536472544074,
      "p75": 60400.91205377198,
      "p90": 64780.60549144108,
      "p95": 66276.05301602489,
      "p99": 68439.12957487168
    }
  },
  "details": {
    "DNSDialup": {
      "average": 0.0016913129399999997,
      "fastest": 0.000096705,
      "slowest": 0.002961263
    },
    "DNSLookup": {
      "average": 0.000011124520000000001,
      "fastest": 0.0000041,
      "slowest": 0.000131007
    }
  },
  "statusCodeDistribution": {
    "200": 493182
  },
  "errorDistribution": {}
}