{
  "summary": {
    "successRate": 1,
    "total": 10.000376664,
    "slowest": 0.004365417,
    "fastest": 0.000032181,
    "average": 0.0006193415828532057,
    "requestsPerSec": 80546.06611965512,
    "totalData": 10471383,
    "sizePerRequest": 13,
    "sizePerSec": 1047098.8595555165
  },
  "responseTimeHistogram": {
    "0.000032181": 1,
    "0.0004655046": 207812,
    "0.0008988282": 500952,
    "0.0013321518": 88605,
    "0.0017654754": 7833,
    "0.002198799": 181,
    "0.0026321226": 36,
    "0.0030654462": 39,
    "0.0034987698": 28,
    "0.0039320933999999995": 3,
    "0.004365417": 1
  },
  "latencyPercentiles": {
    "p10": 0.00036647,
    "p25": 0.000461429,
    "p50": 0.000581485,
    "p75": 0.000732081,
    "p90": 0.000939338,
    "p95": 0.001063262,
    "p99": 0.0013332
  },
  "rps": {
    "mean": 80547.54689662269,
    "stddev": 10195.708760448035,
    "max": 101607.17346644681,
    "percentiles": {
      "p10": 67216.97900890096,
      "p25": 72227.24859224418,
      "p50": 80207.71093501642,
      "p75": 89223.57465089521,
      "p90": 94103.71709682564,
      "p95": 96715.51316830932,
      "p99": 99356.75257707515
    }
  },
  "details": {
    "DNSDialup": {
      "average": 0.0009226630399999998,
      "fastest": 0.000140805,
      "slowest": 0.001421502
    },
    "DNSLookup": {
      "average": 0.000011864199999999994,
      "fastest": 0.000004018,
      "slowest": 0.000210673
    }
  },
  "statusCodeDistribution": {
    "200": 805491
  },
  "errorDistribution": {}
}