{
  "summary": {
    "successRate": 1,
    "total": 10.00062492,
    "slowest": 0.003175473,
    "fastest": 0.00003356,
    "average": 0.0006129570597988583,
    "requestsPerSec": 81367.71516874367,
    "totalData": 10578464,
    "sizePerRequest": 13,
    "sizePerSec": 1057780.2971936679
  },
  "responseTimeHistogram": {
    "0.00003356": 1,
    "0.0003477513": 63223,
    "0.0006619425999999999": 480059,
    "0.0009761338999999998": 211373,
    "0.0012903251999999998": 47677,
    "0.0016045164999999998": 9691,
    "0.0019187077999999996": 1602,
    "0.0022328991": 53,
    "0.0025470904": 24,
    "0.0028612816999999996": 8,
    "0.003175473": 17
  },
  "latencyPercentiles": {
    "p10": 0.000369322,
    "p25": 0.000459721,
    "p50": 0.000573513,
    "p75": 0.000726202,
    "p90": 0.000916786,
    "p95": 0.001037901,
    "p99": 0.001360888
  },
  "rps": {
    "mean": 81366.80357723785,
    "stddev": 9238.177706296618,
    "max": 99795.3293982277,
    "percentiles": {
      "p10": 67599.88809491905,
      "p25": 74739.75407519753,
      "p50": 82175.43705122342,
      "p75": 88774.53525026247,
      "p90": 92515.37146531025,
      "p95": 94616.0752711845,
      "p99": 97105.59195930113
    }
  },
  "details": {
    "DNSDialup": {
      "average": 0.0005501023000000001,
      "fastest": 0.000101079,
      "slowest": 0.00090811
    },
    "DNSLookup": {
      "average": 0.000007757880000000001,
      "fastest": 0.000003747,
      "slowest": 0.000035366
    }
  },
  "statusCodeDistribution": {
    "200": 813728
  },
  "errorDistribution": {}
}