{
  "summary": {
    "successRate": 1,
    "total": 10.00035794,
    "slowest": 0.00391933,
    "fastest": 0.000036861,
    "average": 0.0006403189791182657,
    "requestsPerSec": 77902.61155392203,
    "totalData": 10127702,
    "sizePerRequest": 13,
    "sizePerSec": 1012733.9502009865
  },
  "responseTimeHistogram": {
    "0.000036861": 1,
    "0.00042510790000000007": 124079,
    "0.0008133548000000001": 502139,
    "0.0012016017000000003": 131566,
    "0.0015898486000000002": 19500,
    "0.0019780955": 1701,
    "0.0023663424000000006": 27,
    "0.0027545893000000005": 14,
    "0.0031428362000000005": 5,
    "0.0035310831000000004": 6,
    "0.00391933": 16
  },
  "latencyPercentiles": {
    "p10": 0.00038018,
    "p25": 0.000475139,
    "p50": 0.000602115,
    "p75": 0.000761532,
    "p90": 0.000960073,
    "p95": 0.001083027,
    "p99": 0.001395766
  },
  "rps": {
    "mean": 77902.72036122257,
    "stddev": 9412.595163622229,
    "max": 99237.25366502543,
    "percentiles": {
      "p10": 65708.93641535794,
      "p25": 70229.35502765288,
      "p50": 77452.92358268386,
      "p75": 85417.24574191775,
      "p90": 90925.62284052257,
      "p95": 93727.04962652299,
      "p99": 96553.71351191144
    }
  },
  "details": {
    "DNSDialup": {
      "average": 0.0013135542199999998,
      "fastest": 0.000115795,
      "slowest": 0.002413493
    },
    "DNSLookup": {
      "average": 0.000010115119999999999,
      "fastest": 0.000003937,
      "slowest": 0.000062196
    }
  },
  "statusCodeDistribution": {
    "200": 779054
  },
  "errorDistribution": {}
}