{
  "summary": {
    "successRate": 1,
    "total": 10.000185835,
    "slowest": 0.003420592,
    "fastest": 0.000032983,
    "average": 0.0006387878654510568,
    "requestsPerSec": 78095.0487206621,
    "totalData": 10152545,
    "sizePerRequest": 13,
    "sizePerSec": 1015235.6333686073
  },
  "responseTimeHistogram": {
    "0.000032983": 1,
    "0.0003717439": 70063,
    "0.0007105048": 465532,
    "0.0010492657000000002": 198543,
    "0.0013880266": 38734,
    "0.0017267875": 7687,
    "0.0020655484": 344,
    "0.0024043093": 30,
    "0.0027430702": 9,
    "0.0030818310999999998": 19,
    "0.0034205919999999996": 3
  },
  "latencyPercentiles": {
    "p10": 0.000381783,
    "p25": 0.000474757,
    "p50": 0.000600573,
    "p75": 0.000756248,
    "p90": 0.000958181,
    "p95": 0.001084835,
    "p99": 0.001393615
  },
  "rps": {
    "mean": 78099.73460450153,
    "stddev": 9723.78751529345,
    "max": 100453.53767725191,
    "percentiles": {
      "p10": 65805.46185333419,
      "p25": 69909.87826579816,
      "p50": 77445.40427157377,
      "p75": 85747.64996908717,
      "p90": 92004.4070110947,
      "p95": 94601.89203783967,
      "p99": 97932.28827543902
    }
  },
  "details": {
    "DNSDialup": {
      "average": 0.0012718670599999999,
      "fastest": 0.000093898,
      "slowest": 0.002395943
    },
    "DNSLookup": {
      "average": 0.000008864999999999999,
      "fastest": 0.000004088,
      "slowest": 0.000054661
    }
  },
  "statusCodeDistribution": {
    "200": 780965
  },
  "errorDistribution": {}
}