{
  "summary": {
    "successRate": 1,
    "total": 10.000685362,
    "slowest": 0.002277475,
    "fastest": 0.000029275,
    "average": 0.0006036335427750631,
    "requestsPerSec": 82645.33580273636,
    "totalData": 10744630,
    "sizePerRequest": 13,
    "sizePerSec": 1074389.3654355726
  },
  "responseTimeHistogram": {
    "0.000029275": 1,
    "0.000254095": 20186,
    "0.000478915": 261584,
    "0.000703735": 307863,
    "0.0009285550000000001": 162971,
    "0.001153375": 48226,
    "0.001378195": 16665,
    "0.0016030150000000002": 7250,
    "0.001827835": 1514,
    "0.002052655": 224,
    "0.002277475": 26
  },
  "latencyPercentiles": {
    "p10": 0.000350055,
    "p25": 0.000436056,
    "p50": 0.000556291,
    "p75": 0.000737011,
    "p90": 0.000907169,
    "p95": 0.001048034,
    "p99": 0.001394091
  },
  "rps": {
    "mean": 82638.98289124863,
    "stddev": 11518.82776533164,
    "max": 108338.30051376225,
    "percentiles": {
      "p10": 66630.87674828475,
      "p25": 74033.7816145528,
      "p50": 82906.93101943411,
      "p75": 91647.47567857297,
      "p90": 98114.39338150821,
      "p95": 100769.58139595384,
      "p99": 105366.09615211497
    }
  },
  "details": {
    "DNSDialup": {
      "average": 0.0007092802000000002,
      "fastest": 0.000150162,
      "slowest": 0.001248709
    },
    "DNSLookup": {
      "average": 0.000006348099999999999,
      "fastest": 0.000003517,
      "slowest": 0.000025798
    }
  },
  "statusCodeDistribution": {
    "200": 826510
  },
  "errorDistribution": {}
}