{
  "summary": {
    "successRate": 1,
    "total": 10.000674879,
    "slowest": 0.003055918,
    "fastest": 0.000038042,
    "average": 0.0006236396781790687,
    "requestsPerSec": 79995.3012851064,
    "totalData": 10400091,
    "sizePerRequest": 13,
    "sizePerSec": 1039938.9167063832
  },
  "responseTimeHistogram": {
    "0.000038042": 1,
    "0.00033982960000000003": 68350,
    "0.0006416172": 412657,
    "0.0009434048000000001": 243425,
    "0.0012451924000000001": 55499,
    "0.00154698": 15869,
    "0.0018487676000000003": 3770,
    "0.0021505552": 374,
    "0.0024523428": 35,
    "0.0027541304": 25,
    "0.003055918": 2
  },
  "latencyPercentiles": {
    "p10": 0.000353012,
    "p25": 0.000446829,
    "p50": 0.000576865,
    "p75": 0.00076796,
    "p90": 0.000932282,
    "p95": 0.001078388,
    "p99": 0.001433866
  },
  "rps": {
    "mean": 79981.05987716472,
    "stddev": 11573.533691645956,
    "max": 108050.01693418458,
    "percentiles": {
      "p10": 64431.18441004057,
      "p25": 70971.37457819215,
      "p50": 79918.29682779103,
      "p75": 88657.18031498104,
      "p90": 95563.09075251706,
      "p95": 99603.29686912704,
      "p99": 102917.84645660862
    }
  },
  "details": {
    "DNSDialup": {
      "average": 0.00068898232,
      "fastest": 0.000068057,
      "slowest": 0.001341083
    },
    "DNSLookup": {
      "average": 0.00000585276,
      "fastest": 0.000002795,
      "slowest": 0.000030117
    }
  },
  "statusCodeDistribution": {
    "200": 800007
  },
  "errorDistribution": {}
}