{
  "summary": {
    "successRate": 1,
    "total": 10.000667097,
    "slowest": 0.003483719,
    "fastest": 0.000036034,
    "average": 0.0006380483599522196,
    "requestsPerSec": 78214.88230866566,
    "totalData": 10168613,
    "sizePerRequest": 13,
    "sizePerSec": 1016793.4700126536
  },
  "responseTimeHistogram": {
    "0.000036034": 1,
    "0.0003808025": 67805,
    "0.000725571": 495940,
    "0.0010703395000000002": 190219,
    "0.001415108": 24377,
    "0.0017598765000000002": 3515,
    "0.002104645": 278,
    "0.0024494135": 51,
    "0.002794182": 12,
    "0.0031389505000000003": 2,
    "0.003483719": 1
  },
  "latencyPercentiles": {
    "p10": 0.000397287,
    "p25": 0.000511143,
    "p50": 0.000619566,
    "p75": 0.000740468,
    "p90": 0.000886903,
    "p95": 0.001009006,
    "p99": 0.00130428
  },
  "rps": {
    "mean": 78205.21379463986,
    "stddev": 5324.593133090492,
    "max": 93973.42873662738,
    "percentiles": {
      "p10": 71612.30241263799,
      "p25": 74654.00470700432,
      "p50": 78299.49516851056,
      "p75": 81911.26279863495,
      "p90": 84731.97274448122,
      "p95": 86613.0006113923,
      "p99": 89820.36227612343
    }
  },
  "details": {
    "DNSDialup": {
      "average": 0.0006977731199999999,
      "fastest": 0.000073481,
      "slowest": 0.001555668
    },
    "DNSLookup": {
      "average": 0.00001604896,
      "fastest": 0.000001793,
      "slowest": 0.000609646
    }
  },
  "statusCodeDistribution": {
    "200": 782201
  },
  "errorDistribution": {}
}