{
  "summary": {
    "successRate": 1,
    "total": 10.000714596,
    "slowest": 0.016583237,
    "fastest": 0.0000272,
    "average": 0.0007537293906738367,
    "requestsPerSec": 66185.27042704939,
    "totalData": 8604700,
    "sizePerRequest": 13,
    "sizePerSec": 860408.515551642
  },
  "responseTimeHistogram": {
    "0.0000272": 1,
    "0.0016828036999999999": 652501,
    "0.0033384073999999995": 8498,
    "0.004994011099999999": 341,
    "0.006649614799999999": 215,
    "0.0083052185": 140,
    "0.009960822199999999": 149,
    "0.0116164259": 18,
    "0.013272029599999999": 26,
    "0.014927633299999998": 2,
    "0.016583237": 9
  },
  "latencyPercentiles": {
    "p10": 0.000455699,
    "p25": 0.000566298,
    "p50": 0.000689498,
    "p75": 0.000863997,
    "p90": 0.001128096,
    "p95": 0.001267595,
    "p99": 0.001741494
  },
  "rps": {
    "mean": 66175.84481568048,
    "stddev": 13238.35923783447,
    "max": 85228.44925636328,
    "percentiles": {
      "p10": 49809.65311077189,
      "p25": 54811.170516551734,
      "p50": 70186.59622242306,
      "p75": 78709.46349107062,
      "p90": 80285.77325072527,
      "p95": 81103.55233559261,
      "p99": 82384.53972329786
    }
  },
  "details": {
    "DNSDialup": {
      "average": 0.0013385848599999997,
      "fastest": 0.0000686,
      "slowest": 0.001541394
    },
    "DNSLookup": {
      "average": 0.000004794,
      "fastest": 0.0000031,
      "slowest": 0.0000432
    }
  },
  "statusCodeDistribution": {
    "200": 661900
  },
  "errorDistribution": {}
}