{
  "summary": {
    "successRate": 1,
    "total": 10.001788813,
    "slowest": 0.004008917,
    "fastest": 0.000037361,
    "average": 0.0006093438063879437,
    "requestsPerSec": 81908.44811032106,
    "totalData": 10650003,
    "sizePerRequest": 13,
    "sizePerSec": 1064809.8254341737
  },
  "responseTimeHistogram": {
    "0.000037361": 1,
    "0.0004345166": 137244,
    "0.0008316722000000001": 590232,
    "0.0012288278000000003": 82844,
    "0.0016259834000000003": 8493,
    "0.002023139": 382,
    "0.0024202946000000006": 29,
    "0.0028174502000000005": 4,
    "0.0032146058000000004": 0,
    "0.0036117614000000004": 0,
    "0.004008917": 2
  },
  "latencyPercentiles": {
    "p10": 0.000375779,
    "p25": 0.000485131,
    "p50": 0.000588121,
    "p75": 0.000710389,
    "p90": 0.000852998,
    "p95": 0.000975502,
    "p99": 0.001241545
  },
  "rps": {
    "mean": 81913.10858709337,
    "stddev": 5701.580005060626,
    "max": 100508.24302873004,
    "percentiles": {
      "p10": 74748.99558549353,
      "p25": 78207.95826558415,
      "p50": 82081.35053587366,
      "p75": 85834.76307905103,
      "p90": 89243.56730256745,
      "p95": 90966.05853987123,
      "p99": 94568.33163030144
    }
  },
  "details": {
    "DNSDialup": {
      "average": 0.0007454624599999998,
      "fastest": 0.000072509,
      "slowest": 0.001187309
    },
    "DNSLookup": {
      "average": 0.000004406199999999999,
      "fastest": 0.000001682,
      "slowest": 0.000030696
    }
  },
  "statusCodeDistribution": {
    "200": 819231
  },
  "errorDistribution": {}
}