{
  "summary": {
    "successRate": 1,
    "total": 10.000766733,
    "slowest": 0.016776487,
    "fastest": 0.0000269,
    "average": 0.0007122370333971371,
    "requestsPerSec": 70057.52845810326,
    "totalData": 9108177,
    "sizePerRequest": 13,
    "sizePerSec": 910747.8699553425
  },
  "responseTimeHistogram": {
    "0.0000269": 1,
    "0.0017018587000000001": 696553,
    "0.0033768174": 3290,
    "0.0050517761000000005": 229,
    "0.0067267348": 108,
    "0.0084016935": 288,
    "0.010076652200000001": 126,
    "0.0117516109": 6,
    "0.0134265696": 24,
    "0.0151015283": 0,
    "0.016776487": 4
  },
  "latencyPercentiles": {
    "p10": 0.0004396,
    "p25": 0.000551299,
    "p50": 0.000675499,
    "p75": 0.000793099,
    "p90": 0.001055099,
    "p95": 0.001162499,
    "p99": 0.001554499
  },
  "rps": {
    "mean": 70054.5555112664,
    "stddev": 10889.856685708972,
    "max": 91226.664440027,
    "percentiles": {
      "p10": 56442.94179011382,
      "p25": 60125.300726547044,
      "p50": 71102.18994744995,
      "p75": 80841.28564457865,
      "p90": 82393.0275740574,
      "p95": 83168.34404652177,
      "p99": 85458.99615102817
    }
  },
  "details": {
    "DNSDialup": {
      "average": 0.001220427,
      "fastest": 0.0000917,
      "slowest": 0.002571098
    },
    "DNSLookup": {
      "average": 0.0000072419999999999994,
      "fastest": 0.0000031,
      "slowest": 0.0000424
    }
  },
  "statusCodeDistribution": {
    "200": 700629
  },
  "errorDistribution": {}
}