{
  "summary": {
    "successRate": 1,
    "total": 10.000754293,
    "slowest": 0.002254674,
    "fastest": 0.000023668,
    "average": 0.0004063340618043968,
    "requestsPerSec": 122716.64356947721,
    "totalData": 15954367,
    "sizePerRequest": 13,
    "sizePerSec": 1595316.3664032037
  },
  "responseTimeHistogram": {
    "0.000023668": 1,
    "0.0002467686": 127549,
    "0.0004698692": 784389,
    "0.0006929698": 258982,
    "0.0009160704": 47323,
    "0.0011391709999999998": 8375,
    "0.0013622716": 549,
    "0.0015853721999999999": 69,
    "0.0018084727999999998": 17,
    "0.0020315734": 4,
    "0.002254674": 1
  },
  "latencyPercentiles": {
    "p10": 0.000244429,
    "p25": 0.000308268,
    "p50": 0.000386629,
    "p75": 0.000473039,
    "p90": 0.000604995,
    "p95": 0.000683683,
    "p99": 0.000885096
  },
  "rps": {
    "mean": 122706.73410591634,
    "stddev": 12440.557024570087,
    "max": 151900.86217248326,
    "percentiles": {
      "p10": 106359.81374051452,
      "p25": 113001.77412785246,
      "p50": 122765.58137356852,
      "p75": 131410.90710529045,
      "p90": 140113.1566254036,
      "p95": 143181.82841493448,
      "p99": 147922.57910477868
    }
  },
  "details": {
    "DNSDialup": {
      "average": 0.0005393796400000002,
      "fastest": 0.000342318,
      "slowest": 0.001107368
    },
    "DNSLookup": {
      "average": 0.000008142179999999997,
      "fastest": 0.000002953,
      "slowest": 0.000147873
    }
  },
  "statusCodeDistribution": {
    "200": 1227259
  },
  "errorDistribution": {}
}