{
  "summary": {
    "successRate": 1,
    "total": 10.000296246,
    "slowest": 0.004332351,
    "fastest": 0.000034437,
    "average": 0.0006373897457591387,
    "requestsPerSec": 78266.38138975788,
    "totalData": 10174931,
    "sizePerRequest": 13,
    "sizePerSec": 1017462.9580668525
  },
  "responseTimeHistogram": {
    "0.000034437": 1,
    "0.0004642284": 179388,
    "0.0008940198": 499878,
    "0.0013238112": 92626,
    "0.0017536026": 10602,
    "0.002183394": 161,
    "0.0026131853999999998": 15,
    "0.0030429768": 14,
    "0.0034727682": 1,
    "0.0039025595999999997": 0,
    "0.004332351": 1
  },
  "latencyPercentiles": {
    "p10": 0.000381865,
    "p25": 0.000475026,
    "p50": 0.000601245,
    "p75": 0.000757338,
    "p90": 0.000949086,
    "p95": 0.001066231,
    "p99": 0.001378152
  },
  "rps": {
    "mean": 78273.62805699253,
    "stddev": 9553.940584837754,
    "max": 101193.26821060145,
    "percentiles": {
      "p10": 66104.75293173121,
      "p25": 70496.58439510058,
      "p50": 77239.72575874411,
      "p75": 85640.03375402074,
      "p90": 92276.99767399863,
      "p95": 95126.62594260968,
      "p99": 97416.56081534387
    }
  },
  "details": {
    "DNSDialup": {
      "average": 0.00077297186,
      "fastest": 0.000083086,
      "slowest": 0.001499449
    },
    "DNSLookup": {
      "average": 0.000007498560000000002,
      "fastest": 0.000004047,
      "slowest": 0.000028494
    }
  },
  "statusCodeDistribution": {
    "200": 782687
  },
  "errorDistribution": {}
}