{
  "summary": {
    "successRate": 1,
    "total": 10.000877893,
    "slowest": 0.016255601,
    "fastest": 0.000033403,
    "average": 0.0010235812944914904,
    "requestsPerSec": 48727.52224493138,
    "totalData": 6335134,
    "sizePerRequest": 13,
    "sizePerSec": 633457.7891841079
  },
  "responseTimeHistogram": {
    "0.000033403": 1,
    "0.0016556228": 449219,
    "0.0032778426": 37184,
    "0.004900062400000001": 424,
    "0.006522282200000001": 256,
    "0.008144502": 67,
    "0.009766721800000001": 112,
    "0.0113889416": 26,
    "0.0130111614": 25,
    "0.0146333812": 0,
    "0.016255601": 4
  },
  "latencyPercentiles": {
    "p10": 0.000567542,
    "p25": 0.000710652,
    "p50": 0.000878165,
    "p75": 0.001294896,
    "p90": 0.001587117,
    "p95": 0.001819535,
    "p99": 0.002452581
  },
  "rps": {
    "mean": 48698.08325455386,
    "stddev": 11974.385970765306,
    "max": 73580.02087908557,
    "percentiles": {
      "p10": 35294.89969148227,
      "p25": 40169.352386894556,
      "p50": 46363.04492007064,
      "p75": 59139.35005052567,
      "p90": 65621.41883110607,
      "p95": 67123.92296614515,
      "p99": 69920.0111071842
    }
  },
  "details": {
    "DNSDialup": {
      "average": 0.0018651193599999998,
      "fastest": 0.00014201,
      "slowest": 0.003224337
    },
    "DNSLookup": {
      "average": 0.000008624660000000001,
      "fastest": 0.000003801,
      "slowest": 0.000041503
    }
  },
  "statusCodeDistribution": {
    "200": 487318
  },
  "errorDistribution": {}
}