{
  "summary": {
    "successRate": 1,
    "total": 10.001481219,
    "slowest": 0.003154873,
    "fastest": 0.000032558,
    "average": 0.000610115771109238,
    "requestsPerSec": 81768.38831096343,
    "totalData": 10631465,
    "sizePerRequest": 13,
    "sizePerSec": 1062989.0480425246
  },
  "responseTimeHistogram": {
    "0.000032558": 1,
    "0.00034478950000000003": 60664,
    "0.000657021": 496873,
    "0.0009692525": 197406,
    "0.001281484": 49803,
    "0.0015937155": 10976,
    "0.001905947": 1953,
    "0.0022181784999999996": 102,
    "0.00253041": 23,
    "0.0028426415": 3,
    "0.003154873": 1
  },
  "latencyPercentiles": {
    "p10": 0.000369501,
    "p25": 0.000463984,
    "p50": 0.000553981,
    "p75": 0.000728179,
    "p90": 0.00091239,
    "p95": 0.001055105,
    "p99": 0.001379346
  },
  "rps": {
    "mean": 81767.5758614886,
    "stddev": 10992.267996651555,
    "max": 108405.83661829271,
    "percentiles": {
      "p10": 66103.98607036247,
      "p25": 73753.45650527794,
      "p50": 82754.22056531334,
      "p75": 88723.38748493948,
      "p90": 96832.65891643782,
      "p95": 100073.72799179777,
      "p99": 105455.0158817878
    }
  },
  "details": {
    "DNSDialup": {
      "average": 0.0006863969000000001,
      "fastest": 0.000079097,
      "slowest": 0.00170207
    },
    "DNSLookup": {
      "average": 0.0000065681799999999995,
      "fastest": 0.000003326,
      "slowest": 0.000035907
    }
  },
  "statusCodeDistribution": {
    "200": 817805
  },
  "errorDistribution": {}
}