{
  "summary": {
    "successRate": 1,
    "total": 10.000522819,
    "slowest": 0.002731898,
    "fastest": 0.000034915,
    "average": 0.0006215597832069943,
    "requestsPerSec": 80259.00390678365,
    "totalData": 10434216,
    "sizePerRequest": 13,
    "sizePerSec": 1043367.0507881873
  },
  "responseTimeHistogram": {
    "0.000034915": 1,
    "0.0003046133": 35278,
    "0.0005743116000000001": 352703,
    "0.0008440099": 290078,
    "0.0011137082": 95455,
    "0.0013834065": 22438,
    "0.0016531048000000001": 6046,
    "0.0019228031": 553,
    "0.0021925014": 57,
    "0.0024621997000000002": 11,
    "0.002731898": 12
  },
  "latencyPercentiles": {
    "p10": 0.000370702,
    "p25": 0.000461069,
    "p50": 0.000582568,
    "p75": 0.000739018,
    "p90": 0.000933932,
    "p95": 0.001054249,
    "p99": 0.001356169
  },
  "rps": {
    "mean": 80250.33113147631,
    "stddev": 9415.694716350565,
    "max": 100892.46794687356,
    "percentiles": {
      "p10": 67683.07595214328,
      "p25": 72910.0066179839,
      "p50": 79905.77718768778,
      "p75": 87284.31664988487,
      "p90": 93575.6039784295,
      "p95": 95958.78176387321,
      "p99": 98752.71419883946
    }
  },
  "details": {
    "DNSDialup": {
      "average": 0.00092421558,
      "fastest": 0.000087914,
      "slowest": 0.001236969
    },
    "DNSLookup": {
      "average": 0.000008438000000000001,
      "fastest": 0.000003977,
      "slowest": 0.000063018
    }
  },
  "statusCodeDistribution": {
    "200": 802632
  },
  "errorDistribution": {}
}