{
  "summary": {
    "successRate": 1,
    "total": 10.000889539,
    "slowest": 0.004041726,
    "fastest": 0.000034512,
    "average": 0.0006363047158612185,
    "requestsPerSec": 78433.92299665716,
    "totalData": 10197317,
    "sizePerRequest": 13,
    "sizePerSec": 1019640.998956543
  },
  "responseTimeHistogram": {
    "0.000034512": 1,
    "0.0004352334": 110120,
    "0.0008359548": 570864,
    "0.0012366762": 90574,
    "0.0016373976": 11918,
    "0.002038119": 778,
    "0.0024388404": 59,
    "0.0028395618000000003": 21,
    "0.0032402832": 39,
    "0.0036410046": 8,
    "0.004041726000000001": 27
  },
  "latencyPercentiles": {
    "p10": 0.000395646,
    "p25": 0.000508921,
    "p50": 0.000614306,
    "p75": 0.000737172,
    "p90": 0.000886435,
    "p95": 0.001023287,
    "p99": 0.001321762
  },
  "rps": {
    "mean": 78427.6482961577,
    "stddev": 5537.084902358844,
    "max": 94990.02806597658,
    "percentiles": {
      "p10": 71521.44928263745,
      "p25": 75059.15411936423,
      "p50": 78716.5997324274,
      "p75": 82203.53475199286,
      "p90": 85290.77841315442,
      "p95": 87441.4274003324,
      "p99": 89809.76232116033
    }
  },
  "details": {
    "DNSDialup": {
      "average": 0.0005963770800000002,
      "fastest": 0.000103771,
      "slowest": 0.001533987
    },
    "DNSLookup": {
      "average": 0.000004430300000000002,
      "fastest": 0.000001913,
      "slowest": 0.000023676
    }
  },
  "statusCodeDistribution": {
    "200": 784409
  },
  "errorDistribution": {}
}