{
  "summary": {
    "successRate": 1,
    "total": 10.000679598,
    "slowest": 0.003525636,
    "fastest": 0.000038404,
    "average": 0.0006196825070666791,
    "requestsPerSec": 80499.32928168189,
    "totalData": 10465624,
    "sizePerRequest": 13,
    "sizePerSec": 1046491.2806618646
  },
  "responseTimeHistogram": {
    "0.000038404": 1,
    "0.0003871272": 113483,
    "0.0007358503999999999": 465240,
    "0.0010845735999999997": 189527,
    "0.0014332967999999998": 29362,
    "0.0017820199999999998": 6962,
    "0.0021307431999999997": 418,
    "0.0024794663999999998": 30,
    "0.0028281896": 3,
    "0.0031769128": 17,
    "0.003525636": 5
  },
  "latencyPercentiles": {
    "p10": 0.000356913,
    "p25": 0.000445833,
    "p50": 0.000570944,
    "p75": 0.000766024,
    "p90": 0.000924874,
    "p95": 0.001065537,
    "p99": 0.001417236
  },
  "rps": {
    "mean": 80506.47617755529,
    "stddev": 11690.719480719135,
    "max": 106186.85996822822,
    "percentiles": {
      "p10": 64647.17848694548,
      "p25": 71346.8177818255,
      "p50": 80342.4690291193,
      "p75": 89227.75875574932,
      "p90": 97084.40877550816,
      "p95": 100039.60278736243,
      "p99": 104212.02606780817
    }
  },
  "details": {
    "DNSDialup": {
      "average": 0.0006549901399999999,
      "fastest": 0.000074131,
      "slowest": 0.00097242
    },
    "DNSLookup": {
      "average": 0.0000064048800000000014,
      "fastest": 0.000003136,
      "slowest": 0.000032641
    }
  },
  "statusCodeDistribution": {
    "200": 805048
  },
  "errorDistribution": {}
}