{
  "summary": {
    "successRate": 1,
    "total": 10.000641614,
    "slowest": 0.003193997,
    "fastest": 0.000030587,
    "average": 0.0005840675056992688,
    "requestsPerSec": 85382.62173145404,
    "totalData": 11100453,
    "sizePerRequest": 13,
    "sizePerSec": 1109974.0825089025
  },
  "responseTimeHistogram": {
    "0.000030587": 1,
    "0.00034692800000000004": 81648,
    "0.0006632690000000001": 531406,
    "0.0009796100000000001": 192902,
    "0.001295951": 39355,
    "0.001612292": 7406,
    "0.0019286330000000003": 1047,
    "0.0022449740000000003": 89,
    "0.002561315": 6,
    "0.002877656": 16,
    "0.003193997": 5
  },
  "latencyPercentiles": {
    "p10": 0.000350608,
    "p25": 0.000438028,
    "p50": 0.00054551,
    "p75": 0.000688925,
    "p90": 0.000874837,
    "p95": 0.000999224,
    "p99": 0.001296813
  },
  "rps": {
    "mean": 85364.15756077597,
    "stddev": 10172.76195272286,
    "max": 105819.67760406501,
    "percentiles": {
      "p10": 71096.21450709207,
      "p25": 78732.80796107686,
      "p50": 86557.56072779268,
      "p75": 93094.43063325124,
      "p90": 97918.7710284046,
      "p95": 100243.60099949989,
      "p99": 102800.28784080457
    }
  },
  "details": {
    "DNSDialup": {
      "average": 0.00070305612,
      "fastest": 0.000074409,
      "slowest": 0.001074457
    },
    "DNSLookup": {
      "average": 0.0000070774,
      "fastest": 0.000003867,
      "slowest": 0.000030707
    }
  },
  "statusCodeDistribution": {
    "200": 853881
  },
  "errorDistribution": {}
}