{
  "summary": {
    "successRate": 1,
    "total": 10.000756903,
    "slowest": 0.0029144,
    "fastest": 0.000031669,
    "average": 0.0006056216267816835,
    "requestsPerSec": 82374.7650293225,
    "totalData": 10709530,
    "sizePerRequest": 13,
    "sizePerSec": 1070871.9453811925
  },
  "responseTimeHistogram": {
    "0.000031669": 1,
    "0.00031994210000000007": 54600,
    "0.0006082152000000001": 433027,
    "0.0008964883000000002": 247088,
    "0.0011847614000000002": 66262,
    "0.0014730345000000002": 17874,
    "0.0017613076000000004": 4520,
    "0.0020495807000000003": 391,
    "0.0023378538000000003": 42,
    "0.0026261269": 0,
    "0.0029144": 5
  },
  "latencyPercentiles": {
    "p10": 0.000352692,
    "p25": 0.000440421,
    "p50": 0.000560091,
    "p75": 0.000733506,
    "p90": 0.000911674,
    "p95": 0.001050979,
    "p99": 0.001391382
  },
  "rps": {
    "mean": 82366.50842707849,
    "stddev": 11239.890802882324,
    "max": 106369.97016638517,
    "percentiles": {
      "p10": 67029.27265524215,
      "p25": 73272.0647897448,
      "p50": 82742.88346011088,
      "p75": 91053.01106304578,
      "p90": 97709.24329441883,
      "p95": 100815.02143819469,
      "p99": 104152.98488107373
    }
  },
  "details": {
    "DNSDialup": {
      "average": 0.0006460972799999998,
      "fastest": 0.000069733,
      "slowest": 0.000891699
    },
    "DNSLookup": {
      "average": 0.000006382760000000002,
      "fastest": 0.000003216,
      "slowest": 0.000027993
    }
  },
  "statusCodeDistribution": {
    "200": 823810
  },
  "errorDistribution": {}
}