{
  "summary": {
    "successRate": 1,
    "total": 10.000623771,
    "slowest": 0.004234779,
    "fastest": 0.000036378,
    "average": 0.0006405385562834458,
    "requestsPerSec": 77878.64215615035,
    "totalData": 10124855,
    "sizePerRequest": 13,
    "sizePerSec": 1012422.3480299546
  },
  "responseTimeHistogram": {
    "0.000036378": 1,
    "0.0004562181": 166209,
    "0.0008760582": 492873,
    "0.0012958983000000003": 106171,
    "0.0017157384000000002": 13076,
    "0.0021355785": 458,
    "0.0025554186000000005": 19,
    "0.0029752587000000004": 16,
    "0.0033950988000000003": 11,
    "0.0038149389000000002": 0,
    "0.004234779": 1
  },
  "latencyPercentiles": {
    "p10": 0.000380919,
    "p25": 0.000475145,
    "p50": 0.00060065,
    "p75": 0.000758891,
    "p90": 0.000969568,
    "p95": 0.001086993,
    "p99": 0.001393022
  },
  "rps": {
    "mean": 77880.42963436796,
    "stddev": 9384.917724927685,
    "max": 101214.63587732178,
    "percentiles": {
      "p10": 66114.29391034134,
      "p25": 70215.87208419404,
      "p50": 76961.07182722673,
      "p75": 85485.52078862752,
      "p90": 91207.78980748427,
      "p95": 93687.33906892754,
      "p99": 96930.76582507436
    }
  },
  "details": {
    "DNSDialup": {
      "average": 0.0011518984,
      "fastest": 0.000086435,
      "slowest": 0.002777693
    },
    "DNSLookup": {
      "average": 0.00000680032,
      "fastest": 0.000003917,
      "slowest": 0.000034254
    }
  },
  "statusCodeDistribution": {
    "200": 778835
  },
  "errorDistribution": {}
}