{
  "summary": {
    "successRate": 1,
    "total": 10.00036952,
    "slowest": 0.003628444,
    "fastest": 0.000035416,
    "average": 0.0006115600331587885,
    "requestsPerSec": 81583.18533813539,
    "totalData": 10606206,
    "sizePerRequest": 13,
    "sizePerSec": 1060581.4093957602
  },
  "responseTimeHistogram": {
    "0.000035416": 1,
    "0.0003947188": 91501,
    "0.0007540216000000001": 537548,
    "0.0011133244": 159938,
    "0.0014726272": 23033,
    "0.00183193": 3513,
    "0.0021912328000000003": 174,
    "0.0025505356000000002": 50,
    "0.0029098384000000002": 40,
    "0.0032691412": 49,
    "0.003628444": 15
  },
  "latencyPercentiles": {
    "p10": 0.000386474,
    "p25": 0.000453439,
    "p50": 0.000547301,
    "p75": 0.000732612,
    "p90": 0.000933447,
    "p95": 0.001035268,
    "p99": 0.001365057
  },
  "rps": {
    "mean": 81585.386316742,
    "stddev": 9616.005550697453,
    "max": 102524.6544494416,
    "percentiles": {
      "p10": 67738.72212904814,
      "p25": 73735.70282730446,
      "p50": 83533.74588052956,
      "p75": 89004.91307120677,
      "p90": 92471.86913668695,
      "p95": 95712.70107543151,
      "p99": 99526.8768626239
    }
  },
  "details": {
    "DNSDialup": {
      "average": 0.0010292118399999996,
      "fastest": 0.000372164,
      "slowest": 0.001997266
    },
    "DNSLookup": {
      "average": 0.00002410984,
      "fastest": 0.000004839,
      "slowest": 0.000698464
    }
  },
  "statusCodeDistribution": {
    "200": 815862
  },
  "errorDistribution": {}
}