{
  "summary": {
    "successRate": 1,
    "total": 10.000408674,
    "slowest": 0.003543114,
    "fastest": 0.000033683,
    "average": 0.0006394508469110168,
    "requestsPerSec": 78020.71149637499,
    "totalData": 10143107,
    "sizePerRequest": 13,
    "sizePerSec": 1014269.2494528748
  },
  "responseTimeHistogram": {
    "0.000033683": 1,
    "0.0003846261": 82716,
    "0.0007355691999999999": 476528,
    "0.0010865123": 182336,
    "0.0014374554": 32836,
    "0.0017883984999999998": 5533,
    "0.0021393416": 241,
    "0.0024902847": 25,
    "0.0028412278": 9,
    "0.0031921708999999997": 1,
    "0.0035431139999999996": 13
  },
  "latencyPercentiles": {
    "p10": 0.000379327,
    "p25": 0.000474062,
    "p50": 0.000601129,
    "p75": 0.000760907,
    "p90": 0.000954057,
    "p95": 0.001084759,
    "p99": 0.001397662
  },
  "rps": {
    "mean": 78016.51630814222,
    "stddev": 9662.737958768495,
    "max": 100138.21274197992,
    "percentiles": {
      "p10": 66028.8413979235,
      "p25": 69907.34027072838,
      "p50": 77203.80824055226,
      "p75": 85706.4365533867,
      "p90": 92006.95596693733,
      "p95": 94914.49535574761,
      "p99": 97625.54327506249
    }
  },
  "details": {
    "DNSDialup": {
      "average": 0.0011251945,
      "fastest": 0.000306058,
      "slowest": 0.001772508
    },
    "DNSLookup": {
      "average": 0.000007132659999999998,
      "fastest": 0.000003887,
      "slowest": 0.000033332
    }
  },
  "statusCodeDistribution": {
    "200": 780239
  },
  "errorDistribution": {}
}