{
  "summary": {
    "successRate": 1,
    "total": 10.002953443,
    "slowest": 0.003042922,
    "fastest": 0.000030525,
    "average": 0.0006326814044077008,
    "requestsPerSec": 78847.61280698885,
    "totalData": 10253217,
    "sizePerRequest": 13,
    "sizePerSec": 1025018.9664908551
  },
  "responseTimeHistogram": {
    "0.000030525": 1,
    "0.0003317647": 43407,
    "0.0006330044": 441622,
    "0.0009342440999999999": 221529,
    "0.0012354838": 63547,
    "0.0015367235": 14477,
    "0.0018379631999999998": 3746,
    "0.0021392029": 325,
    "0.0024404426": 30,
    "0.0027416822999999997": 11,
    "0.003042922": 14
  },
  "latencyPercentiles": {
    "p10": 0.000381694,
    "p25": 0.000482271,
    "p50": 0.000571972,
    "p75": 0.000764344,
    "p90": 0.000943053,
    "p95": 0.001083994,
    "p99": 0.001426126
  },
  "rps": {
    "mean": 78842.28660926822,
    "stddev": 10543.691864361028,
    "max": 106319.96843764298,
    "percentiles": {
      "p10": 63888.69667759492,
      "p25": 70691.7295883141,
      "p50": 80221.33476883249,
      "p75": 85225.82342450146,
      "p90": 93027.4379761902,
      "p95": 96142.37956090941,
      "p99": 102308.14372824434
    }
  },
  "details": {
    "DNSDialup": {
      "average": 0.00062299592,
      "fastest": 0.000072495,
      "slowest": 0.000929298
    },
    "DNSLookup": {
      "average": 0.0000064515999999999985,
      "fastest": 0.000003397,
      "slowest": 0.000030006
    }
  },
  "statusCodeDistribution": {
    "200": 788709
  },
  "errorDistribution": {}
}