{
  "summary": {
    "successRate": 1,
    "total": 10.000579731,
    "slowest": 0.016812087,
    "fastest": 0.000038301,
    "average": 0.0011200077426712358,
    "requestsPerSec": 44544.31762781973,
    "totalData": 5791097,
    "sizePerRequest": 13,
    "sizePerSec": 579076.1291616565
  },
  "responseTimeHistogram": {
    "0.000038301": 1,
    "0.0017156795999999999": 387345,
    "0.0033930582": 54472,
    "0.0050704368000000005": 2788,
    "0.0067478154": 462,
    "0.008425193999999999": 193,
    "0.0101025726": 145,
    "0.0117799512": 25,
    "0.013457329799999999": 29,
    "0.015134708399999999": 1,
    "0.016812087": 8
  },
  "latencyPercentiles": {
    "p10": 0.000608604,
    "p25": 0.000769804,
    "p50": 0.000954205,
    "p75": 0.001241406,
    "p90": 0.00195121,
    "p95": 0.002298912,
    "p99": 0.003224617
  },
  "rps": {
    "mean": 44531.43254927153,
    "stddev": 11234.219904300871,
    "max": 64852.64266810568,
    "percentiles": {
      "p10": 30918.39025852602,
      "p25": 35835.593162849036,
      "p50": 43730.364457585885,
      "p75": 55222.906461598584,
      "p90": 58940.362360145176,
      "p95": 60300.38291754837,
      "p99": 62235.15041295541
    }
  },
  "details": {
    "DNSDialup": {
      "average": 0.0021888914399999996,
      "fastest": 0.0000984,
      "slowest": 0.004419223
    },
    "DNSLookup": {
      "average": 0.000009932080000000001,
      "fastest": 0.0000055,
      "slowest": 0.000050401
    }
  },
  "statusCodeDistribution": {
    "200": 445469
  },
  "errorDistribution": {}
}