{
  "summary": {
    "successRate": 1,
    "total": 10.000754333,
    "slowest": 0.003705203,
    "fastest": 0.000029472,
    "average": 0.000615022607701892,
    "requestsPerSec": 81103.88206653291,
    "totalData": 10544300,
    "sizePerRequest": 13,
    "sizePerSec": 1054350.466864928
  },
  "responseTimeHistogram": {
    "0.000029472": 1,
    "0.0003970451": 106263,
    "0.0007646182": 529575,
    "0.0011321913": 152012,
    "0.0014997644": 19919,
    "0.0018673375": 3152,
    "0.0022349106": 139,
    "0.0026024837": 12,
    "0.0029700568": 23,
    "0.0033376299": 3,
    "0.003705203": 1
  },
  "latencyPercentiles": {
    "p10": 0.000373003,
    "p25": 0.000460073,
    "p50": 0.000573826,
    "p75": 0.000732772,
    "p90": 0.000921675,
    "p95": 0.001033042,
    "p99": 0.001346233
  },
  "rps": {
    "mean": 81103.8112390438,
    "stddev": 9311.206767795818,
    "max": 99379.75225118005,
    "percentiles": {
      "p10": 67208.75730107409,
      "p25": 74631.1211775324,
      "p50": 82757.34223140322,
      "p75": 88159.6311745214,
      "p90": 92114.77520994093,
      "p95": 94122.65532313603,
      "p99": 96610.91128041592
    }
  },
  "details": {
    "DNSDialup": {
      "average": 0.0007656211000000001,
      "fastest": 0.000097138,
      "slowest": 0.001130785
    },
    "DNSLookup": {
      "average": 0.0000178096,
      "fastest": 0.000003607,
      "slowest": 0.000547894
    }
  },
  "statusCodeDistribution": {
    "200": 811100
  },
  "errorDistribution": {}
}