{
  "summary": {
    "successRate": 1,
    "total": 10.000637252,
    "slowest": 0.017070091,
    "fastest": 0.000040201,
    "average": 0.0011244771641181956,
    "requestsPerSec": 44370.07250825539,
    "totalData": 5768477,
    "sizePerRequest": 13,
    "sizePerSec": 576810.9426073201
  },
  "responseTimeHistogram": {
    "0.000040201": 1,
    "0.0017431899999999997": 390570,
    "0.0034461789999999997": 50166,
    "0.005149167999999999": 2040,
    "0.006852156999999999": 391,
    "0.008555146": 286,
    "0.010258134999999998": 222,
    "0.011961123999999998": 12,
    "0.013664112999999999": 35,
    "0.015367101999999999": 1,
    "0.017070091": 5
  },
  "latencyPercentiles": {
    "p10": 0.000606503,
    "p25": 0.000780804,
    "p50": 0.000978105,
    "p75": 0.001306607,
    "p90": 0.00183091,
    "p95": 0.002131311,
    "p99": 0.003062217
  },
  "rps": {
    "mean": 44354.4012946391,
    "stddev": 10186.239019847637,
    "max": 65947.12581610786,
    "percentiles": {
      "p10": 32288.61934465344,
      "p25": 36938.95582280968,
      "p50": 43759.939485092225,
      "p75": 53002.355873799184,
      "p90": 57814.1413389714,
      "p95": 60502.448634934146,
      "p99": 63621.287682859074
    }
  },
  "details": {
    "DNSDialup": {
      "average": 0.0020360549400000004,
      "fastest": 0.000240901,
      "slowest": 0.002253112
    },
    "DNSLookup": {
      "average": 0.000009786039999999997,
      "fastest": 0.0000051,
      "slowest": 0.0000452
    }
  },
  "statusCodeDistribution": {
    "200": 443729
  },
  "errorDistribution": {}
}