{
  "summary": {
    "successRate": 1,
    "total": 10.001158825,
    "slowest": 0.002761152,
    "fastest": 0.00003382,
    "average": 0.0006072084705140478,
    "requestsPerSec": 82166.97828513887,
    "totalData": 10682945,
    "sizePerRequest": 13,
    "sizePerSec": 1068170.7177068053
  },
  "responseTimeHistogram": {
    "0.00003382": 1,
    "0.0003065532": 43809,
    "0.0005792864": 401508,
    "0.0008520196000000001": 263275,
    "0.0011247528": 84888,
    "0.0013974859999999999": 20456,
    "0.0016702192": 6886,
    "0.0019429524": 850,
    "0.0022156856": 58,
    "0.0024884188": 16,
    "0.002761152": 18
  },
  "latencyPercentiles": {
    "p10": 0.000355044,
    "p25": 0.000444352,
    "p50": 0.000558893,
    "p75": 0.000739427,
    "p90": 0.000904803,
    "p95": 0.001045752,
    "p99": 0.001388785
  },
  "rps": {
    "mean": 82167.02484021298,
    "stddev": 11607.770848186616,
    "max": 106331.16566465427,
    "percentiles": {
      "p10": 66102.59783209393,
      "p25": 72986.7739755796,
      "p50": 82681.6018703506,
      "p75": 91233.74999085176,
      "p90": 97981.99259633671,
      "p95": 101208.96711449334,
      "p99": 104811.91396321016
    }
  },
  "details": {
    "DNSDialup": {
      "average": 0.0005576997,
      "fastest": 0.000089564,
      "slowest": 0.000848304
    },
    "DNSLookup": {
      "average": 0.00000695134,
      "fastest": 0.000003626,
      "slowest": 0.000034755
    }
  },
  "statusCodeDistribution": {
    "200": 821765
  },
  "errorDistribution": {}
}