{
  "summary": {
    "successRate": 1,
    "total": 10.00052783,
    "slowest": 0.002790178,
    "fastest": 0.000033483,
    "average": 0.0006407237670281969,
    "requestsPerSec": 77856.39050613991,
    "totalData": 10121865,
    "sizePerRequest": 13,
    "sizePerSec": 1012133.076579819
  },
  "responseTimeHistogram": {
    "0.000033483": 1,
    "0.0003091525": 32459,
    "0.0005848219999999999": 331531,
    "0.0008604914999999999": 291077,
    "0.001136161": 92892,
    "0.0014118305": 22954,
    "0.0016874999999999998": 6843,
    "0.0019631695": 759,
    "0.002238839": 72,
    "0.0025145084999999997": 14,
    "0.002790178": 3
  },
  "latencyPercentiles": {
    "p10": 0.00038057,
    "p25": 0.000474336,
    "p50": 0.000601744,
    "p75": 0.000760786,
    "p90": 0.000957588,
    "p95": 0.001087361,
    "p99": 0.001410053
  },
  "rps": {
    "mean": 77860.63060544632,
    "stddev": 9902.808649440625,
    "max": 100969.40636993514,
    "percentiles": {
      "p10": 65131.13919764823,
      "p25": 69657.5928977984,
      "p50": 77445.44498712455,
      "p75": 85708.47656832784,
      "p90": 91653.47980546497,
      "p95": 94963.82230088394,
      "p99": 98183.86067004144
    }
  },
  "details": {
    "DNSDialup": {
      "average": 0.0007144568200000002,
      "fastest": 0.000093455,
      "slowest": 0.001371194
    },
    "DNSLookup": {
      "average": 0.000009414679999999997,
      "fastest": 0.000004628,
      "slowest": 0.000033121
    }
  },
  "statusCodeDistribution": {
    "200": 778605
  },
  "errorDistribution": {}
}