{
  "summary": {
    "successRate": 1,
    "total": 10.000626785,
    "slowest": 0.016459388,
    "fastest": 0.000031001,
    "average": 0.0008801555524235399,
    "requestsPerSec": 56686.646965998145,
    "totalData": 7369726,
    "sizePerRequest": 13,
    "sizePerSec": 736926.4105579759
  },
  "responseTimeHistogram": {
    "0.000031001": 1,
    "0.0016738397": 546006,
    "0.0033166784": 19960,
    "0.0049595171000000006": 421,
    "0.0066023558": 216,
    "0.008245194499999999": 126,
    "0.0098880332": 137,
    "0.0115308719": 8,
    "0.0131737106": 22,
    "0.014816549299999999": 2,
    "0.016459388": 3
  },
  "latencyPercentiles": {
    "p10": 0.000512606,
    "p25": 0.000645207,
    "p50": 0.000783009,
    "p75": 0.001023912,
    "p90": 0.001379616,
    "p95": 0.001571017,
    "p99": 0.002072224
  },
  "rps": {
    "mean": 56638.104149871986,
    "stddev": 12087.387045939522,
    "max": 74634.2844521073,
    "percentiles": {
      "p10": 42310.94160950017,
      "p25": 46095.84279771035,
      "p50": 55892.15498514059,
      "p75": 68785.88605733364,
      "p90": 70686.98560701846,
      "p95": 71805.03206837024,
      "p99": 73002.81790877257
    }
  },
  "details": {
    "DNSDialup": {
      "average": 0.0015101931999999998,
      "fastest": 0.000086101,
      "slowest": 0.003107835
    },
    "DNSLookup": {
      "average": 0.000007468060000000001,
      "fastest": 0.0000038,
      "slowest": 0.000051301
    }
  },
  "statusCodeDistribution": {
    "200": 566902
  },
  "errorDistribution": {}
}