{
  "summary": {
    "successRate": 1,
    "total": 10.000675557,
    "slowest": 0.003808131,
    "fastest": 0.000041124,
    "average": 0.0006707100638155219,
    "requestsPerSec": 74390.67448591164,
    "totalData": 9671441,
    "sizePerRequest": 13,
    "sizePerSec": 967078.7683168513
  },
  "responseTimeHistogram": {
    "0.000041124": 1,
    "0.00041782470000000004": 80712,
    "0.0007945254000000001": 474860,
    "0.0011712261": 157429,
    "0.0015479268": 25512,
    "0.0019246275": 4926,
    "0.0023013282": 448,
    "0.0026780289": 64,
    "0.0030547296": 2,
    "0.0034314303": 1,
    "0.003808131": 2
  },
  "latencyPercentiles": {
    "p10": 0.000409671,
    "p25": 0.000506749,
    "p50": 0.000630426,
    "p75": 0.000797134,
    "p90": 0.000972947,
    "p95": 0.001128284,
    "p99": 0.001482921
  },
  "rps": {
    "mean": 74377.97840587056,
    "stddev": 7055.5780425222865,
    "max": 93643.53156800951,
    "percentiles": {
      "p10": 64476.94678829704,
      "p25": 69649.45111028927,
      "p50": 74719.29999518786,
      "p75": 79255.67711316969,
      "p90": 83276.88121673388,
      "p95": 85300.79329737788,
      "p99": 89800.7675760695
    }
  },
  "details": {
    "DNSDialup": {
      "average": 0.00074065002,
      "fastest": 0.000055744,
      "slowest": 0.001882999
    },
    "DNSLookup": {
      "average": 0.000006539760000000001,
      "fastest": 0.000002905,
      "slowest": 0.000031509
    }
  },
  "statusCodeDistribution": {
    "200": 743957
  },
  "errorDistribution": {}
}