{
  "summary": {
    "successRate": 1,
    "total": 10.000616039,
    "slowest": 0.002768443,
    "fastest": 0.000040292,
    "average": 0.0006178638711931002,
    "requestsPerSec": 80736.8262966265,
    "totalData": 10496434,
    "sizePerRequest": 13,
    "sizePerSec": 1049578.7418561445
  },
  "responseTimeHistogram": {
    "0.000040292": 1,
    "0.0003131071": 48130,
    "0.0005859222000000001": 379651,
    "0.0008587373": 262300,
    "0.0011315524": 87306,
    "0.0014043675": 20822,
    "0.0016771826": 7975,
    "0.0019499977": 1127,
    "0.0022228128": 78,
    "0.0024956279": 13,
    "0.002768443": 15
  },
  "latencyPercentiles": {
    "p10": 0.00035282,
    "p25": 0.000441871,
    "p50": 0.000568931,
    "p75": 0.000764927,
    "p90": 0.000924273,
    "p95": 0.001063873,
    "p99": 0.001429191
  },
  "rps": {
    "mean": 80720.63753040938,
    "stddev": 12324.611235628108,
    "max": 108415.42751533595,
    "percentiles": {
      "p10": 64408.81756712364,
      "p25": 70755.75553536387,
      "p50": 79626.91389689794,
      "p75": 90310.0966688107,
      "p90": 98173.71864533304,
      "p95": 101664.9435659529,
      "p99": 105842.14600208403
    }
  },
  "details": {
    "DNSDialup": {
      "average": 0.0005899362400000002,
      "fastest": 0.000093757,
      "slowest": 0.000844084
    },
    "DNSLookup": {
      "average": 0.000006044640000000002,
      "fastest": 0.000003156,
      "slowest": 0.000033703
    }
  },
  "statusCodeDistribution": {
    "200": 807418
  },
  "errorDistribution": {}
}