{
  "summary": {
    "successRate": 1,
    "total": 10.001177543,
    "slowest": 0.016815939,
    "fastest": 0.0000317,
    "average": 0.0008445868986232305,
    "requestsPerSec": 59079.543129754435,
    "totalData": 7681245,
    "sizePerRequest": 13,
    "sizePerSec": 768034.0606868076
  },
  "responseTimeHistogram": {
    "0.0000317": 1,
    "0.0017101239": 576635,
    "0.0033885478": 13201,
    "0.0050669717": 423,
    "0.0067453956": 126,
    "0.0084238195": 233,
    "0.0101022434": 133,
    "0.0117806673": 71,
    "0.0134590912": 24,
    "0.0151375151": 1,
    "0.016815939": 17
  },
  "latencyPercentiles": {
    "p10": 0.000508711,
    "p25": 0.000636912,
    "p50": 0.000785617,
    "p75": 0.000937519,
    "p90": 0.001284028,
    "p95": 0.001456529,
    "p99": 0.002054845
  },
  "rps": {
    "mean": 59075.67275344167,
    "stddev": 10876.30664543576,
    "max": 77682.86997552935,
    "percentiles": {
      "p10": 45924.109655118285,
      "p25": 49813.075681792856,
      "p50": 61166.5553288527,
      "p75": 69141.23627181887,
      "p90": 70914.66178437493,
      "p95": 71783.04676926004,
      "p99": 72930.49223880978
    }
  },
  "details": {
    "DNSDialup": {
      "average": 0.0013120766599999999,
      "fastest": 0.000077102,
      "slowest": 0.002176548
    },
    "DNSLookup": {
      "average": 0.000006312120000000001,
      "fastest": 0.0000034,
      "slowest": 0.000058001
    }
  },
  "statusCodeDistribution": {
    "200": 590865
  },
  "errorDistribution": {}
}