{
  "summary": {
    "successRate": 1,
    "total": 10.000374714,
    "slowest": 0.008637938,
    "fastest": 0.0000315,
    "average": 0.0009003003123405428,
    "requestsPerSec": 55413.723570198614,
    "totalData": 7204054,
    "sizePerRequest": 13,
    "sizePerSec": 720378.406412582
  },
  "responseTimeHistogram": {
    "0.0000315": 2,
    "0.0008921437999999999": 318085,
    "0.0017527876": 223872,
    "0.0026134314": 11151,
    "0.0034740751999999997": 685,
    "0.004334719": 222,
    "0.0051953628000000005": 122,
    "0.0060560066": 11,
    "0.0069166504": 0,
    "0.0077772942": 3,
    "0.008637938": 5
  },
  "latencyPercentiles": {
    "p10": 0.000493008,
    "p25": 0.00062921,
    "p50": 0.000811013,
    "p75": 0.001120418,
    "p90": 0.001411523,
    "p95": 0.001563325,
    "p99": 0.001938231
  },
  "rps": {
    "mean": 55410.482209187285,
    "stddev": 9696.411305273676,
    "max": 80763.36615449387,
    "percentiles": {
      "p10": 45278.512941440815,
      "p25": 48497.028786380426,
      "p50": 53266.79656289192,
      "p75": 62027.16402114224,
      "p90": 70205.19518444475,
      "p95": 73220.3711447782,
      "p99": 77353.33308145305
    }
  },
  "details": {
    "DNSDialup": {
      "average": 0.0016342779800000002,
      "fastest": 0.000085102,
      "slowest": 0.003231851
    },
    "DNSLookup": {
      "average": 0.000007022039999999998,
      "fastest": 0.0000033,
      "slowest": 0.0000326
    }
  },
  "statusCodeDistribution": {
    "200": 554158
  },
  "errorDistribution": {}
}