{
  "summary": {
    "successRate": 1,
    "total": 10.000585973,
    "slowest": 0.023939306,
    "fastest": 0.004640122,
    "average": 0.008159646432905841,
    "requestsPerSec": 6120.141376239734,
    "totalData": 795665,
    "sizePerRequest": 13,
    "sizePerSec": 79561.83789111655
  },
  "responseTimeHistogram": {
    "0.004640122": 1,
    "0.0065700404": 4815,
    "0.0084999588": 41751,
    "0.0104298772": 10414,
    "0.012359795600000001": 1141,
    "0.014289714": 1681,
    "0.0162196324": 1198,
    "0.0181495508": 149,
    "0.0200794692": 36,
    "0.0220093876": 7,
    "0.023939306": 12
  },
  "latencyPercentiles": {
    "p10": 0.00664272,
    "p25": 0.007073991,
    "p50": 0.007899047,
    "p75": 0.008425965,
    "p90": 0.009614331,
    "p95": 0.012403366,
    "p99": 0.014659457
  },
  "rps": {
    "mean": 6169.7850562743215,
    "stddev": 1517.3202007725374,
    "max": 10996.19745383014,
    "percentiles": {
      "p10": 5030.433114254595,
      "p25": 5577.778043032089,
      "p50": 6323.3876816796055,
      "p75": 6875.944688453196,
      "p90": 7755.906122513133,
      "p95": 8299.757245487543,
      "p99": 8984.617997066525
    }
  },
  "details": {
    "DNSDialup": {
      "average": 0.0007721205999999998,
      "fastest": 0.000100738,
      "slowest": 0.001790807
    },
    "DNSLookup": {
      "average": 0.000007390560000000003,
      "fastest": 0.000003617,
      "slowest": 0.000029745
    }
  },
  "statusCodeDistribution": {
    "200": 61205
  },
  "errorDistribution": {}
}