{
  "summary": {
    "successRate": 1,
    "total": 10.000630488,
    "slowest": 0.02401364,
    "fastest": 0.004615895,
    "average": 0.008088878998526011,
    "requestsPerSec": 6173.410773858801,
    "totalData": 802594,
    "sizePerRequest": 13,
    "sizePerSec": 80254.34006016441
  },
  "responseTimeHistogram": {
    "0.004615895": 1,
    "0.0065556695": 6442,
    "0.008495444000000001": 41363,
    "0.010435218500000001": 9739,
    "0.012374993": 1119,
    "0.0143147675": 1804,
    "0.016254542000000004": 1096,
    "0.018194316500000002": 93,
    "0.020134091": 61,
    "0.022073865500000005": 8,
    "0.024013640000000003": 12
  },
  "latencyPercentiles": {
    "p10": 0.00654639,
    "p25": 0.007037019,
    "p50": 0.007776594,
    "p75": 0.008300762,
    "p90": 0.009696566,
    "p95": 0.012322691,
    "p99": 0.014733953
  },
  "rps": {
    "mean": 6237.625876183719,
    "stddev": 1584.4269016552219,
    "max": 11360.518480293927,
    "percentiles": {
      "p10": 5024.19097713589,
      "p25": 5617.160425098776,
      "p50": 6453.186648098626,
      "p75": 6979.705444291909,
      "p90": 7847.482979284024,
      "p95": 8445.158797638345,
      "p99": 9630.578071925624
    }
  },
  "details": {
    "DNSDialup": {
      "average": 0.0007689953400000001,
      "fastest": 0.000093909,
      "slowest": 0.001309021
    },
    "DNSLookup": {
      "average": 0.000007603220000000001,
      "fastest": 0.000003647,
      "slowest": 0.000023434
    }
  },
  "statusCodeDistribution": {
    "200": 61738
  },
  "errorDistribution": {}
}