{
  "summary": {
    "successRate": 1,
    "total": 10.000488211,
    "slowest": 0.049961856,
    "fastest": 0.003792342,
    "average": 0.014611583284004881,
    "requestsPerSec": 3417.7331425084762,
    "totalData": 444327,
    "sizePerRequest": 13,
    "sizePerSec": 44430.53085261019
  },
  "responseTimeHistogram": {
    "0.003792342": 1,
    "0.0084092934": 323,
    "0.013026244800000001": 18778,
    "0.017643196200000003": 10057,
    "0.022260147600000002": 2213,
    "0.026877099": 2076,
    "0.0314940504": 555,
    "0.0361110018": 140,
    "0.0407279532": 22,
    "0.0453449046": 9,
    "0.049961856": 5
  },
  "latencyPercentiles": {
    "p10": 0.011727728,
    "p25": 0.012075232,
    "p50": 0.012710439,
    "p75": 0.015811073,
    "p90": 0.020818228,
    "p95": 0.025398478,
    "p99": 0.029085424
  },
  "rps": {
    "mean": 3527.502487457301,
    "stddev": 1110.019751876426,
    "max": 8546.305920311017,
    "percentiles": {
      "p10": 1946.8595464821326,
      "p25": 3136.792061447155,
      "p50": 3830.951019476593,
      "p75": 4172.4450684566755,
      "p90": 4625.7339673114875,
      "p95": 4809.952175847379,
      "p99": 5056.712840474961
    }
  },
  "details": {
    "DNSDialup": {
      "average": 0.00295127694,
      "fastest": 0.000118501,
      "slowest": 0.006014367
    },
    "DNSLookup": {
      "average": 0.00001071014,
      "fastest": 0.0000068,
      "slowest": 0.0000813
    }
  },
  "statusCodeDistribution": {
    "200": 34179
  },
  "errorDistribution": {}
}