{
  "summary": {
    "successRate": 1,
    "total": 10.000633238,
    "slowest": 0.022991854,
    "fastest": 0.005064302,
    "average": 0.008091935138596344,
    "requestsPerSec": 6172.209152262084,
    "totalData": 802438,
    "sizePerRequest": 13,
    "sizePerSec": 80238.71897940709
  },
  "responseTimeHistogram": {
    "0.005064302": 1,
    "0.0068570572": 12115,
    "0.0086498124": 36197,
    "0.0104425676": 8984,
    "0.0122353228": 1366,
    "0.014028078": 1795,
    "0.0158208332": 1132,
    "0.017613588399999998": 27,
    "0.0194063436": 90,
    "0.0211990988": 8,
    "0.022991854": 11
  },
  "latencyPercentiles": {
    "p10": 0.00656211,
    "p25": 0.007144306,
    "p50": 0.007813935,
    "p75": 0.008298578,
    "p90": 0.009512268,
    "p95": 0.012194638,
    "p99": 0.014264654
  },
  "rps": {
    "mean": 6235.026832157181,
    "stddev": 1526.213944212506,
    "max": 11453.680275720484,
    "percentiles": {
      "p10": 5131.766661990996,
      "p25": 5656.510805551802,
      "p50": 6361.824978560493,
      "p75": 6950.883245711743,
      "p90": 7807.277944499969,
      "p95": 8560.47017804023,
      "p99": 9412.135151415421
    }
  },
  "details": {
    "DNSDialup": {
      "average": 0.00079293114,
      "fastest": 0.000083864,
      "slowest": 0.001065637
    },
    "DNSLookup": {
      "average": 0.0000069663600000000005,
      "fastest": 0.000003377,
      "slowest": 0.00003191
    }
  },
  "statusCodeDistribution": {
    "200": 61726
  },
  "errorDistribution": {}
}