{
  "summary": {
    "successRate": 1,
    "total": 10.000407762,
    "slowest": 0.026597403,
    "fastest": 0.001838875,
    "average": 0.007466067673713839,
    "requestsPerSec": 6688.027287661713,
    "totalData": 869479,
    "sizePerRequest": 13,
    "sizePerSec": 86944.35473960226
  },
  "responseTimeHistogram": {
    "0.001838875": 1,
    "0.0043147278": 24,
    "0.0067905806": 28075,
    "0.0092664334": 33029,
    "0.0117422862": 2411,
    "0.014218139000000001": 1015,
    "0.0166939918": 2134,
    "0.0191698446": 166,
    "0.0216456974": 11,
    "0.0241215502": 8,
    "0.026597403000000002": 9
  },
  "latencyPercentiles": {
    "p10": 0.005665049,
    "p25": 0.00659563,
    "p50": 0.006906574,
    "p75": 0.007721477,
    "p90": 0.009052316,
    "p95": 0.011738657,
    "p99": 0.015357354
  },
  "rps": {
    "mean": 6741.417988303458,
    "stddev": 1805.5157869073219,
    "max": 11206.098741579883,
    "percentiles": {
      "p10": 5131.815717906633,
      "p25": 6162.001442312206,
      "p50": 7043.166156741228,
      "p75": 7744.76084530563,
      "p90": 8541.694757656669,
      "p95": 8917.84550063164,
      "p99": 9862.101388095258
    }
  },
  "details": {
    "DNSDialup": {
      "average": 0.0011994913800000002,
      "fastest": 0.000093703,
      "slowest": 0.002774673
    },
    "DNSLookup": {
      "average": 0.000025794080000000003,
      "fastest": 0.000003837,
      "slowest": 0.000919172
    }
  },
  "statusCodeDistribution": {
    "200": 66883
  },
  "errorDistribution": {}
}