{
  "summary": {
    "successRate": 1,
    "total": 10.001555787,
    "slowest": 0.02530227,
    "fastest": 0.004668544,
    "average": 0.008438186626611261,
    "requestsPerSec": 5918.379226253873,
    "totalData": 769509,
    "sizePerRequest": 13,
    "sizePerSec": 76938.92994130035
  },
  "responseTimeHistogram": {
    "0.004668544": 1,
    "0.0067319166": 9362,
    "0.0087952892": 35049,
    "0.0108586618": 10699,
    "0.0129220344": 1224,
    "0.014985407000000001": 1934,
    "0.0170487796": 735,
    "0.019112152200000003": 111,
    "0.0211755248": 59,
    "0.023238897400000003": 8,
    "0.02530227": 11
  },
  "latencyPercentiles": {
    "p10": 0.006589749,
    "p25": 0.00724368,
    "p50": 0.008397694,
    "p75": 0.008794224,
    "p90": 0.010179998,
    "p95": 0.012727834,
    "p99": 0.015138165
  },
  "rps": {
    "mean": 5981.207007269908,
    "stddev": 1597.5074399602622,
    "max": 11280.446838411304,
    "percentiles": {
      "p10": 4804.098376324828,
      "p25": 5406.465050907979,
      "p50": 6017.027586366928,
      "p75": 6630.768090092192,
      "p90": 7778.023281640268,
      "p95": 8529.580585470365,
      "p99": 9799.740648212623
    }
  },
  "details": {
    "DNSDialup": {
      "average": 0.0007433197000000001,
      "fastest": 0.000071694,
      "slowest": 0.00115737
    },
    "DNSLookup": {
      "average": 0.00000754426,
      "fastest": 0.000003367,
      "slowest": 0.000043201
    }
  },
  "statusCodeDistribution": {
    "200": 59193
  },
  "errorDistribution": {}
}