{
  "summary": {
    "successRate": 1,
    "total": 10.000596789,
    "slowest": 0.024040328,
    "fastest": 0.004756385,
    "average": 0.00816543419102122,
    "requestsPerSec": 6116.234989823666,
    "totalData": 795158,
    "sizePerRequest": 13,
    "sizePerSec": 79511.05486770766
  },
  "responseTimeHistogram": {
    "0.004756385": 1,
    "0.0066847793": 7218,
    "0.0086131736": 40464,
    "0.0105415679": 9242,
    "0.0124699622": 1048,
    "0.014398356499999999": 1486,
    "0.016326750799999998": 1487,
    "0.018255145099999998": 181,
    "0.0201835394": 21,
    "0.022111933699999996": 5,
    "0.024040328": 13
  },
  "latencyPercentiles": {
    "p10": 0.006637736,
    "p25": 0.006985153,
    "p50": 0.007920617,
    "p75": 0.008434256,
    "p90": 0.009747387,
    "p95": 0.012726956,
    "p99": 0.015023074
  },
  "rps": {
    "mean": 6188.771761492335,
    "stddev": 1613.269823250067,
    "max": 11182.361592122927,
    "percentiles": {
      "p10": 4979.245232112147,
      "p25": 5648.321389486988,
      "p50": 6322.4761244334695,
      "p75": 6923.157940612899,
      "p90": 7862.292154510979,
      "p95": 8417.5084175085,
      "p99": 9313.266057220626
    }
  },
  "details": {
    "DNSDialup": {
      "average": 0.0005448914199999999,
      "fastest": 0.000105688,
      "slowest": 0.000928795
    },
    "DNSLookup": {
      "average": 0.0000069478600000000014,
      "fastest": 0.000003977,
      "slowest": 0.000034775
    }
  },
  "statusCodeDistribution": {
    "200": 61166
  },
  "errorDistribution": {}
}