{
  "summary": {
    "successRate": 1,
    "total": 10.000435,
    "slowest": 0.025541206,
    "fastest": 0.000620147,
    "average": 0.007401100096556525,
    "requestsPerSec": 6742.906683559266,
    "totalData": 876616,
    "sizePerRequest": 13,
    "sizePerSec": 87657.78688627045
  },
  "responseTimeHistogram": {
    "0.000620147": 1,
    "0.0031122529": 1683,
    "0.0056043588": 14167,
    "0.0080964647": 27849,
    "0.0105885706": 17466,
    "0.0130806765": 3918,
    "0.0155727824": 1683,
    "0.0180648883": 486,
    "0.0205569942": 119,
    "0.0230491001": 48,
    "0.025541206": 12
  },
  "latencyPercentiles": {
    "p10": 0.004285605,
    "p25": 0.005764772,
    "p50": 0.007215526,
    "p75": 0.008651953,
    "p90": 0.010454224,
    "p95": 0.012186658,
    "p99": 0.01555273
  },
  "rps": {
    "mean": 6763.952209336469,
    "stddev": 1486.0497192898508,
    "max": 10845.276213031208,
    "percentiles": {
      "p10": 5346.292197281968,
      "p25": 6220.157040906816,
      "p50": 7048.377951747587,
      "p75": 7558.400739151219,
      "p90": 8289.333347251184,
      "p95": 8770.950934356753,
      "p99": 9226.565126312027
    }
  },
  "details": {
    "DNSDialup": {
      "average": 0.0012635062999999998,
      "fastest": 0.000092553,
      "slowest": 0.002776362
    },
    "DNSLookup": {
      "average": 0.000007040200000000001,
      "fastest": 0.000004288,
      "slowest": 0.000027491
    }
  },
  "statusCodeDistribution": {
    "200": 67432
  },
  "errorDistribution": {}
}