{
  "summary": {
    "successRate": 1,
    "total": 10.000643043,
    "slowest": 0.026029397,
    "fastest": 0.003435527,
    "average": 0.007173095214624182,
    "requestsPerSec": 6963.352226509421,
    "totalData": 905294,
    "sizePerRequest": 13,
    "sizePerSec": 90523.57894462247
  },
  "responseTimeHistogram": {
    "0.003435527": 1,
    "0.005694914": 11014,
    "0.007954301": 45079,
    "0.010213687999999999": 9427,
    "0.012473075": 1878,
    "0.014732461999999998": 1883,
    "0.016991849": 226,
    "0.019251235999999998": 52,
    "0.021510623": 17,
    "0.02377001": 25,
    "0.026029397": 36
  },
  "latencyPercentiles": {
    "p10": 0.005399917,
    "p25": 0.006028933,
    "p50": 0.007004973,
    "p75": 0.007425456,
    "p90": 0.008801936,
    "p95": 0.011032993,
    "p99": 0.013814132
  },
  "rps": {
    "mean": 7044.806263994153,
    "stddev": 2053.9742056103996,
    "max": 15307.69267953916,
    "percentiles": {
      "p10": 5357.291139308434,
      "p25": 5937.021484873359,
      "p50": 7241.712262632833,
      "p75": 8077.109743588901,
      "p90": 9310.51063545628,
      "p95": 10252.003209389733,
      "p99": 11666.487311186742
    }
  },
  "details": {
    "DNSDialup": {
      "average": 0.0005692985200000001,
      "fastest": 0.000079825,
      "slowest": 0.001197552
    },
    "DNSLookup": {
      "average": 0.000004935759999999999,
      "fastest": 0.000001753,
      "slowest": 0.000030005
    }
  },
  "statusCodeDistribution": {
    "200": 69638
  },
  "errorDistribution": {}
}