{
  "summary": {
    "successRate": 1,
    "total": 10.000768731,
    "slowest": 0.032825585,
    "fastest": 0.005660901,
    "average": 0.010400967117726735,
    "requestsPerSec": 4799.731029796573,
    "totalData": 624013,
    "sizePerRequest": 13,
    "sizePerSec": 62396.50338735545
  },
  "responseTimeHistogram": {
    "0.005660901": 1,
    "0.008377369400000001": 3288,
    "0.011093837799999999": 31559,
    "0.0138103062": 9480,
    "0.0165267746": 818,
    "0.019243243": 452,
    "0.021959711399999998": 1212,
    "0.0246761798": 1069,
    "0.027392648199999998": 92,
    "0.030109116599999996": 26,
    "0.032825585": 4
  },
  "latencyPercentiles": {
    "p10": 0.008529352,
    "p25": 0.008722956,
    "p50": 0.00896796,
    "p75": 0.011667708,
    "p90": 0.012752046,
    "p95": 0.019270743,
    "p99": 0.022496234
  },
  "rps": {
    "mean": 4944.536630136519,
    "stddev": 1537.2586767951404,
    "max": 7984.952800059666,
    "percentiles": {
      "p10": 3031.5306471073495,
      "p25": 4334.294673171996,
      "p50": 5643.1185041782255,
      "p75": 5854.083188588398,
      "p90": 6012.1493514097365,
      "p95": 6214.743235377403,
      "p99": 6915.506172694384
    }
  },
  "details": {
    "DNSDialup": {
      "average": 0.0017197826599999995,
      "fastest": 0.000081702,
      "slowest": 0.003433361
    },
    "DNSLookup": {
      "average": 0.00000773814,
      "fastest": 0.0000034,
      "slowest": 0.000093902
    }
  },
  "statusCodeDistribution": {
    "200": 48001
  },
  "errorDistribution": {}
}