{
  "summary": {
    "successRate": 1,
    "total": 10.000627771,
    "slowest": 0.024203927,
    "fastest": 0.004786378,
    "average": 0.008448521399353598,
    "requestsPerSec": 5910.4289604101095,
    "totalData": 768404,
    "sizePerRequest": 13,
    "sizePerSec": 76835.57648533143
  },
  "responseTimeHistogram": {
    "0.004786378": 1,
    "0.006728132899999999": 5552,
    "0.0086698878": 36832,
    "0.0106116427": 11685,
    "0.012553397599999998": 1840,
    "0.0144951525": 1160,
    "0.0164369074": 1775,
    "0.018378662299999998": 187,
    "0.0203204172": 7,
    "0.022262172099999998": 31,
    "0.024203927": 38
  },
  "latencyPercentiles": {
    "p10": 0.006753968,
    "p25": 0.007134387,
    "p50": 0.008103968,
    "p75": 0.008856241,
    "p90": 0.010382857,
    "p95": 0.013243062,
    "p99": 0.015898987
  },
  "rps": {
    "mean": 5987.946077750265,
    "stddev": 1666.4215512148714,
    "max": 11325.41309438374,
    "percentiles": {
      "p10": 4600.824007579384,
      "p25": 5501.949891041087,
      "p50": 6187.67314073197,
      "p75": 6806.373347180716,
      "p90": 7625.812613114146,
      "p95": 8184.855815298541,
      "p99": 9285.385665179418
    }
  },
  "details": {
    "DNSDialup": {
      "average": 0.00086541742,
      "fastest": 0.000126316,
      "slowest": 0.001817761
    },
    "DNSLookup": {
      "average": 0.000010969879999999998,
      "fastest": 0.000004078,
      "slowest": 0.000175036
    }
  },
  "statusCodeDistribution": {
    "200": 59108
  },
  "errorDistribution": {}
}