{
  "summary": {
    "successRate": 1,
    "total": 10.000683448,
    "slowest": 0.023399242,
    "fastest": 0.00513948,
    "average": 0.00798583621242533,
    "requestsPerSec": 6254.472539325194,
    "totalData": 813137,
    "sizePerRequest": 13,
    "sizePerSec": 81308.14301122753
  },
  "responseTimeHistogram": {
    "0.00513948": 1,
    "0.0069654562": 14863,
    "0.0087914324": 35641,
    "0.0106174086": 8337,
    "0.012443384799999999": 585,
    "0.014269361": 2536,
    "0.016095337199999997": 453,
    "0.0179213134": 62,
    "0.0197472896": 52,
    "0.021573265799999998": 6,
    "0.023399242": 13
  },
  "latencyPercentiles": {
    "p10": 0.006474449,
    "p25": 0.007054605,
    "p50": 0.007680879,
    "p75": 0.008176476,
    "p90": 0.009420465,
    "p95": 0.012428414,
    "p99": 0.01424872
  },
  "rps": {
    "mean": 6327.366969334667,
    "stddev": 1564.9154896782682,
    "max": 11502.544527166787,
    "percentiles": {
      "p10": 5147.908495623669,
      "p25": 5729.477013338223,
      "p50": 6461.166571700841,
      "p75": 7126.833955208023,
      "p90": 7961.906970629122,
      "p95": 8631.301710647025,
      "p99": 9194.250969167146
    }
  },
  "details": {
    "DNSDialup": {
      "average": 0.0006617449000000001,
      "fastest": 0.000080621,
      "slowest": 0.001482916
    },
    "DNSLookup": {
      "average": 0.00000766624,
      "fastest": 0.000003236,
      "slowest": 0.000031769
    }
  },
  "statusCodeDistribution": {
    "200": 62549
  },
  "errorDistribution": {}
}