{
  "summary": {
    "successRate": 1,
    "total": 10.000653019,
    "slowest": 0.025171648,
    "fastest": 0.004610302,
    "average": 0.008009095173012197,
    "requestsPerSec": 6234.992843120858,
    "totalData": 810602,
    "sizePerRequest": 13,
    "sizePerSec": 81054.90696057116
  },
  "responseTimeHistogram": {
    "0.004610302": 1,
    "0.006666436600000001": 11053,
    "0.008722571200000001": 39017,
    "0.0107787058": 8390,
    "0.0128348404": 1038,
    "0.014890975": 2469,
    "0.0169471096": 297,
    "0.019003244199999998": 57,
    "0.0210593788": 11,
    "0.0231155134": 7,
    "0.025171648": 14
  },
  "latencyPercentiles": {
    "p10": 0.006520018,
    "p25": 0.006995694,
    "p50": 0.007709117,
    "p75": 0.008144249,
    "p90": 0.009496881,
    "p95": 0.012591294,
    "p99": 0.014299674
  },
  "rps": {
    "mean": 6303.394659634546,
    "stddev": 1570.4388250771558,
    "max": 11795.901110613264,
    "percentiles": {
      "p10": 5107.143872849376,
      "p25": 5738.438933193942,
      "p50": 6514.002760895098,
      "p75": 7059.345802356483,
      "p90": 7849.095256865602,
      "p95": 8409.384355438924,
      "p99": 9238.820973525297
    }
  },
  "details": {
    "DNSDialup": {
      "average": 0.0011569617000000004,
      "fastest": 0.000123918,
      "slowest": 0.002074736
    },
    "DNSLookup": {
      "average": 0.00000758818,
      "fastest": 0.000003767,
      "slowest": 0.000035026
    }
  },
  "statusCodeDistribution": {
    "200": 62354
  },
  "errorDistribution": {}
}