{
  "summary": {
    "successRate": 1,
    "total": 10.000361041,
    "slowest": 0.024638277,
    "fastest": 0.004201831,
    "average": 0.0068779490510937095,
    "requestsPerSec": 7258.93792257935,
    "totalData": 943696,
    "sizePerRequest": 13,
    "sizePerSec": 94366.19299353154
  },
  "responseTimeHistogram": {
    "0.004201831": 1,
    "0.0062454756": 15841,
    "0.0082891202": 49910,
    "0.0103327648": 4109,
    "0.0123764094": 2238,
    "0.014420054": 331,
    "0.0164636986": 121,
    "0.018507343199999998": 12,
    "0.0205509878": 11,
    "0.0225946324": 10,
    "0.024638277": 8
  },
  "latencyPercentiles": {
    "p10": 0.005293305,
    "p25": 0.006382395,
    "p50": 0.006541041,
    "p75": 0.007351937,
    "p90": 0.008190537,
    "p95": 0.009320492,
    "p99": 0.012181365
  },
  "rps": {
    "mean": 7263.527041154402,
    "stddev": 1332.8754673045003,
    "max": 10157.278653526015,
    "percentiles": {
      "p10": 5752.038455663793,
      "p25": 6637.129429454194,
      "p50": 7515.534453140807,
      "p75": 7926.816419948513,
      "p90": 8803.224621178719,
      "p95": 9362.965945986822,
      "p99": 9768.783743007398
    }
  },
  "details": {
    "DNSDialup": {
      "average": 0.0010086977200000002,
      "fastest": 0.00009637,
      "slowest": 0.001939197
    },
    "DNSLookup": {
      "average": 0.000010664519999999999,
      "fastest": 0.000003466,
      "slowest": 0.000153717
    }
  },
  "statusCodeDistribution": {
    "200": 72592
  },
  "errorDistribution": {}
}