{
  "summary": {
    "successRate": 1,
    "total": 10.000373357,
    "slowest": 0.0265573,
    "fastest": 0.004374141,
    "average": 0.007265276120602889,
    "requestsPerSec": 6873.543371446746,
    "totalData": 893594,
    "sizePerRequest": 13,
    "sizePerSec": 89356.0638288077
  },
  "responseTimeHistogram": {
    "0.004374141": 1,
    "0.0065924569": 24197,
    "0.0088107728": 37886,
    "0.0110290887": 3143,
    "0.0132474046": 1171,
    "0.0154657205": 2016,
    "0.0176840364": 284,
    "0.019902352300000002": 14,
    "0.0221206682": 10,
    "0.024338984100000002": 8,
    "0.0265573": 8
  },
  "latencyPercentiles": {
    "p10": 0.005534979,
    "p25": 0.006486556,
    "p50": 0.006758915,
    "p75": 0.007595479,
    "p90": 0.008775923,
    "p95": 0.011242607,
    "p99": 0.014685896
  },
  "rps": {
    "mean": 6922.116193062687,
    "stddev": 1754.8684404715063,
    "max": 11214.395261800319,
    "percentiles": {
      "p10": 5222.429289311812,
      "p25": 6267.665719103165,
      "p50": 7213.786266934784,
      "p75": 7911.085804537655,
      "p90": 8755.851827637796,
      "p95": 9165.746368444932,
      "p99": 9967.638814632795
    }
  },
  "details": {
    "DNSDialup": {
      "average": 0.0013381046799999996,
      "fastest": 0.000096591,
      "slowest": 0.002844096
    },
    "DNSLookup": {
      "average": 0.000028892480000000007,
      "fastest": 0.000003627,
      "slowest": 0.001093481
    }
  },
  "statusCodeDistribution": {
    "200": 68738
  },
  "errorDistribution": {}
}