{
  "summary": {
    "successRate": 1,
    "total": 10.001456981,
    "slowest": 0.023939272,
    "fastest": 0.004740421,
    "average": 0.007994362664686894,
    "requestsPerSec": 6245.790000263963,
    "totalData": 812071,
    "sizePerRequest": 13,
    "sizePerSec": 81195.2700034315
  },
  "responseTimeHistogram": {
    "0.004740421": 1,
    "0.0066603061": 11122,
    "0.0085801912": 39038,
    "0.010500076300000001": 8464,
    "0.012419961400000002": 809,
    "0.014339846500000001": 2630,
    "0.0162597316": 276,
    "0.0181796167": 52,
    "0.020099501800000003": 56,
    "0.0220193869": 8,
    "0.023939272000000004": 11
  },
  "latencyPercentiles": {
    "p10": 0.006486045,
    "p25": 0.00708294,
    "p50": 0.007745037,
    "p75": 0.0081536,
    "p90": 0.009374615,
    "p95": 0.011872281,
    "p99": 0.014178845
  },
  "rps": {
    "mean": 6324.234179949022,
    "stddev": 1578.2177081259188,
    "max": 11433.288055053343,
    "percentiles": {
      "p10": 5158.251097999635,
      "p25": 5726.8733532097585,
      "p50": 6493.208053647522,
      "p75": 7057.683150154582,
      "p90": 7968.36056528977,
      "p95": 8779.769021090025,
      "p99": 9697.232476271398
    }
  },
  "details": {
    "DNSDialup": {
      "average": 0.0008314875400000001,
      "fastest": 0.000195904,
      "slowest": 0.001332332
    },
    "DNSLookup": {
      "average": 0.000007647020000000001,
      "fastest": 0.000003818,
      "slowest": 0.000044624
    }
  },
  "statusCodeDistribution": {
    "200": 62467
  },
  "errorDistribution": {}
}