{
  "summary": {
    "successRate": 1,
    "total": 10.001532354,
    "slowest": 0.048045693,
    "fastest": 0.002385509,
    "average": 0.013735220092834318,
    "requestsPerSec": 3630.6436568669824,
    "totalData": 472056,
    "sizePerRequest": 13,
    "sizePerSec": 47198.367539270774
  },
  "responseTimeHistogram": {
    "0.002385509": 1,
    "0.0069515274": 62,
    "0.0115175458": 7956,
    "0.0160835642": 21634,
    "0.0206495826": 4480,
    "0.025215601": 1009,
    "0.0297816194": 818,
    "0.034347637800000004": 246,
    "0.0389136562": 81,
    "0.0434796746": 19,
    "0.048045693": 6
  },
  "latencyPercentiles": {
    "p10": 0.011273745,
    "p25": 0.011563141,
    "p50": 0.012093249,
    "p75": 0.014347651,
    "p90": 0.018222073,
    "p95": 0.021713687,
    "p99": 0.029661305
  },
  "rps": {
    "mean": 3741.965005206797,
    "stddev": 1197.5865315223346,
    "max": 20928.30423391276,
    "percentiles": {
      "p10": 2108.0231360557927,
      "p25": 3605.104106393824,
      "p50": 4042.5110461614954,
      "p75": 4313.269774461217,
      "p90": 4633.072259711575,
      "p95": 4851.15732982402,
      "p99": 5198.835460856569
    }
  },
  "details": {
    "DNSDialup": {
      "average": 0.002881657459999999,
      "fastest": 0.0000909,
      "slowest": 0.006061824
    },
    "DNSLookup": {
      "average": 0.00000969202,
      "fastest": 0.0000062,
      "slowest": 0.0000709
    }
  },
  "statusCodeDistribution": {
    "200": 36312
  },
  "errorDistribution": {}
}