{
  "summary": {
    "successRate": 1,
    "total": 10.000324469,
    "slowest": 0.025815689,
    "fastest": 0.001613019,
    "average": 0.007495929558089653,
    "requestsPerSec": 6660.18389767909,
    "totalData": 865852,
    "sizePerRequest": 13,
    "sizePerSec": 86582.39066982816
  },
  "responseTimeHistogram": {
    "0.001613019": 1,
    "0.004033286": 4897,
    "0.006453553": 19840,
    "0.00887382": 26296,
    "0.011294087": 10422,
    "0.013714354": 2822,
    "0.016134621": 1603,
    "0.018554888": 533,
    "0.020975155": 101,
    "0.023395422": 61,
    "0.025815689": 28
  },
  "latencyPercentiles": {
    "p10": 0.004326582,
    "p25": 0.005748828,
    "p50": 0.007298716,
    "p75": 0.008733825,
    "p90": 0.010714859,
    "p95": 0.012584679,
    "p99": 0.016567061
  },
  "rps": {
    "mean": 6685.215751451691,
    "stddev": 1586.5388358971998,
    "max": 10981.731669732715,
    "percentiles": {
      "p10": 5183.969418239718,
      "p25": 6049.925192675005,
      "p50": 7030.056302716692,
      "p75": 7551.279226974114,
      "p90": 8349.368983865099,
      "p95": 8700.776979384205,
      "p99": 9217.09582882872
    }
  },
  "details": {
    "DNSDialup": {
      "average": 0.0012632817800000001,
      "fastest": 0.000094637,
      "slowest": 0.002964078
    },
    "DNSLookup": {
      "average": 0.00000903568,
      "fastest": 0.000003576,
      "slowest": 0.000040015
    }
  },
  "statusCodeDistribution": {
    "200": 66604
  },
  "errorDistribution": {}
}