{
  "summary": {
    "successRate": 1,
    "total": 10.000628114,
    "slowest": 0.024747254,
    "fastest": 0.003716959,
    "average": 0.008363667496583066,
    "requestsPerSec": 5970.025014370813,
    "totalData": 776152,
    "sizePerRequest": 13,
    "sizePerSec": 77610.32518682057
  },
  "responseTimeHistogram": {
    "0.003716959": 1,
    "0.0058199885": 875,
    "0.007923018": 22619,
    "0.0100260475": 30005,
    "0.012129077": 3038,
    "0.0142321065": 1259,
    "0.016335136": 1730,
    "0.0184381655": 97,
    "0.020541194999999998": 56,
    "0.022644224499999997": 11,
    "0.024747253999999996": 13
  },
  "latencyPercentiles": {
    "p10": 0.006844609,
    "p25": 0.007122804,
    "p50": 0.008056228,
    "p75": 0.008691662,
    "p90": 0.010066434,
    "p95": 0.012504098,
    "p99": 0.015129772
  },
  "rps": {
    "mean": 6011.368388699315,
    "stddev": 1490.8473802215626,
    "max": 10511.087006983062,
    "percentiles": {
      "p10": 4824.949330492751,
      "p25": 5507.768707762164,
      "p50": 6233.650692646114,
      "p75": 6705.144186619941,
      "p90": 7507.414972922933,
      "p95": 7957.3202844450225,
      "p99": 8641.378011747243
    }
  },
  "details": {
    "DNSDialup": {
      "average": 0.00068528836,
      "fastest": 0.000102471,
      "slowest": 0.001421666
    },
    "DNSLookup": {
      "average": 0.00000818704,
      "fastest": 0.000004257,
      "slowest": 0.000035556
    }
  },
  "statusCodeDistribution": {
    "200": 59704
  },
  "errorDistribution": {}
}