{
  "summary": {
    "successRate": 1,
    "total": 10.000775235,
    "slowest": 0.032165974,
    "fastest": 0.001583394,
    "average": 0.007729905721973012,
    "requestsPerSec": 6462.898973451431,
    "totalData": 840242,
    "sizePerRequest": 13,
    "sizePerSec": 84017.68665486861
  },
  "responseTimeHistogram": {
    "0.001583394": 1,
    "0.0046416520000000005": 140,
    "0.007699910000000001": 47193,
    "0.010758168": 11901,
    "0.013816426000000001": 3122,
    "0.016874684": 461,
    "0.019932942": 927,
    "0.0229912": 446,
    "0.026049458": 334,
    "0.029107716000000002": 105,
    "0.03216597400000001": 4
  },
  "latencyPercentiles": {
    "p10": 0.006269578,
    "p25": 0.006315875,
    "p50": 0.006578576,
    "p75": 0.007808771,
    "p90": 0.010435959,
    "p95": 0.01261255,
    "p99": 0.020909625
  },
  "rps": {
    "mean": 6620.964641418962,
    "stddev": 1856.7911618259427,
    "max": 9876.777326079764,
    "percentiles": {
      "p10": 4330.109851865947,
      "p25": 6163.381129848844,
      "p50": 7262.1194435077105,
      "p75": 7753.605325780154,
      "p90": 8144.910220464689,
      "p95": 8371.779188997036,
      "p99": 8661.633295317877
    }
  },
  "details": {
    "DNSDialup": {
      "average": 0.0018719567199999996,
      "fastest": 0.0000731,
      "slowest": 0.004270683
    },
    "DNSLookup": {
      "average": 0.000004345980000000001,
      "fastest": 0.0000028,
      "slowest": 0.0000434
    }
  },
  "statusCodeDistribution": {
    "200": 64634
  },
  "errorDistribution": {}
}