{
  "summary": {
    "successRate": 1,
    "total": 10.000385723,
    "slowest": 0.024295335,
    "fastest": 0.002690829,
    "average": 0.008144212563346057,
    "requestsPerSec": 6131.163506921862,
    "totalData": 797082,
    "sizePerRequest": 13,
    "sizePerSec": 79705.12558998419
  },
  "responseTimeHistogram": {
    "0.002690829": 1,
    "0.0048512796": 20,
    "0.0070117302": 16217,
    "0.0091721808": 35429,
    "0.011332631400000001": 6347,
    "0.013493082000000002": 837,
    "0.0156535326": 1927,
    "0.0178139832": 440,
    "0.0199744338": 76,
    "0.0221348844": 8,
    "0.024295335": 12
  },
  "latencyPercentiles": {
    "p10": 0.006633537,
    "p25": 0.006970188,
    "p50": 0.007918043,
    "p75": 0.008402325,
    "p90": 0.009986356,
    "p95": 0.011887842,
    "p99": 0.015555135
  },
  "rps": {
    "mean": 6185.513978693808,
    "stddev": 1619.5122470146075,
    "max": 11182.593272552564,
    "percentiles": {
      "p10": 4841.793278622603,
      "p25": 5661.380689434878,
      "p50": 6328.256297192487,
      "p75": 6955.066740921228,
      "p90": 7850.594727842494,
      "p95": 8365.378781327485,
      "p99": 9126.350394762017
    }
  },
  "details": {
    "DNSDialup": {
      "average": 0.0011549041200000004,
      "fastest": 0.000140764,
      "slowest": 0.002392169
    },
    "DNSLookup": {
      "average": 0.000020255780000000005,
      "fastest": 0.000004338,
      "slowest": 0.000560984
    }
  },
  "statusCodeDistribution": {
    "200": 61314
  },
  "errorDistribution": {}
}