{
  "summary": {
    "successRate": 1,
    "total": 10.000662236,
    "slowest": 0.023969203,
    "fastest": 0.004935089,
    "average": 0.00830771748985266,
    "requestsPerSec": 6011.001929812601,
    "totalData": 781482,
    "sizePerRequest": 13,
    "sizePerSec": 78143.02508756382
  },
  "responseTimeHistogram": {
    "0.004935089": 1,
    "0.0068385004": 6327,
    "0.0087419118": 40174,
    "0.010645323200000001": 9398,
    "0.0125487346": 1203,
    "0.014452146": 1661,
    "0.0163555574": 1213,
    "0.0182589688": 60,
    "0.020162380200000003": 48,
    "0.022065791600000002": 17,
    "0.023969203": 12
  },
  "latencyPercentiles": {
    "p10": 0.006826819,
    "p25": 0.007119026,
    "p50": 0.008013922,
    "p75": 0.00855865,
    "p90": 0.009970123,
    "p95": 0.012566222,
    "p99": 0.014933804
  },
  "rps": {
    "mean": 6056.18736042534,
    "stddev": 1477.6897042457836,
    "max": 10566.675723816787,
    "percentiles": {
      "p10": 4934.543283346412,
      "p25": 5546.95716770227,
      "p50": 6247.6063121569105,
      "p75": 6747.722593269057,
      "p90": 7507.922359673919,
      "p95": 8023.666607024085,
      "p99": 8842.284689613509
    }
  },
  "details": {
    "DNSDialup": {
      "average": 0.0008887532199999998,
      "fastest": 0.000094644,
      "slowest": 0.001773896
    },
    "DNSLookup": {
      "average": 0.000007448959999999999,
      "fastest": 0.000003566,
      "slowest": 0.000047409
    }
  },
  "statusCodeDistribution": {
    "200": 60114
  },
  "errorDistribution": {}
}