{
  "summary": {
    "successRate": 1,
    "total": 10.000404679,
    "slowest": 0.04114413,
    "fastest": 0.002106727,
    "average": 0.011033060691714714,
    "requestsPerSec": 4527.116797090167,
    "totalData": 588549,
    "sizePerRequest": 13,
    "sizePerSec": 58852.518362172166
  },
  "responseTimeHistogram": {
    "0.002106727": 1,
    "0.0060104673": 77,
    "0.009914207599999999": 27057,
    "0.013817947899999999": 10706,
    "0.0177216882": 5561,
    "0.0216254285": 363,
    "0.025529168799999998": 1119,
    "0.029432909099999998": 277,
    "0.0333366494": 87,
    "0.0372403897": 17,
    "0.04114413": 8
  },
  "latencyPercentiles": {
    "p10": 0.009178318,
    "p25": 0.009379921,
    "p50": 0.009767325,
    "p75": 0.010676337,
    "p90": 0.014836091,
    "p95": 0.016991023,
    "p99": 0.025439028
  },
  "rps": {
    "mean": 4654.9377920049155,
    "stddev": 1317.0022591921534,
    "max": 6784.5403663856305,
    "percentiles": {
      "p10": 2350.2180491431677,
      "p25": 4717.2045885754005,
      "p50": 5103.250260090452,
      "p75": 5337.389458851903,
      "p90": 5478.43475032013,
      "p95": 5755.558606915102,
      "p99": 6586.537982023919
    }
  },
  "details": {
    "DNSDialup": {
      "average": 0.00208359886,
      "fastest": 0.000082301,
      "slowest": 0.004348256
    },
    "DNSLookup": {
      "average": 0.000044706620000000005,
      "fastest": 0.000004,
      "slowest": 0.001991926
    }
  },
  "statusCodeDistribution": {
    "200": 45273
  },
  "errorDistribution": {}
}