{
  "summary": {
    "successRate": 1,
    "total": 10.000590753,
    "slowest": 0.023989698,
    "fastest": 0.002800916,
    "average": 0.008127974201718633,
    "requestsPerSec": 6143.837050983061,
    "totalData": 798746,
    "sizePerRequest": 13,
    "sizePerSec": 79869.8816627798
  },
  "responseTimeHistogram": {
    "0.002800916": 1,
    "0.0049197942": 38,
    "0.007038672399999999": 17556,
    "0.0091575506": 33341,
    "0.0112764288": 6707,
    "0.013395307": 921,
    "0.015514185199999999": 2279,
    "0.0176330634": 470,
    "0.0197519416": 89,
    "0.0218708198": 28,
    "0.023989698": 12
  },
  "latencyPercentiles": {
    "p10": 0.006521995,
    "p25": 0.006929053,
    "p50": 0.007820696,
    "p75": 0.008447081,
    "p90": 0.009983223,
    "p95": 0.012845711,
    "p99": 0.015503173
  },
  "rps": {
    "mean": 6218.02182024078,
    "stddev": 1701.3403648097803,
    "max": 11581.841035826805,
    "percentiles": {
      "p10": 4863.9911540214725,
      "p25": 5610.012188753178,
      "p50": 6383.572561655501,
      "p75": 7129.841237515656,
      "p90": 7944.039298440223,
      "p95": 8544.216581302717,
      "p99": 9164.58950658003
    }
  },
  "details": {
    "DNSDialup": {
      "average": 0.0008994504000000001,
      "fastest": 0.000111439,
      "slowest": 0.001389628
    },
    "DNSLookup": {
      "average": 0.000008332879999999998,
      "fastest": 0.000004278,
      "slowest": 0.000033061
    }
  },
  "statusCodeDistribution": {
    "200": 61442
  },
  "errorDistribution": {}
}