{
  "summary": {
    "successRate": 1,
    "total": 10.000265509,
    "slowest": 0.030367091,
    "fastest": 0.0015997,
    "average": 0.007225461626261876,
    "requestsPerSec": 6914.016426641258,
    "totalData": 898846,
    "sizePerRequest": 13,
    "sizePerSec": 89882.21354633635
  },
  "responseTimeHistogram": {
    "0.0015997": 1,
    "0.0044764391": 14429,
    "0.0073531782": 28429,
    "0.010229917299999999": 18657,
    "0.0131066564": 3990,
    "0.0159833955": 1588,
    "0.018860134599999998": 1728,
    "0.0217368737": 135,
    "0.0246136128": 119,
    "0.0274903519": 40,
    "0.030367091000000002": 26
  },
  "latencyPercentiles": {
    "p10": 0.004112699,
    "p25": 0.005301398,
    "p50": 0.006876798,
    "p75": 0.008642298,
    "p90": 0.010477097,
    "p95": 0.013293796,
    "p99": 0.018174295
  },
  "rps": {
    "mean": 7066.029795720035,
    "stddev": 2233.2329924678656,
    "max": 11312.217194557401,
    "percentiles": {
      "p10": 5029.3730474087415,
      "p25": 6100.600736321717,
      "p50": 7849.374923078724,
      "p75": 8336.014081636835,
      "p90": 8970.910924237254,
      "p95": 9164.246720981777,
      "p99": 11093.676901801375
    }
  },
  "details": {
    "DNSDialup": {
      "average": 0.0015909210400000002,
      "fastest": 0.0000662,
      "slowest": 0.003053799
    },
    "DNSLookup": {
      "average": 0.0000042900000000000004,
      "fastest": 0.0000029,
      "slowest": 0.0000304
    }
  },
  "statusCodeDistribution": {
    "200": 69142
  },
  "errorDistribution": {}
}