{
  "summary": {
    "successRate": 1,
    "total": 10.000727597,
    "slowest": 0.026106927,
    "fastest": 0.004141338,
    "average": 0.008072449992968639,
    "requestsPerSec": 6186.149897589297,
    "totalData": 804258,
    "sizePerRequest": 13,
    "sizePerSec": 80419.94866866086
  },
  "responseTimeHistogram": {
    "0.004141338": 1,
    "0.0063378969": 2048,
    "0.0085344558": 46235,
    "0.0107310147": 9867,
    "0.0129275736": 1006,
    "0.0151241325": 2480,
    "0.0173206914": 108,
    "0.019517250300000004": 78,
    "0.021713809200000003": 24,
    "0.023910368100000003": 11,
    "0.026106927000000002": 8
  },
  "latencyPercentiles": {
    "p10": 0.00654719,
    "p25": 0.007076876,
    "p50": 0.007792482,
    "p75": 0.008265613,
    "p90": 0.009521194,
    "p95": 0.012720981,
    "p99": 0.014254876
  },
  "rps": {
    "mean": 6258.4033636674885,
    "stddev": 1563.632167540085,
    "max": 11508.314181578826,
    "percentiles": {
      "p10": 5125.142926167353,
      "p25": 5626.46746560493,
      "p50": 6403.342442302055,
      "p75": 6996.020663447228,
      "p90": 7900.667606412712,
      "p95": 8537.870674025866,
      "p99": 9395.697560610026
    }
  },
  "details": {
    "DNSDialup": {
      "average": 0.0008358926399999999,
      "fastest": 0.000097211,
      "slowest": 0.001783624
    },
    "DNSLookup": {
      "average": 0.000041316740000000007,
      "fastest": 0.000003587,
      "slowest": 0.001701764
    }
  },
  "statusCodeDistribution": {
    "200": 61866
  },
  "errorDistribution": {}
}