{
  "summary": {
    "successRate": 1,
    "total": 10.000611368,
    "slowest": 0.024572595,
    "fastest": 0.005209331,
    "average": 0.008034178629799446,
    "requestsPerSec": 6216.519941863618,
    "totalData": 808197,
    "sizePerRequest": 13,
    "sizePerSec": 80814.75924422704
  },
  "responseTimeHistogram": {
    "0.005209331": 1,
    "0.0071456574": 15660,
    "0.0090819838": 37618,
    "0.011018310199999999": 5325,
    "0.0129546366": 866,
    "0.014890963": 2445,
    "0.0168272894": 144,
    "0.018763615799999998": 39,
    "0.020699942199999998": 51,
    "0.0226362686": 7,
    "0.024572595": 13
  },
  "latencyPercentiles": {
    "p10": 0.006521247,
    "p25": 0.007129124,
    "p50": 0.007757313,
    "p75": 0.008190264,
    "p90": 0.009366418,
    "p95": 0.012153894,
    "p99": 0.014288763
  },
  "rps": {
    "mean": 6281.2168140357135,
    "stddev": 1539.8775026664441,
    "max": 11574.820466267725,
    "percentiles": {
      "p10": 5125.133655446619,
      "p25": 5710.211571353138,
      "p50": 6500.323716120273,
      "p75": 7019.670520733009,
      "p90": 7856.639298365883,
      "p95": 8467.925990326106,
      "p99": 9089.599821277563
    }
  },
  "details": {
    "DNSDialup": {
      "average": 0.00053222084,
      "fastest": 0.000071313,
      "slowest": 0.000936355
    },
    "DNSLookup": {
      "average": 0.0000060378,
      "fastest": 0.000003056,
      "slowest": 0.000032721
    }
  },
  "statusCodeDistribution": {
    "200": 62169
  },
  "errorDistribution": {}
}