{
  "summary": {
    "successRate": 1,
    "total": 10.000633197,
    "slowest": 0.023706912,
    "fastest": 0.004618396,
    "average": 0.008031753682446782,
    "requestsPerSec": 6218.40625238162,
    "totalData": 808444,
    "sizePerRequest": 13,
    "sizePerSec": 80839.28128096106
  },
  "responseTimeHistogram": {
    "0.004618396": 1,
    "0.0065272476": 6230,
    "0.0084360992": 41831,
    "0.0103449508": 9996,
    "0.0122538024": 1005,
    "0.014162654": 1759,
    "0.0160715056": 1275,
    "0.017980357199999998": 60,
    "0.019889208800000002": 10,
    "0.0217980604": 7,
    "0.023706912": 14
  },
  "latencyPercentiles": {
    "p10": 0.00652681,
    "p25": 0.00700173,
    "p50": 0.007774247,
    "p75": 0.008246814,
    "p90": 0.009568456,
    "p95": 0.012457723,
    "p99": 0.014419589
  },
  "rps": {
    "mean": 6282.930470781487,
    "stddev": 1577.5643514521007,
    "max": 11090.705333575688,
    "percentiles": {
      "p10": 5109.370155678425,
      "p25": 5643.242769820889,
      "p50": 6470.766895071433,
      "p75": 7024.30056781374,
      "p90": 7907.3918298826275,
      "p95": 8682.861559025218,
      "p99": 9406.855818769112
    }
  },
  "details": {
    "DNSDialup": {
      "average": 0.00069264698,
      "fastest": 0.000107512,
      "slowest": 0.00099676
    },
    "DNSLookup": {
      "average": 0.000007047360000000002,
      "fastest": 0.000002655,
      "slowest": 0.000028784
    }
  },
  "statusCodeDistribution": {
    "200": 62188
  },
  "errorDistribution": {}
}