{
  "summary": {
    "successRate": 1,
    "total": 10.000605466,
    "slowest": 0.024549828,
    "fastest": 0.004586111,
    "average": 0.007785777494933363,
    "requestsPerSec": 6414.211641293439,
    "totalData": 833898,
    "sizePerRequest": 13,
    "sizePerSec": 83384.75133681472
  },
  "responseTimeHistogram": {
    "0.004586111": 1,
    "0.0065824827": 13238,
    "0.0085788544": 38960,
    "0.010575226100000001": 7560,
    "0.0125715978": 1150,
    "0.0145679695": 2664,
    "0.0165643412": 430,
    "0.0185607129": 70,
    "0.0205570846": 53,
    "0.0225534563": 9,
    "0.024549828": 11
  },
  "latencyPercentiles": {
    "p10": 0.006381109,
    "p25": 0.006652651,
    "p50": 0.00754112,
    "p75": 0.008129549,
    "p90": 0.009514458,
    "p95": 0.012721693,
    "p99": 0.014516781
  },
  "rps": {
    "mean": 6471.852797885007,
    "stddev": 1652.4638885567708,
    "max": 11603.490175132349,
    "percentiles": {
      "p10": 5038.372346615844,
      "p25": 5887.6334761141825,
      "p50": 6639.285315137881,
      "p75": 7476.390014978438,
      "p90": 8070.754692235287,
      "p95": 8671.995776133235,
      "p99": 9689.095263711763
    }
  },
  "details": {
    "DNSDialup": {
      "average": 0.0008564603000000002,
      "fastest": 0.000124162,
      "slowest": 0.001265472
    },
    "DNSLookup": {
      "average": 0.000007290680000000001,
      "fastest": 0.000004058,
      "slowest": 0.000032341
    }
  },
  "statusCodeDistribution": {
    "200": 64146
  },
  "errorDistribution": {}
}