{
  "summary": {
    "successRate": 0.0009207446561158216,
    "total": 10.000254125,
    "slowest": 0.04054042,
    "fastest": 0.006800754,
    "average": 0.01876361744107741,
    "requestsPerSec": 64511.36060504863,
    "totalData": 7722,
    "sizePerRequest": 13,
    "sizePerSec": 772.1803769661703
  },
  "responseTimeHistogram": {
    "0.006800754": 1,
    "0.0101747206": 48,
    "0.0135486872": 79,
    "0.0169226538": 67,
    "0.0202966204": 147,
    "0.023670587": 163,
    "0.0270445536": 48,
    "0.0304185202": 11,
    "0.0337924868": 16,
    "0.0371664534": 9,
    "0.04054042": 5
  },
  "latencyPercentiles": {
    "p10": 0.011078887,
    "p25": 0.014266912,
    "p50": 0.018411545,
    "p75": 0.022312575,
    "p90": 0.024999197,
    "p95": 0.031052845,
    "p99": 0.037098092
  },
  "rps": {
    "mean": 2689.2483135285465,
    "stddev": 1049.3978021451605,
    "max": 4685.527999321107,
    "percentiles": {
      "p10": 1603.2901116380815,
      "p25": 2312.32980498606,
      "p50": 2728.4363088984287,
      "p75": 3335.497026455009,
      "p90": 3695.576477081184,
      "p95": 4104.425828023046,
      "p99": 4685.527999321107
    }
  },
  "details": {
    "DNSDialup": {
      "average": 0.002222811520000001,
      "fastest": 0.0000703,
      "slowest": 0.006063748
    },
    "DNSLookup": {
      "average": 0.0000657985,
      "fastest": 0.0000034,
      "slowest": 0.003100624
    }
  },
  "statusCodeDistribution": {
    "200": 594
  },
  "errorDistribution": {
    "Connection refused (os error 111)": 644536
  }
}