{
  "summary": {
    "successRate": 1,
    "total": 10.000386398,
    "slowest": 0.024903318,
    "fastest": 0.003277991,
    "average": 0.007837684496115585,
    "requestsPerSec": 6371.4538082991385,
    "totalData": 828321,
    "sizePerRequest": 13,
    "sizePerSec": 82828.8995078888
  },
  "responseTimeHistogram": {
    "0.003277991": 1,
    "0.0054405237": 250,
    "0.0076030564": 25637,
    "0.0097655891": 33660,
    "0.0119281218": 2076,
    "0.0140906545": 1625,
    "0.016253187199999998": 342,
    "0.0184157199": 66,
    "0.0205782526": 27,
    "0.0227407853": 24,
    "0.024903318": 9
  },
  "latencyPercentiles": {
    "p10": 0.00656588,
    "p25": 0.006733024,
    "p50": 0.007838795,
    "p75": 0.008183487,
    "p90": 0.009405806,
    "p95": 0.010338505,
    "p99": 0.013920244
  },
  "rps": {
    "mean": 6401.896655109292,
    "stddev": 1357.9571900017033,
    "max": 10602.230238034655,
    "percentiles": {
      "p10": 5129.915099905423,
      "p25": 5697.083127620955,
      "p50": 6443.921015805582,
      "p75": 7182.430071738826,
      "p90": 8086.256523933411,
      "p95": 8489.444182119287,
      "p99": 9484.511853730532
    }
  },
  "details": {
    "DNSDialup": {
      "average": 0.0010999204999999998,
      "fastest": 0.000097771,
      "slowest": 0.001647181
    },
    "DNSLookup": {
      "average": 0.000025894000000000007,
      "fastest": 0.000004809,
      "slowest": 0.000826242
    }
  },
  "statusCodeDistribution": {
    "200": 63717
  },
  "errorDistribution": {}
}