{
  "summary": {
    "successRate": 1,
    "total": 10.000338185,
    "slowest": 0.024343727,
    "fastest": 0.004399019,
    "average": 0.008111944363773759,
    "requestsPerSec": 6156.091810209116,
    "totalData": 800319,
    "sizePerRequest": 13,
    "sizePerSec": 80029.1935327185
  },
  "responseTimeHistogram": {
    "0.004399019": 1,
    "0.006393489799999999": 2843,
    "0.0083879606": 44737,
    "0.0103824314": 9719,
    "0.012376902199999998": 1336,
    "0.014371373": 1424,
    "0.016365843799999998": 1276,
    "0.018360314599999997": 197,
    "0.0203547854": 11,
    "0.022349256199999997": 9,
    "0.024343727": 10
  },
  "latencyPercentiles": {
    "p10": 0.006704563,
    "p25": 0.006970593,
    "p50": 0.0078885,
    "p75": 0.008281734,
    "p90": 0.00993159,
    "p95": 0.01219067,
    "p99": 0.015335788
  },
  "rps": {
    "mean": 6216.443008166684,
    "stddev": 1576.2462920528385,
    "max": 10760.62736112861,
    "percentiles": {
      "p10": 4905.188217577761,
      "p25": 5631.746719432168,
      "p50": 6348.005522160278,
      "p75": 7022.975250414995,
      "p90": 7883.196895071368,
      "p95": 8355.751852200578,
      "p99": 9422.802445422987
    }
  },
  "details": {
    "DNSDialup": {
      "average": 0.0009882805400000002,
      "fastest": 0.000210641,
      "slowest": 0.001549861
    },
    "DNSLookup": {
      "average": 0.000010233079999999997,
      "fastest": 0.000003777,
      "slowest": 0.000112069
    }
  },
  "statusCodeDistribution": {
    "200": 61563
  },
  "errorDistribution": {}
}