{
  "summary": {
    "successRate": 1,
    "total": 10.001183604,
    "slowest": 0.024571318,
    "fastest": 0.004918304,
    "average": 0.008152350910881873,
    "requestsPerSec": 6125.974927157232,
    "totalData": 796471,
    "sizePerRequest": 13,
    "sizePerSec": 79637.67405304401
  },
  "responseTimeHistogram": {
    "0.004918304": 1,
    "0.0068836054": 11890,
    "0.0088489068": 37879,
    "0.010814208200000001": 7539,
    "0.0127795096": 1015,
    "0.014744811000000002": 2476,
    "0.0167101124": 325,
    "0.0186754138": 73,
    "0.0206407152": 50,
    "0.0226060166": 6,
    "0.024571318": 13
  },
  "latencyPercentiles": {
    "p10": 0.006626266,
    "p25": 0.007022766,
    "p50": 0.00791978,
    "p75": 0.008347224,
    "p90": 0.009680353,
    "p95": 0.012406569,
    "p99": 0.014673622
  },
  "rps": {
    "mean": 6180.604389164484,
    "stddev": 1531.4281028703392,
    "max": 11112.695111144707,
    "percentiles": {
      "p10": 5045.086423843711,
      "p25": 5679.387039983592,
      "p50": 6357.368807112633,
      "p75": 6843.811342691252,
      "p90": 7633.65755954555,
      "p95": 8285.761940374872,
      "p99": 8822.144464821213
    }
  },
  "details": {
    "DNSDialup": {
      "average": 0.00064704324,
      "fastest": 0.000072176,
      "slowest": 0.001073262
    },
    "DNSLookup": {
      "average": 0.000006588199999999999,
      "fastest": 0.000003336,
      "slowest": 0.000033694
    }
  },
  "statusCodeDistribution": {
    "200": 61267
  },
  "errorDistribution": {}
}