{
  "summary": {
    "successRate": 1,
    "total": 10.000451296,
    "slowest": 0.024190615,
    "fastest": 0.003226385,
    "average": 0.007858920937506867,
    "requestsPerSec": 6354.013245923817,
    "totalData": 826059,
    "sizePerRequest": 13,
    "sizePerSec": 82602.17219700963
  },
  "responseTimeHistogram": {
    "0.003226385": 1,
    "0.005322808": 404,
    "0.007419231": 24671,
    "0.009515654": 32340,
    "0.011612077": 2722,
    "0.0137085": 1980,
    "0.015804923": 1248,
    "0.017901346": 122,
    "0.019997769": 34,
    "0.022094192": 9,
    "0.024190615": 12
  },
  "latencyPercentiles": {
    "p10": 0.006418839,
    "p25": 0.006688372,
    "p50": 0.007729646,
    "p75": 0.008132639,
    "p90": 0.009463006,
    "p95": 0.011839884,
    "p99": 0.014242682
  },
  "rps": {
    "mean": 6414.095654060148,
    "stddev": 1630.404665374398,
    "max": 11469.685620903027,
    "percentiles": {
      "p10": 5123.041905578803,
      "p25": 5737.9808427945045,
      "p50": 6539.471596610052,
      "p75": 7280.523315926177,
      "p90": 8219.499941661821,
      "p95": 8815.710369941262,
      "p99": 9832.015454712471
    }
  },
  "details": {
    "DNSDialup": {
      "average": 0.0008359680799999999,
      "fastest": 0.000112301,
      "slowest": 0.00183297
    },
    "DNSLookup": {
      "average": 0.000007619979999999999,
      "fastest": 0.000003847,
      "slowest": 0.000034634
    }
  },
  "statusCodeDistribution": {
    "200": 63543
  },
  "errorDistribution": {}
}