{
  "summary": {
    "successRate": 1,
    "total": 10.000280179,
    "slowest": 0.024607902,
    "fastest": 0.004599202,
    "average": 0.007732503347389118,
    "requestsPerSec": 6457.419076678051,
    "totalData": 839488,
    "sizePerRequest": 13,
    "sizePerSec": 83946.44799681466
  },
  "responseTimeHistogram": {
    "0.004599202": 1,
    "0.006600072": 13146,
    "0.008600942": 40070,
    "0.010601812": 7174,
    "0.012602682": 1806,
    "0.014603552": 1482,
    "0.016604422": 778,
    "0.018605292000000002": 76,
    "0.020606162": 26,
    "0.022607032000000003": 11,
    "0.024607902": 6
  },
  "latencyPercentiles": {
    "p10": 0.005725812,
    "p25": 0.006670728,
    "p50": 0.007569468,
    "p75": 0.008087066,
    "p90": 0.009690449,
    "p95": 0.012002638,
    "p99": 0.014818278
  },
  "rps": {
    "mean": 6499.222260911178,
    "stddev": 1665.9409606778615,
    "max": 11127.241665699597,
    "percentiles": {
      "p10": 5018.68053267907,
      "p25": 5825.962820714078,
      "p50": 6664.89138196239,
      "p75": 7517.716250114744,
      "p90": 8459.948659545118,
      "p95": 8818.989047215764,
      "p99": 9697.36392080815
    }
  },
  "details": {
    "DNSDialup": {
      "average": 0.00119467384,
      "fastest": 0.000123831,
      "slowest": 0.00201431
    },
    "DNSLookup": {
      "average": 0.000010325100000000002,
      "fastest": 0.00000519,
      "slowest": 0.000028663
    }
  },
  "statusCodeDistribution": {
    "200": 64576
  },
  "errorDistribution": {}
}