{
  "summary": {
    "successRate": 1,
    "total": 10.001097896,
    "slowest": 0.024186876,
    "fastest": 0.00467942,
    "average": 0.007941489505893896,
    "requestsPerSec": 6285.40992735824,
    "totalData": 817193,
    "sizePerRequest": 13,
    "sizePerSec": 81710.32905565712
  },
  "responseTimeHistogram": {
    "0.00467942": 1,
    "0.0066301656": 13437,
    "0.0085809112": 36388,
    "0.0105316568": 8704,
    "0.0124824024": 1148,
    "0.014433148": 2641,
    "0.0163838936": 366,
    "0.018334639200000002": 126,
    "0.0202853848": 30,
    "0.0222361304": 6,
    "0.024186876": 14
  },
  "latencyPercentiles": {
    "p10": 0.00641635,
    "p25": 0.00679533,
    "p50": 0.00767217,
    "p75": 0.00815556,
    "p90": 0.009483248,
    "p95": 0.012601655,
    "p99": 0.014333851
  },
  "rps": {
    "mean": 6359.068687298212,
    "stddev": 1638.4412789606267,
    "max": 11592.353823933014,
    "percentiles": {
      "p10": 5122.418263530465,
      "p25": 5714.812221797569,
      "p50": 6524.697284159673,
      "p75": 7108.834148195904,
      "p90": 8168.35359975813,
      "p95": 8743.240570566126,
      "p99": 9674.190341402038
    }
  },
  "details": {
    "DNSDialup": {
      "average": 0.0009506836999999998,
      "fastest": 0.000116086,
      "slowest": 0.002236479
    },
    "DNSLookup": {
      "average": 0.000009424620000000003,
      "fastest": 0.000004619,
      "slowest": 0.000031709
    }
  },
  "statusCodeDistribution": {
    "200": 62861
  },
  "errorDistribution": {}
}