{
  "summary": {
    "successRate": 1,
    "total": 10.000376823,
    "slowest": 0.024810464,
    "fastest": 0.00289816,
    "average": 0.0077768012056908115,
    "requestsPerSec": 6420.558058605068,
    "totalData": 834704,
    "sizePerRequest": 13,
    "sizePerSec": 83467.25476186589
  },
  "responseTimeHistogram": {
    "0.00289816": 1,
    "0.005089390399999999": 17,
    "0.0072806208": 21645,
    "0.009471851199999999": 37917,
    "0.0116630816": 2734,
    "0.013854312": 1691,
    "0.016045542399999998": 162,
    "0.0182367728": 10,
    "0.0204280032": 11,
    "0.0226192336": 10,
    "0.024810464": 10
  },
  "latencyPercentiles": {
    "p10": 0.006525693,
    "p25": 0.006748284,
    "p50": 0.007732179,
    "p75": 0.008053287,
    "p90": 0.009191524,
    "p95": 0.009994323,
    "p99": 0.013184754
  },
  "rps": {
    "mean": 6446.224567793361,
    "stddev": 1276.3766286074804,
    "max": 10979.28699108674,
    "percentiles": {
      "p10": 5162.75535645992,
      "p25": 5709.029972707939,
      "p50": 6523.881319960054,
      "p75": 7051.036104428127,
      "p90": 7941.362587034812,
      "p95": 8646.047117739747,
      "p99": 9281.55423257512
    }
  },
  "details": {
    "DNSDialup": {
      "average": 0.00072921162,
      "fastest": 0.000087269,
      "slowest": 0.001223202
    },
    "DNSLookup": {
      "average": 0.00000773686,
      "fastest": 0.000004438,
      "slowest": 0.000033172
    }
  },
  "statusCodeDistribution": {
    "200": 64208
  },
  "errorDistribution": {}
}