{
  "summary": {
    "successRate": 1,
    "total": 10.00037758,
    "slowest": 0.02368162,
    "fastest": 0.004583151,
    "average": 0.007304029054686947,
    "requestsPerSec": 6836.841854525256,
    "totalData": 888823,
    "sizePerRequest": 13,
    "sizePerSec": 88878.94410882833
  },
  "responseTimeHistogram": {
    "0.004583151": 1,
    "0.0064929979": 23038,
    "0.0084028448": 36177,
    "0.010312691700000001": 5116,
    "0.0122225386": 1509,
    "0.0141323855": 1826,
    "0.016042232400000002": 565,
    "0.0179520793": 76,
    "0.0198619262": 44,
    "0.021771773100000003": 7,
    "0.02368162": 12
  },
  "latencyPercentiles": {
    "p10": 0.00586211,
    "p25": 0.00642613,
    "p50": 0.006726856,
    "p75": 0.007697292,
    "p90": 0.0088838,
    "p95": 0.011212486,
    "p99": 0.014171003
  },
  "rps": {
    "mean": 6860.055493491698,
    "stddev": 1599.7636102429803,
    "max": 11349.878934628394,
    "percentiles": {
      "p10": 5230.81788666138,
      "p25": 6206.034126981669,
      "p50": 7206.239161866854,
      "p75": 7780.826447049538,
      "p90": 8321.627910941572,
      "p95": 9032.527033098837,
      "p99": 9696.971655953577
    }
  },
  "details": {
    "DNSDialup": {
      "average": 0.0010165769,
      "fastest": 0.00013858,
      "slowest": 0.002227257
    },
    "DNSLookup": {
      "average": 0.000009082459999999999,
      "fastest": 0.000004208,
      "slowest": 0.000039444
    }
  },
  "statusCodeDistribution": {
    "200": 68371
  },
  "errorDistribution": {}
}