{
  "summary": {
    "successRate": 0.022836541974402966,
    "total": 10.000374989,
    "slowest": 0.0263502,
    "fastest": 0.002599053,
    "average": 0.00768025193645616,
    "requestsPerSec": 68427.23405399293,
    "totalData": 203151,
    "sizePerRequest": 13,
    "sizePerSec": 20314.33823466197
  },
  "responseTimeHistogram": {
    "0.002599053": 1,
    "0.0049741677000000005": 27,
    "0.0073492824000000005": 9348,
    "0.0097243971": 4291,
    "0.0120995118": 921,
    "0.0144746265": 782,
    "0.0168497412": 156,
    "0.0192248559": 61,
    "0.0215999706": 10,
    "0.0239750853": 15,
    "0.0263502": 15
  },
  "latencyPercentiles": {
    "p10": 0.005588797,
    "p25": 0.00641045,
    "p50": 0.006917124,
    "p75": 0.008354226,
    "p90": 0.010769395,
    "p95": 0.013134904,
    "p99": 0.015498857
  },
  "rps": {
    "mean": 6550.02222474347,
    "stddev": 1872.5920007923578,
    "max": 9825.601648432637,
    "percentiles": {
      "p10": 4137.990894401507,
      "p25": 5686.655442813262,
      "p50": 6835.78022365087,
      "p75": 7790.427655527174,
      "p90": 8679.892508214558,
      "p95": 9097.626631382136,
      "p99": 9598.04224707287
    }
  },
  "details": {
    "DNSDialup": {
      "average": 0.0012065421600000006,
      "fastest": 0.000084686,
      "slowest": 0.002254608
    },
    "DNSLookup": {
      "average": 0.000006747760000000001,
      "fastest": 0.000003957,
      "slowest": 0.000009848
    }
  },
  "statusCodeDistribution": {
    "200": 15627
  },
  "errorDistribution": {
    "Connection refused (os error 111)": 668671
  }
}