{
  "summary": {
    "successRate": 1,
    "total": 10.000981556,
    "slowest": 0.024309022,
    "fastest": 0.003257471,
    "average": 0.007604822614856137,
    "requestsPerSec": 6564.9556128428485,
    "totalData": 853528,
    "sizePerRequest": 13,
    "sizePerSec": 85344.42296695703
  },
  "responseTimeHistogram": {
    "0.003257471": 1,
    "0.0053626261": 3190,
    "0.007467781199999999": 39661,
    "0.0095729363": 15485,
    "0.011678091399999998": 3714,
    "0.013783246499999997": 474,
    "0.015888401599999998": 2077,
    "0.0179935567": 837,
    "0.0200987118": 197,
    "0.022203866899999997": 6,
    "0.024309021999999996": 14
  },
  "latencyPercentiles": {
    "p10": 0.005731742,
    "p25": 0.006307501,
    "p50": 0.007038258,
    "p75": 0.008143117,
    "p90": 0.009693679,
    "p95": 0.012980506,
    "p99": 0.016589034
  },
  "rps": {
    "mean": 6770.389912493522,
    "stddev": 2344.293872479191,
    "max": 13991.737878777793,
    "percentiles": {
      "p10": 4957.28740470613,
      "p25": 5736.721809775092,
      "p50": 6735.255695940738,
      "p75": 8176.856753734885,
      "p90": 9450.220708380873,
      "p95": 10137.90383467884,
      "p99": 11666.841669195212
    }
  },
  "details": {
    "DNSDialup": {
      "average": 0.0006005282400000001,
      "fastest": 0.000082511,
      "slowest": 0.000904736
    },
    "DNSLookup": {
      "average": 0.000005941739999999999,
      "fastest": 0.000003036,
      "slowest": 0.000046263
    }
  },
  "statusCodeDistribution": {
    "200": 65656
  },
  "errorDistribution": {}
}