{
  "summary": {
    "successRate": 1,
    "total": 10.000641993,
    "slowest": 0.024188655,
    "fastest": 0.005123175,
    "average": 0.00789155408864513,
    "requestsPerSec": 6328.193734391987,
    "totalData": 822718,
    "sizePerRequest": 13,
    "sizePerSec": 82266.51854709584
  },
  "responseTimeHistogram": {
    "0.005123175": 1,
    "0.007029723": 19508,
    "0.008936270999999999": 33173,
    "0.010842819": 6642,
    "0.012749367": 1057,
    "0.014655914999999999": 2447,
    "0.016562463": 239,
    "0.018469011": 156,
    "0.020375558999999998": 45,
    "0.022282107": 7,
    "0.024188655": 11
  },
  "latencyPercentiles": {
    "p10": 0.006356509,
    "p25": 0.006687317,
    "p50": 0.007651114,
    "p75": 0.008189794,
    "p90": 0.00954391,
    "p95": 0.012418236,
    "p99": 0.014359291
  },
  "rps": {
    "mean": 6393.1877353458,
    "stddev": 1645.4463145365326,
    "max": 11560.978767879387,
    "percentiles": {
      "p10": 5050.482093768163,
      "p25": 5668.444770065469,
      "p50": 6558.4077585089135,
      "p75": 7266.231242278224,
      "p90": 8125.975565191497,
      "p95": 8808.690241470238,
      "p99": 9449.983935027201
    }
  },
  "details": {
    "DNSDialup": {
      "average": 0.00062151002,
      "fastest": 0.000082637,
      "slowest": 0.000862236
    },
    "DNSLookup": {
      "average": 0.00000692232,
      "fastest": 0.000003807,
      "slowest": 0.00003257
    }
  },
  "statusCodeDistribution": {
    "200": 63286
  },
  "errorDistribution": {}
}