{
  "summary": {
    "successRate": 1,
    "total": 10.000242096,
    "slowest": 0.024029925,
    "fastest": 0.003975072,
    "average": 0.00812221429789552,
    "requestsPerSec": 6148.651143615274,
    "totalData": 799344,
    "sizePerRequest": 13,
    "sizePerSec": 79932.46486699856
  },
  "responseTimeHistogram": {
    "0.003975072": 1,
    "0.0059805573": 2705,
    "0.0079860426": 34852,
    "0.0099915279": 17719,
    "0.0119970132": 2988,
    "0.0140024985": 1285,
    "0.0160079838": 1606,
    "0.0180134691": 280,
    "0.0200189544": 32,
    "0.0220244397": 7,
    "0.024029925": 13
  },
  "latencyPercentiles": {
    "p10": 0.006613529,
    "p25": 0.006930881,
    "p50": 0.007859272,
    "p75": 0.008312063,
    "p90": 0.010000377,
    "p95": 0.012125571,
    "p99": 0.015406326
  },
  "rps": {
    "mean": 6198.974491978511,
    "stddev": 1618.5082086557434,
    "max": 11037.300864864983,
    "percentiles": {
      "p10": 4805.5994845193445,
      "p25": 5555.8541125644515,
      "p50": 6386.845774097533,
      "p75": 7042.765078107404,
      "p90": 7957.684458873308,
      "p95": 8447.291315701872,
      "p99": 9031.855353832889
    }
  },
  "details": {
    "DNSDialup": {
      "average": 0.00103744296,
      "fastest": 0.000113167,
      "slowest": 0.00152425
    },
    "DNSLookup": {
      "average": 0.0000074076200000000006,
      "fastest": 0.000003958,
      "slowest": 0.000033011
    }
  },
  "statusCodeDistribution": {
    "200": 61488
  },
  "errorDistribution": {}
}