{
  "summary": {
    "successRate": 1,
    "total": 10.000246048,
    "slowest": 0.024602465,
    "fastest": 0.002661297,
    "average": 0.00806368539215602,
    "requestsPerSec": 6193.047621301888,
    "totalData": 805116,
    "sizePerRequest": 13,
    "sizePerSec": 80509.61907692454
  },
  "responseTimeHistogram": {
    "0.002661297": 1,
    "0.0048554138": 24,
    "0.0070495306": 15971,
    "0.0092436474": 37212,
    "0.0114377642": 5678,
    "0.013631881": 1270,
    "0.0158259978": 1637,
    "0.0180201146": 95,
    "0.0202142314": 22,
    "0.0224083482": 11,
    "0.024602465": 11
  },
  "latencyPercentiles": {
    "p10": 0.006683315,
    "p25": 0.007009648,
    "p50": 0.007874803,
    "p75": 0.008216511,
    "p90": 0.00964728,
    "p95": 0.011342476,
    "p99": 0.01463349
  },
  "rps": {
    "mean": 6242.302769237322,
    "stddev": 1485.3892455628268,
    "max": 11559.53006190071,
    "percentiles": {
      "p10": 5105.734761284139,
      "p25": 5658.479251366961,
      "p50": 6390.416079990276,
      "p75": 6883.548506801765,
      "p90": 7777.525440285687,
      "p95": 8339.650032112166,
      "p99": 9176.276951676311
    }
  },
  "details": {
    "DNSDialup": {
      "average": 0.00076328504,
      "fastest": 0.000092173,
      "slowest": 0.001810447
    },
    "DNSLookup": {
      "average": 0.00000687868,
      "fastest": 0.000003516,
      "slowest": 0.000030967
    }
  },
  "statusCodeDistribution": {
    "200": 61932
  },
  "errorDistribution": {}
}