{
  "summary": {
    "successRate": 1,
    "total": 10.000916271,
    "slowest": 0.024368093,
    "fastest": 0.001556523,
    "average": 0.007106647246801664,
    "requestsPerSec": 7026.456186196382,
    "totalData": 913523,
    "sizePerRequest": 13,
    "sizePerSec": 91343.93042055296
  },
  "responseTimeHistogram": {
    "0.001556523": 1,
    "0.0038376799999999996": 19,
    "0.006118836999999999": 11954,
    "0.008399994": 50866,
    "0.010681151": 3763,
    "0.012962307999999999": 1318,
    "0.015243465": 2093,
    "0.017524622": 223,
    "0.019805779": 14,
    "0.022086935999999998": 9,
    "0.024368092999999997": 11
  },
  "latencyPercentiles": {
    "p10": 0.005380004,
    "p25": 0.006400415,
    "p50": 0.006610571,
    "p75": 0.007388242,
    "p90": 0.008439986,
    "p95": 0.010955982,
    "p99": 0.013988979
  },
  "rps": {
    "mean": 7059.018940308004,
    "stddev": 1710.5776427713931,
    "max": 11514.204210169713,
    "percentiles": {
      "p10": 5410.982671527946,
      "p25": 6451.147276063328,
      "p50": 7379.7432920913825,
      "p75": 8031.852318331873,
      "p90": 8778.094316083021,
      "p95": 9407.220041381112,
      "p99": 10095.023942679103
    }
  },
  "details": {
    "DNSDialup": {
      "average": 0.00149836764,
      "fastest": 0.000113402,
      "slowest": 0.003222943
    },
    "DNSLookup": {
      "average": 0.00003002516000000001,
      "fastest": 0.000004218,
      "slowest": 0.001105798
    }
  },
  "statusCodeDistribution": {
    "200": 70271
  },
  "errorDistribution": {}
}