{
  "summary": {
    "successRate": 1,
    "total": 10.000455991,
    "slowest": 0.025621439,
    "fastest": 0.003879457,
    "average": 0.007270900201054161,
    "requestsPerSec": 6867.986825981923,
    "totalData": 892879,
    "sizePerRequest": 13,
    "sizePerSec": 89283.828737765
  },
  "responseTimeHistogram": {
    "0.003879457": 1,
    "0.0060536552": 10630,
    "0.0082278534": 48226,
    "0.0104020516": 7054,
    "0.0125762498": 2021,
    "0.014750448": 569,
    "0.0169246462": 126,
    "0.019098844400000002": 29,
    "0.0212730426": 11,
    "0.0234472408": 13,
    "0.025621439": 3
  },
  "latencyPercentiles": {
    "p10": 0.005638548,
    "p25": 0.006677336,
    "p50": 0.00683491,
    "p75": 0.007897572,
    "p90": 0.008659653,
    "p95": 0.009680889,
    "p99": 0.012710995
  },
  "rps": {
    "mean": 6881.953796904947,
    "stddev": 1297.0966253450208,
    "max": 10769.540186401575,
    "percentiles": {
      "p10": 5378.972263437115,
      "p25": 6264.158841381185,
      "p50": 7048.09828555871,
      "p75": 7638.94013118814,
      "p90": 8336.30447774955,
      "p95": 8758.729911677332,
      "p99": 9415.617685053732
    }
  },
  "details": {
    "DNSDialup": {
      "average": 0.0007464598000000003,
      "fastest": 0.00007524,
      "slowest": 0.001797238
    },
    "DNSLookup": {
      "average": 0.00000909762,
      "fastest": 0.000004388,
      "slowest": 0.000039754
    }
  },
  "statusCodeDistribution": {
    "200": 68683
  },
  "errorDistribution": {}
}