{
  "summary": {
    "successRate": 1,
    "total": 10.000395787,
    "slowest": 0.02455268,
    "fastest": 0.004855012,
    "average": 0.007808033038903673,
    "requestsPerSec": 6395.046892357561,
    "totalData": 831389,
    "sizePerRequest": 13,
    "sizePerSec": 83135.6096006483
  },
  "responseTimeHistogram": {
    "0.004855012": 1,
    "0.0068247788": 19481,
    "0.0087945456": 35193,
    "0.0107643124": 5394,
    "0.012734079200000002": 1613,
    "0.014703846": 1341,
    "0.0166736128": 864,
    "0.018643379600000003": 34,
    "0.0206131464": 11,
    "0.022582913200000002": 10,
    "0.02455268": 11
  },
  "latencyPercentiles": {
    "p10": 0.006460914,
    "p25": 0.006679571,
    "p50": 0.007683149,
    "p75": 0.008111448,
    "p90": 0.009611244,
    "p95": 0.011683948,
    "p99": 0.014957259
  },
  "rps": {
    "mean": 6440.742298030148,
    "stddev": 1624.4073554883696,
    "max": 10922.518385205327,
    "percentiles": {
      "p10": 5108.531247182781,
      "p25": 5737.4229147032,
      "p50": 6585.053205710595,
      "p75": 7438.966795870133,
      "p90": 8317.470014018121,
      "p95": 8745.342038858615,
      "p99": 9475.111319022322
    }
  },
  "details": {
    "DNSDialup": {
      "average": 0.0009947927399999998,
      "fastest": 0.000128787,
      "slowest": 0.001718408
    },
    "DNSLookup": {
      "average": 0.000009354200000000001,
      "fastest": 0.000004638,
      "slowest": 0.000037029
    }
  },
  "statusCodeDistribution": {
    "200": 63953
  },
  "errorDistribution": {}
}