{
  "summary": {
    "successRate": 1,
    "total": 10.000810025,
    "slowest": 0.021978954,
    "fastest": 0.002223735,
    "average": 0.007853575678463542,
    "requestsPerSec": 6357.08506021741,
    "totalData": 826488,
    "sizePerRequest": 13,
    "sizePerSec": 82642.10578282633
  },
  "responseTimeHistogram": {
    "0.002223735": 1,
    "0.0041992569": 14,
    "0.0061747788": 2972,
    "0.0081503007": 45973,
    "0.0101258226": 10157,
    "0.0121013445": 1530,
    "0.014076866399999999": 2151,
    "0.0160523883": 585,
    "0.0180279102": 153,
    "0.0200034321": 24,
    "0.021978954": 16
  },
  "latencyPercentiles": {
    "p10": 0.006373951,
    "p25": 0.006706152,
    "p50": 0.007660827,
    "p75": 0.00806946,
    "p90": 0.009385565,
    "p95": 0.011550756,
    "p99": 0.014137678
  },
  "rps": {
    "mean": 6412.246127745795,
    "stddev": 1595.2158804954267,
    "max": 11541.396439184075,
    "percentiles": {
      "p10": 5147.715762902623,
      "p25": 5752.309779441147,
      "p50": 6536.510806245379,
      "p75": 7148.402625608289,
      "p90": 8193.978376798925,
      "p95": 8917.667839063504,
      "p99": 9261.09637892132
    }
  },
  "details": {
    "DNSDialup": {
      "average": 0.0007977333399999998,
      "fastest": 0.000084601,
      "slowest": 0.001415503
    },
    "DNSLookup": {
      "average": 0.000021763139999999998,
      "fastest": 0.000005069,
      "slowest": 0.000291414
    }
  },
  "statusCodeDistribution": {
    "200": 63576
  },
  "errorDistribution": {}
}