{
  "summary": {
    "successRate": 1,
    "total": 10.000657334,
    "slowest": 0.025004641,
    "fastest": 0.005323021,
    "average": 0.008301092612941296,
    "requestsPerSec": 6016.004547566673,
    "totalData": 782132,
    "sizePerRequest": 13,
    "sizePerSec": 78208.05911836676
  },
  "responseTimeHistogram": {
    "0.005323021": 1,
    "0.007291183": 21341,
    "0.009259344999999999": 27201,
    "0.011227507": 7867,
    "0.013195669": 1060,
    "0.015163831": 1688,
    "0.017131992999999998": 833,
    "0.019100155": 96,
    "0.021068317": 50,
    "0.023036479": 15,
    "0.025004640999999998": 12
  },
  "latencyPercentiles": {
    "p10": 0.006774447,
    "p25": 0.007040945,
    "p50": 0.008011624,
    "p75": 0.008683519,
    "p90": 0.010085786,
    "p95": 0.012762303,
    "p99": 0.015365638
  },
  "rps": {
    "mean": 6064.079823518267,
    "stddev": 1607.297511195222,
    "max": 10884.96794520347,
    "percentiles": {
      "p10": 4811.331648297978,
      "p25": 5462.137826123725,
      "p50": 6254.072081812438,
      "p75": 6960.228696410386,
      "p90": 7610.364555488086,
      "p95": 8105.612325974513,
      "p99": 8875.001368709156
    }
  },
  "details": {
    "DNSDialup": {
      "average": 0.0005176355999999999,
      "fastest": 0.000077094,
      "slowest": 0.000767774
    },
    "DNSLookup": {
      "average": 0.000007049620000000001,
      "fastest": 0.000003717,
      "slowest": 0.000034154
    }
  },
  "statusCodeDistribution": {
    "200": 60164
  },
  "errorDistribution": {}
}