{
  "summary": {
    "successRate": 1,
    "total": 10.000734081,
    "slowest": 0.022991437,
    "fastest": 0.004752414,
    "average": 0.008095940521251314,
    "requestsPerSec": 6168.5471786718535,
    "totalData": 801970,
    "sizePerRequest": 13,
    "sizePerSec": 80191.1133227341
  },
  "responseTimeHistogram": {
    "0.004752414": 1,
    "0.0065763163": 6081,
    "0.0084002186": 41124,
    "0.0102241209": 10044,
    "0.0120480232": 1305,
    "0.0138719255": 1526,
    "0.0156958278": 1365,
    "0.0175197301": 165,
    "0.019343632399999998": 55,
    "0.0211675347": 12,
    "0.022991437": 12
  },
  "latencyPercentiles": {
    "p10": 0.006580777,
    "p25": 0.0069957,
    "p50": 0.007890637,
    "p75": 0.008316831,
    "p90": 0.009703694,
    "p95": 0.012153758,
    "p99": 0.014747718
  },
  "rps": {
    "mean": 6221.693996452858,
    "stddev": 1551.8900407858312,
    "max": 11184.425017097563,
    "percentiles": {
      "p10": 5041.245962088059,
      "p25": 5668.425835632067,
      "p50": 6331.543152822368,
      "p75": 6942.440346782072,
      "p90": 7877.17902464742,
      "p95": 8440.165103316429,
      "p99": 8951.999903105921
    }
  },
  "details": {
    "DNSDialup": {
      "average": 0.0009294932199999999,
      "fastest": 0.000093214,
      "slowest": 0.001458927
    },
    "DNSLookup": {
      "average": 0.00000628692,
      "fastest": 0.000002595,
      "slowest": 0.000026079
    }
  },
  "statusCodeDistribution": {
    "200": 61690
  },
  "errorDistribution": {}
}