{
  "summary": {
    "successRate": 1,
    "total": 10.000732688,
    "slowest": 0.023606565,
    "fastest": 0.004715348,
    "average": 0.007835457964859547,
    "requestsPerSec": 6373.932989578573,
    "totalData": 828672,
    "sizePerRequest": 13,
    "sizePerSec": 82861.12886452145
  },
  "responseTimeHistogram": {
    "0.004715348": 1,
    "0.006604469700000001": 14490,
    "0.0084935914": 36486,
    "0.0103827131": 8635,
    "0.012271834799999999": 1080,
    "0.014160956499999999": 2443,
    "0.0160500782": 471,
    "0.0179391999": 63,
    "0.0198283216": 56,
    "0.0217174433": 7,
    "0.023606565": 12
  },
  "latencyPercentiles": {
    "p10": 0.006398015,
    "p25": 0.006709362,
    "p50": 0.007586709,
    "p75": 0.00804716,
    "p90": 0.009264797,
    "p95": 0.011904254,
    "p99": 0.014135957
  },
  "rps": {
    "mean": 6440.163202117265,
    "stddev": 1594.1292064131137,
    "max": 11774.079977230378,
    "percentiles": {
      "p10": 5205.112982482843,
      "p25": 5841.813951721806,
      "p50": 6603.41858980395,
      "p75": 7206.959761041148,
      "p90": 8164.168363112594,
      "p95": 8716.786423174155,
      "p99": 9413.291113399162
    }
  },
  "details": {
    "DNSDialup": {
      "average": 0.0007269494000000001,
      "fastest": 0.000076573,
      "slowest": 0.001515444
    },
    "DNSLookup": {
      "average": 0.000006908799999999998,
      "fastest": 0.000003426,
      "slowest": 0.000030005
    }
  },
  "statusCodeDistribution": {
    "200": 63744
  },
  "errorDistribution": {}
}