{
  "summary": {
    "successRate": 1,
    "total": 10.000675314,
    "slowest": 0.02523726,
    "fastest": 0.005351966,
    "average": 0.008221779880338374,
    "requestsPerSec": 6073.389855480314,
    "totalData": 789594,
    "sizePerRequest": 13,
    "sizePerSec": 78954.06812124407
  },
  "responseTimeHistogram": {
    "0.005351966": 1,
    "0.0073404954": 18829,
    "0.0093290248": 32490,
    "0.0113175542": 5834,
    "0.013306083600000001": 810,
    "0.015294613000000002": 2522,
    "0.0172831424": 126,
    "0.0192716718": 96,
    "0.021260201200000002": 10,
    "0.023248730600000003": 7,
    "0.025237260000000004": 13
  },
  "latencyPercentiles": {
    "p10": 0.00670744,
    "p25": 0.007073166,
    "p50": 0.007951526,
    "p75": 0.008445124,
    "p90": 0.009834883,
    "p95": 0.01277742,
    "p99": 0.014874903
  },
  "rps": {
    "mean": 6137.333654432807,
    "stddev": 1549.5286429828311,
    "max": 11389.283125454214,
    "percentiles": {
      "p10": 5008.795946561836,
      "p25": 5633.548343741744,
      "p50": 6310.67556791696,
      "p75": 6810.029129899705,
      "p90": 7663.4216573263875,
      "p95": 8274.618022945808,
      "p99": 9144.863787253862
    }
  },
  "details": {
    "DNSDialup": {
      "average": 0.0008329694599999999,
      "fastest": 0.000108699,
      "slowest": 0.00127292
    },
    "DNSLookup": {
      "average": 0.000009621319999999999,
      "fastest": 0.000003537,
      "slowest": 0.000158467
    }
  },
  "statusCodeDistribution": {
    "200": 60738
  },
  "errorDistribution": {}
}