{
  "summary": {
    "successRate": 1,
    "total": 10.001014027,
    "slowest": 0.02382444,
    "fastest": 0.004545505,
    "average": 0.0082445727293782,
    "requestsPerSec": 6057.285774867757,
    "totalData": 787527,
    "sizePerRequest": 13,
    "sizePerSec": 78744.71507328084
  },
  "responseTimeHistogram": {
    "0.004545505": 1,
    "0.0064733985": 3864,
    "0.008401292": 39219,
    "0.0103291855": 12674,
    "0.012257078999999999": 1674,
    "0.014184972499999999": 1481,
    "0.016112865999999997": 1470,
    "0.018040759499999996": 99,
    "0.019968652999999996": 78,
    "0.021896546499999996": 6,
    "0.023824439999999995": 13
  },
  "latencyPercentiles": {
    "p10": 0.006642574,
    "p25": 0.007076176,
    "p50": 0.007960653,
    "p75": 0.008605632,
    "p90": 0.009987089,
    "p95": 0.012471206,
    "p99": 0.015157167
  },
  "rps": {
    "mean": 6130.586797996864,
    "stddev": 1587.4402224687808,
    "max": 11449.692021176612,
    "percentiles": {
      "p10": 4923.048729541994,
      "p25": 5560.98493050948,
      "p50": 6296.938668847893,
      "p75": 6850.717229795541,
      "p90": 7731.702899316813,
      "p95": 8416.032541992412,
      "p99": 9309.334754938387
    }
  },
  "details": {
    "DNSDialup": {
      "average": 0.0008951086999999998,
      "fastest": 0.000110577,
      "slowest": 0.001421393
    },
    "DNSLookup": {
      "average": 0.000008793980000000003,
      "fastest": 0.000004439,
      "slowest": 0.000052138
    }
  },
  "statusCodeDistribution": {
    "200": 60579
  },
  "errorDistribution": {}
}