{
  "summary": {
    "successRate": 1,
    "total": 10.000361118,
    "slowest": 0.024606058,
    "fastest": 0.005307009,
    "average": 0.0073822971851994,
    "requestsPerSec": 6764.355726938859,
    "totalData": 879398,
    "sizePerRequest": 13,
    "sizePerSec": 87936.62445020517
  },
  "responseTimeHistogram": {
    "0.005307009": 1,
    "0.007236913899999999": 44399,
    "0.0091668188": 17083,
    "0.0110967237": 2502,
    "0.0130266286": 1217,
    "0.014956533499999999": 1894,
    "0.016886438400000002": 418,
    "0.0188163433": 55,
    "0.020746248199999998": 31,
    "0.0226761531": 36,
    "0.024606058": 10
  },
  "latencyPercentiles": {
    "p10": 0.005591557,
    "p25": 0.006607066,
    "p50": 0.006878543,
    "p75": 0.007670073,
    "p90": 0.008987983,
    "p95": 0.011510615,
    "p99": 0.014805577
  },
  "rps": {
    "mean": 6819.407106772937,
    "stddev": 1765.6543435477156,
    "max": 11240.952438405704,
    "percentiles": {
      "p10": 5115.332328818473,
      "p25": 6239.931191674696,
      "p50": 7103.3876055494065,
      "p75": 7752.140899691328,
      "p90": 8759.021792446656,
      "p95": 9067.108389321967,
      "p99": 9868.234143902258
    }
  },
  "details": {
    "DNSDialup": {
      "average": 0.0010372891599999998,
      "fastest": 0.000068036,
      "slowest": 0.002025971
    },
    "DNSLookup": {
      "average": 0.000006562359999999998,
      "fastest": 0.000003887,
      "slowest": 0.000029575
    }
  },
  "statusCodeDistribution": {
    "200": 67646
  },
  "errorDistribution": {}
}