{
  "summary": {
    "successRate": 1,
    "total": 10.001873649,
    "slowest": 0.024888729,
    "fastest": 0.004713412,
    "average": 0.008223990863056946,
    "requestsPerSec": 6071.462421050626,
    "totalData": 789438,
    "sizePerRequest": 13,
    "sizePerSec": 78929.01147365813
  },
  "responseTimeHistogram": {
    "0.004713412": 1,
    "0.0067309437": 7790,
    "0.0087484754": 39670,
    "0.010766007099999999": 9297,
    "0.012783538799999999": 1005,
    "0.0148010705": 2094,
    "0.016818602199999998": 682,
    "0.018836133899999996": 75,
    "0.020853665599999998": 82,
    "0.022871197299999996": 19,
    "0.024888729": 11
  },
  "latencyPercentiles": {
    "p10": 0.00664329,
    "p25": 0.007159942,
    "p50": 0.007915034,
    "p75": 0.008452887,
    "p90": 0.009816592,
    "p95": 0.012536042,
    "p99": 0.015123213
  },
  "rps": {
    "mean": 6141.863153437475,
    "stddev": 1574.2315350279885,
    "max": 11419.648982271943,
    "percentiles": {
      "p10": 4920.657906021079,
      "p25": 5604.119588308888,
      "p50": 6305.190117245248,
      "p75": 6893.52374732812,
      "p90": 7722.951840575029,
      "p95": 8400.709859983324,
      "p99": 9045.61746001318
    }
  },
  "details": {
    "DNSDialup": {
      "average": 0.0007632491599999999,
      "fastest": 0.000078108,
      "slowest": 0.001667002
    },
    "DNSLookup": {
      "average": 0.000007380020000000001,
      "fastest": 0.000003086,
      "slowest": 0.000034354
    }
  },
  "statusCodeDistribution": {
    "200": 60726
  },
  "errorDistribution": {}
}