{
  "summary": {
    "successRate": 1,
    "total": 10.001397047,
    "slowest": 0.022421664,
    "fastest": 0.003754209,
    "average": 0.007840686283697738,
    "requestsPerSec": 6368.210331086159,
    "totalData": 827983,
    "sizePerRequest": 13,
    "sizePerSec": 82786.73430412007
  },
  "responseTimeHistogram": {
    "0.003754209": 1,
    "0.0056209545": 2829,
    "0.0074877": 21127,
    "0.0093544455": 33491,
    "0.011221191": 2680,
    "0.0130879365": 1341,
    "0.014954681999999999": 1964,
    "0.0168214275": 195,
    "0.018688173": 24,
    "0.0205549185": 24,
    "0.022421664": 15
  },
  "latencyPercentiles": {
    "p10": 0.006323615,
    "p25": 0.006704565,
    "p50": 0.007611546,
    "p75": 0.008098621,
    "p90": 0.009311946,
    "p95": 0.012353826,
    "p99": 0.014227454
  },
  "rps": {
    "mean": 6429.09646677257,
    "stddev": 1665.7078668068523,
    "max": 11528.409755072404,
    "percentiles": {
      "p10": 5146.462780629841,
      "p25": 5718.911869661842,
      "p50": 6569.346680493977,
      "p75": 7215.211831103372,
      "p90": 8231.969090256049,
      "p95": 9012.372089537097,
      "p99": 9954.653122388374
    }
  },
  "details": {
    "DNSDialup": {
      "average": 0.0011490660000000005,
      "fastest": 0.000136534,
      "slowest": 0.0021163
    },
    "DNSLookup": {
      "average": 0.00000919172,
      "fastest": 0.000005109,
      "slowest": 0.00003739
    }
  },
  "statusCodeDistribution": {
    "200": 63691
  },
  "errorDistribution": {}
}