{
  "summary": {
    "successRate": 1,
    "total": 10.000185103,
    "slowest": 0.03889057,
    "fastest": 0.000714705,
    "average": 0.009586783935054214,
    "requestsPerSec": 5210.403553867097,
    "totalData": 677365,
    "sizePerRequest": 13,
    "sizePerSec": 67735.24620027226
  },
  "responseTimeHistogram": {
    "0.000714705": 1,
    "0.0045322915": 1630,
    "0.008349878": 21007,
    "0.012167464499999999": 20023,
    "0.015985051": 5707,
    "0.019802637499999998": 1381,
    "0.023620224": 1283,
    "0.027437810499999996": 888,
    "0.031255397": 50,
    "0.0350729835": 103,
    "0.03889057": 32
  },
  "latencyPercentiles": {
    "p10": 0.005283136,
    "p25": 0.006809947,
    "p50": 0.008912061,
    "p75": 0.011216678,
    "p90": 0.014504401,
    "p95": 0.018917331,
    "p99": 0.025602278
  },
  "rps": {
    "mean": 5470.054820448289,
    "stddev": 1893.6382679281053,
    "max": 10134.215010040365,
    "percentiles": {
      "p10": 3018.5432128106145,
      "p25": 4666.74945074387,
      "p50": 6034.4761692504335,
      "p75": 6661.545383364011,
      "p90": 7039.231042445814,
      "p95": 7421.649362234987,
      "p99": 8797.991350896304
    }
  },
  "details": {
    "DNSDialup": {
      "average": 0.00364693126,
      "fastest": 0.000404403,
      "slowest": 0.006502345
    },
    "DNSLookup": {
      "average": 0.000006092000000000001,
      "fastest": 0.0000039,
      "slowest": 0.0000333
    }
  },
  "statusCodeDistribution": {
    "200": 52105
  },
  "errorDistribution": {}
}