{
  "summary": {
    "successRate": 1,
    "total": 10.000400381,
    "slowest": 0.023200927,
    "fastest": 0.00361732,
    "average": 0.006888141849239309,
    "requestsPerSec": 7249.609739400293,
    "totalData": 942487,
    "sizePerRequest": 13,
    "sizePerSec": 94244.92661220381
  },
  "responseTimeHistogram": {
    "0.00361732": 1,
    "0.0055756807": 10555,
    "0.0075340414": 45418,
    "0.0094924021": 12949,
    "0.0114507628": 1780,
    "0.0134091235": 1602,
    "0.0153674842": 153,
    "0.017325844899999998": 10,
    "0.0192842056": 12,
    "0.0212425663": 10,
    "0.023200927": 9
  },
  "latencyPercentiles": {
    "p10": 0.005327796,
    "p25": 0.006371582,
    "p50": 0.006539026,
    "p75": 0.007289528,
    "p90": 0.008289783,
    "p95": 0.009444886,
    "p99": 0.012326296
  },
  "rps": {
    "mean": 7263.6680243406145,
    "stddev": 1324.3760400719755,
    "max": 10200.788972921348,
    "percentiles": {
      "p10": 5856.333240709151,
      "p25": 6616.126809097145,
      "p50": 7517.882787787426,
      "p75": 7925.1862418765295,
      "p90": 8701.506082140466,
      "p95": 9350.375146098855,
      "p99": 9823.720041840224
    }
  },
  "details": {
    "DNSDialup": {
      "average": 0.0009344899800000001,
      "fastest": 0.000138579,
      "slowest": 0.00146844
    },
    "DNSLookup": {
      "average": 0.000013114119999999993,
      "fastest": 0.000004208,
      "slowest": 0.000155391
    }
  },
  "statusCodeDistribution": {
    "200": 72499
  },
  "errorDistribution": {}
}