{
  "summary": {
    "successRate": 1,
    "total": 10.000716332,
    "slowest": 0.033159836,
    "fastest": 0.00198062,
    "average": 0.009326825098424054,
    "requestsPerSec": 5355.016403038998,
    "totalData": 696202,
    "sizePerRequest": 13,
    "sizePerSec": 69615.21323950698
  },
  "responseTimeHistogram": {
    "0.00198062": 1,
    "0.0050985416": 26,
    "0.0082164632": 27284,
    "0.0113343848": 17254,
    "0.0144523064": 6788,
    "0.017570228": 466,
    "0.020688149599999997": 129,
    "0.023806071199999997": 940,
    "0.026923992799999998": 416,
    "0.030041914399999998": 209,
    "0.033159836": 41
  },
  "latencyPercentiles": {
    "p10": 0.007763879,
    "p25": 0.00790738,
    "p50": 0.008204383,
    "p75": 0.008660488,
    "p90": 0.012602628,
    "p95": 0.013644439,
    "p99": 0.024153945
  },
  "rps": {
    "mean": 5515.50409108107,
    "stddev": 1499.406190807244,
    "max": 8077.464681292293,
    "percentiles": {
      "p10": 3214.174186745956,
      "p25": 5513.894462656307,
      "p50": 6037.309971894923,
      "p75": 6352.406720200775,
      "p90": 6642.106095606237,
      "p95": 6730.4358467087,
      "p99": 7524.378987917202
    }
  },
  "details": {
    "DNSDialup": {
      "average": 0.00286883512,
      "fastest": 0.000078201,
      "slowest": 0.003683238
    },
    "DNSLookup": {
      "average": 0.000004912079999999999,
      "fastest": 0.0000037,
      "slowest": 0.000046501
    }
  },
  "statusCodeDistribution": {
    "200": 53554
  },
  "errorDistribution": {}
}