{
  "summary": {
    "successRate": 1,
    "total": 10.000591855,
    "slowest": 0.025244957,
    "fastest": 0.004982385,
    "average": 0.008194918536257525,
    "requestsPerSec": 6093.539350826752,
    "totalData": 792207,
    "sizePerRequest": 13,
    "sizePerSec": 79216.01156074778
  },
  "responseTimeHistogram": {
    "0.004982385": 1,
    "0.0070086422": 13343,
    "0.009034899400000001": 35969,
    "0.0110611566": 7957,
    "0.0130874138": 779,
    "0.015113670999999999": 2549,
    "0.0171399282": 233,
    "0.0191661854": 56,
    "0.0211924426": 32,
    "0.0232186998": 8,
    "0.025244957": 12
  },
  "latencyPercentiles": {
    "p10": 0.006593497,
    "p25": 0.007201414,
    "p50": 0.007875318,
    "p75": 0.008456276,
    "p90": 0.009742941,
    "p95": 0.012637155,
    "p99": 0.014886199
  },
  "rps": {
    "mean": 6159.014699650478,
    "stddev": 1566.8904283909221,
    "max": 11692.227174407992,
    "percentiles": {
      "p10": 5008.735735997152,
      "p25": 5553.678412252067,
      "p50": 6343.753502280238,
      "p75": 6906.149235278916,
      "p90": 7740.457824959077,
      "p95": 8423.719069661924,
      "p99": 9081.584465061916
    }
  },
  "details": {
    "DNSDialup": {
      "average": 0.0005355054400000001,
      "fastest": 0.000098747,
      "slowest": 0.000843043
    },
    "DNSLookup": {
      "average": 0.000007021279999999999,
      "fastest": 0.000003707,
      "slowest": 0.000028313
    }
  },
  "statusCodeDistribution": {
    "200": 60939
  },
  "errorDistribution": {}
}