{
  "summary": {
    "successRate": 1,
    "total": 10.000709794,
    "slowest": 0.030357602,
    "fastest": 0.0009437,
    "average": 0.008345450337971183,
    "requestsPerSec": 5986.4750835904515,
    "totalData": 778297,
    "sizePerRequest": 13,
    "sizePerSec": 77824.17608667587
  },
  "responseTimeHistogram": {
    "0.0009437": 1,
    "0.0038850902000000004": 48,
    "0.006826480400000001": 7667,
    "0.0097678706": 39393,
    "0.012709260800000002": 9082,
    "0.015650651": 1345,
    "0.0185920412": 895,
    "0.0215334314": 1051,
    "0.024474821600000002": 241,
    "0.027416211800000003": 136,
    "0.030357602000000004": 10
  },
  "latencyPercentiles": {
    "p10": 0.0068094,
    "p25": 0.0068995,
    "p50": 0.007172801,
    "p75": 0.0082554,
    "p90": 0.011164001,
    "p95": 0.014079002,
    "p99": 0.020062503
  },
  "rps": {
    "mean": 6108.989250147831,
    "stddev": 1720.9751216431025,
    "max": 8964.857757585862,
    "percentiles": {
      "p10": 4099.872483716088,
      "p25": 5207.237539456106,
      "p50": 6753.299216893483,
      "p75": 7148.969727738306,
      "p90": 7441.859542094992,
      "p95": 7626.371390753601,
      "p99": 8373.1468255944
    }
  },
  "details": {
    "DNSDialup": {
      "average": 0.00151115848,
      "fastest": 0.0000614,
      "slowest": 0.001802401
    },
    "DNSLookup": {
      "average": 0.000004126,
      "fastest": 0.000003,
      "slowest": 0.0000428
    }
  },
  "statusCodeDistribution": {
    "200": 59869
  },
  "errorDistribution": {}
}