{
  "summary": {
    "successRate": 1,
    "total": 10.000612387,
    "slowest": 0.024233526,
    "fastest": 0.004550064,
    "average": 0.007727559821941263,
    "requestsPerSec": 6463.204201776848,
    "totalData": 840268,
    "sizePerRequest": 13,
    "sizePerSec": 84021.65462309904
  },
  "responseTimeHistogram": {
    "0.004550064": 1,
    "0.0065184102": 16546,
    "0.0084867564": 35181,
    "0.010455102599999998": 8710,
    "0.0124234488": 1017,
    "0.014391794999999999": 2231,
    "0.016360141199999997": 812,
    "0.0183284874": 65,
    "0.020296833599999998": 52,
    "0.022265179799999996": 8,
    "0.024233526": 13
  },
  "latencyPercentiles": {
    "p10": 0.00619972,
    "p25": 0.006492669,
    "p50": 0.007488516,
    "p75": 0.008036283,
    "p90": 0.009327312,
    "p95": 0.012225739,
    "p99": 0.014508713
  },
  "rps": {
    "mean": 6527.220620005689,
    "stddev": 1778.2995610609623,
    "max": 11823.677217664284,
    "percentiles": {
      "p10": 5204.762878510112,
      "p25": 5771.822247316643,
      "p50": 6735.938156542517,
      "p75": 7377.311100787486,
      "p90": 8358.740210958325,
      "p95": 9163.269816785045,
      "p99": 10419.37342716716
    }
  },
  "details": {
    "DNSDialup": {
      "average": 0.0008263318199999998,
      "fastest": 0.000082771,
      "slowest": 0.001664872
    },
    "DNSLookup": {
      "average": 0.0000073906000000000026,
      "fastest": 0.000003587,
      "slowest": 0.000041758
    }
  },
  "statusCodeDistribution": {
    "200": 64636
  },
  "errorDistribution": {}
}