{
  "summary": {
    "successRate": 1,
    "total": 10.0006998,
    "slowest": 0.034304455,
    "fastest": 0.002047451,
    "average": 0.009858225369079559,
    "requestsPerSec": 5066.8454221573575,
    "totalData": 658736,
    "sizePerRequest": 13,
    "sizePerSec": 65868.99048804565
  },
  "responseTimeHistogram": {
    "0.002047451": 1,
    "0.0052731514": 3316,
    "0.0084988518": 17915,
    "0.0117245522": 17371,
    "0.0149502526": 7766,
    "0.018175952999999998": 1765,
    "0.021401653399999998": 841,
    "0.024627353799999998": 1287,
    "0.027853054199999998": 246,
    "0.031078754599999998": 119,
    "0.034304455": 45
  },
  "latencyPercentiles": {
    "p10": 0.005457906,
    "p25": 0.00750886,
    "p50": 0.009361097,
    "p75": 0.011474345,
    "p90": 0.014046746,
    "p95": 0.018191439,
    "p99": 0.024279108
  },
  "rps": {
    "mean": 5204.46293474658,
    "stddev": 1595.67507115232,
    "max": 8207.889423314542,
    "percentiles": {
      "p10": 3335.1767764969904,
      "p25": 4413.707651854336,
      "p50": 5833.51725116892,
      "p75": 6224.873348927713,
      "p90": 6448.337381847731,
      "p95": 6602.045171396026,
      "p99": 7469.098007450153
    }
  },
  "details": {
    "DNSDialup": {
      "average": 0.0016268912399999998,
      "fastest": 0.000080506,
      "slowest": 0.003586867
    },
    "DNSLookup": {
      "average": 0.0000063364200000000006,
      "fastest": 0.0000037,
      "slowest": 0.000073306
    }
  },
  "statusCodeDistribution": {
    "200": 50672
  },
  "errorDistribution": {}
}