{
  "summary": {
    "successRate": 1,
    "total": 10.000656886,
    "slowest": 0.024617031,
    "fastest": 0.004904903,
    "average": 0.008241870814941352,
    "requestsPerSec": 6059.3019729364205,
    "totalData": 787761,
    "sizePerRequest": 13,
    "sizePerSec": 78770.92564817346
  },
  "responseTimeHistogram": {
    "0.004904903": 1,
    "0.006876115800000001": 11379,
    "0.0088473286": 36326,
    "0.010818541400000001": 9142,
    "0.012789754200000001": 873,
    "0.014760967000000002": 1462,
    "0.016732179800000004": 1224,
    "0.0187033926": 121,
    "0.020674605400000004": 49,
    "0.0226458182": 9,
    "0.024617031000000004": 11
  },
  "latencyPercentiles": {
    "p10": 0.006583009,
    "p25": 0.007109314,
    "p50": 0.007970049,
    "p75": 0.008497782,
    "p90": 0.009912336,
    "p95": 0.01253571,
    "p99": 0.015153312
  },
  "rps": {
    "mean": 6126.414432237495,
    "stddev": 1584.1666717110593,
    "max": 11456.791506440968,
    "percentiles": {
      "p10": 4958.756805260575,
      "p25": 5605.794148831792,
      "p50": 6278.985366196911,
      "p75": 6800.216926920547,
      "p90": 7723.51423910123,
      "p95": 8400.057120388847,
      "p99": 9456.428399545031
    }
  },
  "details": {
    "DNSDialup": {
      "average": 0.0008155616799999999,
      "fastest": 0.000120765,
      "slowest": 0.001670947
    },
    "DNSLookup": {
      "average": 0.000007433879999999996,
      "fastest": 0.000003877,
      "slowest": 0.000030426
    }
  },
  "statusCodeDistribution": {
    "200": 60597
  },
  "errorDistribution": {}
}