{
  "summary": {
    "successRate": 1,
    "total": 10.000673465,
    "slowest": 0.025185995,
    "fastest": 0.004845552,
    "average": 0.0080802321914391,
    "requestsPerSec": 6181.1837189106745,
    "totalData": 803608,
    "sizePerRequest": 13,
    "sizePerSec": 80355.38834583877
  },
  "responseTimeHistogram": {
    "0.004845552": 1,
    "0.0068795963000000005": 11693,
    "0.008913640600000002": 39484,
    "0.0109476849": 7070,
    "0.0129817292": 1126,
    "0.0150157735": 2245,
    "0.017049817800000002": 90,
    "0.0190838621": 76,
    "0.0211179064": 11,
    "0.0231519507": 6,
    "0.025185995": 14
  },
  "latencyPercentiles": {
    "p10": 0.006594603,
    "p25": 0.007312269,
    "p50": 0.007787567,
    "p75": 0.008186431,
    "p90": 0.009437709,
    "p95": 0.012217147,
    "p99": 0.014202696
  },
  "rps": {
    "mean": 6247.92087400002,
    "stddev": 1521.7054099774086,
    "max": 11376.349919458982,
    "percentiles": {
      "p10": 5138.112980656559,
      "p25": 5700.852847585798,
      "p50": 6416.958738554367,
      "p75": 6967.866321181475,
      "p90": 7803.235221323087,
      "p95": 8510.948484129694,
      "p99": 9158.800184092304
    }
  },
  "details": {
    "DNSDialup": {
      "average": 0.0008338157799999999,
      "fastest": 0.000131695,
      "slowest": 0.001299797
    },
    "DNSLookup": {
      "average": 0.0000073694599999999975,
      "fastest": 0.000004088,
      "slowest": 0.000035035
    }
  },
  "statusCodeDistribution": {
    "200": 61816
  },
  "errorDistribution": {}
}