{
  "summary": {
    "successRate": 1,
    "total": 10.000210332,
    "slowest": 0.039984544,
    "fastest": 0.002045818,
    "average": 0.007777065534427206,
    "requestsPerSec": 6423.564891874917,
    "totalData": 835081,
    "sizePerRequest": 13,
    "sizePerSec": 83506.34359437392
  },
  "responseTimeHistogram": {
    "0.002045818": 1,
    "0.0058396906": 16762,
    "0.0096335632": 35396,
    "0.0134274358": 8153,
    "0.0172213084": 1523,
    "0.021015181": 2053,
    "0.024809053600000002": 286,
    "0.0286029262": 34,
    "0.0323967988": 9,
    "0.0361906714": 5,
    "0.039984544": 15
  },
  "latencyPercentiles": {
    "p10": 0.004363237,
    "p25": 0.005738649,
    "p50": 0.007253773,
    "p75": 0.008995577,
    "p90": 0.011478116,
    "p95": 0.015326254,
    "p99": 0.020648078
  },
  "rps": {
    "mean": 6618.017350887923,
    "stddev": 2181.5429767913024,
    "max": 10920.90534305509,
    "percentiles": {
      "p10": 4212.383987685386,
      "p25": 5442.953064105268,
      "p50": 7332.640515992268,
      "p75": 8006.564582301055,
      "p90": 8506.468889772517,
      "p95": 8812.985731098677,
      "p99": 10538.245267997001
    }
  },
  "details": {
    "DNSDialup": {
      "average": 0.00201861034,
      "fastest": 0.000324703,
      "slowest": 0.004179542
    },
    "DNSLookup": {
      "average": 0.000005326040000000001,
      "fastest": 0.0000039,
      "slowest": 0.000034501
    }
  },
  "statusCodeDistribution": {
    "200": 64237
  },
  "errorDistribution": {}
}