{
  "summary": {
    "successRate": 1,
    "total": 10.000735691,
    "slowest": 0.022021466,
    "fastest": 0.00416489,
    "average": 0.007201727088943654,
    "requestsPerSec": 6937.589607776387,
    "totalData": 901953,
    "sizePerRequest": 13,
    "sizePerSec": 90188.66490109303
  },
  "responseTimeHistogram": {
    "0.00416489": 1,
    "0.0059505476": 18564,
    "0.0077362052": 31092,
    "0.0095218628": 13957,
    "0.0113075204": 2202,
    "0.013093178": 1381,
    "0.014878835600000001": 1869,
    "0.016664493199999998": 192,
    "0.0184501508": 60,
    "0.0202358084": 47,
    "0.022021466": 16
  },
  "latencyPercentiles": {
    "p10": 0.005395622,
    "p25": 0.005869751,
    "p50": 0.006908458,
    "p75": 0.007893402,
    "p90": 0.009204642,
    "p95": 0.011429465,
    "p99": 0.014462217
  },
  "rps": {
    "mean": 7029.91988658397,
    "stddev": 2117.6058614785356,
    "max": 15569.605744454093,
    "percentiles": {
      "p10": 5139.05476055826,
      "p25": 6067.85009295441,
      "p50": 7041.899300840063,
      "p75": 8246.711216992704,
      "p90": 9480.119332515094,
      "p95": 10189.766051123393,
      "p99": 11205.610375200862
    }
  },
  "details": {
    "DNSDialup": {
      "average": 0.0005481771599999999,
      "fastest": 0.000054082,
      "slowest": 0.001257697
    },
    "DNSLookup": {
      "average": 0.000005121899999999999,
      "fastest": 0.000002705,
      "slowest": 0.000028283
    }
  },
  "statusCodeDistribution": {
    "200": 69381
  },
  "errorDistribution": {}
}