{
  "summary": {
    "successRate": 1,
    "total": 10.000725308,
    "slowest": 0.028101767,
    "fastest": 0.005018943,
    "average": 0.008630641821127966,
    "requestsPerSec": 5785.280388985163,
    "totalData": 752141,
    "sizePerRequest": 13,
    "sizePerSec": 75208.64505680712
  },
  "responseTimeHistogram": {
    "0.005018943": 1,
    "0.0073272254": 12751,
    "0.0096355078": 35391,
    "0.0119437902": 6193,
    "0.0142520726": 1349,
    "0.016560355": 1939,
    "0.0188686374": 111,
    "0.0211769198": 42,
    "0.0234852022": 9,
    "0.0257934846": 8,
    "0.028101767": 63
  },
  "latencyPercentiles": {
    "p10": 0.006705172,
    "p25": 0.007395342,
    "p50": 0.00849696,
    "p75": 0.008942134,
    "p90": 0.010501236,
    "p95": 0.012998767,
    "p99": 0.016093273
  },
  "rps": {
    "mean": 5837.84710563186,
    "stddev": 1585.2773967177725,
    "max": 11238.278475550858,
    "percentiles": {
      "p10": 4547.216477010823,
      "p25": 5395.917923339544,
      "p50": 5936.8878596361665,
      "p75": 6525.681493233242,
      "p90": 7627.275901351936,
      "p95": 8097.606934466852,
      "p99": 8805.609193298102
    }
  },
  "details": {
    "DNSDialup": {
      "average": 0.0006818224400000002,
      "fastest": 0.000093574,
      "slowest": 0.001022597
    },
    "DNSLookup": {
      "average": 0.00000537532,
      "fastest": 0.000002675,
      "slowest": 0.000025658
    }
  },
  "statusCodeDistribution": {
    "200": 57857
  },
  "errorDistribution": {}
}