{
  "summary": {
    "successRate": 1,
    "total": 10.001548945,
    "slowest": 0.024237485,
    "fastest": 0.00450676,
    "average": 0.007927346977938975,
    "requestsPerSec": 6299.724207368762,
    "totalData": 819091,
    "sizePerRequest": 13,
    "sizePerSec": 81896.41469579391
  },
  "responseTimeHistogram": {
    "0.00450676": 1,
    "0.0064798325": 7493,
    "0.008452905": 42549,
    "0.0104259775": 8927,
    "0.01239905": 992,
    "0.014372122499999999": 2689,
    "0.016345195": 230,
    "0.0183182675": 52,
    "0.020291339999999998": 55,
    "0.022264412499999997": 7,
    "0.024237484999999996": 12
  },
  "latencyPercentiles": {
    "p10": 0.006447761,
    "p25": 0.00688495,
    "p50": 0.007676591,
    "p75": 0.008119903,
    "p90": 0.00939801,
    "p95": 0.012024337,
    "p99": 0.014215211
  },
  "rps": {
    "mean": 6366.194102857579,
    "stddev": 1597.5054909846062,
    "max": 11605.527375752528,
    "percentiles": {
      "p10": 5142.4566362344,
      "p25": 5760.870509982544,
      "p50": 6529.3070158738865,
      "p75": 7109.187914460779,
      "p90": 8023.112983883914,
      "p95": 8837.391232847307,
      "p99": 10013.748143488037
    }
  },
  "details": {
    "DNSDialup": {
      "average": 0.0006863775600000002,
      "fastest": 0.000064831,
      "slowest": 0.001781537
    },
    "DNSLookup": {
      "average": 0.000007679800000000002,
      "fastest": 0.000003246,
      "slowest": 0.000035606
    }
  },
  "statusCodeDistribution": {
    "200": 63007
  },
  "errorDistribution": {}
}