{
  "summary": {
    "successRate": 1,
    "total": 10.003335643,
    "slowest": 0.022846778,
    "fastest": 0.003335275,
    "average": 0.006908698574784489,
    "requestsPerSec": 7225.68976785057,
    "totalData": 939653,
    "sizePerRequest": 13,
    "sizePerSec": 93933.9669820574
  },
  "responseTimeHistogram": {
    "0.003335275": 1,
    "0.0052864253000000005": 10879,
    "0.007237575600000001": 42304,
    "0.009188725900000002": 13658,
    "0.011139876200000001": 2043,
    "0.013091026500000002": 1917,
    "0.015042176800000003": 1225,
    "0.0169933271": 166,
    "0.018944477400000003": 26,
    "0.020895627700000002": 48,
    "0.022846778": 14
  },
  "latencyPercentiles": {
    "p10": 0.00517715,
    "p25": 0.005710585,
    "p50": 0.006854217,
    "p75": 0.007288873,
    "p90": 0.008652595,
    "p95": 0.01098452,
    "p99": 0.013865579
  },
  "rps": {
    "mean": 7357.67890725932,
    "stddev": 2322.690261200106,
    "max": 16973.789383051775,
    "percentiles": {
      "p10": 5320.1255027644265,
      "p25": 6121.237019716335,
      "p50": 7445.765397012844,
      "p75": 8702.353208450797,
      "p90": 10032.085954912613,
      "p95": 10752.242443825404,
      "p99": 13091.802336343631
    }
  },
  "details": {
    "DNSDialup": {
      "average": 0.0006281314,
      "fastest": 0.000088008,
      "slowest": 0.00218557
    },
    "DNSLookup": {
      "average": 0.000004611979999999999,
      "fastest": 0.000001732,
      "slowest": 0.000039519
    }
  },
  "statusCodeDistribution": {
    "200": 72281
  },
  "errorDistribution": {}
}