{
  "summary": {
    "successRate": 1,
    "total": 10.001195817,
    "slowest": 0.024623301,
    "fastest": 0.004438735,
    "average": 0.00791545265365301,
    "requestsPerSec": 6307.945685131464,
    "totalData": 820131,
    "sizePerRequest": 13,
    "sizePerSec": 82003.29390670905
  },
  "responseTimeHistogram": {
    "0.004438735": 1,
    "0.0064571916": 7721,
    "0.008475648200000001": 41987,
    "0.010494104800000001": 9326,
    "0.0125125614": 1079,
    "0.014531018": 2720,
    "0.016549474600000003": 133,
    "0.018567931200000002": 72,
    "0.0205863878": 29,
    "0.0226048444": 12,
    "0.024623301": 7
  },
  "latencyPercentiles": {
    "p10": 0.006426455,
    "p25": 0.006960601,
    "p50": 0.007639374,
    "p75": 0.008100727,
    "p90": 0.009296723,
    "p95": 0.011926755,
    "p99": 0.014028352
  },
  "rps": {
    "mean": 6367.137147180294,
    "stddev": 1570.3787809207515,
    "max": 11339.810206469241,
    "percentiles": {
      "p10": 5126.723559224889,
      "p25": 5807.574819837665,
      "p50": 6535.120390490308,
      "p75": 7137.297374892206,
      "p90": 8000.240807248498,
      "p95": 8776.375282089013,
      "p99": 9568.748587980332
    }
  },
  "details": {
    "DNSDialup": {
      "average": 0.0009655414799999997,
      "fastest": 0.00010297,
      "slowest": 0.001609752
    },
    "DNSLookup": {
      "average": 0.000026652899999999997,
      "fastest": 0.000004188,
      "slowest": 0.000945844
    }
  },
  "statusCodeDistribution": {
    "200": 63087
  },
  "errorDistribution": {}
}