{
  "summary": {
    "successRate": 1,
    "total": 10.00021742,
    "slowest": 0.041438951,
    "fastest": 0.001281434,
    "average": 0.010127003133052176,
    "requestsPerSec": 4931.79277296153,
    "totalData": 641147,
    "sizePerRequest": 13,
    "sizePerSec": 64113.30604849989
  },
  "responseTimeHistogram": {
    "0.001281434": 1,
    "0.0052971857": 3858,
    "0.0093129374": 21781,
    "0.0133286891": 15128,
    "0.017344440800000003": 4875,
    "0.021360192500000003": 1569,
    "0.025375944200000004": 1136,
    "0.029391695900000004": 780,
    "0.0334074476": 137,
    "0.0374231993": 52,
    "0.041438951": 2
  },
  "latencyPercentiles": {
    "p10": 0.005442057,
    "p25": 0.006868602,
    "p50": 0.009179659,
    "p75": 0.011901844,
    "p90": 0.015652436,
    "p95": 0.020335478,
    "p99": 0.027193242
  },
  "rps": {
    "mean": 5175.889331626669,
    "stddev": 1862.7509125555484,
    "max": 9728.975076798033,
    "percentiles": {
      "p10": 2699.5300533488953,
      "p25": 4159.233480997669,
      "p50": 5708.138092478388,
      "p75": 6439.643734760041,
      "p90": 6884.938104406367,
      "p95": 7202.00143619904,
      "p99": 8668.918521453303
    }
  },
  "details": {
    "DNSDialup": {
      "average": 0.00136862728,
      "fastest": 0.000063705,
      "slowest": 0.001825857
    },
    "DNSLookup": {
      "average": 0.000005434479999999999,
      "fastest": 0.0000039,
      "slowest": 0.000035703
    }
  },
  "statusCodeDistribution": {
    "200": 49319
  },
  "errorDistribution": {}
}