{
  "summary": {
    "successRate": 1,
    "total": 10.000671362,
    "slowest": 0.025141625,
    "fastest": 0.004689234,
    "average": 0.008158647507025175,
    "requestsPerSec": 6120.5890869069435,
    "totalData": 795730,
    "sizePerRequest": 13,
    "sizePerSec": 79567.65812979026
  },
  "responseTimeHistogram": {
    "0.004689234": 1,
    "0.006734473099999999": 9261,
    "0.0087797122": 39295,
    "0.0108249513": 8476,
    "0.012870190399999999": 1097,
    "0.0149154295": 2684,
    "0.0169606686": 237,
    "0.019005907699999998": 79,
    "0.0210511468": 58,
    "0.0230963859": 8,
    "0.025141625": 14
  },
  "latencyPercentiles": {
    "p10": 0.006579803,
    "p25": 0.007077562,
    "p50": 0.007887025,
    "p75": 0.008352317,
    "p90": 0.009723341,
    "p95": 0.012944994,
    "p99": 0.014623896
  },
  "rps": {
    "mean": 6197.197856183209,
    "stddev": 1594.4137506561374,
    "max": 11513.898554877574,
    "percentiles": {
      "p10": 5032.404060554049,
      "p25": 5606.418856225524,
      "p50": 6359.2516917123385,
      "p75": 6888.8901045758175,
      "p90": 7768.988807062618,
      "p95": 8465.922260409769,
      "p99": 9665.822316813095
    }
  },
  "details": {
    "DNSDialup": {
      "average": 0.0007438941,
      "fastest": 0.000110586,
      "slowest": 0.001128459
    },
    "DNSLookup": {
      "average": 0.00000635014,
      "fastest": 0.000003016,
      "slowest": 0.000029986
    }
  },
  "statusCodeDistribution": {
    "200": 61210
  },
  "errorDistribution": {}
}