{
  "summary": {
    "successRate": 1,
    "total": 10.000817981,
    "slowest": 0.00968378,
    "fastest": 0.000175893,
    "average": 0.0010337591578034478,
    "requestsPerSec": 48298.54927043692,
    "totalData": 6279325,
    "sizePerRequest": 13,
    "sizePerSec": 627881.14051568
  },
  "responseTimeHistogram": {
    "0.000175893": 1,
    "0.0011266816999999998": 422366,
    "0.0020774704": 58341,
    "0.0030282590999999998": 660,
    "0.0039790478": 54,
    "0.0049298365": 3,
    "0.0058806252": 387,
    "0.0068314139": 1163,
    "0.0077822025999999996": 0,
    "0.0087329913": 0,
    "0.00968378": 50
  },
  "latencyPercentiles": {
    "p10": 0.000693867,
    "p25": 0.000955287,
    "p50": 0.00105013,
    "p75": 0.001091394,
    "p90": 0.001142374,
    "p95": 0.001315597,
    "p99": 0.001966382
  },
  "rps": {
    "mean": 48308.68239061892,
    "stddev": 5467.878857445194,
    "max": 54697.25931147066,
    "percentiles": {
      "p10": 45863.97738702864,
      "p25": 46888.26627199719,
      "p50": 49724.80273160267,
      "p75": 51336.65082178985,
      "p90": 52032.37974991818,
      "p95": 52406.7709548055,
      "p99": 53300.86880415878
    }
  },
  "details": {
    "DNSDialup": {
      "average": 0.0005243105000000001,
      "fastest": 0.000081188,
      "slowest": 0.000707538
    },
    "DNSLookup": {
      "average": 0.0000050555200000000015,
      "fastest": 0.000002905,
      "slowest": 0.00003307
    }
  },
  "statusCodeDistribution": {
    "200": 483025
  },
  "errorDistribution": {}
}