{
  "summary": {
    "successRate": 1,
    "total": 10.000586252,
    "slowest": 0.011712538,
    "fastest": 0.000427076,
    "average": 0.0012589643289680702,
    "requestsPerSec": 39651.675412598604,
    "totalData": 5155020,
    "sizePerRequest": 13,
    "sizePerSec": 515471.78036378184
  },
  "responseTimeHistogram": {
    "0.000427076": 1,
    "0.0015556221999999998": 374057,
    "0.0026841684": 20984,
    "0.0038127145999999994": 147,
    "0.0049412608": 1,
    "0.006069807": 1213,
    "0.007198353199999999": 87,
    "0.008326899399999999": 0,
    "0.0094554456": 0,
    "0.0105839918": 0,
    "0.011712538": 50
  },
  "latencyPercentiles": {
    "p10": 0.000925952,
    "p25": 0.001125778,
    "p50": 0.001271854,
    "p75": 0.001346763,
    "p90": 0.001428217,
    "p95": 0.001599735,
    "p99": 0.002087478
  },
  "rps": {
    "mean": 39660.49128841004,
    "stddev": 4121.102925558393,
    "max": 47087.267787442484,
    "percentiles": {
      "p10": 36929.56211447252,
      "p25": 38715.7766789962,
      "p50": 40439.13699678483,
      "p75": 41646.973621551304,
      "p90": 42970.274432123275,
      "p95": 43649.4123964955,
      "p99": 44738.77061861776
    }
  },
  "details": {
    "DNSDialup": {
      "average": 0.0005162918800000001,
      "fastest": 0.000081452,
      "slowest": 0.000872588
    },
    "DNSLookup": {
      "average": 0.0000067635600000000005,
      "fastest": 0.000003536,
      "slowest": 0.000032762
    }
  },
  "statusCodeDistribution": {
    "200": 396540
  },
  "errorDistribution": {}
}