{
  "summary": {
    "successRate": 1,
    "total": 10.000923892,
    "slowest": 0.011256629,
    "fastest": 0.000244798,
    "average": 0.0012582096686954056,
    "requestsPerSec": 39676.43432597377,
    "totalData": 5158413,
    "sizePerRequest": 13,
    "sizePerSec": 515793.64623765904
  },
  "responseTimeHistogram": {
    "0.000244798": 1,
    "0.0013459811000000003": 312671,
    "0.0024471642000000004": 82409,
    "0.003548347300000001": 349,
    "0.004649530400000001": 21,
    "0.005750713500000001": 680,
    "0.006851896600000002": 569,
    "0.0079530797": 51,
    "0.0090542628": 0,
    "0.0101554459": 0,
    "0.011256629": 50
  },
  "latencyPercentiles": {
    "p10": 0.000923967,
    "p25": 0.001140863,
    "p50": 0.001270425,
    "p75": 0.001334146,
    "p90": 0.001403363,
    "p95": 0.001600082,
    "p99": 0.002140751
  },
  "rps": {
    "mean": 39696.47276884622,
    "stddev": 4008.925634500572,
    "max": 49502.310994802414,
    "percentiles": {
      "p10": 37101.75862336005,
      "p25": 38604.373087213215,
      "p50": 40613.78199682198,
      "p75": 41719.624028026905,
      "p90": 42649.797904032544,
      "p95": 43182.178521571506,
      "p99": 44263.35177878821
    }
  },
  "details": {
    "DNSDialup": {
      "average": 0.00048824146000000016,
      "fastest": 0.000076914,
      "slowest": 0.000837083
    },
    "DNSLookup": {
      "average": 0.000006618120000000002,
      "fastest": 0.000003236,
      "slowest": 0.000031629
    }
  },
  "statusCodeDistribution": {
    "200": 396801
  },
  "errorDistribution": {}
}