{
  "summary": {
    "successRate": 1,
    "total": 10.000375945,
    "slowest": 0.00824407,
    "fastest": 0.000560596,
    "average": 0.001426728224959806,
    "requestsPerSec": 34997.38429083628,
    "totalData": 4549831,
    "sizePerRequest": 13,
    "sizePerSec": 454965.9957808716
  },
  "responseTimeHistogram": {
    "0.000560596": 1,
    "0.0013289433999999999": 97688,
    "0.0020972907999999998": 247718,
    "0.0028656381999999994": 2733,
    "0.0036339855999999995": 187,
    "0.004402333": 624,
    "0.005170680399999999": 886,
    "0.005939027799999999": 19,
    "0.006707375199999999": 54,
    "0.007475722599999999": 46,
    "0.00824407": 31
  },
  "latencyPercentiles": {
    "p10": 0.001206676,
    "p25": 0.001316846,
    "p50": 0.001392994,
    "p75": 0.001478411,
    "p90": 0.001599745,
    "p95": 0.001797743,
    "p99": 0.002174792
  },
  "rps": {
    "mean": 34996.0094084701,
    "stddev": 3127.029609357739,
    "max": 42920.9196562406,
    "percentiles": {
      "p10": 32875.32740860257,
      "p25": 34359.44547384398,
      "p50": 35740.91783284521,
      "p75": 36606.32923432562,
      "p90": 37243.681997305466,
      "p95": 37699.853681888766,
      "p99": 38686.35504551077
    }
  },
  "details": {
    "DNSDialup": {
      "average": 0.0010954314,
      "fastest": 0.000085962,
      "slowest": 0.002330445
    },
    "DNSLookup": {
      "average": 0.00001090966,
      "fastest": 0.000003676,
      "slowest": 0.000192707
    }
  },
  "statusCodeDistribution": {
    "200": 349987
  },
  "errorDistribution": {}
}