{
  "summary": {
    "successRate": 1,
    "total": 10.000514914,
    "slowest": 0.010816692,
    "fastest": 0.000438759,
    "average": 0.0012242780079769094,
    "requestsPerSec": 40777.90028882507,
    "totalData": 5301400,
    "sizePerRequest": 13,
    "sizePerSec": 530112.7037547259
  },
  "responseTimeHistogram": {
    "0.000438759": 1,
    "0.0014765522999999998": 383277,
    "0.0025143455999999996": 22850,
    "0.0035521388999999993": 229,
    "0.0045899322": 93,
    "0.0056277255": 553,
    "0.006665518799999999": 739,
    "0.007703312099999999": 8,
    "0.0087411054": 0,
    "0.009778898699999998": 0,
    "0.010816692": 50
  },
  "latencyPercentiles": {
    "p10": 0.000894831,
    "p25": 0.001110856,
    "p50": 0.001232401,
    "p75": 0.001296917,
    "p90": 0.001369697,
    "p95": 0.001573864,
    "p99": 0.002127852
  },
  "rps": {
    "mean": 40777.28208808435,
    "stddev": 4293.5261224978085,
    "max": 47782.12226974202,
    "percentiles": {
      "p10": 37917.44581681984,
      "p25": 39604.74062652374,
      "p50": 41719.24063565295,
      "p75": 43114.03793074857,
      "p90": 44012.48773486045,
      "p95": 44581.41570240846,
      "p99": 45752.194092831356
    }
  },
  "details": {
    "DNSDialup": {
      "average": 0.0009513572200000001,
      "fastest": 0.000090449,
      "slowest": 0.00195928
    },
    "DNSLookup": {
      "average": 0.000007821999999999999,
      "fastest": 0.000003948,
      "slowest": 0.000024165
    }
  },
  "statusCodeDistribution": {
    "200": 407800
  },
  "errorDistribution": {}
}