{
  "summary": {
    "successRate": 1,
    "total": 10.000678463,
    "slowest": 0.017243165,
    "fastest": 0.000258401,
    "average": 0.00274922026768678,
    "requestsPerSec": 18167.767384203722,
    "totalData": 2361970,
    "sizePerRequest": 13,
    "sizePerSec": 236180.97599464838
  },
  "responseTimeHistogram": {
    "0.000258401": 1,
    "0.0019568774000000002": 13026,
    "0.0036553538000000008": 154298,
    "0.005353830200000001": 11007,
    "0.0070523066000000014": 1806,
    "0.008750783000000002": 415,
    "0.010449259400000003": 283,
    "0.012147735800000002": 602,
    "0.013846212200000003": 201,
    "0.015544688600000004": 50,
    "0.017243165": 1
  },
  "latencyPercentiles": {
    "p10": 0.002122007,
    "p25": 0.002414508,
    "p50": 0.00260111,
    "p75": 0.002853411,
    "p90": 0.003338612,
    "p95": 0.004234814,
    "p99": 0.006574725
  },
  "rps": {
    "mean": 18199.75776448255,
    "stddev": 3511.3068494933495,
    "max": 28209.00995777943,
    "percentiles": {
      "p10": 14710.54157409174,
      "p25": 17239.464020752912,
      "p50": 19215.30691348785,
      "p75": 20129.120799059907,
      "p90": 20799.030099626914,
      "p95": 21684.139767544,
      "p99": 23050.039654411805
    }
  },
  "details": {
    "DNSDialup": {
      "average": 0.00252176556,
      "fastest": 0.0001235,
      "slowest": 0.005091319
    },
    "DNSLookup": {
      "average": 0.000009040020000000003,
      "fastest": 0.000006,
      "slowest": 0.0000859
    }
  },
  "statusCodeDistribution": {
    "200": 181690
  },
  "errorDistribution": {}
}