{
  "summary": {
    "successRate": 1,
    "total": 10.000369442,
    "slowest": 0.010098071,
    "fastest": 0.00045462,
    "average": 0.0012596447259664743,
    "requestsPerSec": 39640.03553059935,
    "totalData": 5153395,
    "sizePerRequest": 13,
    "sizePerSec": 515320.46189779154
  },
  "responseTimeHistogram": {
    "0.00045462": 1,
    "0.0014189651": 358982,
    "0.0023833102": 35213,
    "0.0033476553000000003": 424,
    "0.0043120004": 46,
    "0.005276345500000001": 1417,
    "0.0062406906": 194,
    "0.007205035700000001": 38,
    "0.0081693808": 50,
    "0.0091337259": 0,
    "0.010098071": 50
  },
  "latencyPercentiles": {
    "p10": 0.000909965,
    "p25": 0.001168603,
    "p50": 0.001281714,
    "p75": 0.001344339,
    "p90": 0.001413718,
    "p95": 0.001536828,
    "p99": 0.001993048
  },
  "rps": {
    "mean": 39646.69650944489,
    "stddev": 3891.42776142338,
    "max": 45522.231034423894,
    "percentiles": {
      "p10": 37424.783145032394,
      "p25": 39040.07463661275,
      "p50": 40527.051807081465,
      "p75": 41422.724506665465,
      "p90": 42491.30320240725,
      "p95": 43155.19117399292,
      "p99": 44054.8531422375
    }
  },
  "details": {
    "DNSDialup": {
      "average": 0.0007307777000000002,
      "fastest": 0.000068955,
      "slowest": 0.001614975
    },
    "DNSLookup": {
      "average": 0.000007382140000000001,
      "fastest": 0.000003797,
      "slowest": 0.00003254
    }
  },
  "statusCodeDistribution": {
    "200": 396415
  },
  "errorDistribution": {}
}