{
  "summary": {
    "successRate": 1,
    "total": 10.000644637,
    "slowest": 0.01217223,
    "fastest": 0.000177999,
    "average": 0.0012863078569316053,
    "requestsPerSec": 38815.29782228577,
    "totalData": 5046314,
    "sizePerRequest": 13,
    "sizePerSec": 504598.871689715
  },
  "responseTimeHistogram": {
    "0.000177999": 1,
    "0.0013774221": 287315,
    "0.0025768451999999996": 99149,
    "0.0037762682999999994": 356,
    "0.004975691399999999": 62,
    "0.006175114499999999": 1122,
    "0.007374537599999999": 123,
    "0.0085739607": 0,
    "0.009773383799999999": 0,
    "0.010972806899999998": 0,
    "0.012172229999999997": 50
  },
  "latencyPercentiles": {
    "p10": 0.000954697,
    "p25": 0.001135929,
    "p50": 0.001293143,
    "p75": 0.001381237,
    "p90": 0.001480651,
    "p95": 0.001694637,
    "p99": 0.002114298
  },
  "rps": {
    "mean": 38833.3624568586,
    "stddev": 3939.491629836835,
    "max": 46611.37111084703,
    "percentiles": {
      "p10": 36090.30483635473,
      "p25": 37877.66769172727,
      "p50": 39707.54443343967,
      "p75": 40838.96406039423,
      "p90": 41802.08174366947,
      "p95": 42402.34998716115,
      "p99": 43331.7032837974
    }
  },
  "details": {
    "DNSDialup": {
      "average": 0.0008799202399999999,
      "fastest": 0.000056305,
      "slowest": 0.001868306
    },
    "DNSLookup": {
      "average": 0.000006040660000000002,
      "fastest": 0.000002394,
      "slowest": 0.000041447
    }
  },
  "statusCodeDistribution": {
    "200": 388178
  },
  "errorDistribution": {}
}