{
  "summary": {
    "successRate": 1,
    "total": 10.000353051,
    "slowest": 0.010082632,
    "fastest": 0.00042586,
    "average": 0.0012004553598110388,
    "requestsPerSec": 41592.03158916554,
    "totalData": 5407155,
    "sizePerRequest": 13,
    "sizePerSec": 540696.4106591521
  },
  "responseTimeHistogram": {
    "0.00042586": 1,
    "0.0013915372": 384617,
    "0.0023572144": 29588,
    "0.0033228916": 264,
    "0.0042885688": 15,
    "0.005254246": 221,
    "0.0062199232": 1089,
    "0.0071856004": 90,
    "0.0081512776": 0,
    "0.0091169548": 0,
    "0.010082632": 50
  },
  "latencyPercentiles": {
    "p10": 0.00087909,
    "p25": 0.001085245,
    "p50": 0.001206988,
    "p75": 0.001272509,
    "p90": 0.001348627,
    "p95": 0.001546318,
    "p99": 0.002113245
  },
  "rps": {
    "mean": 41599.13147536623,
    "stddev": 4280.5048745269905,
    "max": 48965.302580838,
    "percentiles": {
      "p10": 38353.66926643556,
      "p25": 40476.937432141014,
      "p50": 42758.744499727574,
      "p75": 43824.72591035798,
      "p90": 44787.57956569751,
      "p95": 45382.191001870175,
      "p99": 46519.812788266514
    }
  },
  "details": {
    "DNSDialup": {
      "average": 0.0009098109399999995,
      "fastest": 0.000112311,
      "slowest": 0.001301848
    },
    "DNSLookup": {
      "average": 0.000008039259999999998,
      "fastest": 0.000004278,
      "slowest": 0.000034695
    }
  },
  "statusCodeDistribution": {
    "200": 415935
  },
  "errorDistribution": {}
}