{
  "summary": {
    "successRate": 1,
    "total": 10.000954741,
    "slowest": 0.009560846,
    "fastest": 0.000090292,
    "average": 0.001011056134759353,
    "requestsPerSec": 49377.385738536264,
    "totalData": 6419673,
    "sizePerRequest": 13,
    "sizePerSec": 641906.0146009715
  },
  "responseTimeHistogram": {
    "0.000090292": 1,
    "0.0010373474": 287808,
    "0.0019844028": 202752,
    "0.0029314582": 1592,
    "0.0038785136": 18,
    "0.004825568999999999": 0,
    "0.0057726244": 185,
    "0.0067196797999999995": 1365,
    "0.007666735199999999": 50,
    "0.0086137906": 0,
    "0.009560846": 50
  },
  "latencyPercentiles": {
    "p10": 0.000675659,
    "p25": 0.000950561,
    "p50": 0.001026104,
    "p75": 0.001061713,
    "p90": 0.001105983,
    "p95": 0.00126412,
    "p99": 0.00193755
  },
  "rps": {
    "mean": 49401.731528052456,
    "stddev": 5766.954728057794,
    "max": 57822.37725999838,
    "percentiles": {
      "p10": 45959.549788661294,
      "p25": 47462.80027290241,
      "p50": 51559.726787510655,
      "p75": 52513.431062575335,
      "p90": 53356.56939265928,
      "p95": 54074.25380042497,
      "p99": 55138.44252212512
    }
  },
  "details": {
    "DNSDialup": {
      "average": 0.0005283469199999999,
      "fastest": 0.000132727,
      "slowest": 0.000718885
    },
    "DNSLookup": {
      "average": 0.0000052582799999999996,
      "fastest": 0.000002932,
      "slowest": 0.000033195
    }
  },
  "statusCodeDistribution": {
    "200": 493821
  },
  "errorDistribution": {}
}