{
  "summary": {
    "successRate": 1,
    "total": 10.000184919,
    "slowest": 0.008090724,
    "fastest": 0.000459346,
    "average": 0.0012845651739876876,
    "requestsPerSec": 38866.98127566895,
    "totalData": 5052801,
    "sizePerRequest": 13,
    "sizePerSec": 505270.7565836963
  },
  "responseTimeHistogram": {
    "0.000459346": 1,
    "0.0012224838000000002": 107559,
    "0.0019856216": 275757,
    "0.0027487594": 3282,
    "0.0035118972": 235,
    "0.004275035": 204,
    "0.005038172800000001": 1254,
    "0.005801310600000001": 211,
    "0.006564448400000001": 66,
    "0.007327586200000001": 107,
    "0.008090724": 1
  },
  "latencyPercentiles": {
    "p10": 0.000926967,
    "p25": 0.00119411,
    "p50": 0.001305454,
    "p75": 0.001368843,
    "p90": 0.001443381,
    "p95": 0.001648707,
    "p99": 0.002052334
  },
  "rps": {
    "mean": 38863.01343996185,
    "stddev": 3737.54710540624,
    "max": 44159.5923578963,
    "percentiles": {
      "p10": 36057.15780655486,
      "p25": 38055.601744413434,
      "p50": 39826.594602769015,
      "p75": 40846.38179392483,
      "p90": 41594.89951860669,
      "p95": 42202.205300794936,
      "p99": 43071.365621526755
    }
  },
  "details": {
    "DNSDialup": {
      "average": 0.0014216265600000002,
      "fastest": 0.000107021,
      "slowest": 0.003174009
    },
    "DNSLookup": {
      "average": 0.000029207160000000004,
      "fastest": 0.000003658,
      "slowest": 0.001109277
    }
  },
  "statusCodeDistribution": {
    "200": 388677
  },
  "errorDistribution": {}
}