{
  "summary": {
    "successRate": 1,
    "total": 10.000628645,
    "slowest": 0.01105964,
    "fastest": 0.000394769,
    "average": 0.001249168057669384,
    "requestsPerSec": 39966.687514172765,
    "totalData": 5195996,
    "sizePerRequest": 13,
    "sizePerSec": 519566.93768424593
  },
  "responseTimeHistogram": {
    "0.000394769": 1,
    "0.0014612561000000002": 370860,
    "0.0025277432000000003": 27145,
    "0.0035942303000000004": 329,
    "0.0046607174": 7,
    "0.0057272045": 844,
    "0.0067936916": 456,
    "0.007860178700000001": 0,
    "0.0089266658": 0,
    "0.0099931529": 0,
    "0.01105964": 50
  },
  "latencyPercentiles": {
    "p10": 0.000916608,
    "p25": 0.001128894,
    "p50": 0.001263971,
    "p75": 0.001332037,
    "p90": 0.001408687,
    "p95": 0.001579195,
    "p99": 0.002051449
  },
  "rps": {
    "mean": 39974.15946010525,
    "stddev": 4019.5432813022558,
    "max": 45945.91375160856,
    "percentiles": {
      "p10": 37240.39491142934,
      "p25": 38970.02821187644,
      "p50": 40786.95693993238,
      "p75": 42029.00889855853,
      "p90": 43059.352870487746,
      "p95": 43745.87192129702,
      "p99": 44786.99295946543
    }
  },
  "details": {
    "DNSDialup": {
      "average": 0.0007857311399999996,
      "fastest": 0.000114263,
      "slowest": 0.001149042
    },
    "DNSLookup": {
      "average": 0.0000072190199999999995,
      "fastest": 0.000003647,
      "slowest": 0.000026199
    }
  },
  "statusCodeDistribution": {
    "200": 399692
  },
  "errorDistribution": {}
}