{
  "summary": {
    "successRate": 1,
    "total": 10.000857971,
    "slowest": 0.01288379,
    "fastest": 0.000213467,
    "average": 0.001244777086274632,
    "requestsPerSec": 40103.35924807625,
    "totalData": 5213884,
    "sizePerRequest": 13,
    "sizePerSec": 521343.67022499134
  },
  "responseTimeHistogram": {
    "0.000213467": 1,
    "0.0014804993": 377394,
    "0.0027475316000000003": 22238,
    "0.0040145639": 81,
    "0.0052815962000000004": 172,
    "0.0065486285000000005": 1080,
    "0.0078156608": 52,
    "0.0090826931": 0,
    "0.0103497254": 0,
    "0.0116167577": 0,
    "0.01288379": 50
  },
  "latencyPercentiles": {
    "p10": 0.000920404,
    "p25": 0.001126807,
    "p50": 0.001263876,
    "p75": 0.001330438,
    "p90": 0.001399199,
    "p95": 0.001542722,
    "p99": 0.001983654
  },
  "rps": {
    "mean": 40122.65257708674,
    "stddev": 3928.6289805834404,
    "max": 48628.840375829466,
    "percentiles": {
      "p10": 37708.808777729995,
      "p25": 39292.42602218593,
      "p50": 40815.73928375327,
      "p75": 42042.21879611404,
      "p90": 43043.163684544474,
      "p95": 43644.89231350189,
      "p99": 45069.36617113853
    }
  },
  "details": {
    "DNSDialup": {
      "average": 0.0009459748399999999,
      "fastest": 0.000116928,
      "slowest": 0.001438911
    },
    "DNSLookup": {
      "average": 0.000013122259999999994,
      "fastest": 0.000003026,
      "slowest": 0.000286564
    }
  },
  "statusCodeDistribution": {
    "200": 401068
  },
  "errorDistribution": {}
}