{
  "summary": {
    "successRate": 1,
    "total": 10.000844252,
    "slowest": 0.011435118,
    "fastest": 0.000449844,
    "average": 0.0012589540557307898,
    "requestsPerSec": 39653.35225780497,
    "totalData": 5155371,
    "sizePerRequest": 13,
    "sizePerSec": 515493.5793514645
  },
  "responseTimeHistogram": {
    "0.000449844": 1,
    "0.0015483714": 372329,
    "0.0026468988": 22581,
    "0.0037454261999999997": 283,
    "0.004843953599999999": 23,
    "0.0059424809999999995": 1187,
    "0.0070410084": 113,
    "0.008139535799999998": 0,
    "0.009238063199999999": 0,
    "0.010336590599999999": 0,
    "0.011435118": 50
  },
  "latencyPercentiles": {
    "p10": 0.000930459,
    "p25": 0.001127582,
    "p50": 0.001270271,
    "p75": 0.001344381,
    "p90": 0.001437903,
    "p95": 0.001603685,
    "p99": 0.002051477
  },
  "rps": {
    "mean": 39662.79607981808,
    "stddev": 4150.969002022018,
    "max": 48553.272650749655,
    "percentiles": {
      "p10": 36606.526943753954,
      "p25": 38560.65977389013,
      "p50": 40503.04371168009,
      "p75": 41666.45918124947,
      "p90": 43116.10953739524,
      "p95": 43794.976685969756,
      "p99": 45208.84664211018
    }
  },
  "details": {
    "DNSDialup": {
      "average": 0.00073559524,
      "fastest": 0.000091883,
      "slowest": 0.001722436
    },
    "DNSLookup": {
      "average": 0.000007276459999999998,
      "fastest": 0.000003827,
      "slowest": 0.000033302
    }
  },
  "statusCodeDistribution": {
    "200": 396567
  },
  "errorDistribution": {}
}