{
  "summary": {
    "successRate": 1,
    "total": 10.000441057,
    "slowest": 0.008524856,
    "fastest": 0.000931686,
    "average": 0.0016785388657410121,
    "requestsPerSec": 29750.887816267244,
    "totalData": 3867786,
    "sizePerRequest": 13,
    "sizePerSec": 386761.5416114742
  },
  "responseTimeHistogram": {
    "0.000931686": 1,
    "0.001691003": 195508,
    "0.00245032": 98172,
    "0.0032096370000000004": 1963,
    "0.003968954": 292,
    "0.004728271": 102,
    "0.005487588000000001": 904,
    "0.0062469050000000005": 427,
    "0.007006222": 95,
    "0.007765539": 28,
    "0.008524855999999999": 30
  },
  "latencyPercentiles": {
    "p10": 0.001402563,
    "p25": 0.001556576,
    "p50": 0.001638131,
    "p75": 0.001738832,
    "p90": 0.001888567,
    "p95": 0.002126026,
    "p99": 0.002557935
  },
  "rps": {
    "mean": 29750.778691161733,
    "stddev": 2810.3630303010527,
    "max": 35658.59908640689,
    "percentiles": {
      "p10": 28021.74767837377,
      "p25": 29205.81487774272,
      "p50": 30346.168661002295,
      "p75": 31208.40754499319,
      "p90": 31828.23200904036,
      "p95": 32231.74504570051,
      "p99": 32933.84611365098
    }
  },
  "details": {
    "DNSDialup": {
      "average": 0.0012123709200000002,
      "fastest": 0.000090983,
      "slowest": 0.00275161
    },
    "DNSLookup": {
      "average": 0.000007612279999999999,
      "fastest": 0.000003617,
      "slowest": 0.000050996
    }
  },
  "statusCodeDistribution": {
    "200": 297522
  },
  "errorDistribution": {}
}