{
  "summary": {
    "successRate": 1,
    "total": 10.000882714,
    "slowest": 0.012093865,
    "fastest": 0.000423129,
    "average": 0.001249311918202899,
    "requestsPerSec": 39958.77278318415,
    "totalData": 5195099,
    "sizePerRequest": 13,
    "sizePerSec": 519464.04618139396
  },
  "responseTimeHistogram": {
    "0.000423129": 1,
    "0.0015902026": 379205,
    "0.0027572762": 18927,
    "0.0039243498": 96,
    "0.0050914234000000004": 49,
    "0.006258497000000001": 1198,
    "0.0074255706000000005": 97,
    "0.0085926442": 0,
    "0.0097597178": 0,
    "0.0109267914": 0,
    "0.012093865": 50
  },
  "latencyPercentiles": {
    "p10": 0.000920844,
    "p25": 0.001104309,
    "p50": 0.001260379,
    "p75": 0.001337787,
    "p90": 0.00141964,
    "p95": 0.001598787,
    "p99": 0.002109584
  },
  "rps": {
    "mean": 39976.133572942774,
    "stddev": 4245.1021097618095,
    "max": 48184.02377024072,
    "percentiles": {
      "p10": 37116.093538158704,
      "p25": 38811.507612007656,
      "p50": 40797.35920852458,
      "p75": 42233.13531534814,
      "p90": 43351.493490363224,
      "p95": 44042.31144860947,
      "p99": 45285.24391158642
    }
  },
  "details": {
    "DNSDialup": {
      "average": 0.0006319094399999999,
      "fastest": 0.000084601,
      "slowest": 0.001043481
    },
    "DNSLookup": {
      "average": 0.000006917160000000001,
      "fastest": 0.000003607,
      "slowest": 0.000035317
    }
  },
  "statusCodeDistribution": {
    "200": 399623
  },
  "errorDistribution": {}
}