{
  "summary": {
    "successRate": 1,
    "total": 10.00064585,
    "slowest": 0.012030898,
    "fastest": 0.000446397,
    "average": 0.0012695747924961248,
    "requestsPerSec": 39323.96026202648,
    "totalData": 5112445,
    "sizePerRequest": 13,
    "sizePerSec": 511211.4834063442
  },
  "responseTimeHistogram": {
    "0.000446397": 1,
    "0.0016048471000000002": 371796,
    "0.0027632972": 20065,
    "0.0039217473": 53,
    "0.005080197400000001": 22,
    "0.0062386475000000005": 1189,
    "0.007397097600000001": 89,
    "0.0085555477": 0,
    "0.0097139978": 0,
    "0.0108724479": 0,
    "0.012030898": 50
  },
  "latencyPercentiles": {
    "p10": 0.000936437,
    "p25": 0.001158174,
    "p50": 0.001277579,
    "p75": 0.001346187,
    "p90": 0.001459989,
    "p95": 0.001625559,
    "p99": 0.002049803
  },
  "rps": {
    "mean": 39343.134816831516,
    "stddev": 4023.348709718813,
    "max": 46682.3518024391,
    "percentiles": {
      "p10": 36412.44213147651,
      "p25": 38238.65545680117,
      "p50": 40222.98341272218,
      "p75": 41483.26068286418,
      "p90": 42589.81444765934,
      "p95": 43209.32190641966,
      "p99": 44318.74283243266
    }
  },
  "details": {
    "DNSDialup": {
      "average": 0.00064149406,
      "fastest": 0.000085218,
      "slowest": 0.001018418
    },
    "DNSLookup": {
      "average": 0.000006948480000000002,
      "fastest": 0.000004138,
      "slowest": 0.000030488
    }
  },
  "statusCodeDistribution": {
    "200": 393265
  },
  "errorDistribution": {}
}