{
  "summary": {
    "successRate": 1,
    "total": 10.000672638,
    "slowest": 0.011043017,
    "fastest": 0.000212284,
    "average": 0.0012552174861418062,
    "requestsPerSec": 39771.52481610908,
    "totalData": 5170646,
    "sizePerRequest": 13,
    "sizePerSec": 517029.822609418
  },
  "responseTimeHistogram": {
    "0.000212284": 1,
    "0.0012953573000000001": 238497,
    "0.0023784306": 157338,
    "0.0034615039": 534,
    "0.0045445772": 22,
    "0.0056276505": 137,
    "0.0067107238": 1125,
    "0.0077937971": 38,
    "0.0088768704": 0,
    "0.009959943700000001": 0,
    "0.011043017": 50
  },
  "latencyPercentiles": {
    "p10": 0.000922027,
    "p25": 0.001135887,
    "p50": 0.001268857,
    "p75": 0.001336235,
    "p90": 0.001406216,
    "p95": 0.001567747,
    "p99": 0.002106279
  },
  "rps": {
    "mean": 39783.57036077581,
    "stddev": 4112.74981643817,
    "max": 45976.48072124887,
    "percentiles": {
      "p10": 37133.353177824254,
      "p25": 38828.2992118982,
      "p50": 40662.6448706875,
      "p75": 41707.678383591316,
      "p90": 42868.66703085168,
      "p95": 43506.31711724544,
      "p99": 44954.07075630463
    }
  },
  "details": {
    "DNSDialup": {
      "average": 0.0006973114399999999,
      "fastest": 0.000084247,
      "slowest": 0.001611389
    },
    "DNSLookup": {
      "average": 0.000006970260000000001,
      "fastest": 0.000002986,
      "slowest": 0.000041397
    }
  },
  "statusCodeDistribution": {
    "200": 397742
  },
  "errorDistribution": {}
}