{
  "summary": {
    "successRate": 1,
    "total": 10.000806517,
    "slowest": 0.01123966,
    "fastest": 0.000190586,
    "average": 0.001267706371673354,
    "requestsPerSec": 39379.523974446274,
    "totalData": 5119751,
    "sizePerRequest": 13,
    "sizePerSec": 511933.8116678016
  },
  "responseTimeHistogram": {
    "0.000190586": 1,
    "0.0012954934000000001": 212171,
    "0.0024004008000000003": 179824,
    "0.0035053082000000005": 472,
    "0.004610215600000001": 8,
    "0.005715123000000002": 622,
    "0.006820030400000001": 629,
    "0.0079249378": 50,
    "0.0090298452": 0,
    "0.010134752600000001": 0,
    "0.011239660000000002": 50
  },
  "latencyPercentiles": {
    "p10": 0.000930956,
    "p25": 0.001148304,
    "p50": 0.001284842,
    "p75": 0.001351793,
    "p90": 0.001423164,
    "p95": 0.001596902,
    "p99": 0.002064277
  },
  "rps": {
    "mean": 39392.95616626932,
    "stddev": 3933.767171366588,
    "max": 44932.64752877307,
    "percentiles": {
      "p10": 37107.68814209543,
      "p25": 38577.14069286805,
      "p50": 40208.785619657145,
      "p75": 41292.82510539617,
      "p90": 42224.40993138052,
      "p95": 43001.305382350474,
      "p99": 44005.682437474956
    }
  },
  "details": {
    "DNSDialup": {
      "average": 0.0007124729599999998,
      "fastest": 0.000073737,
      "slowest": 0.001545449
    },
    "DNSLookup": {
      "average": 0.000006550620000000001,
      "fastest": 0.000003427,
      "slowest": 0.000029304
    }
  },
  "statusCodeDistribution": {
    "200": 393827
  },
  "errorDistribution": {}
}