{
  "summary": {
    "successRate": 1,
    "total": 10.000637814,
    "slowest": 0.01174445,
    "fastest": 0.000418094,
    "average": 0.0012574212882885505,
    "requestsPerSec": 39703.16767638117,
    "totalData": 5161741,
    "sizePerRequest": 13,
    "sizePerSec": 516141.17979295517
  },
  "responseTimeHistogram": {
    "0.000418094": 1,
    "0.0015507295999999998": 373831,
    "0.0026833651999999997": 21730,
    "0.0038160007999999994": 132,
    "0.0049486363999999994": 17,
    "0.0060812719999999995": 1203,
    "0.007213907599999999": 93,
    "0.0083465432": 0,
    "0.0094791788": 0,
    "0.010611814399999999": 0,
    "0.01174445": 50
  },
  "latencyPercentiles": {
    "p10": 0.000930243,
    "p25": 0.001130675,
    "p50": 0.001270235,
    "p75": 0.001342371,
    "p90": 0.001429547,
    "p95": 0.001596306,
    "p99": 0.002031607
  },
  "rps": {
    "mean": 39722.08645868195,
    "stddev": 3943.4723177256446,
    "max": 46720.03368696538,
    "percentiles": {
      "p10": 36943.8005699548,
      "p25": 38703.27042635099,
      "p50": 40595.894963393876,
      "p75": 41714.21203203793,
      "p90": 42927.235692198985,
      "p95": 43373.552870958585,
      "p99": 44785.73861055184
    }
  },
  "details": {
    "DNSDialup": {
      "average": 0.0008875346,
      "fastest": 0.000124107,
      "slowest": 0.001346405
    },
    "DNSLookup": {
      "average": 0.000007291839999999999,
      "fastest": 0.000003797,
      "slowest": 0.000038583
    }
  },
  "statusCodeDistribution": {
    "200": 397057
  },
  "errorDistribution": {}
}