{
  "summary": {
    "successRate": 1,
    "total": 10.000818668,
    "slowest": 0.012308119,
    "fastest": 0.000272207,
    "average": 0.0019583041722103095,
    "requestsPerSec": 25504.51202721477,
    "totalData": 3315858,
    "sizePerRequest": 13,
    "sizePerSec": 331558.656353792
  },
  "responseTimeHistogram": {
    "0.000272207": 1,
    "0.0014757982": 18821,
    "0.0026793894": 218344,
    "0.0038829806": 14447,
    "0.0050865718": 1477,
    "0.006290163": 594,
    "0.0074937542": 48,
    "0.0086973454": 94,
    "0.0099009366": 453,
    "0.0111045278": 576,
    "0.012308119": 211
  },
  "latencyPercentiles": {
    "p10": 0.00156474,
    "p25": 0.001762345,
    "p50": 0.001836047,
    "p75": 0.00194935,
    "p90": 0.002208157,
    "p95": 0.003118081,
    "p99": 0.004448415
  },
  "rps": {
    "mean": 25531.499711385728,
    "stddev": 4584.610466668266,
    "max": 31522.368829197327,
    "percentiles": {
      "p10": 22412.19895989446,
      "p25": 24164.66527860805,
      "p50": 27207.732437558738,
      "p75": 27945.345577565582,
      "p90": 28542.836918790457,
      "p95": 28902.76494918456,
      "p99": 29873.40259574672
    }
  },
  "details": {
    "DNSDialup": {
      "average": 0.0016444625399999998,
      "fastest": 0.000090102,
      "slowest": 0.002107755
    },
    "DNSLookup": {
      "average": 0.00000520806,
      "fastest": 0.0000036,
      "slowest": 0.000042401
    }
  },
  "statusCodeDistribution": {
    "200": 255066
  },
  "errorDistribution": {}
}