{
  "summary": {
    "successRate": 1,
    "total": 10.000519526,
    "slowest": 0.011056464,
    "fastest": 0.000428237,
    "average": 0.0012170507857740087,
    "requestsPerSec": 41019.96890596342,
    "totalData": 5332873,
    "sizePerRequest": 13,
    "sizePerSec": 533259.5957775244
  },
  "responseTimeHistogram": {
    "0.000428237": 1,
    "0.0014910597": 387085,
    "0.0025538824": 21374,
    "0.0036167051": 342,
    "0.0046795278": 43,
    "0.0057423505": 947,
    "0.0068051731999999995": 365,
    "0.007867995899999999": 14,
    "0.0089308186": 0,
    "0.0099936413": 17,
    "0.011056464": 33
  },
  "latencyPercentiles": {
    "p10": 0.000890686,
    "p25": 0.00110179,
    "p50": 0.001224525,
    "p75": 0.001288078,
    "p90": 0.001362637,
    "p95": 0.001543643,
    "p99": 0.00215529
  },
  "rps": {
    "mean": 41019.98862606276,
    "stddev": 4241.052671688468,
    "max": 50166.14406094445,
    "percentiles": {
      "p10": 37737.68443007923,
      "p25": 39616.032608396614,
      "p50": 42050.90261761829,
      "p75": 43378.98802901759,
      "p90": 44209.343150094835,
      "p95": 44906.998129049076,
      "p99": 46339.14645731165
    }
  },
  "details": {
    "DNSDialup": {
      "average": 0.00058833216,
      "fastest": 0.000084307,
      "slowest": 0.001058579
    },
    "DNSLookup": {
      "average": 0.000009123259999999997,
      "fastest": 0.000003787,
      "slowest": 0.000031939
    }
  },
  "statusCodeDistribution": {
    "200": 410221
  },
  "errorDistribution": {}
}