{
  "summary": {
    "successRate": 1,
    "total": 10.00061177,
    "slowest": 0.012019752,
    "fastest": 0.000446361,
    "average": 0.0012364297265029679,
    "requestsPerSec": 40376.02991561785,
    "totalData": 5249205,
    "sizePerRequest": 13,
    "sizePerSec": 524888.388903032
  },
  "responseTimeHistogram": {
    "0.000446361": 1,
    "0.0016037001": 384998,
    "0.0027610392000000004": 17276,
    "0.003918378300000001": 153,
    "0.0050757174000000006": 58,
    "0.0062330565000000004": 1194,
    "0.007390395600000001": 55,
    "0.0085477347": 0,
    "0.0097050738": 0,
    "0.0108624129": 0,
    "0.012019752": 50
  },
  "latencyPercentiles": {
    "p10": 0.000908554,
    "p25": 0.001104771,
    "p50": 0.001251173,
    "p75": 0.001321005,
    "p90": 0.001396521,
    "p95": 0.001570801,
    "p99": 0.002041395
  },
  "rps": {
    "mean": 40384.15944030809,
    "stddev": 4070.151544104029,
    "max": 47134.23831070937,
    "percentiles": {
      "p10": 37705.154294590684,
      "p25": 39504.25172028866,
      "p50": 41100.752143763915,
      "p75": 42539.11897380799,
      "p90": 43492.65188583544,
      "p95": 44137.586329035206,
      "p99": 45958.96035803044
    }
  },
  "details": {
    "DNSDialup": {
      "average": 0.0005336591199999999,
      "fastest": 0.000082739,
      "slowest": 0.000934001
    },
    "DNSLookup": {
      "average": 0.000006630220000000001,
      "fastest": 0.000003717,
      "slowest": 0.000032993
    }
  },
  "statusCodeDistribution": {
    "200": 403785
  },
  "errorDistribution": {}
}