{
  "summary": {
    "successRate": 1,
    "total": 10.001086338,
    "slowest": 0.013276633,
    "fastest": 0.000204803,
    "average": 0.0019303898472232271,
    "requestsPerSec": 25870.889546959133,
    "totalData": 3363581,
    "sizePerRequest": 13,
    "sizePerSec": 336321.5641104687
  },
  "responseTimeHistogram": {
    "0.000204803": 1,
    "0.0015119859999999999": 24077,
    "0.002819169": 215958,
    "0.004126352": 15681,
    "0.005433535": 1120,
    "0.006740718": 294,
    "0.008047901": 278,
    "0.009355084": 553,
    "0.010662267": 657,
    "0.01196945": 94,
    "0.013276633": 24
  },
  "latencyPercentiles": {
    "p10": 0.001532816,
    "p25": 0.001718118,
    "p50": 0.001792418,
    "p75": 0.001912219,
    "p90": 0.002404424,
    "p95": 0.003057131,
    "p99": 0.004337143
  },
  "rps": {
    "mean": 25867.344237380676,
    "stddev": 4835.8170362533765,
    "max": 31661.258121291405,
    "percentiles": {
      "p10": 19647.171769050874,
      "p25": 24711.53319530647,
      "p50": 27821.120665538478,
      "p75": 28698.724212205285,
      "p90": 29173.66834706949,
      "p95": 29642.282958201456,
      "p99": 30261.714252783542
    }
  },
  "details": {
    "DNSDialup": {
      "average": 0.0016875015000000003,
      "fastest": 0.000092701,
      "slowest": 0.003205533
    },
    "DNSLookup": {
      "average": 0.000005162039999999999,
      "fastest": 0.0000037,
      "slowest": 0.0000315
    }
  },
  "statusCodeDistribution": {
    "200": 258737
  },
  "errorDistribution": {}
}