{
  "summary": {
    "successRate": 1,
    "total": 10.000653433,
    "slowest": 0.011140325,
    "fastest": 0.000248798,
    "average": 0.0012322731307364595,
    "requestsPerSec": 40512.45278264409,
    "totalData": 5266963,
    "sizePerRequest": 13,
    "sizePerSec": 526661.8861743731
  },
  "responseTimeHistogram": {
    "0.000248798": 1,
    "0.0013379506999999999": 330616,
    "0.0024271034": 72967,
    "0.0035162560999999998": 217,
    "0.0046054087999999995": 0,
    "0.0056945615": 1050,
    "0.006783714199999999": 250,
    "0.007872866899999999": 0,
    "0.0089620196": 0,
    "0.0100511723": 0,
    "0.011140325": 50
  },
  "latencyPercentiles": {
    "p10": 0.000907981,
    "p25": 0.001112794,
    "p50": 0.001250722,
    "p75": 0.001316646,
    "p90": 0.001384783,
    "p95": 0.001542338,
    "p99": 0.001992665
  },
  "rps": {
    "mean": 40530.53682902788,
    "stddev": 3946.8563162650576,
    "max": 51775.84139240431,
    "percentiles": {
      "p10": 38136.58442543898,
      "p25": 39657.066518716114,
      "p50": 41305.119869455375,
      "p75": 42501.57382315933,
      "p90": 43473.9666067837,
      "p95": 43986.36301683056,
      "p99": 45072.967563666956
    }
  },
  "details": {
    "DNSDialup": {
      "average": 0.0007719396000000002,
      "fastest": 0.000077225,
      "slowest": 0.001682434
    },
    "DNSLookup": {
      "average": 0.00003869782,
      "fastest": 0.000003757,
      "slowest": 0.001602852
    }
  },
  "statusCodeDistribution": {
    "200": 405151
  },
  "errorDistribution": {}
}