{
  "summary": {
    "successRate": 1,
    "total": 10.000736418,
    "slowest": 0.011035093,
    "fastest": 0.000243396,
    "average": 0.0012311563126086683,
    "requestsPerSec": 40547.71399335564,
    "totalData": 5271591,
    "sizePerRequest": 13,
    "sizePerSec": 527120.2819136233
  },
  "responseTimeHistogram": {
    "0.000243396": 1,
    "0.0013225656999999997": 319433,
    "0.0024017353999999996": 84408,
    "0.0034809050999999995": 303,
    "0.004560074799999999": 6,
    "0.0056392445": 1202,
    "0.006718414199999999": 104,
    "0.007797583899999998": 0,
    "0.008876753599999999": 0,
    "0.009955923299999999": 7,
    "0.011035093": 43
  },
  "latencyPercentiles": {
    "p10": 0.000909631,
    "p25": 0.001130496,
    "p50": 0.001245731,
    "p75": 0.001310121,
    "p90": 0.001385322,
    "p95": 0.001530624,
    "p99": 0.001984754
  },
  "rps": {
    "mean": 40527.03074565554,
    "stddev": 3994.3498224552945,
    "max": 47007.75627978596,
    "percentiles": {
      "p10": 38119.76128424694,
      "p25": 39744.39846753126,
      "p50": 41281.54679094928,
      "p75": 42550.93346736169,
      "p90": 43411.38246448218,
      "p95": 43857.614482049445,
      "p99": 45357.3044488832
    }
  },
  "details": {
    "DNSDialup": {
      "average": 0.000786698,
      "fastest": 0.000100067,
      "slowest": 0.001317445
    },
    "DNSLookup": {
      "average": 0.00000948574,
      "fastest": 0.000004979,
      "slowest": 0.000029325
    }
  },
  "statusCodeDistribution": {
    "200": 405507
  },
  "errorDistribution": {}
}