{
  "summary": {
    "successRate": 1,
    "total": 10.000264299,
    "slowest": 0.011450925,
    "fastest": 0.000287218,
    "average": 0.0012509809599999802,
    "requestsPerSec": 39908.94521056898,
    "totalData": 5188300,
    "sizePerRequest": 13,
    "sizePerSec": 518816.2877373968
  },
  "responseTimeHistogram": {
    "0.000287218": 1,
    "0.0014035887000000001": 359911,
    "0.0025199594": 37538,
    "0.0036363301": 281,
    "0.0047527008": 4,
    "0.0058690715": 1212,
    "0.0069854422": 103,
    "0.0081018129": 0,
    "0.0092181836": 0,
    "0.010334554300000002": 0,
    "0.011450925": 50
  },
  "latencyPercentiles": {
    "p10": 0.000922282,
    "p25": 0.001143531,
    "p50": 0.001263463,
    "p75": 0.001329675,
    "p90": 0.001401655,
    "p95": 0.001570995,
    "p99": 0.002047607
  },
  "rps": {
    "mean": 39921.920071581844,
    "stddev": 4031.728999482119,
    "max": 46359.3071950254,
    "percentiles": {
      "p10": 37307.24506699251,
      "p25": 38981.84628445901,
      "p50": 40848.91509315972,
      "p75": 41910.85491142026,
      "p90": 42904.81216563937,
      "p95": 43509.70537112705,
      "p99": 44747.22393753184
    }
  },
  "details": {
    "DNSDialup": {
      "average": 0.00085981276,
      "fastest": 0.000098108,
      "slowest": 0.001193873
    },
    "DNSLookup": {
      "average": 0.000011937460000000001,
      "fastest": 0.000003656,
      "slowest": 0.000184086
    }
  },
  "statusCodeDistribution": {
    "200": 399100
  },
  "errorDistribution": {}
}