{
  "summary": {
    "successRate": 1,
    "total": 10.000407898,
    "slowest": 0.007964267,
    "fastest": 0.000293534,
    "average": 0.001455140156544413,
    "requestsPerSec": 34314.100334710165,
    "totalData": 4461015,
    "sizePerRequest": 13,
    "sizePerSec": 446083.30435123213
  },
  "responseTimeHistogram": {
    "0.000293534": 1,
    "0.0010606073": 2219,
    "0.0018276806000000001": 321293,
    "0.0025947539": 17434,
    "0.0033618272000000005": 484,
    "0.0041289005": 69,
    "0.0048959738": 1295,
    "0.0056630471000000005": 229,
    "0.0064301204": 0,
    "0.0071971937": 68,
    "0.007964267": 63
  },
  "latencyPercentiles": {
    "p10": 0.001223242,
    "p25": 0.001338507,
    "p50": 0.001412715,
    "p75": 0.001499447,
    "p90": 0.001632767,
    "p95": 0.001892871,
    "p99": 0.002320052
  },
  "rps": {
    "mean": 34313.16219354539,
    "stddev": 3236.294813004067,
    "max": 40153.09409069594,
    "percentiles": {
      "p10": 31840.78794795606,
      "p25": 33520.393807589586,
      "p50": 35141.06723832211,
      "p75": 36110.350010882896,
      "p90": 36875.2310981788,
      "p95": 37381.432704328596,
      "p99": 38088.39052617495
    }
  },
  "details": {
    "DNSDialup": {
      "average": 0.0012196922200000003,
      "fastest": 0.000106168,
      "slowest": 0.002724673
    },
    "DNSLookup": {
      "average": 0.000026295859999999994,
      "fastest": 0.000003596,
      "slowest": 0.000939503
    }
  },
  "statusCodeDistribution": {
    "200": 343155
  },
  "errorDistribution": {}
}