{
  "summary": {
    "successRate": 1,
    "total": 10.001022029,
    "slowest": 0.010894949,
    "fastest": 0.000189534,
    "average": 0.001255301020836571,
    "requestsPerSec": 39767.435652750726,
    "totalData": 5170295,
    "sizePerRequest": 13,
    "sizePerSec": 516976.66348575946
  },
  "responseTimeHistogram": {
    "0.000189534": 1,
    "0.0012600755": 189970,
    "0.0023306169999999997": 206032,
    "0.0034011584999999993": 320,
    "0.0044716999999999995": 42,
    "0.0055422415": 227,
    "0.006612782999999999": 988,
    "0.007683324499999999": 85,
    "0.008753865999999999": 0,
    "0.009824407499999998": 0,
    "0.010894949": 50
  },
  "latencyPercentiles": {
    "p10": 0.000923155,
    "p25": 0.001122787,
    "p50": 0.001267034,
    "p75": 0.001339479,
    "p90": 0.001417842,
    "p95": 0.001582937,
    "p99": 0.002117442
  },
  "rps": {
    "mean": 39772.774394588574,
    "stddev": 4124.800714957549,
    "max": 47420.736331480795,
    "percentiles": {
      "p10": 37036.43644617812,
      "p25": 38599.83191436265,
      "p50": 40581.10060303993,
      "p75": 41839.23663350365,
      "p90": 43146.80268144268,
      "p95": 43702.91498443092,
      "p99": 45390.49782642191
    }
  },
  "details": {
    "DNSDialup": {
      "average": 0.0006627216800000001,
      "fastest": 0.000074138,
      "slowest": 0.001140213
    },
    "DNSLookup": {
      "average": 0.000006874679999999999,
      "fastest": 0.000003136,
      "slowest": 0.000029876
    }
  },
  "statusCodeDistribution": {
    "200": 397715
  },
  "errorDistribution": {}
}