{
  "summary": {
    "successRate": 1,
    "total": 10.000566254,
    "slowest": 0.015509707,
    "fastest": 0.000240016,
    "average": 0.002123175317895128,
    "requestsPerSec": 23524.66790626994,
    "totalData": 3058380,
    "sizePerRequest": 13,
    "sizePerSec": 305820.6827815092
  },
  "responseTimeHistogram": {
    "0.000240016": 1,
    "0.0017669851": 43919,
    "0.0032939542": 179593,
    "0.0048209233": 9502,
    "0.0063478924": 1188,
    "0.0078748615": 287,
    "0.0094018306": 36,
    "0.010928799699999998": 165,
    "0.0124557688": 417,
    "0.0139827379": 90,
    "0.015509707": 62
  },
  "latencyPercentiles": {
    "p10": 0.001604806,
    "p25": 0.001942666,
    "p50": 0.002041674,
    "p75": 0.002117481,
    "p90": 0.002329753,
    "p95": 0.003291914,
    "p99": 0.004759308
  },
  "rps": {
    "mean": 23536.900076662307,
    "stddev": 4160.73477429631,
    "max": 30686.86341081512,
    "percentiles": {
      "p10": 19532.51382250884,
      "p25": 22781.810215715832,
      "p50": 25269.69633898813,
      "p75": 25638.59120748538,
      "p90": 26001.23733514631,
      "p95": 26280.852797247342,
      "p99": 27054.90551003046
    }
  },
  "details": {
    "DNSDialup": {
      "average": 0.0011876831599999995,
      "fastest": 0.000054704,
      "slowest": 0.001648507
    },
    "DNSLookup": {
      "average": 0.000007080499999999999,
      "fastest": 0.0000037,
      "slowest": 0.000073905
    }
  },
  "statusCodeDistribution": {
    "200": 235260
  },
  "errorDistribution": {}
}