{
  "summary": {
    "successRate": 1,
    "total": 10.000651176,
    "slowest": 0.011054439,
    "fastest": 0.000165883,
    "average": 0.0012560897741485696,
    "requestsPerSec": 39743.01203043981,
    "totalData": 5166928,
    "sizePerRequest": 13,
    "sizePerSec": 516659.15639571747
  },
  "responseTimeHistogram": {
    "0.000165883": 1,
    "0.0012547385999999998": 175661,
    "0.0023435941999999997": 220002,
    "0.0034324497999999996": 428,
    "0.0045213054": 14,
    "0.005610161": 540,
    "0.0066990166": 760,
    "0.0077878722": 0,
    "0.0088767278": 0,
    "0.0099655834": 0,
    "0.011054439": 50
  },
  "latencyPercentiles": {
    "p10": 0.000923237,
    "p25": 0.001150295,
    "p50": 0.001270732,
    "p75": 0.001332938,
    "p90": 0.001400009,
    "p95": 0.00155567,
    "p99": 0.002101162
  },
  "rps": {
    "mean": 39781.670800583765,
    "stddev": 3967.895323975349,
    "max": 69286.69349052949,
    "percentiles": {
      "p10": 37273.33155249634,
      "p25": 38830.92494862916,
      "p50": 40603.07177143058,
      "p75": 41644.72374395739,
      "p90": 42619.91788965097,
      "p95": 43211.334332993974,
      "p99": 44200.910679084365
    }
  },
  "details": {
    "DNSDialup": {
      "average": 0.00063652548,
      "fastest": 0.000082688,
      "slowest": 0.000910309
    },
    "DNSLookup": {
      "average": 0.000006043879999999999,
      "fastest": 0.000003106,
      "slowest": 0.000031759
    }
  },
  "statusCodeDistribution": {
    "200": 397456
  },
  "errorDistribution": {}
}