{
  "summary": {
    "successRate": 1,
    "total": 10.00035133,
    "slowest": 0.011017304,
    "fastest": 0.000456727,
    "average": 0.0012345335469006982,
    "requestsPerSec": 40443.57909573563,
    "totalData": 5257850,
    "sizePerRequest": 13,
    "sizePerSec": 525766.5282445631
  },
  "responseTimeHistogram": {
    "0.000456727": 1,
    "0.0015127847": 381134,
    "0.0025688424": 21815,
    "0.0036249001000000004": 80,
    "0.0046809578": 33,
    "0.0057370154999999996": 701,
    "0.0067930732": 550,
    "0.007849130900000001": 86,
    "0.0089051886": 0,
    "0.0099612463": 0,
    "0.011017304": 50
  },
  "latencyPercentiles": {
    "p10": 0.000897783,
    "p25": 0.001138877,
    "p50": 0.00124351,
    "p75": 0.001304318,
    "p90": 0.001379929,
    "p95": 0.001570928,
    "p99": 0.002153451
  },
  "rps": {
    "mean": 40458.36785924197,
    "stddev": 4090.292103800732,
    "max": 46585.182193510234,
    "percentiles": {
      "p10": 37603.640032355164,
      "p25": 39376.81234784506,
      "p50": 41400.89563254251,
      "p75": 42694.316319139856,
      "p90": 43537.32911086161,
      "p95": 44079.60305857246,
      "p99": 45053.54162887304
    }
  },
  "details": {
    "DNSDialup": {
      "average": 0.0008280664800000003,
      "fastest": 0.000111239,
      "slowest": 0.001205933
    },
    "DNSLookup": {
      "average": 0.000011131739999999998,
      "fastest": 0.000003677,
      "slowest": 0.000197649
    }
  },
  "statusCodeDistribution": {
    "200": 404450
  },
  "errorDistribution": {}
}