{
  "summary": {
    "successRate": 1,
    "total": 10.000357595,
    "slowest": 0.009528172,
    "fastest": 0.000942509,
    "average": 0.0017210986915831433,
    "requestsPerSec": 29015.862407268247,
    "totalData": 3772197,
    "sizePerRequest": 13,
    "sizePerSec": 377206.2112944872
  },
  "responseTimeHistogram": {
    "0.000942509": 1,
    "0.0018010753000000002": 225317,
    "0.0026596416": 62116,
    "0.0035182079000000005": 1107,
    "0.0043767742": 128,
    "0.0052353405": 368,
    "0.006093906800000001": 982,
    "0.0069524731": 81,
    "0.007811039400000001": 39,
    "0.008669605700000001": 0,
    "0.009528172": 30
  },
  "latencyPercentiles": {
    "p10": 0.001436638,
    "p25": 0.001595983,
    "p50": 0.001677888,
    "p75": 0.001783191,
    "p90": 0.00193837,
    "p95": 0.002190029,
    "p99": 0.002630247
  },
  "rps": {
    "mean": 29015.302015359295,
    "stddev": 2733.8958350647213,
    "max": 32588.18413545862,
    "percentiles": {
      "p10": 27373.5180648937,
      "p25": 28609.120587643916,
      "p50": 29630.67367338565,
      "p75": 30360.924599455026,
      "p90": 30909.822599697058,
      "p95": 31378.042148954828,
      "p99": 32077.827153739196
    }
  },
  "details": {
    "DNSDialup": {
      "average": 0.0011537618000000002,
      "fastest": 0.000102649,
      "slowest": 0.002607394
    },
    "DNSLookup": {
      "average": 0.00002049504,
      "fastest": 0.000003106,
      "slowest": 0.000751606
    }
  },
  "statusCodeDistribution": {
    "200": 290169
  },
  "errorDistribution": {}
}