{
  "summary": {
    "successRate": 1,
    "total": 10.000907102,
    "slowest": 0.01070214,
    "fastest": 0.000241858,
    "average": 0.001254969143758113,
    "requestsPerSec": 39778.49168506355,
    "totalData": 5171673,
    "sizePerRequest": 13,
    "sizePerSec": 517120.39190582617
  },
  "responseTimeHistogram": {
    "0.000241858": 1,
    "0.0012878862": 225344,
    "0.0023339144000000004": 170738,
    "0.0033799426000000006": 349,
    "0.004425970800000001": 39,
    "0.005471999000000001": 151,
    "0.006518027200000001": 1065,
    "0.007564055400000001": 84,
    "0.0086100836": 0,
    "0.0096561118": 0,
    "0.01070214": 50
  },
  "latencyPercentiles": {
    "p10": 0.00092294,
    "p25": 0.001125427,
    "p50": 0.001269107,
    "p75": 0.001338807,
    "p90": 0.001411227,
    "p95": 0.001590756,
    "p99": 0.002109658
  },
  "rps": {
    "mean": 39796.36089998928,
    "stddev": 4055.805264186086,
    "max": 46860.197591014505,
    "percentiles": {
      "p10": 37024.50652086567,
      "p25": 38774.98563136787,
      "p50": 40674.356791648104,
      "p75": 41850.40531185117,
      "p90": 42828.46808273443,
      "p95": 43418.28495681798,
      "p99": 44549.793303977676
    }
  },
  "details": {
    "DNSDialup": {
      "average": 0.00077535452,
      "fastest": 0.00010643,
      "slowest": 0.001069786
    },
    "DNSLookup": {
      "average": 0.0000124445,
      "fastest": 0.000003557,
      "slowest": 0.000288731
    }
  },
  "statusCodeDistribution": {
    "200": 397821
  },
  "errorDistribution": {}
}