{
  "summary": {
    "successRate": 1,
    "total": 10.000830728,
    "slowest": 0.016634457,
    "fastest": 0.00040654,
    "average": 0.002260797326295562,
    "requestsPerSec": 22088.56504105406,
    "totalData": 2871752,
    "sizePerRequest": 13,
    "sizePerSec": 287151.34553370276
  },
  "responseTimeHistogram": {
    "0.00040654": 1,
    "0.0020293317": 117679,
    "0.0036521233999999994": 89752,
    "0.005274915099999999": 10603,
    "0.006897706799999999": 1159,
    "0.0085204985": 484,
    "0.010143290199999998": 477,
    "0.0117660819": 532,
    "0.013388873599999998": 167,
    "0.015011665299999997": 0,
    "0.016634457": 50
  },
  "latencyPercentiles": {
    "p10": 0.00170367,
    "p25": 0.00190259,
    "p50": 0.002013001,
    "p75": 0.002230223,
    "p90": 0.003266425,
    "p95": 0.00380588,
    "p99": 0.006170414
  },
  "rps": {
    "mean": 22079.322003958572,
    "stddev": 5576.504118368009,
    "max": 29103.259721559818,
    "percentiles": {
      "p10": 14108.611896702841,
      "p25": 20031.461413298162,
      "p50": 24702.97423809915,
      "p75": 25850.85176973679,
      "p90": 26596.950230173377,
      "p95": 27241.420579991147,
      "p99": 28268.084117088263
    }
  },
  "details": {
    "DNSDialup": {
      "average": 0.0019479160800000004,
      "fastest": 0.000087909,
      "slowest": 0.003982997
    },
    "DNSLookup": {
      "average": 0.000005358480000000002,
      "fastest": 0.0000039,
      "slowest": 0.000032703
    }
  },
  "statusCodeDistribution": {
    "200": 220904
  },
  "errorDistribution": {}
}