{
  "summary": {
    "successRate": 1,
    "total": 10.000603073,
    "slowest": 0.011355999,
    "fastest": 0.00029282,
    "average": 0.0012613683360241444,
    "requestsPerSec": 39576.91322322117,
    "totalData": 5145309,
    "sizePerRequest": 13,
    "sizePerSec": 514499.87190187525
  },
  "responseTimeHistogram": {
    "0.00029282": 1,
    "0.0013991379000000003": 346429,
    "0.0025054558000000005": 47802,
    "0.0036117737000000007": 211,
    "0.004718091600000001": 0,
    "0.0058244095000000015": 1200,
    "0.006930727400000001": 100,
    "0.0080370453": 0,
    "0.0091433632": 0,
    "0.010249681100000001": 0,
    "0.011355999000000002": 50
  },
  "latencyPercentiles": {
    "p10": 0.000933058,
    "p25": 0.001145844,
    "p50": 0.001277165,
    "p75": 0.001343806,
    "p90": 0.001421312,
    "p95": 0.001594599,
    "p99": 0.002022675
  },
  "rps": {
    "mean": 39592.10114652662,
    "stddev": 3907.9423853699063,
    "max": 46270.61870747842,
    "percentiles": {
      "p10": 36937.29928481762,
      "p25": 38617.79507997803,
      "p50": 40422.14259310909,
      "p75": 41479.59568607544,
      "p90": 42631.0737896863,
      "p95": 43369.23030232896,
      "p99": 44887.04495758164
    }
  },
  "details": {
    "DNSDialup": {
      "average": 0.00058639842,
      "fastest": 0.000080911,
      "slowest": 0.000927248
    },
    "DNSLookup": {
      "average": 0.0000068273600000000015,
      "fastest": 0.000004098,
      "slowest": 0.000032711
    }
  },
  "statusCodeDistribution": {
    "200": 395793
  },
  "errorDistribution": {}
}