{
  "summary": {
    "successRate": 1,
    "total": 10.000254801,
    "slowest": 0.031377345,
    "fastest": 0.000312007,
    "average": 0.001993886767888245,
    "requestsPerSec": 25049.361739757933,
    "totalData": 3256500,
    "sizePerRequest": 13,
    "sizePerSec": 325641.7026168531
  },
  "responseTimeHistogram": {
    "0.000312007": 1,
    "0.0034185408": 237053,
    "0.0065250746": 11684,
    "0.0096316084": 989,
    "0.0127381422": 623,
    "0.015844676000000002": 0,
    "0.0189512098": 100,
    "0.022057743600000002": 0,
    "0.0251642774": 42,
    "0.0282708112": 0,
    "0.031377345": 8
  },
  "latencyPercentiles": {
    "p10": 0.001523632,
    "p25": 0.001692034,
    "p50": 0.001768736,
    "p75": 0.001915739,
    "p90": 0.002944361,
    "p95": 0.003455971,
    "p99": 0.004788699
  },
  "rps": {
    "mean": 25142.698213853484,
    "stddev": 6226.596376076237,
    "max": 65419.134162152644,
    "percentiles": {
      "p10": 15013.245018382197,
      "p25": 23723.92937860835,
      "p50": 28087.57002143449,
      "p75": 29152.1108557603,
      "p90": 29786.963038591086,
      "p95": 30243.179854338843,
      "p99": 31304.993146406367
    }
  },
  "details": {
    "DNSDialup": {
      "average": 0.0018380558600000004,
      "fastest": 0.000087702,
      "slowest": 0.003807179
    },
    "DNSLookup": {
      "average": 0.000005136100000000002,
      "fastest": 0.0000038,
      "slowest": 0.000027601
    }
  },
  "statusCodeDistribution": {
    "200": 250500
  },
  "errorDistribution": {}
}