{
  "summary": {
    "successRate": 1,
    "total": 10.000435932,
    "slowest": 0.008220898,
    "fastest": 0.000537984,
    "average": 0.0014491497656229488,
    "requestsPerSec": 34455.7979615083,
    "totalData": 4479449,
    "sizePerRequest": 13,
    "sizePerSec": 447925.37349960796
  },
  "responseTimeHistogram": {
    "0.000537984": 1,
    "0.0013062754": 72859,
    "0.0020745668": 263788,
    "0.0028428582000000003": 6041,
    "0.0036111496000000003": 233,
    "0.004379441": 164,
    "0.0051477324000000005": 1249,
    "0.0059160238000000006": 56,
    "0.006684315200000001": 66,
    "0.007452606600000001": 86,
    "0.008220898": 30
  },
  "latencyPercentiles": {
    "p10": 0.001214639,
    "p25": 0.001324906,
    "p50": 0.001402847,
    "p75": 0.001502587,
    "p90": 0.001662452,
    "p95": 0.001870483,
    "p99": 0.002314786
  },
  "rps": {
    "mean": 34453.83021665974,
    "stddev": 3421.847427829418,
    "max": 40015.2618208584,
    "percentiles": {
      "p10": 31000.902126251804,
      "p25": 33730.06066825132,
      "p50": 35357.10931524228,
      "p75": 36452.922352672256,
      "p90": 37207.32240104712,
      "p95": 37639.02790803848,
      "p99": 38381.097492253764
    }
  },
  "details": {
    "DNSDialup": {
      "average": 0.0012774596000000003,
      "fastest": 0.000092794,
      "slowest": 0.002625958
    },
    "DNSLookup": {
      "average": 0.00003113553999999998,
      "fastest": 0.000003937,
      "slowest": 0.001196456
    }
  },
  "statusCodeDistribution": {
    "200": 344573
  },
  "errorDistribution": {}
}