{
  "summary": {
    "successRate": 1,
    "total": 10.000631491,
    "slowest": 0.011629126,
    "fastest": 0.00020774,
    "average": 0.001297952558195975,
    "requestsPerSec": 38455.571565265665,
    "totalData": 4999540,
    "sizePerRequest": 13,
    "sizePerSec": 499922.4303484537
  },
  "responseTimeHistogram": {
    "0.00020774": 1,
    "0.0013498786": 233127,
    "0.0024920172": 149828,
    "0.0036341558": 286,
    "0.0047762944": 38,
    "0.005918433": 1150,
    "0.007060571599999999": 50,
    "0.0082027102": 50,
    "0.0093448488": 0,
    "0.0104869874": 0,
    "0.011629126": 50
  },
  "latencyPercentiles": {
    "p10": 0.00096527,
    "p25": 0.001173891,
    "p50": 0.001318227,
    "p75": 0.001390578,
    "p90": 0.001461251,
    "p95": 0.001623539,
    "p99": 0.002046905
  },
  "rps": {
    "mean": 38466.24045589161,
    "stddev": 3743.8039048348396,
    "max": 45432.03913533771,
    "percentiles": {
      "p10": 36035.77992588905,
      "p25": 37854.99921807713,
      "p50": 39183.324893320634,
      "p75": 40403.61885496648,
      "p90": 41166.76405993464,
      "p95": 41725.565253834786,
      "p99": 42811.674108523985
    }
  },
  "details": {
    "DNSDialup": {
      "average": 0.0008839514000000001,
      "fastest": 0.000112961,
      "slowest": 0.0017231
    },
    "DNSLookup": {
      "average": 0.000006109380000000001,
      "fastest": 0.000002535,
      "slowest": 0.000035887
    }
  },
  "statusCodeDistribution": {
    "200": 384580
  },
  "errorDistribution": {}
}