{
  "summary": {
    "successRate": 1,
    "total": 10.000792529,
    "slowest": 0.013068104,
    "fastest": 0.000356501,
    "average": 0.001816559617531558,
    "requestsPerSec": 27500.220527772533,
    "totalData": 3575312,
    "sizePerRequest": 13,
    "sizePerSec": 357502.866861043
  },
  "responseTimeHistogram": {
    "0.000356501": 1,
    "0.0016276613": 62596,
    "0.0028988216": 202292,
    "0.0041699819": 7428,
    "0.0054411422000000004": 627,
    "0.0067123025000000005": 515,
    "0.0079834628": 99,
    "0.0092546231": 509,
    "0.0105257834": 733,
    "0.011796943700000001": 175,
    "0.013068104": 49
  },
  "latencyPercentiles": {
    "p10": 0.001441101,
    "p25": 0.001637401,
    "p50": 0.001713501,
    "p75": 0.0018243,
    "p90": 0.002054601,
    "p95": 0.002794601,
    "p99": 0.004136402
  },
  "rps": {
    "mean": 27503.07586391321,
    "stddev": 4972.8220736952035,
    "max": 33526.24895753835,
    "percentiles": {
      "p10": 24682.241741562815,
      "p25": 26586.75913950933,
      "p50": 29196.00336845007,
      "p75": 30105.566405816226,
      "p90": 30676.71922304593,
      "p95": 31206.40447734537,
      "p99": 32361.95760911661
    }
  },
  "details": {
    "DNSDialup": {
      "average": 0.0015685866999999999,
      "fastest": 0.0000818,
      "slowest": 0.003205502
    },
    "DNSLookup": {
      "average": 0.000004748,
      "fastest": 0.000003,
      "slowest": 0.000039
    }
  },
  "statusCodeDistribution": {
    "200": 275024
  },
  "errorDistribution": {}
}