{
  "summary": {
    "successRate": 1,
    "total": 10.000735222,
    "slowest": 0.010958351,
    "fastest": 0.000161354,
    "average": 0.0012451048457954694,
    "requestsPerSec": 40114.55068998126,
    "totalData": 5215275,
    "sizePerRequest": 13,
    "sizePerSec": 521489.15896975645
  },
  "responseTimeHistogram": {
    "0.000161354": 1,
    "0.0012410537": 193130,
    "0.0023207533999999998": 206019,
    "0.0034004531": 617,
    "0.0044801528": 29,
    "0.005559852499999999": 376,
    "0.0066395522": 903,
    "0.0077192519": 7,
    "0.0087989516": 43,
    "0.009878651300000001": 0,
    "0.010958351": 50
  },
  "latencyPercentiles": {
    "p10": 0.000925692,
    "p25": 0.001100144,
    "p50": 0.001248036,
    "p75": 0.0013326,
    "p90": 0.001420818,
    "p95": 0.001631761,
    "p99": 0.002137808
  },
  "rps": {
    "mean": 40127.85876080397,
    "stddev": 4182.065890682184,
    "max": 47368.072996047646,
    "percentiles": {
      "p10": 37138.17697463524,
      "p25": 38975.68680584743,
      "p50": 41000.13120041882,
      "p75": 42420.723856251294,
      "p90": 43344.94794790565,
      "p95": 43953.20760221929,
      "p99": 45026.84500499055
    }
  },
  "details": {
    "DNSDialup": {
      "average": 0.0007314406000000001,
      "fastest": 0.000075462,
      "slowest": 0.001458352
    },
    "DNSLookup": {
      "average": 0.000006765399999999999,
      "fastest": 0.000003296,
      "slowest": 0.000028294
    }
  },
  "statusCodeDistribution": {
    "200": 401175
  },
  "errorDistribution": {}
}