{
  "summary": {
    "successRate": 1,
    "total": 10.000528013,
    "slowest": 0.010238683,
    "fastest": 0.000444788,
    "average": 0.001216745019505501,
    "requestsPerSec": 41032.43343417251,
    "totalData": 5334498,
    "sizePerRequest": 13,
    "sizePerSec": 533421.6346442427
  },
  "responseTimeHistogram": {
    "0.000444788": 1,
    "0.0014241775": 379855,
    "0.0024035669999999997": 29218,
    "0.0033829565": 484,
    "0.004362346": 24,
    "0.0053417355": 432,
    "0.0063211249999999995": 232,
    "0.007300514499999999": 38,
    "0.008279904": 12,
    "0.0092592935": 0,
    "0.010238683": 50
  },
  "latencyPercentiles": {
    "p10": 0.000890756,
    "p25": 0.001111001,
    "p50": 0.001229461,
    "p75": 0.001295407,
    "p90": 0.001375057,
    "p95": 0.001583681,
    "p99": 0.002090004
  },
  "rps": {
    "mean": 41034.458688809354,
    "stddev": 3807.845787212575,
    "max": 46615.014696233346,
    "percentiles": {
      "p10": 38022.57400218278,
      "p25": 39903.55141607656,
      "p50": 41892.368483269755,
      "p75": 43197.45732173471,
      "p90": 44041.58847199381,
      "p95": 44684.08507725117,
      "p99": 45761.31081313546
    }
  },
  "details": {
    "DNSDialup": {
      "average": 0.00101534456,
      "fastest": 0.000109566,
      "slowest": 0.002136519
    },
    "DNSLookup": {
      "average": 0.00000905184,
      "fastest": 0.000004057,
      "slowest": 0.000036459
    }
  },
  "statusCodeDistribution": {
    "200": 410346
  },
  "errorDistribution": {}
}