{
  "summary": {
    "successRate": 1,
    "total": 10.000706095,
    "slowest": 0.013993394,
    "fastest": 0.000448007,
    "average": 0.0016465584689708214,
    "requestsPerSec": 30325.758713340132,
    "totalData": 3942627,
    "sizePerRequest": 13,
    "sizePerSec": 394234.8632734217
  },
  "responseTimeHistogram": {
    "0.000448007": 1,
    "0.0018025457": 281489,
    "0.0031570844": 11320,
    "0.004511623100000001": 9279,
    "0.0058661618": 388,
    "0.0072207005": 102,
    "0.008575239200000001": 39,
    "0.0099297779": 10,
    "0.0112843166": 34,
    "0.0126388553": 455,
    "0.013993394": 162
  },
  "latencyPercentiles": {
    "p10": 0.001271218,
    "p25": 0.00145612,
    "p50": 0.001593222,
    "p75": 0.001641923,
    "p90": 0.001703923,
    "p95": 0.002277431,
    "p99": 0.003933555
  },
  "rps": {
    "mean": 30361.745088457887,
    "stddev": 5410.105274249201,
    "max": 34604.373711990265,
    "percentiles": {
      "p10": 24722.160753175474,
      "p25": 29758.175350149566,
      "p50": 32608.02483491332,
      "p75": 33154.16981202986,
      "p90": 33497.45721519274,
      "p95": 33744.28741134586,
      "p99": 34134.00087827483
    }
  },
  "details": {
    "DNSDialup": {
      "average": 0.0014132516599999999,
      "fastest": 0.000068001,
      "slowest": 0.00284164
    },
    "DNSLookup": {
      "average": 0.000005014040000000002,
      "fastest": 0.0000033,
      "slowest": 0.000041701
    }
  },
  "statusCodeDistribution": {
    "200": 303279
  },
  "errorDistribution": {}
}