{
  "summary": {
    "successRate": 1,
    "total": 10.000656722,
    "slowest": 0.01104235,
    "fastest": 0.000192399,
    "average": 0.0012694811603544379,
    "requestsPerSec": 39328.417216318885,
    "totalData": 5113030,
    "sizePerRequest": 13,
    "sizePerSec": 511269.4238121455
  },
  "responseTimeHistogram": {
    "0.000192399": 1,
    "0.0012773941": 195851,
    "0.0023623892000000004": 195405,
    "0.0034473843": 638,
    "0.004532379400000001": 46,
    "0.0056173745": 903,
    "0.006702369600000001": 416,
    "0.007787364700000001": 0,
    "0.0088723598": 0,
    "0.0099573549": 0,
    "0.01104235": 50
  },
  "latencyPercentiles": {
    "p10": 0.000942496,
    "p25": 0.001121204,
    "p50": 0.001278207,
    "p75": 0.001365491,
    "p90": 0.001456399,
    "p95": 0.001669566,
    "p99": 0.002090201
  },
  "rps": {
    "mean": 39336.607043016964,
    "stddev": 3923.8617297751503,
    "max": 45800.863366719015,
    "percentiles": {
      "p10": 36709.548153474854,
      "p25": 38449.576884432776,
      "p50": 40205.03367021506,
      "p75": 41234.629194739224,
      "p90": 42272.28712793592,
      "p95": 43000.58715909437,
      "p99": 44260.31792075188
    }
  },
  "details": {
    "DNSDialup": {
      "average": 0.0007202061,
      "fastest": 0.000073277,
      "slowest": 0.001291033
    },
    "DNSLookup": {
      "average": 0.000006818519999999998,
      "fastest": 0.000003357,
      "slowest": 0.000034214
    }
  },
  "statusCodeDistribution": {
    "200": 393310
  },
  "errorDistribution": {}
}