{
  "summary": {
    "successRate": 1,
    "total": 10.000200248,
    "slowest": 0.010897964,
    "fastest": 0.000460158,
    "average": 0.0011989428784294526,
    "requestsPerSec": 41641.666133964,
    "totalData": 5413525,
    "sizePerRequest": 13,
    "sizePerSec": 541341.6597415319
  },
  "responseTimeHistogram": {
    "0.000460158": 1,
    "0.0015039386": 395166,
    "0.0025477192": 20320,
    "0.0035914998": 188,
    "0.0046352804000000004": 72,
    "0.005679061000000001": 628,
    "0.0067228416": 0,
    "0.0077666222": 0,
    "0.0088104028": 0,
    "0.009854183400000001": 0,
    "0.010897964000000001": 50
  },
  "latencyPercentiles": {
    "p10": 0.000882598,
    "p25": 0.00111689,
    "p50": 0.00121796,
    "p75": 0.001276633,
    "p90": 0.001349401,
    "p95": 0.0015132,
    "p99": 0.001977105
  },
  "rps": {
    "mean": 41638.050722973894,
    "stddev": 3314.3404879144096,
    "max": 46832.897263621795,
    "percentiles": {
      "p10": 39096.831121638854,
      "p25": 40451.08567610295,
      "p50": 42343.48892201585,
      "p75": 43474.53735594922,
      "p90": 44218.48373001954,
      "p95": 44649.28240640888,
      "p99": 45870.01845061154
    }
  },
  "details": {
    "DNSDialup": {
      "average": 0.0009672006600000003,
      "fastest": 0.000117553,
      "slowest": 0.002192967
    },
    "DNSLookup": {
      "average": 0.00000928932,
      "fastest": 0.00000487,
      "slowest": 0.000024356
    }
  },
  "statusCodeDistribution": {
    "200": 416425
  },
  "errorDistribution": {}
}