{
  "summary": {
    "successRate": 1,
    "total": 10.000729294,
    "slowest": 0.011898183,
    "fastest": 0.000212098,
    "average": 0.0012870700017401683,
    "requestsPerSec": 38786.471325918086,
    "totalData": 5042609,
    "sizePerRequest": 13,
    "sizePerSec": 504224.12723693514
  },
  "responseTimeHistogram": {
    "0.000212098": 1,
    "0.0013807065": 310640,
    "0.002549315": 75253,
    "0.0037179235": 649,
    "0.004886532": 45,
    "0.006055140499999999": 639,
    "0.007223749": 607,
    "0.008392357500000001": 9,
    "0.009560966": 0,
    "0.0107295745": 0,
    "0.011898183": 50
  },
  "latencyPercentiles": {
    "p10": 0.000938566,
    "p25": 0.001161483,
    "p50": 0.001291358,
    "p75": 0.001361685,
    "p90": 0.001449286,
    "p95": 0.001671828,
    "p99": 0.002247237
  },
  "rps": {
    "mean": 38809.719112932726,
    "stddev": 4249.206456038427,
    "max": 46815.126961190756,
    "percentiles": {
      "p10": 35425.416006390966,
      "p25": 37641.835135568304,
      "p50": 39997.27737831151,
      "p75": 41117.599859950526,
      "p90": 42072.33623394438,
      "p95": 42603.693740247305,
      "p99": 43393.79134060452
    }
  },
  "details": {
    "DNSDialup": {
      "average": 0.0007450604400000001,
      "fastest": 0.00008489,
      "slowest": 0.00102174
    },
    "DNSLookup": {
      "average": 0.00000679292,
      "fastest": 0.000003666,
      "slowest": 0.000037802
    }
  },
  "statusCodeDistribution": {
    "200": 387893
  },
  "errorDistribution": {}
}