{
  "summary": {
    "successRate": 1,
    "total": 10.000318557,
    "slowest": 0.011421606,
    "fastest": 0.000202777,
    "average": 0.0012076826922308498,
    "requestsPerSec": 41339.08311457003,
    "totalData": 5374252,
    "sizePerRequest": 13,
    "sizePerSec": 537408.0804894103
  },
  "responseTimeHistogram": {
    "0.000202777": 1,
    "0.0013246599": 353428,
    "0.0024465428": 58091,
    "0.0035684257000000003": 461,
    "0.004690308600000001": 23,
    "0.005812191500000001": 1138,
    "0.006934074400000001": 162,
    "0.008055957300000001": 25,
    "0.0091778402": 25,
    "0.0102997231": 0,
    "0.011421606": 50
  },
  "latencyPercentiles": {
    "p10": 0.000878211,
    "p25": 0.001084487,
    "p50": 0.001215903,
    "p75": 0.001281613,
    "p90": 0.001362124,
    "p95": 0.00156242,
    "p99": 0.002097881
  },
  "rps": {
    "mean": 41349.64252349945,
    "stddev": 4449.933303160079,
    "max": 50795.48968366999,
    "percentiles": {
      "p10": 38478.34575980159,
      "p25": 40295.45345658317,
      "p50": 42355.014928892124,
      "p75": 43730.4582641852,
      "p90": 44585.9711255169,
      "p95": 45345.896575933366,
      "p99": 47271.08315778479
    }
  },
  "details": {
    "DNSDialup": {
      "average": 0.0010828558400000005,
      "fastest": 0.000113422,
      "slowest": 0.001692854
    },
    "DNSLookup": {
      "average": 0.000012153719999999997,
      "fastest": 0.000004909,
      "slowest": 0.000047609
    }
  },
  "statusCodeDistribution": {
    "200": 413404
  },
  "errorDistribution": {}
}