{
  "summary": {
    "successRate": 1,
    "total": 10.000646446,
    "slowest": 0.011336992,
    "fastest": 0.000138801,
    "average": 0.001251583424903888,
    "requestsPerSec": 39887.621480664435,
    "totalData": 5185726,
    "sizePerRequest": 13,
    "sizePerSec": 518539.07924863766
  },
  "responseTimeHistogram": {
    "0.000138801": 1,
    "0.0012586201000000003": 190661,
    "0.0023784392000000005": 206487,
    "0.0034982583000000007": 398,
    "0.004618077400000001": 5,
    "0.005737896500000002": 697,
    "0.006857715600000001": 603,
    "0.0079775347": 0,
    "0.009097353800000001": 0,
    "0.010217172900000002": 0,
    "0.011336992000000002": 50
  },
  "latencyPercentiles": {
    "p10": 0.000916801,
    "p25": 0.001127836,
    "p50": 0.001265191,
    "p75": 0.001332964,
    "p90": 0.001403103,
    "p95": 0.001593546,
    "p99": 0.002103396
  },
  "rps": {
    "mean": 39899.9047317809,
    "stddev": 4023.657897461557,
    "max": 46141.78822984691,
    "percentiles": {
      "p10": 37298.71103876293,
      "p25": 38795.26664729888,
      "p50": 40835.36342472575,
      "p75": 41837.35202670403,
      "p90": 42971.70688728188,
      "p95": 43680.721165683346,
      "p99": 44787.7171825845
    }
  },
  "details": {
    "DNSDialup": {
      "average": 0.0006495948399999999,
      "fastest": 0.000081962,
      "slowest": 0.001339309
    },
    "DNSLookup": {
      "average": 0.0000066677600000000005,
      "fastest": 0.000002965,
      "slowest": 0.000030196
    }
  },
  "statusCodeDistribution": {
    "200": 398902
  },
  "errorDistribution": {}
}