{
  "summary": {
    "successRate": 1,
    "total": 10.000820363,
    "slowest": 0.011848779,
    "fastest": 0.000410806,
    "average": 0.001914580669753959,
    "requestsPerSec": 26083.260225839134,
    "totalData": 3391102,
    "sizePerRequest": 13,
    "sizePerSec": 339082.38293590874
  },
  "responseTimeHistogram": {
    "0.000410806": 1,
    "0.0015546033": 29070,
    "0.0026984006000000003": 212338,
    "0.0038421979000000006": 15031,
    "0.0049859952": 2031,
    "0.0061297925": 475,
    "0.007273589800000001": 462,
    "0.0084173871": 560,
    "0.0095611844": 549,
    "0.010704981700000001": 230,
    "0.011848779": 107
  },
  "latencyPercentiles": {
    "p10": 0.001515523,
    "p25": 0.001703926,
    "p50": 0.001775127,
    "p75": 0.001887729,
    "p90": 0.002179633,
    "p95": 0.00324355,
    "p99": 0.004798972
  },
  "rps": {
    "mean": 26052.19347510158,
    "stddev": 5119.953751401454,
    "max": 32342.994219395794,
    "percentiles": {
      "p10": 21011.67495119805,
      "p25": 24638.170124154833,
      "p50": 28196.101063285652,
      "p75": 28943.2975956065,
      "p90": 29472.71772944506,
      "p95": 29853.416582116926,
      "p99": 31000.904845180357
    }
  },
  "details": {
    "DNSDialup": {
      "average": 0.0024609972400000007,
      "fastest": 0.000101602,
      "slowest": 0.004118863
    },
    "DNSLookup": {
      "average": 0.000005524079999999998,
      "fastest": 0.0000038,
      "slowest": 0.000031401
    }
  },
  "statusCodeDistribution": {
    "200": 260854
  },
  "errorDistribution": {}
}