{
  "summary": {
    "successRate": 1,
    "total": 10.000870006,
    "slowest": 0.011434418,
    "fastest": 0.000150181,
    "average": 0.0012451019983718324,
    "requestsPerSec": 40102.611048777195,
    "totalData": 5213793,
    "sizePerRequest": 13,
    "sizePerSec": 521333.9436341035
  },
  "responseTimeHistogram": {
    "0.000150181": 1,
    "0.0012786047000000003": 239541,
    "0.0024070284000000004": 159560,
    "0.0035354521000000006": 509,
    "0.004663875800000001": 70,
    "0.005792299500000001": 198,
    "0.006920723200000001": 1060,
    "0.0080491469": 27,
    "0.0091775706": 45,
    "0.010305994300000001": 0,
    "0.011434418000000002": 50
  },
  "latencyPercentiles": {
    "p10": 0.000898662,
    "p25": 0.001117249,
    "p50": 0.001253915,
    "p75": 0.00131795,
    "p90": 0.001398278,
    "p95": 0.001654364,
    "p99": 0.002173528
  },
  "rps": {
    "mean": 40114.18713962196,
    "stddev": 4295.28464675061,
    "max": 45788.33781211172,
    "percentiles": {
      "p10": 37326.7848029137,
      "p25": 39112.56204230229,
      "p50": 41122.42155202625,
      "p75": 42278.494807595525,
      "p90": 43160.95583650652,
      "p95": 43706.53192576493,
      "p99": 44568.85473104473
    }
  },
  "details": {
    "DNSDialup": {
      "average": 0.0005377713400000001,
      "fastest": 0.000057986,
      "slowest": 0.00118942
    },
    "DNSLookup": {
      "average": 0.00000420554,
      "fastest": 0.000001753,
      "slowest": 0.000034621
    }
  },
  "statusCodeDistribution": {
    "200": 401061
  },
  "errorDistribution": {}
}