{
  "summary": {
    "successRate": 1,
    "total": 10.000773911,
    "slowest": 0.009118823,
    "fastest": 0.000171382,
    "average": 0.0009922394856345556,
    "requestsPerSec": 50314.606097288066,
    "totalData": 6541405,
    "sizePerRequest": 13,
    "sizePerSec": 654089.8792647448
  },
  "responseTimeHistogram": {
    "0.000171382": 1,
    "0.0010661261000000002": 423968,
    "0.0019608702": 75403,
    "0.0028556143000000003": 2084,
    "0.0037503584": 22,
    "0.0046451025000000005": 57,
    "0.005539846600000001": 113,
    "0.006434590700000001": 1402,
    "0.007329334800000001": 85,
    "0.0082240789": 0,
    "0.009118823": 50
  },
  "latencyPercentiles": {
    "p10": 0.000664243,
    "p25": 0.000914037,
    "p50": 0.001005614,
    "p75": 0.001044145,
    "p90": 0.001092387,
    "p95": 0.00123682,
    "p99": 0.001930237
  },
  "rps": {
    "mean": 50333.60703196335,
    "stddev": 5903.198646253342,
    "max": 61780.78750111326,
    "percentiles": {
      "p10": 47110.64700622665,
      "p25": 48838.06112897383,
      "p50": 51903.33738459447,
      "p75": 53498.59561001853,
      "p90": 54569.858012750024,
      "p95": 55234.86977328956,
      "p99": 56323.13317025375
    }
  },
  "details": {
    "DNSDialup": {
      "average": 0.00053479388,
      "fastest": 0.000117804,
      "slowest": 0.001185006
    },
    "DNSLookup": {
      "average": 0.000006006960000000001,
      "fastest": 0.000002634,
      "slowest": 0.000036197
    }
  },
  "statusCodeDistribution": {
    "200": 503185
  },
  "errorDistribution": {}
}