{
  "summary": {
    "successRate": 0.6948253598311864,
    "total": 10.000558774,
    "slowest": 0.010473736,
    "fastest": 0.000346209,
    "average": 0.0011616382969288647,
    "requestsPerSec": 47623.83890370404,
    "totalData": 4301973,
    "sizePerRequest": 13,
    "sizePerSec": 430173.263036512
  },
  "responseTimeHistogram": {
    "0.000346209": 1,
    "0.0013589617": 308739,
    "0.0023717144": 21342,
    "0.0033844671": 239,
    "0.0043972198": 39,
    "0.0054099725000000005": 511,
    "0.0064227252": 0,
    "0.0074354779": 0,
    "0.0084482306": 0,
    "0.0094609833": 1,
    "0.010473736": 49
  },
  "latencyPercentiles": {
    "p10": 0.000859004,
    "p25": 0.001066546,
    "p50": 0.001182421,
    "p75": 0.001241817,
    "p90": 0.001309569,
    "p95": 0.001454587,
    "p99": 0.001887543
  },
  "rps": {
    "mean": 42981.45216485169,
    "stddev": 3476.945022080983,
    "max": 48416.15468706576,
    "percentiles": {
      "p10": 40488.759458486464,
      "p25": 41983.05649023008,
      "p50": 43614.488733156024,
      "p75": 44757.14144248192,
      "p90": 45790.460618533405,
      "p95": 46212.85179408111,
      "p99": 47480.357265549705
    }
  },
  "details": {
    "DNSDialup": {
      "average": 0.0008730748800000001,
      "fastest": 0.000095098,
      "slowest": 0.001662727
    },
    "DNSLookup": {
      "average": 0.000008866220000000003,
      "fastest": 0.000005189,
      "slowest": 0.000022182
    }
  },
  "statusCodeDistribution": {
    "200": 330921
  },
  "errorDistribution": {
    "Connection refused (os error 111)": 145344
  }
}