{
  "summary": {
    "successRate": 1,
    "total": 10.000764504,
    "slowest": 0.011791998,
    "fastest": 0.000452288,
    "average": 0.0012651239789686407,
    "requestsPerSec": 39457.08349018435,
    "totalData": 5129813,
    "sizePerRequest": 13,
    "sizePerSec": 512942.0853723965
  },
  "responseTimeHistogram": {
    "0.000452288": 1,
    "0.001586259": 373379,
    "0.0027202299999999997": 19716,
    "0.0038542009999999994": 155,
    "0.004988172": 0,
    "0.006122143": 1154,
    "0.007256113999999999": 146,
    "0.008390085": 0,
    "0.009524056": 0,
    "0.010658026999999999": 0,
    "0.011791998": 50
  },
  "latencyPercentiles": {
    "p10": 0.000932754,
    "p25": 0.001130992,
    "p50": 0.001277977,
    "p75": 0.001351569,
    "p90": 0.001436887,
    "p95": 0.001612242,
    "p99": 0.002093173
  },
  "rps": {
    "mean": 39481.873188883284,
    "stddev": 4079.805200468182,
    "max": 46214.32882390835,
    "percentiles": {
      "p10": 36513.52053534277,
      "p25": 38438.22653305783,
      "p50": 40363.87098216683,
      "p75": 41529.62500631405,
      "p90": 42635.6758800299,
      "p95": 43320.99360282961,
      "p99": 44876.25146755524
    }
  },
  "details": {
    "DNSDialup": {
      "average": 0.0005233636000000002,
      "fastest": 0.000105478,
      "slowest": 0.000918448
    },
    "DNSLookup": {
      "average": 0.0000071596,
      "fastest": 0.000003556,
      "slowest": 0.00002684
    }
  },
  "statusCodeDistribution": {
    "200": 394601
  },
  "errorDistribution": {}
}