{
  "summary": {
    "successRate": 1,
    "total": 10.00065421,
    "slowest": 0.010434301,
    "fastest": 0.000214575,
    "average": 0.001232549627245726,
    "requestsPerSec": 40502.050315366316,
    "totalData": 5265611,
    "sizePerRequest": 13,
    "sizePerSec": 526526.6540997621
  },
  "responseTimeHistogram": {
    "0.000214575": 1,
    "0.0012365476000000002": 189114,
    "0.0022585202": 214179,
    "0.0032804928": 403,
    "0.0043024654": 0,
    "0.005324438000000001": 123,
    "0.0063464106000000005": 1081,
    "0.0073683832": 96,
    "0.0083903558": 0,
    "0.009412328400000001": 0,
    "0.010434301000000002": 50
  },
  "latencyPercentiles": {
    "p10": 0.000911528,
    "p25": 0.001109862,
    "p50": 0.001246493,
    "p75": 0.001316191,
    "p90": 0.001392018,
    "p95": 0.001558229,
    "p99": 0.002010385
  },
  "rps": {
    "mean": 40498.908594420776,
    "stddev": 3985.78300315518,
    "max": 46530.430901807675,
    "percentiles": {
      "p10": 38014.107035120556,
      "p25": 39515.70990173452,
      "p50": 41288.62412130834,
      "p75": 42494.01180795667,
      "p90": 43608.07536367945,
      "p95": 44218.403130131315,
      "p99": 45600.114000284266
    }
  },
  "details": {
    "DNSDialup": {
      "average": 0.0006135782600000001,
      "fastest": 0.00007162,
      "slowest": 0.001418706
    },
    "DNSLookup": {
      "average": 0.0000070309999999999976,
      "fastest": 0.000003466,
      "slowest": 0.000025297
    }
  },
  "statusCodeDistribution": {
    "200": 405047
  },
  "errorDistribution": {}
}