{
  "summary": {
    "successRate": 1,
    "total": 10.000656749,
    "slowest": 0.011534319,
    "fastest": 0.000435555,
    "average": 0.001242088179385613,
    "requestsPerSec": 40190.66048239189,
    "totalData": 5225129,
    "sizePerRequest": 13,
    "sizePerSec": 522478.58627109457
  },
  "responseTimeHistogram": {
    "0.000435555": 1,
    "0.0015454313999999998": 380099,
    "0.0026553077999999994": 20380,
    "0.0037651841999999996": 102,
    "0.004875060599999999": 6,
    "0.005984936999999998": 1203,
    "0.0070948133999999986": 92,
    "0.0082046898": 0,
    "0.009314566199999999": 0,
    "0.010424442599999998": 0,
    "0.011534318999999998": 50
  },
  "latencyPercentiles": {
    "p10": 0.000918408,
    "p25": 0.001109112,
    "p50": 0.001257503,
    "p75": 0.001332085,
    "p90": 0.001413413,
    "p95": 0.001580546,
    "p99": 0.001996635
  },
  "rps": {
    "mean": 40209.23614778524,
    "stddev": 3951.8400274133232,
    "max": 48988.44059622513,
    "percentiles": {
      "p10": 37508.96826180755,
      "p25": 39285.705030695375,
      "p50": 40852.35596571313,
      "p75": 42183.69444796274,
      "p90": 43375.23481889552,
      "p95": 44005.49437166306,
      "p99": 45206.59564230484
    }
  },
  "details": {
    "DNSDialup": {
      "average": 0.0008272537200000001,
      "fastest": 0.000139621,
      "slowest": 0.001218283
    },
    "DNSLookup": {
      "average": 0.000007452919999999998,
      "fastest": 0.000003777,
      "slowest": 0.000027321
    }
  },
  "statusCodeDistribution": {
    "200": 401933
  },
  "errorDistribution": {}
}