{
  "summary": {
    "successRate": 1,
    "total": 10.001028929,
    "slowest": 0.010641142,
    "fastest": 0.000184758,
    "average": 0.0013066658138500779,
    "requestsPerSec": 38206.66880504731,
    "totalData": 4967378,
    "sizePerRequest": 13,
    "sizePerSec": 496686.69446561503
  },
  "responseTimeHistogram": {
    "0.000184758": 1,
    "0.0012303963999999998": 110900,
    "0.0022760348": 268987,
    "0.0033216732": 883,
    "0.0043673116": 35,
    "0.00541295": 9,
    "0.0064585884": 1156,
    "0.0075042267999999995": 85,
    "0.0085498652": 0,
    "0.0095955036": 0,
    "0.010641142": 50
  },
  "latencyPercentiles": {
    "p10": 0.000954028,
    "p25": 0.001183416,
    "p50": 0.001324207,
    "p75": 0.001390581,
    "p90": 0.001458338,
    "p95": 0.001635911,
    "p99": 0.002192624
  },
  "rps": {
    "mean": 38216.437241936495,
    "stddev": 3925.6142089796917,
    "max": 45066.829480231914,
    "percentiles": {
      "p10": 35524.11732325075,
      "p25": 37330.312213519624,
      "p50": 39115.77539221549,
      "p75": 40208.94613956637,
      "p90": 41055.90883090136,
      "p95": 41761.49581936843,
      "p99": 43035.12311068597
    }
  },
  "details": {
    "DNSDialup": {
      "average": 0.00079859744,
      "fastest": 0.000151452,
      "slowest": 0.001344653
    },
    "DNSLookup": {
      "average": 0.00000801698,
      "fastest": 0.000003607,
      "slowest": 0.000035357
    }
  },
  "statusCodeDistribution": {
    "200": 382106
  },
  "errorDistribution": {}
}