{
  "summary": {
    "successRate": 1,
    "total": 10.000760058,
    "slowest": 0.012205542,
    "fastest": 0.000352198,
    "average": 0.0015875030998264885,
    "requestsPerSec": 31469.208157658613,
    "totalData": 4091308,
    "sizePerRequest": 13,
    "sizePerSec": 409099.70604956197
  },
  "responseTimeHistogram": {
    "0.000352198": 1,
    "0.0015375324": 134003,
    "0.0027228668000000003": 167486,
    "0.0039082012": 11505,
    "0.0050935356": 609,
    "0.00627887": 337,
    "0.0074642044000000005": 7,
    "0.0086495388": 38,
    "0.0098348732": 458,
    "0.0110202076": 225,
    "0.012205542": 47
  },
  "latencyPercentiles": {
    "p10": 0.001214094,
    "p25": 0.001410993,
    "p50": 0.001552592,
    "p75": 0.001598592,
    "p90": 0.001658692,
    "p95": 0.002369488,
    "p99": 0.003378183
  },
  "rps": {
    "mean": 31459.217944200045,
    "stddev": 5090.473298456863,
    "max": 37607.01760623788,
    "percentiles": {
      "p10": 27384.65527619993,
      "p25": 30368.728363581027,
      "p50": 33478.91249535573,
      "p75": 33950.275563070645,
      "p90": 34695.795043700535,
      "p95": 35024.85553508978,
      "p99": 35329.45136871072
    }
  },
  "details": {
    "DNSDialup": {
      "average": 0.0015570245999999995,
      "fastest": 0.0000709,
      "slowest": 0.003274884
    },
    "DNSLookup": {
      "average": 0.0000050339599999999985,
      "fastest": 0.000003099,
      "slowest": 0.000046699
    }
  },
  "statusCodeDistribution": {
    "200": 314716
  },
  "errorDistribution": {}
}