{
  "summary": {
    "successRate": 1,
    "total": 10.000388563,
    "slowest": 0.014338497,
    "fastest": 0.000309402,
    "average": 0.002630028387324668,
    "requestsPerSec": 18985.66228741046,
    "totalData": 2468232,
    "sizePerRequest": 13,
    "sizePerSec": 246813.60973633602
  },
  "responseTimeHistogram": {
    "0.000309402": 1,
    "0.0017123115000000002": 11188,
    "0.003115221": 147641,
    "0.0045181305": 24270,
    "0.005921040000000001": 4110,
    "0.007323949500000001": 1171,
    "0.008726859": 419,
    "0.0101297685": 371,
    "0.011532678000000001": 464,
    "0.012935587500000002": 150,
    "0.014338497000000002": 79
  },
  "latencyPercentiles": {
    "p10": 0.001896212,
    "p25": 0.002149215,
    "p50": 0.002447516,
    "p75": 0.002853219,
    "p90": 0.003456624,
    "p95": 0.004121828,
    "p99": 0.006498545
  },
  "rps": {
    "mean": 18993.273972732328,
    "stddev": 4369.839666745825,
    "max": 27484.509005858326,
    "percentiles": {
      "p10": 13235.421639456941,
      "p25": 16980.141882268865,
      "p50": 19819.292098927395,
      "p75": 22083.183811774506,
      "p90": 23501.480439328465,
      "p95": 24162.272195711106,
      "p99": 25594.99102941735
    }
  },
  "details": {
    "DNSDialup": {
      "average": 0.00311494524,
      "fastest": 0.0000943,
      "slowest": 0.006378744
    },
    "DNSLookup": {
      "average": 0.000008368100000000002,
      "fastest": 0.000006,
      "slowest": 0.000033
    }
  },
  "statusCodeDistribution": {
    "200": 189864
  },
  "errorDistribution": {}
}