{
  "summary": {
    "successRate": 1,
    "total": 10.000683533,
    "slowest": 0.01011285,
    "fastest": 0.000217402,
    "average": 0.001223259896681897,
    "requestsPerSec": 40815.810104687174,
    "totalData": 5306418,
    "sizePerRequest": 13,
    "sizePerSec": 530605.5313609332
  },
  "responseTimeHistogram": {
    "0.000217402": 1,
    "0.0012069468": 145732,
    "0.0021964916000000003": 260543,
    "0.0031860364": 449,
    "0.0041755812": 69,
    "0.005165126000000001": 73,
    "0.0061546708": 1180,
    "0.0071442156": 89,
    "0.0081337604": 0,
    "0.009123305200000001": 0,
    "0.010112850000000001": 50
  },
  "latencyPercentiles": {
    "p10": 0.000884009,
    "p25": 0.001132198,
    "p50": 0.001245323,
    "p75": 0.00129587,
    "p90": 0.001349881,
    "p95": 0.00152924,
    "p99": 0.002016844
  },
  "rps": {
    "mean": 40828.86679137748,
    "stddev": 4000.43740130525,
    "max": 47388.55088489728,
    "percentiles": {
      "p10": 38402.29645732797,
      "p25": 40019.58558518549,
      "p50": 41680.98504379387,
      "p75": 42812.424165495046,
      "p90": 43726.071415860446,
      "p95": 44132.18471967176,
      "p99": 44929.617453391234
    }
  },
  "details": {
    "DNSDialup": {
      "average": 0.0006475918400000002,
      "fastest": 0.000067851,
      "slowest": 0.001458118
    },
    "DNSLookup": {
      "average": 0.000004791440000000001,
      "fastest": 0.000002694,
      "slowest": 0.000030506
    }
  },
  "statusCodeDistribution": {
    "200": 408186
  },
  "errorDistribution": {}
}