{
  "summary": {
    "successRate": 1,
    "total": 10.000828751,
    "slowest": 0.009911794,
    "fastest": 0.0002196,
    "average": 0.0017085575210942338,
    "requestsPerSec": 29237.776916314284,
    "totalData": 3801226,
    "sizePerRequest": 13,
    "sizePerSec": 380091.0999120857
  },
  "responseTimeHistogram": {
    "0.0002196": 1,
    "0.0011888194": 14214,
    "0.0021580388": 256211,
    "0.0031272581999999996": 16814,
    "0.0040964776": 2218,
    "0.005065697": 839,
    "0.0060349164": 504,
    "0.0070041358": 162,
    "0.007973355199999999": 378,
    "0.0089425746": 882,
    "0.009911794": 179
  },
  "latencyPercentiles": {
    "p10": 0.001374199,
    "p25": 0.001551799,
    "p50": 0.001616299,
    "p75": 0.001709499,
    "p90": 0.001917099,
    "p95": 0.002590598,
    "p99": 0.004131198
  },
  "rps": {
    "mean": 29227.146343947807,
    "stddev": 4749.092867866074,
    "max": 34469.30398258513,
    "percentiles": {
      "p10": 25047.917522559732,
      "p25": 28219.101539959654,
      "p50": 31006.0562152849,
      "p75": 31812.10768818555,
      "p90": 32327.133112978165,
      "p95": 32784.35286187957,
      "p99": 33840.60967746662
    }
  },
  "details": {
    "DNSDialup": {
      "average": 0.0012582333999999998,
      "fastest": 0.0000684,
      "slowest": 0.001371299
    },
    "DNSLookup": {
      "average": 0.000004035999999999999,
      "fastest": 0.000003,
      "slowest": 0.0000365
    }
  },
  "statusCodeDistribution": {
    "200": 292402
  },
  "errorDistribution": {}
}