{
  "summary": {
    "successRate": 1,
    "total": 10.000825172,
    "slowest": 0.016268272,
    "fastest": 0.000454401,
    "average": 0.002988123849415839,
    "requestsPerSec": 16715.520682036775,
    "totalData": 2173197,
    "sizePerRequest": 13,
    "sizePerSec": 217301.7688664781
  },
  "responseTimeHistogram": {
    "0.000454401": 1,
    "0.0020357881": 5881,
    "0.0036171752000000003": 139231,
    "0.005198562300000001": 17515,
    "0.0067799494000000005": 2719,
    "0.0083613365": 705,
    "0.009942723600000002": 208,
    "0.011524110700000001": 638,
    "0.013105497800000001": 210,
    "0.0146868849": 37,
    "0.016268272": 24
  },
  "latencyPercentiles": {
    "p10": 0.002307606,
    "p25": 0.002475106,
    "p50": 0.002733307,
    "p75": 0.003218914,
    "p90": 0.003846109,
    "p95": 0.00453312,
    "p99": 0.007055231
  },
  "rps": {
    "mean": 16727.698771996675,
    "stddev": 3426.972581777638,
    "max": 24069.14463525074,
    "percentiles": {
      "p10": 12944.54733387784,
      "p25": 15332.618804903228,
      "p50": 17201.33482358312,
      "p75": 19189.334377119205,
      "p90": 20189.185727952274,
      "p95": 20722.09901636224,
      "p99": 21877.83396274447
    }
  },
  "details": {
    "DNSDialup": {
      "average": 0.00223205388,
      "fastest": 0.0000962,
      "slowest": 0.004276519
    },
    "DNSLookup": {
      "average": 0.000058562219999999994,
      "fastest": 0.0000051,
      "slowest": 0.002589511
    }
  },
  "statusCodeDistribution": {
    "200": 167169
  },
  "errorDistribution": {}
}