{
  "summary": {
    "successRate": 1,
    "total": 10.000391996,
    "slowest": 0.010230529,
    "fastest": 0.000379613,
    "average": 0.0012107695549700994,
    "requestsPerSec": 41237.183518900936,
    "totalData": 5361044,
    "sizePerRequest": 13,
    "sizePerSec": 536083.3857457122
  },
  "responseTimeHistogram": {
    "0.000379613": 1,
    "0.0013647046000000002": 370475,
    "0.0023497962000000004": 40240,
    "0.0033348878000000006": 224,
    "0.004319979400000001": 11,
    "0.005305071000000001": 491,
    "0.006290162600000001": 759,
    "0.007275254200000002": 137,
    "0.008260345800000003": 0,
    "0.0092454374": 0,
    "0.010230529000000002": 50
  },
  "latencyPercentiles": {
    "p10": 0.000885622,
    "p25": 0.001095524,
    "p50": 0.001223533,
    "p75": 0.001289959,
    "p90": 0.001366455,
    "p95": 0.001535429,
    "p99": 0.002054101
  },
  "rps": {
    "mean": 41240.176755832996,
    "stddev": 4200.841751769868,
    "max": 49531.95405627013,
    "percentiles": {
      "p10": 38124.52932216542,
      "p25": 40252.259508518844,
      "p50": 42154.826567433025,
      "p75": 43515.96535105081,
      "p90": 44422.73136548182,
      "p95": 45140.30943019791,
      "p99": 46148.61725646684
    }
  },
  "details": {
    "DNSDialup": {
      "average": 0.0007835266,
      "fastest": 0.000074835,
      "slowest": 0.00176553
    },
    "DNSLookup": {
      "average": 0.000007593539999999999,
      "fastest": 0.000004137,
      "slowest": 0.000032852
    }
  },
  "statusCodeDistribution": {
    "200": 412388
  },
  "errorDistribution": {}
}