{
  "summary": {
    "successRate": 1,
    "total": 10.000735017,
    "slowest": 0.015050949,
    "fastest": 0.000384824,
    "average": 0.0023393634498838013,
    "requestsPerSec": 21348.830824641376,
    "totalData": 2775552,
    "sizePerRequest": 13,
    "sizePerSec": 277534.8007203379
  },
  "responseTimeHistogram": {
    "0.000384824": 1,
    "0.0018514364999999999": 29124,
    "0.003318049": 164589,
    "0.0047846615": 14694,
    "0.006251273999999999": 2906,
    "0.007717886499999999": 757,
    "0.009184499": 153,
    "0.0106511115": 294,
    "0.012117724": 664,
    "0.0135843365": 183,
    "0.015050949": 139
  },
  "latencyPercentiles": {
    "p10": 0.00174481,
    "p25": 0.001976524,
    "p50": 0.002116833,
    "p75": 0.002340248,
    "p90": 0.003155999,
    "p95": 0.003950149,
    "p99": 0.006317899
  },
  "rps": {
    "mean": 21388.811911380366,
    "stddev": 4983.50879907251,
    "max": 29340.181566433635,
    "percentiles": {
      "p10": 15181.22742045441,
      "p25": 19577.47000656222,
      "p50": 23342.655335689728,
      "p75": 24535.74858568835,
      "p90": 25342.27915787662,
      "p95": 25886.053420353062,
      "p99": 27334.085604749213
    }
  },
  "details": {
    "DNSDialup": {
      "average": 0.0023247364800000002,
      "fastest": 0.00015221,
      "slowest": 0.004361375
    },
    "DNSLookup": {
      "average": 0.000006604400000000001,
      "fastest": 0.0000041,
      "slowest": 0.000037903
    }
  },
  "statusCodeDistribution": {
    "200": 213504
  },
  "errorDistribution": {}
}