{
  "summary": {
    "successRate": 1,
    "total": 10.001688186,
    "slowest": 0.04488533,
    "fastest": 0.000380199,
    "average": 0.003078536552441166,
    "requestsPerSec": 16223.061245512818,
    "totalData": 2109354,
    "sizePerRequest": 13,
    "sizePerSec": 210899.79619166662
  },
  "responseTimeHistogram": {
    "0.000380199": 1,
    "0.0048307121000000005": 153113,
    "0.0092812252": 7525,
    "0.013731738299999999": 1329,
    "0.018182251400000002": 159,
    "0.022632764500000003": 81,
    "0.0270832776": 1,
    "0.0315337907": 0,
    "0.0359843038": 0,
    "0.0404348169": 3,
    "0.04488533": 46
  },
  "latencyPercentiles": {
    "p10": 0.002247497,
    "p25": 0.002582096,
    "p50": 0.002821496,
    "p75": 0.003136295,
    "p90": 0.004045294,
    "p95": 0.005073993,
    "p99": 0.009261886
  },
  "rps": {
    "mean": 16302.471062697274,
    "stddev": 4117.152185595386,
    "max": 25209.441667792715,
    "percentiles": {
      "p10": 11000.535747246024,
      "p25": 15226.9021598447,
      "p50": 17801.80688339834,
      "p75": 18679.850309425663,
      "p90": 19522.012687150127,
      "p95": 20174.24240991458,
      "p99": 21179.46218726806
    }
  },
  "details": {
    "DNSDialup": {
      "average": 0.0025770721800000003,
      "fastest": 0.000237599,
      "slowest": 0.003202495
    },
    "DNSLookup": {
      "average": 0.000007303979999999998,
      "fastest": 0.000006,
      "slowest": 0.0000326
    }
  },
  "statusCodeDistribution": {
    "200": 162258
  },
  "errorDistribution": {}
}