{
  "summary": {
    "successRate": 1,
    "total": 10.000654251,
    "slowest": 0.014403186,
    "fastest": 0.000197311,
    "average": 0.001797910054020359,
    "requestsPerSec": 27772.88295635529,
    "totalData": 3610711,
    "sizePerRequest": 13,
    "sizePerSec": 361047.4784326188
  },
  "responseTimeHistogram": {
    "0.000197311": 1,
    "0.0016178985": 73267,
    "0.003038486": 195244,
    "0.004459073500000001": 7973,
    "0.0058796610000000004": 440,
    "0.0073002485": 160,
    "0.008720836000000001": 49,
    "0.0101414235": 11,
    "0.011562011": 2,
    "0.012982598500000001": 587,
    "0.014403186": 13
  },
  "latencyPercentiles": {
    "p10": 0.001380676,
    "p25": 0.001570086,
    "p50": 0.001760896,
    "p75": 0.0018336,
    "p90": 0.001897504,
    "p95": 0.002330427,
    "p99": 0.004185228
  },
  "rps": {
    "mean": 27823.00576811495,
    "stddev": 4550.860472737833,
    "max": 33148.368142329746,
    "percentiles": {
      "p10": 22403.632482776415,
      "p25": 27974.569011154752,
      "p50": 29435.6223586877,
      "p75": 30056.97299230702,
      "p90": 30552.894341879022,
      "p95": 30972.95679974179,
      "p99": 31743.970891086396
    }
  },
  "details": {
    "DNSDialup": {
      "average": 0.0017177378999999999,
      "fastest": 0.000077404,
      "slowest": 0.003622398
    },
    "DNSLookup": {
      "average": 0.000005806280000000001,
      "fastest": 0.0000039,
      "slowest": 0.000050302
    }
  },
  "statusCodeDistribution": {
    "200": 277747
  },
  "errorDistribution": {}
}