{
  "summary": {
    "successRate": 1,
    "total": 10.000747022,
    "slowest": 0.01390275,
    "fastest": 0.000414995,
    "average": 0.001676353191827725,
    "requestsPerSec": 29798.47398843642,
    "totalData": 3874091,
    "sizePerRequest": 13,
    "sizePerSec": 387380.16184967343
  },
  "responseTimeHistogram": {
    "0.000414995": 1,
    "0.0017637705000000002": 231724,
    "0.0031125460000000003": 59225,
    "0.0044613215000000005": 5710,
    "0.005810097": 454,
    "0.0071588725": 180,
    "0.008507648000000001": 35,
    "0.009856423500000001": 423,
    "0.011205199": 155,
    "0.0125539745": 37,
    "0.01390275": 63
  },
  "latencyPercentiles": {
    "p10": 0.001228487,
    "p25": 0.001485085,
    "p50": 0.001567684,
    "p75": 0.001713382,
    "p90": 0.002145878,
    "p95": 0.002387974,
    "p99": 0.003620963
  },
  "rps": {
    "mean": 29813.595747951662,
    "stddev": 5244.481516852716,
    "max": 39340.442797241834,
    "percentiles": {
      "p10": 24011.188611101596,
      "p25": 27603.607791538347,
      "p50": 31108.761566241894,
      "p75": 33718.75946748455,
      "p90": 34513.82969155594,
      "p95": 34962.536100103694,
      "p99": 35576.56096543867
    }
  },
  "details": {
    "DNSDialup": {
      "average": 0.0015668419199999998,
      "fastest": 0.000136599,
      "slowest": 0.001762882
    },
    "DNSLookup": {
      "average": 0.000004251959999999999,
      "fastest": 0.000002999,
      "slowest": 0.0000461
    }
  },
  "statusCodeDistribution": {
    "200": 298007
  },
  "errorDistribution": {}
}