{
  "summary": {
    "successRate": 1,
    "total": 10.000556119,
    "slowest": 0.012179797,
    "fastest": 0.000348215,
    "average": 0.0012570372026875622,
    "requestsPerSec": 39714.09142391914,
    "totalData": 5163119,
    "sizePerRequest": 13,
    "sizePerSec": 516283.1885109488
  },
  "responseTimeHistogram": {
    "0.000348215": 1,
    "0.0015313731999999998": 370999,
    "0.0027145313999999993": 24662,
    "0.0038976895999999995": 123,
    "0.005080847799999999": 28,
    "0.006264005999999998": 1167,
    "0.007447164199999998": 133,
    "0.0086303224": 0,
    "0.009813480599999999": 0,
    "0.010996638799999998": 0,
    "0.012179796999999997": 50
  },
  "latencyPercentiles": {
    "p10": 0.000927664,
    "p25": 0.001117293,
    "p50": 0.001270607,
    "p75": 0.00134833,
    "p90": 0.00143614,
    "p95": 0.001616725,
    "p99": 0.002025698
  },
  "rps": {
    "mean": 39736.615519252104,
    "stddev": 4153.741856166102,
    "max": 49535.402138041565,
    "percentiles": {
      "p10": 36824.63199634193,
      "p25": 38624.02781095858,
      "p50": 40542.026828385126,
      "p75": 41828.51606539488,
      "p90": 43072.081333218186,
      "p95": 43962.555762152675,
      "p99": 45467.98844623783
    }
  },
  "details": {
    "DNSDialup": {
      "average": 0.0015697419200000002,
      "fastest": 0.00012213,
      "slowest": 0.002214344
    },
    "DNSLookup": {
      "average": 0.00000638276,
      "fastest": 0.000004038,
      "slowest": 0.000028223
    }
  },
  "statusCodeDistribution": {
    "200": 397163
  },
  "errorDistribution": {}
}