{
  "summary": {
    "successRate": 1,
    "total": 10.000830373,
    "slowest": 0.011476228,
    "fastest": 0.000457251,
    "average": 0.0012415250804505935,
    "requestsPerSec": 40210.16105679328,
    "totalData": 5227755,
    "sizePerRequest": 13,
    "sizePerSec": 522732.09373831266
  },
  "responseTimeHistogram": {
    "0.000457251": 1,
    "0.0015591487": 381784,
    "0.0026610464": 18763,
    "0.0037629441": 171,
    "0.004864841799999999": 16,
    "0.005966739499999999": 1166,
    "0.007068637199999999": 162,
    "0.0081705349": 22,
    "0.0092724326": 0,
    "0.0103743303": 33,
    "0.011476228": 17
  },
  "latencyPercentiles": {
    "p10": 0.000913308,
    "p25": 0.001124431,
    "p50": 0.001255347,
    "p75": 0.001324787,
    "p90": 0.001399686,
    "p95": 0.001565287,
    "p99": 0.002014769
  },
  "rps": {
    "mean": 40222.02608448405,
    "stddev": 4088.5995040531493,
    "max": 47024.66914143136,
    "percentiles": {
      "p10": 37511.86875527413,
      "p25": 39230.44282363163,
      "p50": 41034.522343647615,
      "p75": 42342.87493295693,
      "p90": 43311.379543637784,
      "p95": 43828.91838052397,
      "p99": 44917.31428429564
    }
  },
  "details": {
    "DNSDialup": {
      "average": 0.00097795256,
      "fastest": 0.000121933,
      "slowest": 0.002060027
    },
    "DNSLookup": {
      "average": 0.0000343298,
      "fastest": 0.000003998,
      "slowest": 0.001285934
    }
  },
  "statusCodeDistribution": {
    "200": 402135
  },
  "errorDistribution": {}
}