{
  "summary": {
    "successRate": 1,
    "total": 10.000609627,
    "slowest": 0.01059378,
    "fastest": 0.000188864,
    "average": 0.0012790558170443264,
    "requestsPerSec": 39030.02062456167,
    "totalData": 5074212,
    "sizePerRequest": 13,
    "sizePerSec": 507390.26811930176
  },
  "responseTimeHistogram": {
    "0.000188864": 1,
    "0.0012293555999999999": 133610,
    "0.0022698472": 254783,
    "0.0033103387999999997": 599,
    "0.0043508304": 31,
    "0.0053913220000000005": 102,
    "0.0064318136": 1104,
    "0.0074723051999999995": 44,
    "0.0085127968": 0,
    "0.0095532884": 0,
    "0.01059378": 50
  },
  "latencyPercentiles": {
    "p10": 0.000944537,
    "p25": 0.001145219,
    "p50": 0.001293509,
    "p75": 0.001367194,
    "p90": 0.001445031,
    "p95": 0.001613974,
    "p99": 0.002130492
  },
  "rps": {
    "mean": 39043.746979370575,
    "stddev": 3935.695361622309,
    "max": 45394.35593493552,
    "percentiles": {
      "p10": 36302.19991331698,
      "p25": 38078.18975484643,
      "p50": 39849.46161465384,
      "p75": 41044.10599630476,
      "p90": 42183.064407887505,
      "p95": 42957.97251338284,
      "p99": 43858.5311602481
    }
  },
  "details": {
    "DNSDialup": {
      "average": 0.0007284906799999999,
      "fastest": 0.000085826,
      "slowest": 0.001549301
    },
    "DNSLookup": {
      "average": 0.00000748176,
      "fastest": 0.000003046,
      "slowest": 0.000038111
    }
  },
  "statusCodeDistribution": {
    "200": 390324
  },
  "errorDistribution": {}
}