{
  "summary": {
    "successRate": 1,
    "total": 10.001233006,
    "slowest": 0.020959249,
    "fastest": 0.000390499,
    "average": 0.0030237750462330285,
    "requestsPerSec": 16516.46351013932,
    "totalData": 2147405,
    "sizePerRequest": 13,
    "sizePerSec": 214714.02563181118
  },
  "responseTimeHistogram": {
    "0.000390499": 1,
    "0.002447374": 36328,
    "0.004504249": 117276,
    "0.006561124000000001": 7776,
    "0.008617999000000001": 2015,
    "0.010674874": 632,
    "0.012731749000000002": 604,
    "0.014788624000000002": 359,
    "0.016845499": 121,
    "0.018902374": 52,
    "0.020959249": 21
  },
  "latencyPercentiles": {
    "p10": 0.002182896,
    "p25": 0.002488894,
    "p50": 0.002761294,
    "p75": 0.003168294,
    "p90": 0.00409089,
    "p95": 0.004988588,
    "p99": 0.009263781
  },
  "rps": {
    "mean": 16568.07458865951,
    "stddev": 4245.962439988197,
    "max": 25806.518210370163,
    "percentiles": {
      "p10": 10845.425892825344,
      "p25": 15104.857923706673,
      "p50": 17751.035138935706,
      "p75": 19395.80249733471,
      "p90": 20338.587176761277,
      "p95": 20990.041848084467,
      "p99": 22982.848686824793
    }
  },
  "details": {
    "DNSDialup": {
      "average": 0.002031368999999999,
      "fastest": 0.0000865,
      "slowest": 0.004221489
    },
    "DNSLookup": {
      "average": 0.000006997919999999999,
      "fastest": 0.0000049,
      "slowest": 0.000040699
    }
  },
  "statusCodeDistribution": {
    "200": 165185
  },
  "errorDistribution": {}
}