{
  "summary": {
    "successRate": 1,
    "total": 10.000625857,
    "slowest": 0.011791709,
    "fastest": 0.000377217,
    "average": 0.0012679684624799042,
    "requestsPerSec": 39371.13592989803,
    "totalData": 5118568,
    "sizePerRequest": 13,
    "sizePerSec": 511824.7670886745
  },
  "responseTimeHistogram": {
    "0.000377217": 1,
    "0.0015186661999999997": 366659,
    "0.0026601153999999995": 25535,
    "0.0038015645999999992": 191,
    "0.004943013799999999": 0,
    "0.006084462999999999": 1208,
    "0.0072259121999999985": 92,
    "0.008367361399999999": 0,
    "0.009508810599999997": 0,
    "0.010650259799999999": 0,
    "0.011791708999999997": 50
  },
  "latencyPercentiles": {
    "p10": 0.000935307,
    "p25": 0.001147892,
    "p50": 0.001280107,
    "p75": 0.00135129,
    "p90": 0.001441884,
    "p95": 0.001609629,
    "p99": 0.002047877
  },
  "rps": {
    "mean": 39380.51887148283,
    "stddev": 3972.2160525431036,
    "max": 47176.5297665892,
    "percentiles": {
      "p10": 36602.507051488385,
      "p25": 38274.09483027991,
      "p50": 40219.71570463447,
      "p75": 41403.3255521823,
      "p90": 42587.92849762516,
      "p95": 43212.561891742116,
      "p99": 44363.585875784134
    }
  },
  "details": {
    "DNSDialup": {
      "average": 0.0008051383799999998,
      "fastest": 0.000134041,
      "slowest": 0.00116189
    },
    "DNSLookup": {
      "average": 0.00000709636,
      "fastest": 0.000003747,
      "slowest": 0.000037519
    }
  },
  "statusCodeDistribution": {
    "200": 393736
  },
  "errorDistribution": {}
}