{
  "summary": {
    "successRate": 1,
    "total": 10.00030383,
    "slowest": 0.00972811,
    "fastest": 0.000445662,
    "average": 0.001179810809625204,
    "requestsPerSec": 42316.81428823148,
    "totalData": 5501353,
    "sizePerRequest": 13,
    "sizePerSec": 550118.5857470093
  },
  "responseTimeHistogram": {
    "0.000445662": 1,
    "0.0013739068": 392706,
    "0.0023021516": 29405,
    "0.0032303963999999997": 243,
    "0.0041586412": 27,
    "0.0050868860000000005": 701,
    "0.0060151308": 48,
    "0.0069433756": 0,
    "0.0078716204": 0,
    "0.0087998652": 0,
    "0.00972811": 50
  },
  "latencyPercentiles": {
    "p10": 0.000874059,
    "p25": 0.001092668,
    "p50": 0.001200294,
    "p75": 0.001258428,
    "p90": 0.001329115,
    "p95": 0.001491724,
    "p99": 0.00190499
  },
  "rps": {
    "mean": 42309.24478892783,
    "stddev": 3368.8168637532544,
    "max": 48535.309437615695,
    "percentiles": {
      "p10": 39808.487169464,
      "p25": 41180.37488675028,
      "p50": 43003.47468075616,
      "p75": 44100.20094043291,
      "p90": 44949.19187774442,
      "p95": 45596.69121355768,
      "p99": 46742.84309271771
    }
  },
  "details": {
    "DNSDialup": {
      "average": 0.00099277996,
      "fastest": 0.000095722,
      "slowest": 0.00197569
    },
    "DNSLookup": {
      "average": 0.000008600559999999996,
      "fastest": 0.000004439,
      "slowest": 0.000029486
    }
  },
  "statusCodeDistribution": {
    "200": 423181
  },
  "errorDistribution": {}
}