{
  "summary": {
    "successRate": 1,
    "total": 10.000666862,
    "slowest": 0.016842215,
    "fastest": 0.000252905,
    "average": 0.0022158968173962117,
    "requestsPerSec": 22539.096953272758,
    "totalData": 2930278,
    "sizePerRequest": 13,
    "sizePerSec": 293008.26039254584
  },
  "responseTimeHistogram": {
    "0.000252905": 1,
    "0.001911836": 56394,
    "0.003570767": 158935,
    "0.0052296980000000005": 8902,
    "0.006888629": 444,
    "0.00854756": 96,
    "0.010206491": 34,
    "0.011865421999999999": 145,
    "0.013524353": 401,
    "0.015183284": 43,
    "0.016842215": 11
  },
  "latencyPercentiles": {
    "p10": 0.001679431,
    "p25": 0.001909536,
    "p50": 0.00218674,
    "p75": 0.002240942,
    "p90": 0.002351244,
    "p95": 0.003414263,
    "p99": 0.00431008
  },
  "rps": {
    "mean": 22548.634734063315,
    "stddev": 3733.3324026979294,
    "max": 26176.42532212775,
    "percentiles": {
      "p10": 19100.21774248033,
      "p25": 21760.08612581941,
      "p50": 24123.404343678725,
      "p75": 24403.94123650902,
      "p90": 24602.585545670965,
      "p95": 24819.057740867975,
      "p99": 25437.935593350354
    }
  },
  "details": {
    "DNSDialup": {
      "average": 0.00147210948,
      "fastest": 0.000078001,
      "slowest": 0.002936155
    },
    "DNSLookup": {
      "average": 0.00000541012,
      "fastest": 0.0000034,
      "slowest": 0.000047501
    }
  },
  "statusCodeDistribution": {
    "200": 225406
  },
  "errorDistribution": {}
}