{
  "summary": {
    "successRate": 1,
    "total": 10.000654335,
    "slowest": 0.012500936,
    "fastest": 0.000823461,
    "average": 0.0016192897737296466,
    "requestsPerSec": 30838.08215635122,
    "totalData": 4009213,
    "sizePerRequest": 13,
    "sizePerSec": 400895.0680325659
  },
  "responseTimeHistogram": {
    "0.000823461": 1,
    "0.0019912085": 303191,
    "0.0031589560000000005": 2818,
    "0.004326703500000001": 1718,
    "0.005494451000000001": 338,
    "0.006662198500000001": 237,
    "0.007829946": 7,
    "0.0089976935": 63,
    "0.010165441": 10,
    "0.0113331885": 9,
    "0.012500936": 9
  },
  "latencyPercentiles": {
    "p10": 0.001508349,
    "p25": 0.001540284,
    "p50": 0.001581661,
    "p75": 0.001629702,
    "p90": 0.001697821,
    "p95": 0.001753343,
    "p99": 0.002867638
  },
  "rps": {
    "mean": 30822.19133568098,
    "stddev": 3166.669039983142,
    "max": 33104.832842731885,
    "percentiles": {
      "p10": 30320.976051228747,
      "p25": 31132.868857710968,
      "p50": 31429.882213981284,
      "p75": 31788.67216780622,
      "p90": 32130.170905313695,
      "p95": 32259.329524111577,
      "p99": 32531.72122388965
    }
  },
  "details": {
    "DNSDialup": {
      "average": 0.00082426956,
      "fastest": 0.000084968,
      "slowest": 0.001585932
    },
    "DNSLookup": {
      "average": 0.00000702486,
      "fastest": 0.000003737,
      "slowest": 0.000033913
    }
  },
  "statusCodeDistribution": {
    "200": 308401
  },
  "errorDistribution": {}
}