{
  "summary": {
    "successRate": 1,
    "total": 10.000653031,
    "slowest": 0.012561695,
    "fastest": 0.000583544,
    "average": 0.0016411198892986015,
    "requestsPerSec": 30428.512923777686,
    "totalData": 3955965,
    "sizePerRequest": 13,
    "sizePerSec": 395570.6680091099
  },
  "responseTimeHistogram": {
    "0.000583544": 1,
    "0.0017813590999999998": 289051,
    "0.0029791742": 12430,
    "0.0041769892999999995": 1853,
    "0.0053748044": 602,
    "0.0065726195": 223,
    "0.007770434599999999": 54,
    "0.0089682497": 60,
    "0.0101660648": 9,
    "0.011363879899999998": 10,
    "0.012561695": 12
  },
  "latencyPercentiles": {
    "p10": 0.001525842,
    "p25": 0.0015588,
    "p50": 0.001599681,
    "p75": 0.001648957,
    "p90": 0.001721795,
    "p95": 0.0017816,
    "p99": 0.00290356
  },
  "rps": {
    "mean": 30415.275430491998,
    "stddev": 3214.8592068317894,
    "max": 32611.1247075998,
    "percentiles": {
      "p10": 29832.831030549285,
      "p25": 30540.934931316733,
      "p50": 31151.530389271687,
      "p75": 31460.832322535436,
      "p90": 31754.341112640213,
      "p95": 31986.318278506904,
      "p99": 32282.428613197568
    }
  },
  "details": {
    "DNSDialup": {
      "average": 0.00089282684,
      "fastest": 0.00012342,
      "slowest": 0.001825802
    },
    "DNSLookup": {
      "average": 0.000008043700000000002,
      "fastest": 0.000003967,
      "slowest": 0.000032991
    }
  },
  "statusCodeDistribution": {
    "200": 304305
  },
  "errorDistribution": {}
}