{
  "summary": {
    "successRate": 1,
    "total": 10.000400129,
    "slowest": 0.013446208,
    "fastest": 0.001027061,
    "average": 0.0016407114836292952,
    "requestsPerSec": 30434.282236108313,
    "totalData": 3956615,
    "sizePerRequest": 13,
    "sizePerSec": 395645.66906940803
  },
  "responseTimeHistogram": {
    "0.001027061": 1,
    "0.0022689757": 299731,
    "0.0035108904": 3175,
    "0.0047528051": 963,
    "0.0059947198": 135,
    "0.0072366345": 190,
    "0.0084785492": 103,
    "0.0097204639": 25,
    "0.0109623786": 15,
    "0.012204293299999999": 6,
    "0.013446208": 11
  },
  "latencyPercentiles": {
    "p10": 0.001521362,
    "p25": 0.001555393,
    "p50": 0.001597865,
    "p75": 0.001650342,
    "p90": 0.001738283,
    "p95": 0.00180773,
    "p99": 0.002845149
  },
  "rps": {
    "mean": 30423.083733308973,
    "stddev": 3165.230092475705,
    "max": 37098.23068584679,
    "percentiles": {
      "p10": 30023.189911887377,
      "p25": 30521.410769654205,
      "p50": 31137.99458099034,
      "p75": 31459.395236393182,
      "p90": 31776.655963498266,
      "p95": 32036.47266510816,
      "p99": 32303.084347098833
    }
  },
  "details": {
    "DNSDialup": {
      "average": 0.0014468159799999997,
      "fastest": 0.000180255,
      "slowest": 0.002617328
    },
    "DNSLookup": {
      "average": 0.000014335899999999996,
      "fastest": 0.000004118,
      "slowest": 0.000203951
    }
  },
  "statusCodeDistribution": {
    "200": 304355
  },
  "errorDistribution": {}
}