{
  "summary": {
    "successRate": 1,
    "total": 10.000612162,
    "slowest": 0.01232794,
    "fastest": 0.000880423,
    "average": 0.0016568800953292377,
    "requestsPerSec": 30141.05487915631,
    "totalData": 3918577,
    "sizePerRequest": 13,
    "sizePerSec": 391833.713429032
  },
  "responseTimeHistogram": {
    "0.000880423": 1,
    "0.0020251747": 296038,
    "0.0031699264": 2853,
    "0.0043146781": 1630,
    "0.0054594298": 541,
    "0.0066041815": 264,
    "0.0077489332000000005": 2,
    "0.0088936849": 61,
    "0.0100384366": 20,
    "0.0111831883": 10,
    "0.01232794": 9
  },
  "latencyPercentiles": {
    "p10": 0.001542499,
    "p25": 0.001574214,
    "p50": 0.001615571,
    "p75": 0.001665626,
    "p90": 0.001740589,
    "p95": 0.001803817,
    "p99": 0.00279285
  },
  "rps": {
    "mean": 30125.422203221642,
    "stddev": 3147.759350925329,
    "max": 32241.9110586742,
    "percentiles": {
      "p10": 29583.049786747986,
      "p25": 30287.140261967932,
      "p50": 30678.40381492088,
      "p75": 31152.25978492313,
      "p90": 31481.682332357133,
      "p95": 31650.869277100654,
      "p99": 32050.57459725991
    }
  },
  "details": {
    "DNSDialup": {
      "average": 0.0005134257600000001,
      "fastest": 0.000084742,
      "slowest": 0.000896238
    },
    "DNSLookup": {
      "average": 0.00000694126,
      "fastest": 0.000003927,
      "slowest": 0.00002678
    }
  },
  "statusCodeDistribution": {
    "200": 301429
  },
  "errorDistribution": {}
}