{
  "summary": {
    "successRate": 1,
    "total": 10.000633814,
    "slowest": 0.013991084,
    "fastest": 0.000333826,
    "average": 0.0016127729383311068,
    "requestsPerSec": 30965.037392579005,
    "totalData": 4025710,
    "sizePerRequest": 13,
    "sizePerSec": 402545.4861035271
  },
  "responseTimeHistogram": {
    "0.000333826": 1,
    "0.0016995518": 277649,
    "0.0030652776": 29592,
    "0.0044310033999999995": 1745,
    "0.0057967292": 383,
    "0.007162455": 198,
    "0.0085281808": 24,
    "0.0098939066": 10,
    "0.0112596324": 29,
    "0.0126253582": 2,
    "0.013991084": 37
  },
  "latencyPercentiles": {
    "p10": 0.001497019,
    "p25": 0.001528438,
    "p50": 0.001568725,
    "p75": 0.001618489,
    "p90": 0.001702816,
    "p95": 0.001770085,
    "p99": 0.002813876
  },
  "rps": {
    "mean": 30935.395403550036,
    "stddev": 3421.8571129519632,
    "max": 36382.6766310737,
    "percentiles": {
      "p10": 30285.694037564706,
      "p25": 31187.674952796162,
      "p50": 31598.668370955667,
      "p75": 32129.05305208211,
      "p90": 32425.118305940734,
      "p95": 32635.585842803073,
      "p99": 33009.62099621228
    }
  },
  "details": {
    "DNSDialup": {
      "average": 0.00076606014,
      "fastest": 0.000076857,
      "slowest": 0.001680465
    },
    "DNSLookup": {
      "average": 0.000006455619999999999,
      "fastest": 0.000003396,
      "slowest": 0.000025988
    }
  },
  "statusCodeDistribution": {
    "200": 309670
  },
  "errorDistribution": {}
}