{
  "summary": {
    "successRate": 1,
    "total": 10.000713487,
    "slowest": 0.010772745,
    "fastest": 0.000654244,
    "average": 0.0016092852811139422,
    "requestsPerSec": 31029.686072237335,
    "totalData": 4034147,
    "sizePerRequest": 13,
    "sizePerSec": 403385.9189390854
  },
  "responseTimeHistogram": {
    "0.000654244": 1,
    "0.0016660941": 268441,
    "0.0026779442": 38280,
    "0.0036897943": 2120,
    "0.0047016444": 854,
    "0.005713494499999999": 224,
    "0.0067253446": 227,
    "0.0077371947": 78,
    "0.0087490448": 65,
    "0.009760894899999999": 10,
    "0.010772744999999999": 19
  },
  "latencyPercentiles": {
    "p10": 0.001491754,
    "p25": 0.001525027,
    "p50": 0.001566834,
    "p75": 0.001616647,
    "p90": 0.001694653,
    "p95": 0.001757834,
    "p99": 0.0028271
  },
  "rps": {
    "mean": 30997.475165871187,
    "stddev": 3486.6160707915324,
    "max": 36401.37981452482,
    "percentiles": {
      "p10": 30514.701983415634,
      "p25": 31272.193169345028,
      "p50": 31682.787122752998,
      "p75": 32139.801709477022,
      "p90": 32449.2830381601,
      "p95": 32687.245801003308,
      "p99": 33137.6432951235
    }
  },
  "details": {
    "DNSDialup": {
      "average": 0.0007145704400000001,
      "fastest": 0.000068649,
      "slowest": 0.001642176
    },
    "DNSLookup": {
      "average": 0.000006931220000000002,
      "fastest": 0.000003096,
      "slowest": 0.000028263
    }
  },
  "statusCodeDistribution": {
    "200": 310319
  },
  "errorDistribution": {}
}