{
  "summary": {
    "successRate": 1,
    "total": 10.000628267,
    "slowest": 0.012244844,
    "fastest": 0.000887017,
    "average": 0.0016085151716534881,
    "requestsPerSec": 31046.649441469537,
    "totalData": 4036318,
    "sizePerRequest": 13,
    "sizePerSec": 403606.442739104
  },
  "responseTimeHistogram": {
    "0.000887017": 1,
    "0.0020227997": 304848,
    "0.0031585823999999998": 3436,
    "0.0042943651": 1384,
    "0.0054301478": 342,
    "0.0065659305": 298,
    "0.0077017132": 86,
    "0.008837495899999999": 56,
    "0.0099732786": 9,
    "0.0111090613": 10,
    "0.012244844": 16
  },
  "latencyPercentiles": {
    "p10": 0.001491086,
    "p25": 0.001523398,
    "p50": 0.001564992,
    "p75": 0.001616559,
    "p90": 0.001704162,
    "p95": 0.001770759,
    "p99": 0.002761819
  },
  "rps": {
    "mean": 31036.097947171755,
    "stddev": 3313.69915853808,
    "max": 33430.0705415144,
    "percentiles": {
      "p10": 30320.542713457868,
      "p25": 31206.908041698793,
      "p50": 31620.834968160674,
      "p75": 32164.02688791742,
      "p90": 32519.52955760232,
      "p95": 32741.039533040752,
      "p99": 33115.65975325674
    }
  },
  "details": {
    "DNSDialup": {
      "average": 0.0007263237999999999,
      "fastest": 0.00007161,
      "slowest": 0.001560161
    },
    "DNSLookup": {
      "average": 0.0000067075600000000005,
      "fastest": 0.000003457,
      "slowest": 0.000035596
    }
  },
  "statusCodeDistribution": {
    "200": 310486
  },
  "errorDistribution": {}
}