{
  "summary": {
    "successRate": 1,
    "total": 10.000453706,
    "slowest": 0.010643732,
    "fastest": 0.000801875,
    "average": 0.0015177011559540622,
    "requestsPerSec": 32900.50728424421,
    "totalData": 4277260,
    "sizePerRequest": 13,
    "sizePerSec": 427706.5946951747
  },
  "responseTimeHistogram": {
    "0.000801875": 1,
    "0.0017860606999999997": 322931,
    "0.0027702463999999998": 3552,
    "0.0037544320999999994": 2055,
    "0.004738617799999999": 288,
    "0.005722803499999999": 107,
    "0.006706989199999998": 31,
    "0.007691174899999998": 25,
    "0.0086753606": 12,
    "0.009659546299999999": 2,
    "0.010643732": 16
  },
  "latencyPercentiles": {
    "p10": 0.0014121,
    "p25": 0.001447484,
    "p50": 0.001491665,
    "p75": 0.001540785,
    "p90": 0.001596654,
    "p95": 0.001638001,
    "p99": 0.002402702
  },
  "rps": {
    "mean": 32886.696058804344,
    "stddev": 2897.1079193500627,
    "max": 36141.29439041686,
    "percentiles": {
      "p10": 32346.38795496682,
      "p25": 33118.41715177748,
      "p50": 33374.82262039836,
      "p75": 33744.02539023054,
      "p90": 34113.68557294998,
      "p95": 34295.34299591992,
      "p99": 34617.89122858113
    }
  },
  "details": {
    "DNSDialup": {
      "average": 0.00080819148,
      "fastest": 0.000099912,
      "slowest": 0.001336777
    },
    "DNSLookup": {
      "average": 0.000006787,
      "fastest": 0.000003887,
      "slowest": 0.000034072
    }
  },
  "statusCodeDistribution": {
    "200": 329020
  },
  "errorDistribution": {}
}