{
  "summary": {
    "successRate": 1,
    "total": 10.000691112,
    "slowest": 0.010745317,
    "fastest": 0.000600642,
    "average": 0.0016173157194490737,
    "requestsPerSec": 30877.46602127031,
    "totalData": 4014348,
    "sizePerRequest": 13,
    "sizePerSec": 401407.05827651406
  },
  "responseTimeHistogram": {
    "0.000600642": 1,
    "0.0016151095": 220102,
    "0.002629577": 85291,
    "0.0036440444999999997": 1825,
    "0.004658512": 923,
    "0.0056729795": 262,
    "0.006687447": 114,
    "0.0077019145": 179,
    "0.008716382": 65,
    "0.0097308495": 19,
    "0.010745316999999999": 15
  },
  "latencyPercentiles": {
    "p10": 0.001490736,
    "p25": 0.001524541,
    "p50": 0.001568742,
    "p75": 0.001627372,
    "p90": 0.001736081,
    "p95": 0.001816903,
    "p99": 0.002721227
  },
  "rps": {
    "mean": 30871.61095605588,
    "stddev": 3310.3876976169536,
    "max": 33964.1720694088,
    "percentiles": {
      "p10": 30092.16024998234,
      "p25": 31041.279728490594,
      "p50": 31500.012600003956,
      "p75": 32171.156163202326,
      "p90": 32487.32613569946,
      "p95": 32709.401499726686,
      "p99": 33160.39745279162
    }
  },
  "details": {
    "DNSDialup": {
      "average": 0.0008881544399999999,
      "fastest": 0.000067096,
      "slowest": 0.001887559
    },
    "DNSLookup": {
      "average": 0.00000630736,
      "fastest": 0.000002645,
      "slowest": 0.000034334
    }
  },
  "statusCodeDistribution": {
    "200": 308796
  },
  "errorDistribution": {}
}