{
  "summary": {
    "successRate": 1,
    "total": 10.00060911,
    "slowest": 0.01050438,
    "fastest": 0.000760211,
    "average": 0.0016021224805666734,
    "requestsPerSec": 31168.801477133227,
    "totalData": 4052191,
    "sizePerRequest": 13,
    "sizePerSec": 405194.419202732
  },
  "responseTimeHistogram": {
    "0.000760211": 1,
    "0.0017346279000000002": 291820,
    "0.0027090448": 16635,
    "0.0036834617000000005": 1807,
    "0.0046578786": 844,
    "0.0056322955000000004": 230,
    "0.006606712400000001": 236,
    "0.0075811293": 33,
    "0.0085555462": 66,
    "0.0095299631": 17,
    "0.01050438": 18
  },
  "latencyPercentiles": {
    "p10": 0.001489091,
    "p25": 0.001520072,
    "p50": 0.001560217,
    "p75": 0.001609239,
    "p90": 0.001691823,
    "p95": 0.001755743,
    "p99": 0.002746394
  },
  "rps": {
    "mean": 31149.31941934625,
    "stddev": 3297.7546241344603,
    "max": 33561.19240774198,
    "percentiles": {
      "p10": 30550.766157204263,
      "p25": 31310.363730396406,
      "p50": 31812.944687191233,
      "p75": 32254.59194513948,
      "p90": 32544.807691228794,
      "p95": 32749.102981598342,
      "p99": 33129.02759356097
    }
  },
  "details": {
    "DNSDialup": {
      "average": 0.0007003813200000003,
      "fastest": 0.000071697,
      "slowest": 0.001588748
    },
    "DNSLookup": {
      "average": 0.00000758274,
      "fastest": 0.000003327,
      "slowest": 0.000052048
    }
  },
  "statusCodeDistribution": {
    "200": 311707
  },
  "errorDistribution": {}
}