{
  "summary": {
    "successRate": 1,
    "total": 10.000268525,
    "slowest": 0.014506414,
    "fastest": 0.00112133,
    "average": 0.001953180555510364,
    "requestsPerSec": 25570.213375845327,
    "totalData": 3324217,
    "sizePerRequest": 13,
    "sizePerSec": 332412.77388598927
  },
  "responseTimeHistogram": {
    "0.00112133": 1,
    "0.0024598384": 239801,
    "0.0037983468000000005": 12638,
    "0.0051368552": 1488,
    "0.006475363600000001": 535,
    "0.007813872000000001": 1088,
    "0.0091523804": 8,
    "0.0104908888": 70,
    "0.011829397200000001": 50,
    "0.013167905600000002": 0,
    "0.014506414000000002": 30
  },
  "latencyPercentiles": {
    "p10": 0.001588698,
    "p25": 0.001774189,
    "p50": 0.001870664,
    "p75": 0.00200532,
    "p90": 0.00221634,
    "p95": 0.002538131,
    "p99": 0.004291887
  },
  "rps": {
    "mean": 25550.93726285815,
    "stddev": 3705.4475700596895,
    "max": 30351.48708234971,
    "percentiles": {
      "p10": 23667.63252545266,
      "p25": 25249.279486352687,
      "p50": 26516.54101828687,
      "p75": 27385.62352042433,
      "p90": 27983.509328056065,
      "p95": 28402.69541579533,
      "p99": 29101.383271590305
    }
  },
  "details": {
    "DNSDialup": {
      "average": 0.0011787468600000007,
      "fastest": 0.000071706,
      "slowest": 0.002938784
    },
    "DNSLookup": {
      "average": 0.000007113220000000001,
      "fastest": 0.000003776,
      "slowest": 0.000030637
    }
  },
  "statusCodeDistribution": {
    "200": 255709
  },
  "errorDistribution": {}
}