{
  "summary": {
    "successRate": 1,
    "total": 10.000708166,
    "slowest": 0.010829545,
    "fastest": 0.000622214,
    "average": 0.0015706392671103581,
    "requestsPerSec": 31792.848538562183,
    "totalData": 4133363,
    "sizePerRequest": 13,
    "sizePerSec": 413307.03100130835
  },
  "responseTimeHistogram": {
    "0.000622214": 1,
    "0.0016429471": 282431,
    "0.0026636802": 32360,
    "0.0036844133": 1956,
    "0.0047051464000000005": 684,
    "0.0057258795": 137,
    "0.006746612600000001": 193,
    "0.007767345700000001": 84,
    "0.0087880788": 71,
    "0.0098088119": 16,
    "0.010829545": 18
  },
  "latencyPercentiles": {
    "p10": 0.001457984,
    "p25": 0.001489568,
    "p50": 0.001529943,
    "p75": 0.001577531,
    "p90": 0.001653314,
    "p95": 0.001718354,
    "p99": 0.002656524
  },
  "rps": {
    "mean": 31775.2421485154,
    "stddev": 3387.037535121614,
    "max": 34069.51628522993,
    "percentiles": {
      "p10": 31201.755163940576,
      "p25": 32140.330748260127,
      "p50": 32458.246129354247,
      "p75": 32905.01143323871,
      "p90": 33207.89697921068,
      "p95": 33345.279555108544,
      "p99": 33684.546779032
    }
  },
  "details": {
    "DNSDialup": {
      "average": 0.0006754557,
      "fastest": 0.00012661,
      "slowest": 0.001067688
    },
    "DNSLookup": {
      "average": 0.00000657048,
      "fastest": 0.000003547,
      "slowest": 0.000032731
    }
  },
  "statusCodeDistribution": {
    "200": 317951
  },
  "errorDistribution": {}
}