{
  "summary": {
    "successRate": 1,
    "total": 10.000414823,
    "slowest": 0.013727565,
    "fastest": 0.000910018,
    "average": 0.0019126370951689962,
    "requestsPerSec": 26111.416838373287,
    "totalData": 3394625,
    "sizePerRequest": 13,
    "sizePerSec": 339448.4188988527
  },
  "responseTimeHistogram": {
    "0.000910018": 1,
    "0.0021917727": 236108,
    "0.0034735274": 20771,
    "0.0047552821": 1639,
    "0.0060370368": 994,
    "0.0073187915000000004": 1323,
    "0.0086005462": 117,
    "0.0098823009": 27,
    "0.0111640556": 114,
    "0.0124458103": 1,
    "0.013727565": 30
  },
  "latencyPercentiles": {
    "p10": 0.001553696,
    "p25": 0.001736494,
    "p50": 0.001825123,
    "p75": 0.00195391,
    "p90": 0.002172434,
    "p95": 0.002458783,
    "p99": 0.004750208
  },
  "rps": {
    "mean": 26087.223349531785,
    "stddev": 3964.0882105728388,
    "max": 32934.13904061299,
    "percentiles": {
      "p10": 23980.44961235951,
      "p25": 25926.01416261072,
      "p50": 27102.441930018314,
      "p75": 28002.792756139224,
      "p90": 28616.319887233003,
      "p95": 29032.907668351712,
      "p99": 29659.51181044619
    }
  },
  "details": {
    "DNSDialup": {
      "average": 0.0011158479199999997,
      "fastest": 0.00007456,
      "slowest": 0.002750822
    },
    "DNSLookup": {
      "average": 0.000007083020000000004,
      "fastest": 0.000003506,
      "slowest": 0.000030187
    }
  },
  "statusCodeDistribution": {
    "200": 261125
  },
  "errorDistribution": {}
}