{
  "summary": {
    "successRate": 1,
    "total": 10.000750568,
    "slowest": 0.015099385,
    "fastest": 0.000509843,
    "average": 0.0015975722987232933,
    "requestsPerSec": 31257.353923038067,
    "totalData": 4063761,
    "sizePerRequest": 13,
    "sizePerSec": 406345.60099949484
  },
  "responseTimeHistogram": {
    "0.000509843": 1,
    "0.0019687972": 301700,
    "0.0034277514": 9204,
    "0.0048867056": 1266,
    "0.0063456598": 220,
    "0.0078046140000000005": 116,
    "0.009263568199999999": 20,
    "0.0107225224": 20,
    "0.0121814766": 0,
    "0.013640430799999999": 0,
    "0.015099385": 50
  },
  "latencyPercentiles": {
    "p10": 0.001471021,
    "p25": 0.0015043,
    "p50": 0.001546439,
    "p75": 0.001600122,
    "p90": 0.001701876,
    "p95": 0.001819949,
    "p99": 0.002806885
  },
  "rps": {
    "mean": 31252.87307603388,
    "stddev": 3533.964182560532,
    "max": 35528.632524955,
    "percentiles": {
      "p10": 30209.72170924857,
      "p25": 31513.09053780861,
      "p50": 32211.815293849617,
      "p75": 32517.809107004316,
      "p90": 32912.49358256647,
      "p95": 33094.62414936727,
      "p99": 33335.23820408707
    }
  },
  "details": {
    "DNSDialup": {
      "average": 0.0007418409000000001,
      "fastest": 0.00006961,
      "slowest": 0.001696238
    },
    "DNSLookup": {
      "average": 0.0000070703,
      "fastest": 0.000003707,
      "slowest": 0.000031078
    }
  },
  "statusCodeDistribution": {
    "200": 312597
  },
  "errorDistribution": {}
}