{
  "summary": {
    "successRate": 1,
    "total": 10.001528891,
    "slowest": 0.019965072,
    "fastest": 0.000318116,
    "average": 0.002844804120531147,
    "requestsPerSec": 17560.415203923847,
    "totalData": 2283203,
    "sizePerRequest": 13,
    "sizePerSec": 228285.39765101002
  },
  "responseTimeHistogram": {
    "0.000318116": 1,
    "0.0022828116000000002": 23406,
    "0.0042475072": 141758,
    "0.0062122028": 7418,
    "0.0081768984": 1417,
    "0.010141594": 525,
    "0.0121062896": 123,
    "0.0140709852": 789,
    "0.0160356808": 76,
    "0.0180003764": 60,
    "0.019965072": 58
  },
  "latencyPercentiles": {
    "p10": 0.00209861,
    "p25": 0.002467129,
    "p50": 0.002652539,
    "p75": 0.002934957,
    "p90": 0.003779497,
    "p95": 0.004388436,
    "p99": 0.00764281
  },
  "rps": {
    "mean": 17650.966726211453,
    "stddev": 4527.099826277797,
    "max": 82081.58909955008,
    "percentiles": {
      "p10": 12945.288777903568,
      "p25": 16687.687770131535,
      "p50": 18844.413706638403,
      "p75": 20000.95804589193,
      "p90": 20755.187347452666,
      "p95": 21364.683251438735,
      "p99": 23504.408449503888
    }
  },
  "details": {
    "DNSDialup": {
      "average": 0.0021118512999999993,
      "fastest": 0.000126407,
      "slowest": 0.002311924
    },
    "DNSLookup": {
      "average": 0.00000617426,
      "fastest": 0.0000039,
      "slowest": 0.000044402
    }
  },
  "statusCodeDistribution": {
    "200": 175631
  },
  "errorDistribution": {}
}