{
  "summary": {
    "successRate": 1,
    "total": 10.00065303,
    "slowest": 0.012997953,
    "fastest": 0.000788801,
    "average": 0.0016587486309348049,
    "requestsPerSec": 30108.43382894567,
    "totalData": 3914352,
    "sizePerRequest": 13,
    "sizePerSec": 391409.63977629365
  },
  "responseTimeHistogram": {
    "0.000788801": 1,
    "0.0020097162": 295231,
    "0.0032306314": 3534,
    "0.0044515466": 1476,
    "0.0056724618000000004": 531,
    "0.006893377000000001": 231,
    "0.0081142922": 7,
    "0.0093352074": 9,
    "0.0105561226": 10,
    "0.011777037800000001": 20,
    "0.012997953000000001": 54
  },
  "latencyPercentiles": {
    "p10": 0.001534744,
    "p25": 0.001568471,
    "p50": 0.001612097,
    "p75": 0.00166823,
    "p90": 0.00176205,
    "p95": 0.001831374,
    "p99": 0.002889047
  },
  "rps": {
    "mean": 30086.74288134115,
    "stddev": 3300.9071647818837,
    "max": 32556.43872975084,
    "percentiles": {
      "p10": 29464.331344084574,
      "p25": 30273.99570029117,
      "p50": 30714.16892731422,
      "p75": 31189.76603017194,
      "p90": 31530.846952005002,
      "p95": 31755.489542425228,
      "p99": 32143.357358562203
    }
  },
  "details": {
    "DNSDialup": {
      "average": 0.0007266103399999999,
      "fastest": 0.000073597,
      "slowest": 0.001622848
    },
    "DNSLookup": {
      "average": 0.000007016059999999999,
      "fastest": 0.000003516,
      "slowest": 0.000030858
    }
  },
  "statusCodeDistribution": {
    "200": 301104
  },
  "errorDistribution": {}
}