{
  "summary": {
    "successRate": 1,
    "total": 10.000435884,
    "slowest": 0.011463916,
    "fastest": 0.000616866,
    "average": 0.0015284253830817021,
    "requestsPerSec": 32669.675981095465,
    "totalData": 4247243,
    "sizePerRequest": 13,
    "sizePerSec": 424705.7877542411
  },
  "responseTimeHistogram": {
    "0.000616866": 1,
    "0.0017015709999999998": 316281,
    "0.002786276": 8074,
    "0.003870980999999999": 1817,
    "0.004955685999999999": 345,
    "0.006040390999999999": 93,
    "0.007125095999999998": 31,
    "0.008209801": 19,
    "0.009294506": 21,
    "0.010379211": 10,
    "0.011463916": 19
  },
  "latencyPercentiles": {
    "p10": 0.001417599,
    "p25": 0.00145332,
    "p50": 0.001498328,
    "p75": 0.001554012,
    "p90": 0.00162339,
    "p95": 0.001669019,
    "p99": 0.002426888
  },
  "rps": {
    "mean": 32672.664754452493,
    "stddev": 2916.2013118479454,
    "max": 42406.278468941935,
    "percentiles": {
      "p10": 32143.068497481076,
      "p25": 32755.943876547553,
      "p50": 33208.24220472084,
      "p75": 33525.74341563604,
      "p90": 33893.146876102845,
      "p95": 34093.40228490086,
      "p99": 34379.35789240885
    }
  },
  "details": {
    "DNSDialup": {
      "average": 0.0008379542400000001,
      "fastest": 0.000099647,
      "slowest": 0.001339689
    },
    "DNSLookup": {
      "average": 0.000012926560000000003,
      "fastest": 0.000004398,
      "slowest": 0.000193891
    }
  },
  "statusCodeDistribution": {
    "200": 326711
  },
  "errorDistribution": {}
}