{
  "summary": {
    "successRate": 1,
    "total": 10.001074228,
    "slowest": 0.017428589,
    "fastest": 0.000415102,
    "average": 0.002457672610633593,
    "requestsPerSec": 20323.916747955966,
    "totalData": 2642393,
    "sizePerRequest": 13,
    "sizePerSec": 264210.9177234276
  },
  "responseTimeHistogram": {
    "0.000415102": 1,
    "0.0021164507": 37780,
    "0.0038177994000000003": 157865,
    "0.0055191481": 4529,
    "0.0072204968": 1455,
    "0.008921845500000001": 430,
    "0.010623194200000002": 237,
    "0.0123245429": 537,
    "0.014025891600000001": 271,
    "0.0157272403": 65,
    "0.017428589": 91
  },
  "latencyPercentiles": {
    "p10": 0.001883712,
    "p25": 0.002168314,
    "p50": 0.002266825,
    "p75": 0.002461716,
    "p90": 0.003285536,
    "p95": 0.003668023,
    "p99": 0.006654573
  },
  "rps": {
    "mean": 20364.0644535429,
    "stddev": 4526.644212673603,
    "max": 32427.496062682978,
    "percentiles": {
      "p10": 15128.099083607087,
      "p25": 19463.82577748964,
      "p50": 22133.727373771704,
      "p75": 22878.154844128498,
      "p90": 23446.5106597011,
      "p95": 23822.719727805852,
      "p99": 25714.752553536957
    }
  },
  "details": {
    "DNSDialup": {
      "average": 0.0016408239199999998,
      "fastest": 0.000084501,
      "slowest": 0.003347536
    },
    "DNSLookup": {
      "average": 0.000005058060000000001,
      "fastest": 0.0000036,
      "slowest": 0.0000349
    }
  },
  "statusCodeDistribution": {
    "200": 203261
  },
  "errorDistribution": {}
}