{
  "summary": {
    "successRate": 1,
    "total": 10.000731779,
    "slowest": 0.012176948,
    "fastest": 0.0009778,
    "average": 0.0016249427371796482,
    "requestsPerSec": 30732.051093038317,
    "totalData": 3995459,
    "sizePerRequest": 13,
    "sizePerSec": 399516.66420949815
  },
  "responseTimeHistogram": {
    "0.0009778": 1,
    "0.0020977148": 302078,
    "0.0032176296": 3140,
    "0.0043375444": 1482,
    "0.0054574592": 329,
    "0.0065773739999999995": 201,
    "0.0076972887999999995": 15,
    "0.0088172036": 65,
    "0.0099371184": 9,
    "0.0110570332": 8,
    "0.012176948": 15
  },
  "latencyPercentiles": {
    "p10": 0.001507169,
    "p25": 0.001540947,
    "p50": 0.001584178,
    "p75": 0.001637341,
    "p90": 0.00171486,
    "p95": 0.001779361,
    "p99": 0.002814719
  },
  "rps": {
    "mean": 30718.93427614919,
    "stddev": 3186.8703424083656,
    "max": 33344.2123036098,
    "percentiles": {
      "p10": 30123.343040413376,
      "p25": 31075.444965286486,
      "p50": 31402.012869024777,
      "p75": 31732.540475056885,
      "p90": 32128.23750794288,
      "p95": 32313.40477533348,
      "p99": 32541.11529113077
    }
  },
  "details": {
    "DNSDialup": {
      "average": 0.00081333114,
      "fastest": 0.000104594,
      "slowest": 0.001187525
    },
    "DNSLookup": {
      "average": 0.0000065571199999999975,
      "fastest": 0.000003597,
      "slowest": 0.000034034
    }
  },
  "statusCodeDistribution": {
    "200": 307343
  },
  "errorDistribution": {}
}