{
  "summary": {
    "successRate": 1,
    "total": 10.000710138,
    "slowest": 0.014686397,
    "fastest": 0.000458509,
    "average": 0.0024186733130153147,
    "requestsPerSec": 20653.433321216813,
    "totalData": 2685137,
    "sizePerRequest": 13,
    "sizePerSec": 268494.63317581854
  },
  "responseTimeHistogram": {
    "0.000458509": 1,
    "0.0018812978000000001": 39739,
    "0.0033040866000000006": 151257,
    "0.004726875400000001": 12812,
    "0.006149664200000001": 1078,
    "0.007572453000000001": 309,
    "0.008995241800000001": 156,
    "0.010418030600000001": 212,
    "0.0118408194": 760,
    "0.0132636082": 152,
    "0.014686397": 73
  },
  "latencyPercentiles": {
    "p10": 0.001793036,
    "p25": 0.002183143,
    "p50": 0.002376647,
    "p75": 0.002430548,
    "p90": 0.002852957,
    "p95": 0.003462369,
    "p99": 0.005369107
  },
  "rps": {
    "mean": 20678.808878482287,
    "stddev": 4058.8946904293507,
    "max": 47983.723920770426,
    "percentiles": {
      "p10": 18522.888661885067,
      "p25": 19814.86312883296,
      "p50": 22211.863447549284,
      "p75": 22562.3605351379,
      "p90": 22884.933739471784,
      "p95": 23243.827753131274,
      "p99": 25115.3153192824
    }
  },
  "details": {
    "DNSDialup": {
      "average": 0.0017611477000000005,
      "fastest": 0.000084202,
      "slowest": 0.002020941
    },
    "DNSLookup": {
      "average": 0.000005364159999999999,
      "fastest": 0.0000039,
      "slowest": 0.000058301
    }
  },
  "statusCodeDistribution": {
    "200": 206549
  },
  "errorDistribution": {}
}