{
  "summary": {
    "successRate": 1,
    "total": 10.000978196,
    "slowest": 0.01770459,
    "fastest": 0.000218302,
    "average": 0.002413312521287961,
    "requestsPerSec": 20697.475381237196,
    "totalData": 2690935,
    "sizePerRequest": 13,
    "sizePerSec": 269067.17995608354
  },
  "responseTimeHistogram": {
    "0.000218302": 1,
    "0.0019669308": 47630,
    "0.0037155596": 154202,
    "0.0054641884": 3290,
    "0.0072128172": 597,
    "0.008961446": 116,
    "0.0107100748": 643,
    "0.012458703599999999": 388,
    "0.0142073324": 77,
    "0.0159559612": 1,
    "0.01770459": 50
  },
  "latencyPercentiles": {
    "p10": 0.001798119,
    "p25": 0.002206124,
    "p50": 0.002375425,
    "p75": 0.002462226,
    "p90": 0.00272833,
    "p95": 0.003325735,
    "p99": 0.005251357
  },
  "rps": {
    "mean": 20723.243165218973,
    "stddev": 3637.4813651318673,
    "max": 31779.324371560702,
    "percentiles": {
      "p10": 18741.781052500333,
      "p25": 20390.63819366412,
      "p50": 21733.88965413546,
      "p75": 22585.809468768322,
      "p90": 22850.250984040485,
      "p95": 23051.244736884866,
      "p99": 23912.96494817258
    }
  },
  "details": {
    "DNSDialup": {
      "average": 0.0016317275399999997,
      "fastest": 0.000069301,
      "slowest": 0.003553538
    },
    "DNSLookup": {
      "average": 0.0000054861000000000016,
      "fastest": 0.0000033,
      "slowest": 0.0000529
    }
  },
  "statusCodeDistribution": {
    "200": 206995
  },
  "errorDistribution": {}
}