{
  "summary": {
    "successRate": 1,
    "total": 10.000829713,
    "slowest": 0.012319307,
    "fastest": 0.000844695,
    "average": 0.0016016528045833297,
    "requestsPerSec": 31180.012953791207,
    "totalData": 4053738,
    "sizePerRequest": 13,
    "sizePerSec": 405340.1683992857
  },
  "responseTimeHistogram": {
    "0.000844695": 1,
    "0.0019921562": 306403,
    "0.0031396174": 3203,
    "0.004287078600000001": 1333,
    "0.005434539800000001": 390,
    "0.0065820010000000005": 274,
    "0.007729462200000001": 100,
    "0.0088769234": 83,
    "0.0100243846": 20,
    "0.0111718458": 10,
    "0.012319307": 9
  },
  "latencyPercentiles": {
    "p10": 0.001486557,
    "p25": 0.001518349,
    "p50": 0.001559134,
    "p75": 0.001609894,
    "p90": 0.001694829,
    "p95": 0.001758174,
    "p99": 0.002762032
  },
  "rps": {
    "mean": 31156.076923797933,
    "stddev": 3346.9806038137303,
    "max": 33503.51880012744,
    "percentiles": {
      "p10": 30712.423175174525,
      "p25": 31303.29936775455,
      "p50": 31798.090750346553,
      "p75": 32229.351270200696,
      "p90": 32568.3294105587,
      "p95": 32788.88739483763,
      "p99": 33147.73957604532
    }
  },
  "details": {
    "DNSDialup": {
      "average": 0.0004973521999999998,
      "fastest": 0.00007488,
      "slowest": 0.000698957
    },
    "DNSLookup": {
      "average": 0.000006150120000000002,
      "fastest": 0.000003236,
      "slowest": 0.000032171
    }
  },
  "statusCodeDistribution": {
    "200": 311826
  },
  "errorDistribution": {}
}