{
  "summary": {
    "successRate": 1,
    "total": 10.000722521,
    "slowest": 0.011525042,
    "fastest": 0.000702658,
    "average": 0.0016161461743977978,
    "requestsPerSec": 30896.667650879222,
    "totalData": 4016857,
    "sizePerRequest": 13,
    "sizePerSec": 401656.6794614299
  },
  "responseTimeHistogram": {
    "0.000702658": 1,
    "0.0017848964": 292773,
    "0.0028671347999999998": 13402,
    "0.003949373199999999": 1734,
    "0.005031611599999999": 534,
    "0.006113849999999999": 216,
    "0.007196088399999999": 226,
    "0.0082783268": 19,
    "0.009360565199999999": 60,
    "0.010442803599999998": 10,
    "0.011525041999999997": 14
  },
  "latencyPercentiles": {
    "p10": 0.001496194,
    "p25": 0.001529942,
    "p50": 0.001572785,
    "p75": 0.001626423,
    "p90": 0.00172023,
    "p95": 0.00178973,
    "p99": 0.002775048
  },
  "rps": {
    "mean": 30884.195272831206,
    "stddev": 3259.2657990128187,
    "max": 33266.19887860321,
    "percentiles": {
      "p10": 30148.665976622106,
      "p25": 31118.356718627696,
      "p50": 31499.980287107835,
      "p75": 32040.569769441496,
      "p90": 32347.538721267352,
      "p95": 32495.54404852342,
      "p99": 32961.486356649686
    }
  },
  "details": {
    "DNSDialup": {
      "average": 0.0007654678200000001,
      "fastest": 0.000069599,
      "slowest": 0.001294519
    },
    "DNSLookup": {
      "average": 0.0000073669399999999974,
      "fastest": 0.000003576,
      "slowest": 0.000029365
    }
  },
  "statusCodeDistribution": {
    "200": 308989
  },
  "errorDistribution": {}
}