{
  "summary": {
    "successRate": 1,
    "total": 10.000774912,
    "slowest": 0.009540022,
    "fastest": 0.000284625,
    "average": 0.001289256472635331,
    "requestsPerSec": 38738.49810729547,
    "totalData": 5036395,
    "sizePerRequest": 13,
    "sizePerSec": 503600.47539484105
  },
  "responseTimeHistogram": {
    "0.000284625": 1,
    "0.0012101647": 69231,
    "0.0021357044": 314664,
    "0.0030612441": 2115,
    "0.0039867838": 722,
    "0.0049123235": 295,
    "0.0058378632": 56,
    "0.0067634029": 195,
    "0.0076889426": 60,
    "0.0086144823": 60,
    "0.009540022": 16
  },
  "latencyPercentiles": {
    "p10": 0.001195788,
    "p25": 0.00122074,
    "p50": 0.001252354,
    "p75": 0.00128865,
    "p90": 0.001399236,
    "p95": 0.001462867,
    "p99": 0.002072942
  },
  "rps": {
    "mean": 38728.36405990464,
    "stddev": 3885.5743421958014,
    "max": 42516.78562696562,
    "percentiles": {
      "p10": 38055.45699607195,
      "p25": 39078.59487000193,
      "p50": 39456.85913486363,
      "p75": 40000.5238647283,
      "p90": 40371.88388396946,
      "p95": 40588.82069944295,
      "p99": 40990.31804669092
    }
  },
  "details": {
    "DNSDialup": {
      "average": 0.00044010662,
      "fastest": 0.000061227,
      "slowest": 0.000932015
    },
    "DNSLookup": {
      "average": 0.000005242580000000001,
      "fastest": 0.000003068,
      "slowest": 0.0000267
    }
  },
  "statusCodeDistribution": {
    "200": 387415
  },
  "errorDistribution": {}
}