{
  "summary": {
    "successRate": 1,
    "total": 40.000742951,
    "slowest": 0.013248356,
    "fastest": 0.0001053,
    "average": 0.0004932259907158761,
    "requestsPerSec": 24282.923974433757,
    "totalData": 12627355,
    "sizePerRequest": 13,
    "sizePerSec": 315678.01166763884
  },
  "responseTimeHistogram": {
    "0.0001053": 1,
    "0.0014196056": 961986,
    "0.0027339112": 8416,
    "0.0040482168": 379,
    "0.0053625224": 33,
    "0.006676828": 12,
    "0.007991133599999999": 5,
    "0.0093054392": 11,
    "0.010619744799999999": 217,
    "0.011934050399999998": 95,
    "0.013248356": 180
  },
  "latencyPercentiles": {
    "p10": 0.000451899,
    "p25": 0.0004582,
    "p50": 0.000467498,
    "p75": 0.000474898,
    "p90": 0.000488099,
    "p95": 0.000507498,
    "p99": 0.001260396
  },
  "rps": {
    "mean": 24311.103050654852,
    "stddev": 3415.498970782441,
    "max": 26527.15974405502,
    "percentiles": {
      "p10": 21736.806935182714,
      "p25": 24513.318085708048,
      "p50": 25605.461644968746,
      "p75": 25780.813737145083,
      "p90": 25868.48923091197,
      "p95": 25917.008293842533,
      "p99": 26064.483850912904
    }
  },
  "details": {
    "DNSDialup": {
      "average": 0.0002905074166666667,
      "fastest": 0.000052,
      "slowest": 0.000443399
    },
    "DNSLookup": {
      "average": 0.000007616666666666666,
      "fastest": 0.000003,
      "slowest": 0.000036
    }
  },
  "statusCodeDistribution": {
    "200": 971335
  },
  "errorDistribution": {}
}