{
  "summary": {
    "successRate": 1,
    "total": 10.000813364,
    "slowest": 0.015640554,
    "fastest": 0.000341552,
    "average": 0.0015458607275671188,
    "requestsPerSec": 32302.57262503194,
    "totalData": 4199676,
    "sizePerRequest": 13,
    "sizePerSec": 419933.44412541523
  },
  "responseTimeHistogram": {
    "0.000341552": 1,
    "0.0018714522": 315538,
    "0.0034013524000000004": 5823,
    "0.004931252600000001": 1342,
    "0.006461152800000001": 235,
    "0.007991053": 34,
    "0.009520953200000001": 13,
    "0.011050853400000001": 16,
    "0.012580753600000001": 0,
    "0.014110653800000001": 34,
    "0.015640554": 16
  },
  "latencyPercentiles": {
    "p10": 0.001432063,
    "p25": 0.001464993,
    "p50": 0.001506119,
    "p75": 0.001555211,
    "p90": 0.001631258,
    "p95": 0.001693559,
    "p99": 0.002656814
  },
  "rps": {
    "mean": 32274.785819679164,
    "stddev": 3480.346427074646,
    "max": 35155.04601632078,
    "percentiles": {
      "p10": 31446.588729846877,
      "p25": 32500.35750393395,
      "p50": 33100.66242449693,
      "p75": 33418.13602241879,
      "p90": 33731.384109084174,
      "p95": 34041.28186251455,
      "p99": 34468.423267028935
    }
  },
  "details": {
    "DNSDialup": {
      "average": 0.00078932802,
      "fastest": 0.000079401,
      "slowest": 0.001401913
    },
    "DNSLookup": {
      "average": 0.000006581819999999998,
      "fastest": 0.000002685,
      "slowest": 0.000028834
    }
  },
  "statusCodeDistribution": {
    "200": 323052
  },
  "errorDistribution": {}
}