{
  "summary": {
    "successRate": 1,
    "total": 10.00028064,
    "slowest": 0.01049073,
    "fastest": 0.000881371,
    "average": 0.0015033277066252527,
    "requestsPerSec": 33215.9678270789,
    "totalData": 4318197,
    "sizePerRequest": 13,
    "sizePerSec": 431807.5817520257
  },
  "responseTimeHistogram": {
    "0.000881371": 1,
    "0.0018423069": 327535,
    "0.0028032428": 2629,
    "0.0037641787": 1587,
    "0.0047251146": 258,
    "0.0056860504999999995": 58,
    "0.0066469864": 20,
    "0.007607922299999999": 41,
    "0.0085688582": 11,
    "0.0095297941": 10,
    "0.01049073": 19
  },
  "latencyPercentiles": {
    "p10": 0.001395297,
    "p25": 0.001430777,
    "p50": 0.001476237,
    "p75": 0.001531082,
    "p90": 0.001597113,
    "p95": 0.001639753,
    "p99": 0.00244051
  },
  "rps": {
    "mean": 33199.0680132027,
    "stddev": 2882.7282843966527,
    "max": 35995.586279364965,
    "percentiles": {
      "p10": 32623.120005146044,
      "p25": 33264.70388113483,
      "p50": 33663.49087578249,
      "p75": 34123.27207155454,
      "p90": 34384.61758353795,
      "p95": 34534.79380475768,
      "p99": 35014.682018390864
    }
  },
  "details": {
    "DNSDialup": {
      "average": 0.0005152231800000001,
      "fastest": 0.000073237,
      "slowest": 0.000894965
    },
    "DNSLookup": {
      "average": 0.000006801120000000001,
      "fastest": 0.000003486,
      "slowest": 0.000041568
    }
  },
  "statusCodeDistribution": {
    "200": 332169
  },
  "errorDistribution": {}
}