{
  "summary": {
    "successRate": 1,
    "total": 10.000153568,
    "slowest": 0.011494242,
    "fastest": 0.000859933,
    "average": 0.0015086989498859498,
    "requestsPerSec": 33095.99175147387,
    "totalData": 4302545,
    "sizePerRequest": 13,
    "sizePerSec": 430247.89276916033
  },
  "responseTimeHistogram": {
    "0.000859933": 1,
    "0.0019233639": 326129,
    "0.0029867948000000004": 3215,
    "0.0040502257": 1257,
    "0.0051136566000000005": 225,
    "0.006177087500000001": 78,
    "0.007240518400000001": 20,
    "0.0083039493": 13,
    "0.0093673802": 11,
    "0.010430811100000001": 1,
    "0.011494242000000002": 15
  },
  "latencyPercentiles": {
    "p10": 0.001404487,
    "p25": 0.001438101,
    "p50": 0.001480591,
    "p75": 0.001529873,
    "p90": 0.001589496,
    "p95": 0.001636863,
    "p99": 0.002455807
  },
  "rps": {
    "mean": 33092.31214248898,
    "stddev": 2896.2933523157594,
    "max": 35205.946718169616,
    "percentiles": {
      "p10": 32638.39987081215,
      "p25": 33230.36284434642,
      "p50": 33621.85231716923,
      "p75": 34056.87618878644,
      "p90": 34305.89013918221,
      "p95": 34442.47849283623,
      "p99": 34702.60269520248
    }
  },
  "details": {
    "DNSDialup": {
      "average": 0.0009699144200000002,
      "fastest": 0.000105828,
      "slowest": 0.001538409
    },
    "DNSLookup": {
      "average": 0.000009491980000000002,
      "fastest": 0.000004268,
      "slowest": 0.000042329
    }
  },
  "statusCodeDistribution": {
    "200": 330965
  },
  "errorDistribution": {}
}