{
  "summary": {
    "successRate": 1,
    "total": 10.000416118,
    "slowest": 0.012238176,
    "fastest": 0.000817385,
    "average": 0.0015321091713394162,
    "requestsPerSec": 32591.843794714383,
    "totalData": 4237116,
    "sizePerRequest": 13,
    "sizePerSec": 423693.96933128696
  },
  "responseTimeHistogram": {
    "0.000817385": 1,
    "0.0019594640999999998": 321283,
    "0.0031015431999999996": 3269,
    "0.0042436222999999995": 1062,
    "0.0053857014": 230,
    "0.0065277805": 17,
    "0.0076698595999999996": 23,
    "0.008811938699999999": 13,
    "0.0099540178": 14,
    "0.0110960969": 7,
    "0.012238176": 13
  },
  "latencyPercentiles": {
    "p10": 0.001427883,
    "p25": 0.001462406,
    "p50": 0.001506391,
    "p75": 0.001555261,
    "p90": 0.001612561,
    "p95": 0.00165364,
    "p99": 0.002432639
  },
  "rps": {
    "mean": 32584.661055643057,
    "stddev": 2793.7996940771695,
    "max": 36302.25621547524,
    "percentiles": {
      "p10": 32196.557475869504,
      "p25": 32640.814257752994,
      "p50": 33130.158383174,
      "p75": 33401.40180302735,
      "p90": 33647.100120128525,
      "p95": 33904.05496545743,
      "p99": 34198.39122293596
    }
  },
  "details": {
    "DNSDialup": {
      "average": 0.00130054372,
      "fastest": 0.000099225,
      "slowest": 0.002333604
    },
    "DNSLookup": {
      "average": 0.000010079339999999998,
      "fastest": 0.000003877,
      "slowest": 0.000162103
    }
  },
  "statusCodeDistribution": {
    "200": 325932
  },
  "errorDistribution": {}
}