{
  "summary": {
    "successRate": 1,
    "total": 10.000255707,
    "slowest": 0.01714053,
    "fastest": 0.000245103,
    "average": 0.0022979107951476923,
    "requestsPerSec": 21737.544155779655,
    "totalData": 2825953,
    "sizePerRequest": 13,
    "sizePerSec": 282588.0740251355
  },
  "responseTimeHistogram": {
    "0.000245103": 1,
    "0.0019346457": 28157,
    "0.0036241884": 182302,
    "0.0053137311": 5016,
    "0.0070032738": 653,
    "0.0086928165": 85,
    "0.0103823592": 417,
    "0.012071901900000001": 553,
    "0.0137614446": 67,
    "0.0154509873": 100,
    "0.01714053": 30
  },
  "latencyPercentiles": {
    "p10": 0.001816012,
    "p25": 0.002081113,
    "p50": 0.002164114,
    "p75": 0.002311026,
    "p90": 0.002666635,
    "p95": 0.003418923,
    "p99": 0.004976134
  },
  "rps": {
    "mean": 21741.593054638226,
    "stddev": 4056.695235135709,
    "max": 27408.12082467018,
    "percentiles": {
      "p10": 19308.75265757972,
      "p25": 20842.67550069134,
      "p50": 23105.053075107477,
      "p75": 23761.895146752868,
      "p90": 24391.42883183357,
      "p95": 24824.340154968886,
      "p99": 26030.703004268264
    }
  },
  "details": {
    "DNSDialup": {
      "average": 0.0018510048,
      "fastest": 0.000081801,
      "slowest": 0.003557147
    },
    "DNSLookup": {
      "average": 0.00000507402,
      "fastest": 0.0000037,
      "slowest": 0.0000307
    }
  },
  "statusCodeDistribution": {
    "200": 217381
  },
  "errorDistribution": {}
}