{
  "summary": {
    "successRate": 1,
    "total": 10.000325826,
    "slowest": 0.010671834,
    "fastest": 0.000757543,
    "average": 0.0015325149300423069,
    "requestsPerSec": 32584.33831753834,
    "totalData": 4236102,
    "sizePerRequest": 13,
    "sizePerSec": 423596.3981279984
  },
  "responseTimeHistogram": {
    "0.000757543": 1,
    "0.0017489721000000001": 316905,
    "0.0027404012": 6445,
    "0.0037318303000000003": 1800,
    "0.004723259400000001": 412,
    "0.0057146885000000005": 190,
    "0.006706117600000001": 44,
    "0.007697546700000001": 28,
    "0.0086889758": 10,
    "0.0096804049": 14,
    "0.010671834": 5
  },
  "latencyPercentiles": {
    "p10": 0.001428784,
    "p25": 0.001461151,
    "p50": 0.001501889,
    "p75": 0.00154894,
    "p90": 0.001616176,
    "p95": 0.001677358,
    "p99": 0.002411219
  },
  "rps": {
    "mean": 32570.524353321154,
    "stddev": 2968.1214019817016,
    "max": 38560.204046580344,
    "percentiles": {
      "p10": 31857.551118266834,
      "p25": 32638.343525974757,
      "p50": 33209.929930063954,
      "p75": 33520.34298827483,
      "p90": 33920.97138388845,
      "p95": 34108.219289053406,
      "p99": 34484.03865701417
    }
  },
  "details": {
    "DNSDialup": {
      "average": 0.00084516346,
      "fastest": 0.000096581,
      "slowest": 0.001839
    },
    "DNSLookup": {
      "average": 0.000008439420000000004,
      "fastest": 0.000003687,
      "slowest": 0.000076214
    }
  },
  "statusCodeDistribution": {
    "200": 325854
  },
  "errorDistribution": {}
}