{
  "summary": {
    "successRate": 1,
    "total": 10.000256436,
    "slowest": 0.009907227,
    "fastest": 0.000382371,
    "average": 0.00147452616254305,
    "requestsPerSec": 33864.631588933386,
    "totalData": 4402515,
    "sizePerRequest": 13,
    "sizePerSec": 440240.210656134
  },
  "responseTimeHistogram": {
    "0.000382371": 1,
    "0.0013348566": 7633,
    "0.0022873422": 327491,
    "0.0032398277999999997": 2542,
    "0.0041923134": 694,
    "0.005144799": 173,
    "0.0060972846": 34,
    "0.0070497702": 51,
    "0.0080022558": 10,
    "0.008954741399999999": 10,
    "0.009907227": 16
  },
  "latencyPercentiles": {
    "p10": 0.001375122,
    "p25": 0.001409188,
    "p50": 0.001451806,
    "p75": 0.001497987,
    "p90": 0.001549882,
    "p95": 0.00158663,
    "p99": 0.00233643
  },
  "rps": {
    "mean": 33852.20985249977,
    "stddev": 2880.2956005639094,
    "max": 37079.030245064074,
    "percentiles": {
      "p10": 33299.11932910954,
      "p25": 34079.900326316,
      "p50": 34327.13762153056,
      "p75": 34630.654007954254,
      "p90": 35043.96615994736,
      "p95": 35246.250578226725,
      "p99": 35849.9273431338
    }
  },
  "details": {
    "DNSDialup": {
      "average": 0.0008092759,
      "fastest": 0.000165357,
      "slowest": 0.001206262
    },
    "DNSLookup": {
      "average": 0.00000669676,
      "fastest": 0.000003827,
      "slowest": 0.000030286
    }
  },
  "statusCodeDistribution": {
    "200": 338655
  },
  "errorDistribution": {}
}