{
  "summary": {
    "successRate": 1,
    "total": 10.000642183,
    "slowest": 0.010733338,
    "fastest": 0.000343178,
    "average": 0.0016126303723906273,
    "requestsPerSec": 30967.91129338219,
    "totalData": 4026087,
    "sizePerRequest": 13,
    "sizePerSec": 402582.84681396844
  },
  "responseTimeHistogram": {
    "0.000343178": 1,
    "0.001382194": 890,
    "0.00242121": 304697,
    "0.003460226": 2491,
    "0.0044992420000000005": 959,
    "0.005538258000000001": 290,
    "0.006577274": 159,
    "0.00761629": 96,
    "0.008655306": 87,
    "0.009694322": 10,
    "0.010733338": 19
  },
  "latencyPercentiles": {
    "p10": 0.001501319,
    "p25": 0.001532235,
    "p50": 0.001572255,
    "p75": 0.001620682,
    "p90": 0.001692219,
    "p95": 0.001753502,
    "p99": 0.002750892
  },
  "rps": {
    "mean": 30957.665972217736,
    "stddev": 3255.2521698422147,
    "max": 38877.63540492084,
    "percentiles": {
      "p10": 30387.085893656593,
      "p25": 31227.312979371975,
      "p50": 31547.243604801803,
      "p75": 32040.44144519233,
      "p90": 32313.081135377208,
      "p95": 32490.194123309764,
      "p99": 32913.30404918694
    }
  },
  "details": {
    "DNSDialup": {
      "average": 0.0004631936799999999,
      "fastest": 0.000070191,
      "slowest": 0.000782551
    },
    "DNSLookup": {
      "average": 0.000006089020000000001,
      "fastest": 0.000003306,
      "slowest": 0.000027642
    }
  },
  "statusCodeDistribution": {
    "200": 309699
  },
  "errorDistribution": {}
}