{
  "summary": {
    "successRate": 1,
    "total": 10.000284717,
    "slowest": 0.01389434,
    "fastest": 0.000850067,
    "average": 0.0016654314478172217,
    "requestsPerSec": 29981.24638294736,
    "totalData": 3897673,
    "sizePerRequest": 13,
    "sizePerSec": 389756.2029783157
  },
  "responseTimeHistogram": {
    "0.000850067": 1,
    "0.0021544943": 294431,
    "0.0034589216": 3588,
    "0.0047633489000000005": 1345,
    "0.0060677762000000005": 151,
    "0.0073722035000000005": 174,
    "0.0086766308": 45,
    "0.009981058099999999": 19,
    "0.0112854854": 11,
    "0.0125899127": 7,
    "0.01389434": 49
  },
  "latencyPercentiles": {
    "p10": 0.00153219,
    "p25": 0.001569642,
    "p50": 0.001617938,
    "p75": 0.001679824,
    "p90": 0.001786038,
    "p95": 0.001866363,
    "p99": 0.002957854
  },
  "rps": {
    "mean": 29975.764160674902,
    "stddev": 3216.055151004866,
    "max": 38850.48461450344,
    "percentiles": {
      "p10": 29158.37798857051,
      "p25": 30125.221508242004,
      "p50": 30570.39444729208,
      "p75": 31147.092142642516,
      "p90": 31477.71683257041,
      "p95": 31665.01778100986,
      "p99": 32173.78798448067
    }
  },
  "details": {
    "DNSDialup": {
      "average": 0.00111416522,
      "fastest": 0.00010682,
      "slowest": 0.001700154
    },
    "DNSLookup": {
      "average": 0.00001397062,
      "fastest": 0.00000567,
      "slowest": 0.000126097
    }
  },
  "statusCodeDistribution": {
    "200": 299821
  },
  "errorDistribution": {}
}