{
  "summary": {
    "successRate": 1,
    "total": 10.000641316,
    "slowest": 0.011384143,
    "fastest": 0.000958767,
    "average": 0.0016486596148670768,
    "requestsPerSec": 30289.15750786637,
    "totalData": 3937843,
    "sizePerRequest": 13,
    "sizePerSec": 393759.0476022628
  },
  "responseTimeHistogram": {
    "0.000958767": 1,
    "0.0020013046": 295665,
    "0.0030438422000000002": 4616,
    "0.0040863798000000005": 1681,
    "0.0051289174": 502,
    "0.006171455": 136,
    "0.007213992600000001": 188,
    "0.0082565302": 31,
    "0.0092990678": 13,
    "0.0103416054": 20,
    "0.011384143": 58
  },
  "latencyPercentiles": {
    "p10": 0.001518677,
    "p25": 0.001553537,
    "p50": 0.001597745,
    "p75": 0.001654834,
    "p90": 0.001777281,
    "p95": 0.001855151,
    "p99": 0.002862226
  },
  "rps": {
    "mean": 30271.514084666556,
    "stddev": 3310.2972648692444,
    "max": 32886.033151328156,
    "percentiles": {
      "p10": 29535.753029041418,
      "p25": 30394.05897460602,
      "p50": 31027.93134379525,
      "p75": 31404.62981235715,
      "p90": 31814.348271071325,
      "p95": 32052.139214859762,
      "p99": 32424.52785834124
    }
  },
  "details": {
    "DNSDialup": {
      "average": 0.0007904248799999999,
      "fastest": 0.000075508,
      "slowest": 0.001705765
    },
    "DNSLookup": {
      "average": 0.000006816080000000001,
      "fastest": 0.000003195,
      "slowest": 0.000029876
    }
  },
  "statusCodeDistribution": {
    "200": 302911
  },
  "errorDistribution": {}
}