{
  "summary": {
    "successRate": 1,
    "total": 10.000622615,
    "slowest": 0.02676595,
    "fastest": 0.000371005,
    "average": 0.004264253161675424,
    "requestsPerSec": 11716.57050874527,
    "totalData": 1523249,
    "sizePerRequest": 13,
    "sizePerSec": 152315.41661368852
  },
  "responseTimeHistogram": {
    "0.000371005": 1,
    "0.0030104994999999996": 4637,
    "0.005649993999999999": 103427,
    "0.0082894885": 7256,
    "0.010928983": 793,
    "0.013568477499999999": 305,
    "0.016207972": 528,
    "0.0188474665": 99,
    "0.021486961": 40,
    "0.024126455499999998": 74,
    "0.026765949999999997": 13
  },
  "latencyPercentiles": {
    "p10": 0.003582246,
    "p25": 0.00377835,
    "p50": 0.003968251,
    "p75": 0.004241555,
    "p90": 0.00539356,
    "p95": 0.006084679,
    "p99": 0.010438636
  },
  "rps": {
    "mean": 11805.767384631376,
    "stddev": 2587.683267934677,
    "max": 39044.82575676761,
    "percentiles": {
      "p10": 9306.953224754396,
      "p25": 11106.412842775548,
      "p50": 12501.47446825894,
      "p75": 13050.22593203615,
      "p90": 13697.36901199442,
      "p95": 14059.281581049465,
      "p99": 14634.352679479833
    }
  },
  "details": {
    "DNSDialup": {
      "average": 0.00247020428,
      "fastest": 0.000105701,
      "slowest": 0.004986465
    },
    "DNSLookup": {
      "average": 0.000008200139999999999,
      "fastest": 0.0000058,
      "slowest": 0.000049901
    }
  },
  "statusCodeDistribution": {
    "200": 117173
  },
  "errorDistribution": {}
}