{
  "summary": {
    "successRate": 1,
    "total": 10.000206829,
    "slowest": 0.017773456,
    "fastest": 0.000416434,
    "average": 0.002561749560350574,
    "requestsPerSec": 19498.99670420107,
    "totalData": 2534922,
    "sizePerRequest": 13,
    "sizePerSec": 253486.95715461386
  },
  "responseTimeHistogram": {
    "0.000416434": 1,
    "0.0021521362": 29661,
    "0.0038878384": 154028,
    "0.005623540600000001": 8840,
    "0.0073592428000000005": 945,
    "0.009094945": 257,
    "0.010830647200000001": 175,
    "0.012566349400000001": 99,
    "0.0143020516": 727,
    "0.0160377538": 123,
    "0.017773456": 138
  },
  "latencyPercentiles": {
    "p10": 0.001945169,
    "p25": 0.002268486,
    "p50": 0.002381898,
    "p75": 0.002572114,
    "p90": 0.003247769,
    "p95": 0.003966225,
    "p99": 0.006256613
  },
  "rps": {
    "mean": 19553.46332025343,
    "stddev": 4277.926786534855,
    "max": 26060.46295316461,
    "percentiles": {
      "p10": 15109.03671485837,
      "p25": 18619.834397731654,
      "p50": 21115.58541359534,
      "p75": 21794.858489097853,
      "p90": 22368.394028616287,
      "p95": 23044.640883413093,
      "p99": 24923.89729370979
    }
  },
  "details": {
    "DNSDialup": {
      "average": 0.0022291171799999994,
      "fastest": 0.000104309,
      "slowest": 0.002423801
    },
    "DNSLookup": {
      "average": 0.0000060644999999999984,
      "fastest": 0.0000051,
      "slowest": 0.000031703
    }
  },
  "statusCodeDistribution": {
    "200": 194994
  },
  "errorDistribution": {}
}