{
  "summary": {
    "successRate": 1,
    "total": 10.000248223,
    "slowest": 0.01102922,
    "fastest": 0.000642768,
    "average": 0.001554052964030727,
    "requestsPerSec": 32132.202404832246,
    "totalData": 4177290,
    "sizePerRequest": 13,
    "sizePerSec": 417718.6312628192
  },
  "responseTimeHistogram": {
    "0.000642768": 1,
    "0.0016814132000000002": 304149,
    "0.0027200584": 14762,
    "0.0037587036": 1839,
    "0.0047973488": 314,
    "0.005835994000000001": 145,
    "0.0068746392": 73,
    "0.0079132844": 6,
    "0.0089519296": 17,
    "0.0099905748": 11,
    "0.011029220000000001": 13
  },
  "latencyPercentiles": {
    "p10": 0.00145159,
    "p25": 0.001483757,
    "p50": 0.001524148,
    "p75": 0.001569889,
    "p90": 0.001630311,
    "p95": 0.001687287,
    "p99": 0.002446462
  },
  "rps": {
    "mean": 32122.665752409866,
    "stddev": 2796.2170565981937,
    "max": 34198.178444085635,
    "percentiles": {
      "p10": 31568.957856764304,
      "p25": 32291.384578117562,
      "p50": 32624.331226228544,
      "p75": 33071.27852660858,
      "p90": 33360.676204632364,
      "p95": 33556.14614372699,
      "p99": 33922.06630413153
    }
  },
  "details": {
    "DNSDialup": {
      "average": 0.0009221734599999999,
      "fastest": 0.000120194,
      "slowest": 0.001885194
    },
    "DNSLookup": {
      "average": 0.000007678560000000002,
      "fastest": 0.000004198,
      "slowest": 0.00003205
    }
  },
  "statusCodeDistribution": {
    "200": 321330
  },
  "errorDistribution": {}
}