{
  "summary": {
    "successRate": 1,
    "total": 10.000644889,
    "slowest": 0.012246488,
    "fastest": 0.000997619,
    "average": 0.0016514316155807488,
    "requestsPerSec": 30237.94998786703,
    "totalData": 3931187,
    "sizePerRequest": 13,
    "sizePerSec": 393093.34984227136
  },
  "responseTimeHistogram": {
    "0.000997619": 1,
    "0.0021225059": 297142,
    "0.0032473928": 3037,
    "0.0043722796999999996": 1552,
    "0.0054971666": 299,
    "0.0066220535": 250,
    "0.007746940399999999": 19,
    "0.0088718273": 63,
    "0.0099967142": 17,
    "0.0111216011": 7,
    "0.012246488": 12
  },
  "latencyPercentiles": {
    "p10": 0.00153183,
    "p25": 0.001566985,
    "p50": 0.001610534,
    "p75": 0.001662996,
    "p90": 0.001742437,
    "p95": 0.001810696,
    "p99": 0.002870475
  },
  "rps": {
    "mean": 30226.760806643517,
    "stddev": 3141.426584853973,
    "max": 33283.69020509236,
    "percentiles": {
      "p10": 29533.20713810629,
      "p25": 30282.756150732042,
      "p50": 30920.16922638611,
      "p75": 31294.240971309388,
      "p90": 31628.118621765665,
      "p95": 31908.316635990042,
      "p99": 32279.842816513315
    }
  },
  "details": {
    "DNSDialup": {
      "average": 0.00071059002,
      "fastest": 0.000214953,
      "slowest": 0.001009758
    },
    "DNSLookup": {
      "average": 0.000007317760000000002,
      "fastest": 0.000004228,
      "slowest": 0.000037871
    }
  },
  "statusCodeDistribution": {
    "200": 302399
  },
  "errorDistribution": {}
}