{
  "summary": {
    "successRate": 1,
    "total": 10.000763407,
    "slowest": 0.015928755,
    "fastest": 0.000348201,
    "average": 0.0020885258909624457,
    "requestsPerSec": 23918.37405458181,
    "totalData": 3109626,
    "sizePerRequest": 13,
    "sizePerSec": 310938.8627095635
  },
  "responseTimeHistogram": {
    "0.000348201": 1,
    "0.0019062564": 97325,
    "0.0034643117999999997": 134287,
    "0.0050223672": 5094,
    "0.0065804226": 848,
    "0.008138478": 331,
    "0.009696533399999999": 328,
    "0.0112545888": 710,
    "0.012812644199999999": 187,
    "0.014370699599999998": 75,
    "0.015928755": 16
  },
  "latencyPercentiles": {
    "p10": 0.001622906,
    "p25": 0.001861706,
    "p50": 0.001934304,
    "p75": 0.002075507,
    "p90": 0.002710309,
    "p95": 0.003099107,
    "p99": 0.005118517
  },
  "rps": {
    "mean": 23901.561703291678,
    "stddev": 5042.827655789531,
    "max": 29829.84360452582,
    "percentiles": {
      "p10": 17234.6398312104,
      "p25": 23771.360265151612,
      "p50": 25706.853447129226,
      "p75": 26605.232510200545,
      "p90": 27127.7832247795,
      "p95": 27609.49532865189,
      "p99": 28838.901007568507
    }
  },
  "details": {
    "DNSDialup": {
      "average": 0.00142400692,
      "fastest": 0.0000719,
      "slowest": 0.00291671
    },
    "DNSLookup": {
      "average": 0.000004286,
      "fastest": 0.0000029,
      "slowest": 0.0000359
    }
  },
  "statusCodeDistribution": {
    "200": 239202
  },
  "errorDistribution": {}
}