{
  "summary": {
    "successRate": 1,
    "total": 10.000639726,
    "slowest": 0.011103634,
    "fastest": 0.000708115,
    "average": 0.0015958776040528406,
    "requestsPerSec": 31289.79831024862,
    "totalData": 4067934,
    "sizePerRequest": 13,
    "sizePerSec": 406767.37803323206
  },
  "responseTimeHistogram": {
    "0.000708115": 1,
    "0.0017476669": 298968,
    "0.0027872188": 10856,
    "0.0038267707": 1982,
    "0.0048663226": 606,
    "0.0059058745": 145,
    "0.0069454263999999995": 227,
    "0.0079849783": 46,
    "0.0090245302": 64,
    "0.0100640821": 10,
    "0.011103634": 13
  },
  "latencyPercentiles": {
    "p10": 0.001485233,
    "p25": 0.001516031,
    "p50": 0.001555892,
    "p75": 0.001603856,
    "p90": 0.001679706,
    "p95": 0.001738138,
    "p99": 0.002775827
  },
  "rps": {
    "mean": 31264.31689813316,
    "stddev": 3293.0390781135447,
    "max": 34132.762794163995,
    "percentiles": {
      "p10": 30624.98079683598,
      "p25": 31401.679989879678,
      "p50": 32027.861036314396,
      "p75": 32345.220538813417,
      "p90": 32644.263928464883,
      "p95": 32839.96821574444,
      "p99": 33185.05313027587
    }
  },
  "details": {
    "DNSDialup": {
      "average": 0.00071608396,
      "fastest": 0.00006901,
      "slowest": 0.001658252
    },
    "DNSLookup": {
      "average": 0.00000738578,
      "fastest": 0.000003857,
      "slowest": 0.000043341
    }
  },
  "statusCodeDistribution": {
    "200": 312918
  },
  "errorDistribution": {}
}