{
  "summary": {
    "successRate": 1,
    "total": 10.000723222,
    "slowest": 0.012848005,
    "fastest": 0.000505732,
    "average": 0.0016043002064831606,
    "requestsPerSec": 31127.648779959407,
    "totalData": 4046887,
    "sizePerRequest": 13,
    "sizePerSec": 404659.4341394723
  },
  "responseTimeHistogram": {
    "0.000505732": 1,
    "0.0017399592999999998": 292859,
    "0.0029741866": 16044,
    "0.0042084139": 1588,
    "0.0054426412": 453,
    "0.0066768685": 243,
    "0.0079110958": 19,
    "0.0091453231": 15,
    "0.0103795504": 28,
    "0.0116137777": 24,
    "0.012848005": 25
  },
  "latencyPercentiles": {
    "p10": 0.001490804,
    "p25": 0.001522602,
    "p50": 0.001563395,
    "p75": 0.001613082,
    "p90": 0.001690216,
    "p95": 0.001755634,
    "p99": 0.002703035
  },
  "rps": {
    "mean": 31115.222308883825,
    "stddev": 3249.8948737242226,
    "max": 33272.347554828055,
    "percentiles": {
      "p10": 30714.429639044814,
      "p25": 31301.201966155535,
      "p50": 31749.24225310947,
      "p75": 32213.488452018228,
      "p90": 32471.55187634849,
      "p95": 32691.699506425153,
      "p99": 33043.38516123195
    }
  },
  "details": {
    "DNSDialup": {
      "average": 0.0007797711200000002,
      "fastest": 0.00008648,
      "slowest": 0.001551102
    },
    "DNSLookup": {
      "average": 0.000023009659999999998,
      "fastest": 0.000003046,
      "slowest": 0.000839235
    }
  },
  "statusCodeDistribution": {
    "200": 311299
  },
  "errorDistribution": {}
}