{
  "summary": {
    "successRate": 1,
    "total": 10.000129488,
    "slowest": 0.011311787,
    "fastest": 0.000569036,
    "average": 0.001486205499184514,
    "requestsPerSec": 33599.164931133135,
    "totalData": 4367948,
    "sizePerRequest": 13,
    "sizePerSec": 436789.1441047308
  },
  "responseTimeHistogram": {
    "0.000569036": 1,
    "0.0016433111": 327366,
    "0.0027175862": 6464,
    "0.0037918613": 1700,
    "0.0048661364": 293,
    "0.0059404115": 83,
    "0.0070146866": 42,
    "0.0080889617": 11,
    "0.0091632368": 10,
    "0.010237511900000001": 10,
    "0.011311787": 16
  },
  "latencyPercentiles": {
    "p10": 0.001386967,
    "p25": 0.001420816,
    "p50": 0.001463471,
    "p75": 0.001509628,
    "p90": 0.001560109,
    "p95": 0.001596677,
    "p99": 0.002362918
  },
  "rps": {
    "mean": 33590.283313579275,
    "stddev": 2879.750464452735,
    "max": 41531.00715123297,
    "percentiles": {
      "p10": 33149.17680378836,
      "p25": 33625.165073542325,
      "p50": 34171.880550737886,
      "p75": 34426.06741825102,
      "p90": 34696.539979393616,
      "p95": 34920.74513561143,
      "p99": 35285.81510232882
    }
  },
  "details": {
    "DNSDialup": {
      "average": 0.0008068784199999998,
      "fastest": 0.000090095,
      "slowest": 0.001073281
    },
    "DNSLookup": {
      "average": 0.00000676114,
      "fastest": 0.000004609,
      "slowest": 0.000031279
    }
  },
  "statusCodeDistribution": {
    "200": 335996
  },
  "errorDistribution": {}
}