{
  "summary": {
    "successRate": 1,
    "total": 10.000763683,
    "slowest": 0.0112996,
    "fastest": 0.000372596,
    "average": 0.001612160718205563,
    "requestsPerSec": 30975.534451092375,
    "totalData": 4027127,
    "sizePerRequest": 13,
    "sizePerSec": 402681.9478642009
  },
  "responseTimeHistogram": {
    "0.000372596": 1,
    "0.0014652964": 9580,
    "0.0025579968": 296504,
    "0.0036506971999999997": 2500,
    "0.0047433976": 658,
    "0.0058360980000000005": 178,
    "0.0069287984": 198,
    "0.008021498799999999": 65,
    "0.009114199199999999": 76,
    "0.0102068996": 10,
    "0.0112996": 9
  },
  "latencyPercentiles": {
    "p10": 0.001494297,
    "p25": 0.001526093,
    "p50": 0.001567118,
    "p75": 0.001618146,
    "p90": 0.001707472,
    "p95": 0.001788991,
    "p99": 0.00267779
  },
  "rps": {
    "mean": 30962.13281535265,
    "stddev": 3256.61122664186,
    "max": 34239.193604919514,
    "percentiles": {
      "p10": 30165.21184877422,
      "p25": 31214.180602247474,
      "p50": 31640.383513897745,
      "p75": 32139.20358245063,
      "p90": 32405.684221134718,
      "p95": 32607.493915390463,
      "p99": 33004.48063924522
    }
  },
  "details": {
    "DNSDialup": {
      "average": 0.0007165336599999998,
      "fastest": 0.000094013,
      "slowest": 0.001436702
    },
    "DNSLookup": {
      "average": 0.0000065125999999999984,
      "fastest": 0.000003567,
      "slowest": 0.000029916
    }
  },
  "statusCodeDistribution": {
    "200": 309779
  },
  "errorDistribution": {}
}