{
  "summary": {
    "successRate": 1,
    "total": 10.000233303,
    "slowest": 0.015440052,
    "fastest": 0.001002339,
    "average": 0.0019656981093881666,
    "requestsPerSec": 25408.00722356907,
    "totalData": 3303118,
    "sizePerRequest": 13,
    "sizePerSec": 330304.09390639793
  },
  "responseTimeHistogram": {
    "0.001002339": 1,
    "0.0024461103": 235457,
    "0.0038898816": 15236,
    "0.005333652899999999": 1324,
    "0.0067774242": 793,
    "0.0082211955": 1080,
    "0.009664966799999999": 65,
    "0.0111087381": 90,
    "0.0125525094": 10,
    "0.0139962807": 0,
    "0.015440052000000001": 30
  },
  "latencyPercentiles": {
    "p10": 0.001590878,
    "p25": 0.001780658,
    "p50": 0.00187531,
    "p75": 0.002006601,
    "p90": 0.002241853,
    "p95": 0.002578227,
    "p99": 0.004553317
  },
  "rps": {
    "mean": 25389.980090038454,
    "stddev": 3909.2645984725664,
    "max": 29574.463794806667,
    "percentiles": {
      "p10": 23617.790765487305,
      "p25": 25090.56386756031,
      "p50": 26455.51906389802,
      "p75": 27319.288240123562,
      "p90": 27957.925186455665,
      "p95": 28303.41299454357,
      "p99": 29082.918308389697
    }
  },
  "details": {
    "DNSDialup": {
      "average": 0.0012505587600000001,
      "fastest": 0.000109234,
      "slowest": 0.001972802
    },
    "DNSLookup": {
      "average": 0.000009981679999999995,
      "fastest": 0.000003637,
      "slowest": 0.000170007
    }
  },
  "statusCodeDistribution": {
    "200": 254086
  },
  "errorDistribution": {}
}