{
  "summary": {
    "successRate": 1,
    "total": 10.000885968,
    "slowest": 0.017679813,
    "fastest": 0.000386306,
    "average": 0.0021333962710815666,
    "requestsPerSec": 23414.125583398512,
    "totalData": 3044106,
    "sizePerRequest": 13,
    "sizePerSec": 304383.6325841806
  },
  "responseTimeHistogram": {
    "0.000386306": 1,
    "0.0021156567": 160192,
    "0.0038450074": 70791,
    "0.0055743581": 1982,
    "0.0073037088": 493,
    "0.0090330595": 55,
    "0.0107624102": 379,
    "0.0124917609": 212,
    "0.0142211116": 7,
    "0.0159504623": 0,
    "0.017679813": 50
  },
  "latencyPercentiles": {
    "p10": 0.00171763,
    "p25": 0.001954934,
    "p50": 0.002031436,
    "p75": 0.002170539,
    "p90": 0.002624647,
    "p95": 0.002946452,
    "p99": 0.004433879
  },
  "rps": {
    "mean": 23413.06111012874,
    "stddev": 3658.5651525109583,
    "max": 30378.49485155161,
    "percentiles": {
      "p10": 20393.65582501105,
      "p25": 22847.48514759714,
      "p50": 24585.863670281367,
      "p75": 25287.64428628251,
      "p90": 25855.902778495856,
      "p95": 26333.635385129248,
      "p99": 27403.450033463716
    }
  },
  "details": {
    "DNSDialup": {
      "average": 0.0018149120399999995,
      "fastest": 0.000083001,
      "slowest": 0.003710166
    },
    "DNSLookup": {
      "average": 0.000005322160000000001,
      "fastest": 0.0000038,
      "slowest": 0.000038301
    }
  },
  "statusCodeDistribution": {
    "200": 234162
  },
  "errorDistribution": {}
}