{
  "summary": {
    "successRate": 1,
    "total": 10.000187361,
    "slowest": 0.010921932,
    "fastest": 0.000610662,
    "average": 0.0015312146199803977,
    "requestsPerSec": 32611.38898975475,
    "totalData": 4239560,
    "sizePerRequest": 13,
    "sizePerSec": 423948.05686681176
  },
  "responseTimeHistogram": {
    "0.000610662": 1,
    "0.0016417890000000003": 293800,
    "0.0026729160000000004": 29699,
    "0.0037040430000000006": 1860,
    "0.00473517": 565,
    "0.005766297": 114,
    "0.006797424000000001": 34,
    "0.007828551000000001": 11,
    "0.008859678000000001": 10,
    "0.009890805": 10,
    "0.010921932": 16
  },
  "latencyPercentiles": {
    "p10": 0.001415353,
    "p25": 0.001450753,
    "p50": 0.001496829,
    "p75": 0.001558035,
    "p90": 0.00164117,
    "p95": 0.001686794,
    "p99": 0.00245876
  },
  "rps": {
    "mean": 32605.979018735612,
    "stddev": 2908.688034895442,
    "max": 37619.42667193357,
    "percentiles": {
      "p10": 32175.6804179121,
      "p25": 32682.69242062657,
      "p50": 33164.83393386135,
      "p75": 33430.74960348559,
      "p90": 33804.41823746363,
      "p95": 34041.13065475005,
      "p99": 34364.146213663254
    }
  },
  "details": {
    "DNSDialup": {
      "average": 0.0010361688,
      "fastest": 0.000090616,
      "slowest": 0.002192266
    },
    "DNSLookup": {
      "average": 0.00002008614,
      "fastest": 0.000003637,
      "slowest": 0.000644305
    }
  },
  "statusCodeDistribution": {
    "200": 326120
  },
  "errorDistribution": {}
}