{
  "summary": {
    "successRate": 1,
    "total": 10.000750801,
    "slowest": 0.012433049,
    "fastest": 0.000494907,
    "average": 0.0016092142550263738,
    "requestsPerSec": 31034.069958924076,
    "totalData": 4034732,
    "sizePerRequest": 13,
    "sizePerSec": 403442.90946601296
  },
  "responseTimeHistogram": {
    "0.000494907": 1,
    "0.0016887212000000003": 273581,
    "0.0028825354000000004": 33553,
    "0.0040763496": 2018,
    "0.005270163800000001": 642,
    "0.006463978000000001": 326,
    "0.007657792200000001": 115,
    "0.0088516064": 73,
    "0.0100454206": 36,
    "0.011239234800000001": 10,
    "0.012433049000000002": 9
  },
  "latencyPercentiles": {
    "p10": 0.001488622,
    "p25": 0.001519287,
    "p50": 0.001559593,
    "p75": 0.001610535,
    "p90": 0.001710898,
    "p95": 0.001783407,
    "p99": 0.002948335
  },
  "rps": {
    "mean": 31017.639243764483,
    "stddev": 3570.158540381193,
    "max": 33506.409042779356,
    "percentiles": {
      "p10": 30509.08865751109,
      "p25": 31243.23460906816,
      "p50": 31693.833919045297,
      "p75": 32200.78801365649,
      "p90": 32553.73394370597,
      "p95": 32779.4253188259,
      "p99": 33121.98210019468
    }
  },
  "details": {
    "DNSDialup": {
      "average": 0.0005831578000000001,
      "fastest": 0.000074677,
      "slowest": 0.001003821
    },
    "DNSLookup": {
      "average": 0.000006756639999999999,
      "fastest": 0.000003296,
      "slowest": 0.000047479
    }
  },
  "statusCodeDistribution": {
    "200": 310364
  },
  "errorDistribution": {}
}