{
  "summary": {
    "successRate": 1,
    "total": 10.000682847,
    "slowest": 0.013073825,
    "fastest": 0.000583258,
    "average": 0.001586074308386904,
    "requestsPerSec": 31482.65021667475,
    "totalData": 4093024,
    "sizePerRequest": 13,
    "sizePerSec": 409274.45281677175
  },
  "responseTimeHistogram": {
    "0.000583258": 1,
    "0.0018323147": 305958,
    "0.0030813714000000004": 6741,
    "0.0043304281": 1418,
    "0.0055794848": 271,
    "0.0068285415": 273,
    "0.008077598200000001": 86,
    "0.0093266549": 50,
    "0.0105757116": 21,
    "0.011824768300000002": 10,
    "0.013073825": 19
  },
  "latencyPercentiles": {
    "p10": 0.001471853,
    "p25": 0.001504101,
    "p50": 0.00154534,
    "p75": 0.00159517,
    "p90": 0.001671267,
    "p95": 0.001734072,
    "p99": 0.002717107
  },
  "rps": {
    "mean": 31477.394248853492,
    "stddev": 3346.8495433152775,
    "max": 35903.30097757448,
    "percentiles": {
      "p10": 30810.41083782215,
      "p25": 31702.37767832618,
      "p50": 32220.799950547687,
      "p75": 32523.29318257717,
      "p90": 32908.43114005855,
      "p95": 33088.422019188525,
      "p99": 33402.95836498682
    }
  },
  "details": {
    "DNSDialup": {
      "average": 0.0008373588400000001,
      "fastest": 0.000094683,
      "slowest": 0.001203605
    },
    "DNSLookup": {
      "average": 0.00000670714,
      "fastest": 0.000003156,
      "slowest": 0.000032641
    }
  },
  "statusCodeDistribution": {
    "200": 314848
  },
  "errorDistribution": {}
}