{
  "summary": {
    "successRate": 1,
    "total": 10.000627068,
    "slowest": 0.011463092,
    "fastest": 0.00065718,
    "average": 0.001706708559064117,
    "requestsPerSec": 29262.965013105517,
    "totalData": 3804424,
    "sizePerRequest": 13,
    "sizePerSec": 380418.5451703717
  },
  "responseTimeHistogram": {
    "0.00065718": 1,
    "0.0017377712": 237212,
    "0.0028183623999999997": 52303,
    "0.0038989536000000003": 1988,
    "0.0049795448": 634,
    "0.006060136": 137,
    "0.0071407272": 239,
    "0.0082213184": 44,
    "0.0093019096": 60,
    "0.0103825008": 10,
    "0.011463092": 20
  },
  "latencyPercentiles": {
    "p10": 0.001588084,
    "p25": 0.001620853,
    "p50": 0.001663482,
    "p75": 0.00171581,
    "p90": 0.001798426,
    "p95": 0.001862962,
    "p99": 0.002882181
  },
  "rps": {
    "mean": 29255.230221929873,
    "stddev": 3017.139621281791,
    "max": 34457.98451802757,
    "percentiles": {
      "p10": 29010.40022848213,
      "p25": 29384.135595452062,
      "p50": 29841.85319911115,
      "p75": 30258.589909364,
      "p90": 30545.23343154501,
      "p95": 30757.815465729072,
      "p99": 31166.63178972129
    }
  },
  "details": {
    "DNSDialup": {
      "average": 0.00068244806,
      "fastest": 0.000081443,
      "slowest": 0.001546968
    },
    "DNSLookup": {
      "average": 0.000006412159999999999,
      "fastest": 0.000003156,
      "slowest": 0.00002689
    }
  },
  "statusCodeDistribution": {
    "200": 292648
  },
  "errorDistribution": {}
}