{
  "summary": {
    "successRate": 1,
    "total": 10.000672334,
    "slowest": 0.011166967,
    "fastest": 0.000612759,
    "average": 0.0016236177802598302,
    "requestsPerSec": 30756.532133772434,
    "totalData": 3998618,
    "sizePerRequest": 13,
    "sizePerSec": 399834.9177390417
  },
  "responseTimeHistogram": {
    "0.000612759": 1,
    "0.0016681798": 258822,
    "0.0027236006": 45445,
    "0.0037790213999999997": 2004,
    "0.0048344422": 723,
    "0.0058898629999999995": 258,
    "0.006945283799999999": 228,
    "0.008000704599999998": 21,
    "0.0090561254": 60,
    "0.010111546199999998": 10,
    "0.011166967": 14
  },
  "latencyPercentiles": {
    "p10": 0.00150148,
    "p25": 0.001534487,
    "p50": 0.001576391,
    "p75": 0.001628629,
    "p90": 0.001718471,
    "p95": 0.00180744,
    "p99": 0.002771545
  },
  "rps": {
    "mean": 30743.995012001444,
    "stddev": 3354.855388526311,
    "max": 34327.05415682001,
    "percentiles": {
      "p10": 30067.429216761207,
      "p25": 31111.645088756522,
      "p50": 31509.64195043768,
      "p75": 32009.279490123627,
      "p90": 32296.977328946672,
      "p95": 32448.671019048066,
      "p99": 32851.70980049124
    }
  },
  "details": {
    "DNSDialup": {
      "average": 0.0007383910000000001,
      "fastest": 0.000065512,
      "slowest": 0.001716719
    },
    "DNSLookup": {
      "average": 0.000006753840000000001,
      "fastest": 0.000003456,
      "slowest": 0.000030868
    }
  },
  "statusCodeDistribution": {
    "200": 307586
  },
  "errorDistribution": {}
}