{
  "summary": {
    "successRate": 1,
    "total": 10.00065864,
    "slowest": 0.016602286,
    "fastest": 0.000342904,
    "average": 0.00224108214682432,
    "requestsPerSec": 22285.032218637953,
    "totalData": 2897245,
    "sizePerRequest": 13,
    "sizePerSec": 289705.4188422934
  },
  "responseTimeHistogram": {
    "0.000342904": 1,
    "0.0019688422000000002": 55849,
    "0.0035947804": 156589,
    "0.0052207186": 9368,
    "0.0068466568": 354,
    "0.008472595": 54,
    "0.0100985332": 50,
    "0.0117244714": 0,
    "0.0133504096": 23,
    "0.0149763478": 343,
    "0.016602286": 234
  },
  "latencyPercentiles": {
    "p10": 0.001690419,
    "p25": 0.001955622,
    "p50": 0.002205325,
    "p75": 0.002260026,
    "p90": 0.002352926,
    "p95": 0.003442039,
    "p99": 0.00444955
  },
  "rps": {
    "mean": 22369.050942702146,
    "stddev": 3694.8637371088053,
    "max": 25733.844307799733,
    "percentiles": {
      "p10": 18696.012037339504,
      "p25": 22257.40836730178,
      "p50": 23873.98308618598,
      "p75": 24204.569822782803,
      "p90": 24443.378441551424,
      "p95": 24704.908865390113,
      "p99": 25020.486774571047
    }
  },
  "details": {
    "DNSDialup": {
      "average": 0.0008222072399999998,
      "fastest": 0.0000614,
      "slowest": 0.000985411
    },
    "DNSLookup": {
      "average": 0.000006276099999999998,
      "fastest": 0.0000039,
      "slowest": 0.000081501
    }
  },
  "statusCodeDistribution": {
    "200": 222865
  },
  "errorDistribution": {}
}