{
  "summary": {
    "successRate": 1,
    "total": 10.000631532,
    "slowest": 0.019747431,
    "fastest": 0.000537604,
    "average": 0.001606259482131307,
    "requestsPerSec": 31088.7366467968,
    "totalData": 4041791,
    "sizePerRequest": 13,
    "sizePerSec": 404153.57640835835
  },
  "responseTimeHistogram": {
    "0.000537604": 1,
    "0.0024585867": 307204,
    "0.0043795694": 2906,
    "0.0063005521": 540,
    "0.0082215348": 173,
    "0.0101425175": 18,
    "0.0120635002": 15,
    "0.0139844829": 0,
    "0.015905465599999998": 0,
    "0.0178264483": 47,
    "0.019747431": 3
  },
  "latencyPercentiles": {
    "p10": 0.00149066,
    "p25": 0.001523032,
    "p50": 0.001564438,
    "p75": 0.001615905,
    "p90": 0.001700186,
    "p95": 0.001769556,
    "p99": 0.002632508
  },
  "rps": {
    "mean": 31075.44657921532,
    "stddev": 3291.3588000028844,
    "max": 36427.199186570324,
    "percentiles": {
      "p10": 30407.57452681475,
      "p25": 31200.070451771866,
      "p50": 31637.828105964098,
      "p75": 32208.238867502412,
      "p90": 32552.858212159023,
      "p95": 32789.06822492697,
      "p99": 33128.75404669169
    }
  },
  "details": {
    "DNSDialup": {
      "average": 0.00071890704,
      "fastest": 0.000066655,
      "slowest": 0.00162168
    },
    "DNSLookup": {
      "average": 0.0000066561600000000005,
      "fastest": 0.000003176,
      "slowest": 0.000027601
    }
  },
  "statusCodeDistribution": {
    "200": 310907
  },
  "errorDistribution": {}
}