{
  "summary": {
    "successRate": 1,
    "total": 10.000698573,
    "slowest": 0.00972651,
    "fastest": 0.000670894,
    "average": 0.0012540612164494754,
    "requestsPerSec": 39825.91786890766,
    "totalData": 5177731,
    "sizePerRequest": 13,
    "sizePerSec": 517736.93229579955
  },
  "responseTimeHistogram": {
    "0.000670894": 1,
    "0.0015764556": 392357,
    "0.0024820172": 3340,
    "0.0033875788": 1535,
    "0.0042931404": 449,
    "0.005198702": 188,
    "0.0061042636": 120,
    "0.0070098252": 165,
    "0.0079153868": 70,
    "0.0088209484": 56,
    "0.00972651": 6
  },
  "latencyPercentiles": {
    "p10": 0.00116175,
    "p25": 0.001185844,
    "p50": 0.001217136,
    "p75": 0.00125201,
    "p90": 0.001365779,
    "p95": 0.001431241,
    "p99": 0.002036206
  },
  "rps": {
    "mean": 39819.007945991216,
    "stddev": 4148.96214918728,
    "max": 51453.81087685873,
    "percentiles": {
      "p10": 38902.97607766996,
      "p25": 40162.61844206902,
      "p50": 40534.88209010883,
      "p75": 41131.72516433116,
      "p90": 41500.49598153742,
      "p95": 41752.29056871175,
      "p99": 42275.5876787098
    }
  },
  "details": {
    "DNSDialup": {
      "average": 0.0005123272,
      "fastest": 0.00006863,
      "slowest": 0.00104947
    },
    "DNSLookup": {
      "average": 0.000005339300000000001,
      "fastest": 0.000002912,
      "slowest": 0.00002869
    }
  },
  "statusCodeDistribution": {
    "200": 398287
  },
  "errorDistribution": {}
}