{
  "summary": {
    "successRate": 1,
    "total": 10.001183599,
    "slowest": 0.01591743,
    "fastest": 0.000272001,
    "average": 0.0021544601588173442,
    "requestsPerSec": 23188.055464074077,
    "totalData": 3014804,
    "sizePerRequest": 13,
    "sizePerSec": 301444.72103296296
  },
  "responseTimeHistogram": {
    "0.000272001": 1,
    "0.0018365438999999998": 57510,
    "0.0034010867999999996": 169022,
    "0.004965629699999999": 3151,
    "0.006530172599999999": 763,
    "0.008094715499999999": 213,
    "0.009659258399999999": 434,
    "0.011223801299999999": 701,
    "0.0127883442": 45,
    "0.0143528871": 8,
    "0.01591743": 60
  },
  "latencyPercentiles": {
    "p10": 0.001601203,
    "p25": 0.001895703,
    "p50": 0.002128204,
    "p75": 0.002176304,
    "p90": 0.002440504,
    "p95": 0.002981905,
    "p99": 0.004856409
  },
  "rps": {
    "mean": 23203.64430509464,
    "stddev": 3957.787665102382,
    "max": 28305.77701609889,
    "percentiles": {
      "p10": 21293.03102527145,
      "p25": 22825.656851264517,
      "p50": 24495.942180557035,
      "p75": 25070.88457302944,
      "p90": 25438.877987009157,
      "p95": 26048.081243553606,
      "p99": 26481.548803314083
    }
  },
  "details": {
    "DNSDialup": {
      "average": 0.0014225290800000004,
      "fastest": 0.0000696,
      "slowest": 0.001616701
    },
    "DNSLookup": {
      "average": 0.000004159999999999999,
      "fastest": 0.0000029,
      "slowest": 0.0000426
    }
  },
  "statusCodeDistribution": {
    "200": 231908
  },
  "errorDistribution": {}
}