{
  "summary": {
    "successRate": 1,
    "total": 10.00089942,
    "slowest": 0.024313899,
    "fastest": 0.000429404,
    "average": 0.0029623449852186614,
    "requestsPerSec": 16864.383183647697,
    "totalData": 2192567,
    "sizePerRequest": 13,
    "sizePerSec": 219236.98138742006
  },
  "responseTimeHistogram": {
    "0.000429404": 1,
    "0.0028178534999999997": 72478,
    "0.005206302999999999": 91961,
    "0.0075947524999999995": 2830,
    "0.009983201999999998": 473,
    "0.012371651499999999": 612,
    "0.014760100999999998": 213,
    "0.017148550499999998": 57,
    "0.019537": 1,
    "0.0219254495": 0,
    "0.024313899": 33
  },
  "latencyPercentiles": {
    "p10": 0.002263419,
    "p25": 0.002652721,
    "p50": 0.002876822,
    "p75": 0.003157626,
    "p90": 0.003616428,
    "p95": 0.004178934,
    "p99": 0.006864956
  },
  "rps": {
    "mean": 16833.33760239745,
    "stddev": 3379.1319360079056,
    "max": 27368.916574066454,
    "percentiles": {
      "p10": 12727.244958737685,
      "p25": 16295.411313387865,
      "p50": 17772.00176371853,
      "p75": 18808.98770481258,
      "p90": 19378.295079143143,
      "p95": 19709.165269693734,
      "p99": 21155.588053459927
    }
  },
  "details": {
    "DNSDialup": {
      "average": 0.0032634968599999994,
      "fastest": 0.000124401,
      "slowest": 0.00373053
    },
    "DNSLookup": {
      "average": 0.000010084140000000003,
      "fastest": 0.0000081,
      "slowest": 0.000048401
    }
  },
  "statusCodeDistribution": {
    "200": 168659
  },
  "errorDistribution": {}
}