{
  "summary": {
    "successRate": 1,
    "total": 10.000693405,
    "slowest": 0.01620696,
    "fastest": 0.000458202,
    "average": 0.0019354443969859937,
    "requestsPerSec": 25811.210237776508,
    "totalData": 3355690,
    "sizePerRequest": 13,
    "sizePerSec": 335545.7330910946
  },
  "responseTimeHistogram": {
    "0.000458202": 1,
    "0.0020330777999999997": 232274,
    "0.0036079535999999995": 22845,
    "0.005182829399999998": 1984,
    "0.0067577051999999985": 226,
    "0.008332580999999999": 53,
    "0.009907456799999997": 84,
    "0.011482332599999997": 307,
    "0.013057208399999997": 336,
    "0.014632084199999998": 0,
    "0.01620696": 20
  },
  "latencyPercentiles": {
    "p10": 0.001463505,
    "p25": 0.001632806,
    "p50": 0.001920707,
    "p75": 0.001967307,
    "p90": 0.002033308,
    "p95": 0.002954211,
    "p99": 0.003760514
  },
  "rps": {
    "mean": 25878.706138300768,
    "stddev": 4314.25293642633,
    "max": 57224.60658068391,
    "percentiles": {
      "p10": 22757.950846033124,
      "p25": 24550.600729068545,
      "p50": 27497.92591165035,
      "p75": 27816.451073996224,
      "p90": 28142.581575292978,
      "p95": 28446.702574131352,
      "p99": 28958.960379688157
    }
  },
  "details": {
    "DNSDialup": {
      "average": 0.0015267415600000004,
      "fastest": 0.0000722,
      "slowest": 0.001638406
    },
    "DNSLookup": {
      "average": 0.000004236020000000001,
      "fastest": 0.000003,
      "slowest": 0.000041801
    }
  },
  "statusCodeDistribution": {
    "200": 258130
  },
  "errorDistribution": {}
}