{
  "summary": {
    "successRate": 1,
    "total": 10.000736423,
    "slowest": 0.011156074,
    "fastest": 0.000729809,
    "average": 0.0017201026576308311,
    "requestsPerSec": 29034.06186490593,
    "totalData": 3774706,
    "sizePerRequest": 13,
    "sizePerSec": 377442.80424377706
  },
  "responseTimeHistogram": {
    "0.000729809": 1,
    "0.0017724355": 245992,
    "0.002815062": 41002,
    "0.0038576885": 2117,
    "0.004900315": 668,
    "0.0059429415": 158,
    "0.006985567999999999": 258,
    "0.0080281945": 66,
    "0.009070821": 71,
    "0.010113447499999999": 10,
    "0.011156074": 19
  },
  "latencyPercentiles": {
    "p10": 0.001598829,
    "p25": 0.001631762,
    "p50": 0.001675255,
    "p75": 0.001730929,
    "p90": 0.001812624,
    "p95": 0.001882164,
    "p99": 0.002920232
  },
  "rps": {
    "mean": 29022.612958604044,
    "stddev": 3033.614890592149,
    "max": 31346.561312559486,
    "percentiles": {
      "p10": 28399.127010835724,
      "p25": 29201.17972766586,
      "p50": 29606.667421503404,
      "p75": 30104.06070664576,
      "p90": 30436.782852075507,
      "p95": 30689.01126757383,
      "p99": 30939.838789375444
    }
  },
  "details": {
    "DNSDialup": {
      "average": 0.0006841667599999998,
      "fastest": 0.000070172,
      "slowest": 0.001295803
    },
    "DNSLookup": {
      "average": 0.000005518600000000001,
      "fastest": 0.000002595,
      "slowest": 0.000038112
    }
  },
  "statusCodeDistribution": {
    "200": 290362
  },
  "errorDistribution": {}
}