{
  "summary": {
    "successRate": 1,
    "total": 10.000712156,
    "slowest": 0.01172474,
    "fastest": 0.001047501,
    "average": 0.0016357138697450872,
    "requestsPerSec": 30528.72587846933,
    "totalData": 3969017,
    "sizePerRequest": 13,
    "sizePerSec": 396873.43642010126
  },
  "responseTimeHistogram": {
    "0.001047501": 1,
    "0.0021152249": 300135,
    "0.0031829488": 3156,
    "0.0042506727": 1346,
    "0.005318396600000001": 307,
    "0.006386120500000001": 106,
    "0.0074538444": 158,
    "0.0085215683": 56,
    "0.0095892922": 15,
    "0.0106570161": 10,
    "0.01172474": 19
  },
  "latencyPercentiles": {
    "p10": 0.001524206,
    "p25": 0.001556077,
    "p50": 0.001597114,
    "p75": 0.001645644,
    "p90": 0.001716374,
    "p95": 0.001775366,
    "p99": 0.002783712
  },
  "rps": {
    "mean": 30524.981803173294,
    "stddev": 3049.562097766819,
    "max": 33862.98461779024,
    "percentiles": {
      "p10": 30156.235347676182,
      "p25": 30627.86512994076,
      "p50": 31187.496107850144,
      "p75": 31478.293051841923,
      "p90": 31743.473413870855,
      "p95": 31994.884028073415,
      "p99": 32275.664917121543
    }
  },
  "details": {
    "DNSDialup": {
      "average": 0.0005379636800000001,
      "fastest": 0.000082443,
      "slowest": 0.000803418
    },
    "DNSLookup": {
      "average": 0.00000701852,
      "fastest": 0.000003827,
      "slowest": 0.000027842
    }
  },
  "statusCodeDistribution": {
    "200": 305309
  },
  "errorDistribution": {}
}