{
  "summary": {
    "successRate": 1,
    "total": 10.000244036,
    "slowest": 0.011726762,
    "fastest": 0.000315239,
    "average": 0.001526565605696132,
    "requestsPerSec": 32709.0017826041,
    "totalData": 4252274,
    "sizePerRequest": 13,
    "sizePerSec": 425217.0231738533
  },
  "responseTimeHistogram": {
    "0.000315239": 1,
    "0.0014563913": 87432,
    "0.0025975436": 236685,
    "0.0037386959": 2434,
    "0.0048798482": 414,
    "0.0060210005": 50,
    "0.0071621528": 33,
    "0.0083033051": 14,
    "0.0094444574": 14,
    "0.0105856097": 5,
    "0.011726762": 16
  },
  "latencyPercentiles": {
    "p10": 0.001415984,
    "p25": 0.001452934,
    "p50": 0.001498134,
    "p75": 0.0015488,
    "p90": 0.001609286,
    "p95": 0.001659336,
    "p99": 0.002512502
  },
  "rps": {
    "mean": 32699.31830748221,
    "stddev": 2950.157891605995,
    "max": 39704.0577547041,
    "percentiles": {
      "p10": 32200.940287517693,
      "p25": 32931.27153544674,
      "p50": 33254.12134449074,
      "p75": 33551.19582053952,
      "p90": 33987.901753271144,
      "p95": 34145.14596443857,
      "p99": 34557.05715707008
    }
  },
  "details": {
    "DNSDialup": {
      "average": 0.00084587562,
      "fastest": 0.000100406,
      "slowest": 0.001378271
    },
    "DNSLookup": {
      "average": 0.000007239099999999999,
      "fastest": 0.000003716,
      "slowest": 0.000026059
    }
  },
  "statusCodeDistribution": {
    "200": 327098
  },
  "errorDistribution": {}
}