{
  "summary": {
    "successRate": 1,
    "total": 10.000273084,
    "slowest": 0.020409175,
    "fastest": 0.000362125,
    "average": 0.002327536699401754,
    "requestsPerSec": 21460.613944970144,
    "totalData": 2789956,
    "sizePerRequest": 13,
    "sizePerSec": 278987.9812846119
  },
  "responseTimeHistogram": {
    "0.000362125": 1,
    "0.00236683": 157062,
    "0.004371534999999999": 54237,
    "0.006376239999999999": 1454,
    "0.008380944999999999": 483,
    "0.010385649999999998": 226,
    "0.012390354999999999": 824,
    "0.01439506": 236,
    "0.016399765": 45,
    "0.01840447": 21,
    "0.020409174999999998": 23
  },
  "latencyPercentiles": {
    "p10": 0.001755211,
    "p25": 0.002029927,
    "p50": 0.002219439,
    "p75": 0.002385861,
    "p90": 0.002758473,
    "p95": 0.003472934,
    "p99": 0.005667882
  },
  "rps": {
    "mean": 21700.32490493074,
    "stddev": 7551.142849200982,
    "max": 170925.56191733776,
    "percentiles": {
      "p10": 17826.515158646755,
      "p25": 20861.356146407823,
      "p50": 22522.71533040597,
      "p75": 23788.55963563582,
      "p90": 24886.531357597116,
      "p95": 25446.83043822581,
      "p99": 27166.762318396453
    }
  },
  "details": {
    "DNSDialup": {
      "average": 0.0016432867799999998,
      "fastest": 0.000080905,
      "slowest": 0.00341433
    },
    "DNSLookup": {
      "average": 0.0000048203,
      "fastest": 0.0000031,
      "slowest": 0.000030302
    }
  },
  "statusCodeDistribution": {
    "200": 214612
  },
  "errorDistribution": {}
}