{
  "summary": {
    "successRate": 1,
    "total": 10.000790715,
    "slowest": 0.016063887,
    "fastest": 0.001020685,
    "average": 0.0016086240265416139,
    "requestsPerSec": 31043.14537193072,
    "totalData": 4035928,
    "sizePerRequest": 13,
    "sizePerSec": 403560.8898350994
  },
  "responseTimeHistogram": {
    "0.001020685": 1,
    "0.0025250051999999995": 306026,
    "0.0040293253999999995": 3682,
    "0.0055336456": 454,
    "0.007037965799999999": 195,
    "0.008542286": 20,
    "0.010046606199999999": 16,
    "0.0115509264": 12,
    "0.013055246599999999": 0,
    "0.014559566799999998": 0,
    "0.016063887": 50
  },
  "latencyPercentiles": {
    "p10": 0.001482442,
    "p25": 0.001516378,
    "p50": 0.001560769,
    "p75": 0.001620401,
    "p90": 0.001708986,
    "p95": 0.00178105,
    "p99": 0.002776927
  },
  "rps": {
    "mean": 31036.626374190073,
    "stddev": 3382.1460036738936,
    "max": 33478.63195694587,
    "percentiles": {
      "p10": 30305.097317368596,
      "p25": 31211.788140405795,
      "p50": 31765.678379554694,
      "p75": 32275.891089441255,
      "p90": 32625.41285166002,
      "p95": 32815.60508855242,
      "p99": 33178.92242798411
    }
  },
  "details": {
    "DNSDialup": {
      "average": 0.00067839338,
      "fastest": 0.000066464,
      "slowest": 0.001417133
    },
    "DNSLookup": {
      "average": 0.000006450039999999999,
      "fastest": 0.000003096,
      "slowest": 0.000030808
    }
  },
  "statusCodeDistribution": {
    "200": 310456
  },
  "errorDistribution": {}
}