{
  "summary": {
    "successRate": 1,
    "total": 10.000316824,
    "slowest": 0.011478566,
    "fastest": 0.000467133,
    "average": 0.0015145986597823989,
    "requestsPerSec": 32967.85549921493,
    "totalData": 4285957,
    "sizePerRequest": 13,
    "sizePerSec": 428582.1214897941
  },
  "responseTimeHistogram": {
    "0.000467133": 1,
    "0.0015682763": 282921,
    "0.0026694196000000003": 43794,
    "0.0037705628999999997": 2149,
    "0.0048717062": 443,
    "0.0059728495": 108,
    "0.0070739928": 115,
    "0.0081751361": 103,
    "0.0092762794": 33,
    "0.0103774227": 6,
    "0.011478566": 16
  },
  "latencyPercentiles": {
    "p10": 0.001405316,
    "p25": 0.001438445,
    "p50": 0.001479813,
    "p75": 0.001527079,
    "p90": 0.001603754,
    "p95": 0.001673032,
    "p99": 0.002558495
  },
  "rps": {
    "mean": 32955.992198569744,
    "stddev": 3303.293649280374,
    "max": 37408.46678972367,
    "percentiles": {
      "p10": 32472.70718664645,
      "p25": 33180.79551862246,
      "p50": 33511.25643103565,
      "p75": 34027.62362485712,
      "p90": 34324.90582861175,
      "p95": 34513.99974114408,
      "p99": 34955.97500277184
    }
  },
  "details": {
    "DNSDialup": {
      "average": 0.0009593464800000001,
      "fastest": 0.000150702,
      "slowest": 0.001976175
    },
    "DNSLookup": {
      "average": 0.000010644799999999998,
      "fastest": 0.000004168,
      "slowest": 0.000181349
    }
  },
  "statusCodeDistribution": {
    "200": 329689
  },
  "errorDistribution": {}
}