{
  "summary": {
    "successRate": 1,
    "total": 10.000395811,
    "slowest": 0.010390989,
    "fastest": 0.000807672,
    "average": 0.0014869638126904095,
    "requestsPerSec": 33579.97086781508,
    "totalData": 4365569,
    "sizePerRequest": 13,
    "sizePerSec": 436539.6212815961
  },
  "responseTimeHistogram": {
    "0.000807672": 1,
    "0.0017660036999999997": 330324,
    "0.0027243353999999997": 3046,
    "0.0036826670999999993": 1951,
    "0.0046409988": 328,
    "0.005599330499999999": 78,
    "0.006557662199999999": 39,
    "0.007515993899999999": 11,
    "0.008474325599999999": 10,
    "0.0094326573": 10,
    "0.010390989": 15
  },
  "latencyPercentiles": {
    "p10": 0.00138304,
    "p25": 0.001418508,
    "p50": 0.001462309,
    "p75": 0.001510982,
    "p90": 0.001567143,
    "p95": 0.001607187,
    "p99": 0.002375687
  },
  "rps": {
    "mean": 33561.70143435392,
    "stddev": 2917.477190003073,
    "max": 35612.49563900037,
    "percentiles": {
      "p10": 33185.84514421917,
      "p25": 33609.55855845381,
      "p50": 34146.577598998774,
      "p75": 34428.09616172261,
      "p90": 34706.344319743286,
      "p95": 34965.77635440951,
      "p99": 35293.82258998848
    }
  },
  "details": {
    "DNSDialup": {
      "average": 0.0008189784200000001,
      "fastest": 0.000119686,
      "slowest": 0.001074199
    },
    "DNSLookup": {
      "average": 0.00000677954,
      "fastest": 0.000003667,
      "slowest": 0.000031208
    }
  },
  "statusCodeDistribution": {
    "200": 335813
  },
  "errorDistribution": {}
}