{
  "summary": {
    "successRate": 1,
    "total": 10.000821476,
    "slowest": 0.017245308,
    "fastest": 0.000543695,
    "average": 0.0016249192001125885,
    "requestsPerSec": 30732.17542554601,
    "totalData": 3995511,
    "sizePerRequest": 13,
    "sizePerSec": 399518.28053209814
  },
  "responseTimeHistogram": {
    "0.000543695": 1,
    "0.0022138563": 302407,
    "0.0038840176": 3751,
    "0.0055541789": 888,
    "0.0072243402": 206,
    "0.0088945015": 18,
    "0.0105646628": 20,
    "0.0122348241": 6,
    "0.0139049854": 0,
    "0.0155751467": 15,
    "0.017245308": 35
  },
  "latencyPercentiles": {
    "p10": 0.00150096,
    "p25": 0.001533258,
    "p50": 0.001575177,
    "p75": 0.001628306,
    "p90": 0.001728454,
    "p95": 0.001814624,
    "p99": 0.002747854
  },
  "rps": {
    "mean": 30727.536444152305,
    "stddev": 3444.963114115475,
    "max": 33257.34868989387,
    "percentiles": {
      "p10": 30110.662185480174,
      "p25": 31127.977826469156,
      "p50": 31506.95958246751,
      "p75": 32019.374632505856,
      "p90": 32295.308299088443,
      "p95": 32503.23733263213,
      "p99": 32837.86320108079
    }
  },
  "details": {
    "DNSDialup": {
      "average": 0.0007799334599999998,
      "fastest": 0.00010101,
      "slowest": 0.001153641
    },
    "DNSLookup": {
      "average": 0.00000624312,
      "fastest": 0.000003396,
      "slowest": 0.00004266
    }
  },
  "statusCodeDistribution": {
    "200": 307347
  },
  "errorDistribution": {}
}