{
  "summary": {
    "successRate": 1,
    "total": 10.000268629,
    "slowest": 0.014243687,
    "fastest": 0.000889048,
    "average": 0.0016025018634630772,
    "requestsPerSec": 31159.962953031187,
    "totalData": 4050904,
    "sizePerRequest": 13,
    "sizePerSec": 405079.51838940545
  },
  "responseTimeHistogram": {
    "0.000889048": 1,
    "0.0022245119": 306958,
    "0.0035599758": 3483,
    "0.0048954396999999995": 773,
    "0.0062309036": 146,
    "0.0075663675": 151,
    "0.008901831399999999": 16,
    "0.0102372953": 10,
    "0.0115727592": 13,
    "0.0129082231": 36,
    "0.014243687": 21
  },
  "latencyPercentiles": {
    "p10": 0.00148244,
    "p25": 0.001517417,
    "p50": 0.001561208,
    "p75": 0.001615581,
    "p90": 0.001705962,
    "p95": 0.001779006,
    "p99": 0.0027318
  },
  "rps": {
    "mean": 31145.62537329926,
    "stddev": 3216.0255335474494,
    "max": 36003.607561477926,
    "percentiles": {
      "p10": 30415.216732932313,
      "p25": 31244.85511400335,
      "p50": 31747.335276898466,
      "p75": 32244.859047908154,
      "p90": 32576.665020243046,
      "p95": 32823.62166115635,
      "p99": 33305.56535997137
    }
  },
  "details": {
    "DNSDialup": {
      "average": 0.00109728512,
      "fastest": 0.000232496,
      "slowest": 0.001642448
    },
    "DNSLookup": {
      "average": 0.00002422487999999999,
      "fastest": 0.000004469,
      "slowest": 0.000670703
    }
  },
  "statusCodeDistribution": {
    "200": 311608
  },
  "errorDistribution": {}
}