{
  "summary": {
    "successRate": 1,
    "total": 10.00058141,
    "slowest": 0.016008588,
    "fastest": 0.000616298,
    "average": 0.0016473404294022331,
    "requestsPerSec": 30313.637534800087,
    "totalData": 3941002,
    "sizePerRequest": 13,
    "sizePerSec": 394077.28795240115
  },
  "responseTimeHistogram": {
    "0.000616298": 1,
    "0.002155527": 297933,
    "0.003694756": 3786,
    "0.005233985000000001": 1131,
    "0.0067732140000000005": 206,
    "0.008312443": 9,
    "0.009851672": 16,
    "0.011390901": 20,
    "0.01293013": 2,
    "0.014469359": 0,
    "0.016008588": 50
  },
  "latencyPercentiles": {
    "p10": 0.001523235,
    "p25": 0.001557579,
    "p50": 0.001601575,
    "p75": 0.001657406,
    "p90": 0.001748115,
    "p95": 0.001824569,
    "p99": 0.002911423
  },
  "rps": {
    "mean": 30308.438050365356,
    "stddev": 3267.2801775581856,
    "max": 37303.222978301856,
    "percentiles": {
      "p10": 29306.68192347859,
      "p25": 30417.63720052789,
      "p50": 31110.17356867421,
      "p75": 31454.409268945627,
      "p90": 31852.76442683169,
      "p95": 32037.76559583895,
      "p99": 32392.201161385397
    }
  },
  "details": {
    "DNSDialup": {
      "average": 0.00096534026,
      "fastest": 0.000128619,
      "slowest": 0.001273179
    },
    "DNSLookup": {
      "average": 0.00000744028,
      "fastest": 0.000003787,
      "slowest": 0.000037129
    }
  },
  "statusCodeDistribution": {
    "200": 303154
  },
  "errorDistribution": {}
}