{
  "summary": {
    "successRate": 1,
    "total": 10.000430395,
    "slowest": 0.007953085,
    "fastest": 0.000426785,
    "average": 0.001328418521841053,
    "requestsPerSec": 37581.28252039096,
    "totalData": 4885777,
    "sizePerRequest": 13,
    "sizePerSec": 488556.6727650825
  },
  "responseTimeHistogram": {
    "0.000426785": 1,
    "0.001179415": 7663,
    "0.001932045": 366866,
    "0.002684675": 1068,
    "0.003437305": 150,
    "0.004189935": 24,
    "0.004942565": 17,
    "0.005695195": 6,
    "0.006447825": 16,
    "0.007200455": 16,
    "0.007953085": 2
  },
  "latencyPercentiles": {
    "p10": 0.001238034,
    "p25": 0.001274075,
    "p50": 0.001316664,
    "p75": 0.001362935,
    "p90": 0.001419241,
    "p95": 0.00147833,
    "p99": 0.001669515
  },
  "rps": {
    "mean": 37578.41327831092,
    "stddev": 1935.070979731872,
    "max": 41410.15516385028,
    "percentiles": {
      "p10": 36302.77199472707,
      "p25": 37280.002643857835,
      "p50": 37922.90164029659,
      "p75": 38342.510918512366,
      "p90": 38812.34232486062,
      "p95": 39173.200388196725,
      "p99": 40330.092780278545
    }
  },
  "details": {
    "DNSDialup": {
      "average": 0.0013387896600000001,
      "fastest": 0.000104904,
      "slowest": 0.002870071
    },
    "DNSLookup": {
      "average": 0.000028210780000000003,
      "fastest": 0.000004448,
      "slowest": 0.001014411
    }
  },
  "statusCodeDistribution": {
    "200": 375829
  },
  "errorDistribution": {}
}