{
  "summary": {
    "successRate": 1,
    "total": 10.000668518,
    "slowest": 0.006053205,
    "fastest": 0.000521008,
    "average": 0.001194659058485135,
    "requestsPerSec": 41789.00632970665,
    "totalData": 5432934,
    "sizePerRequest": 13,
    "sizePerSec": 543257.0822861864
  },
  "responseTimeHistogram": {
    "0.000521008": 1,
    "0.0010742276999999999": 67171,
    "0.0016274473999999999": 347940,
    "0.0021806671": 2316,
    "0.0027338868": 270,
    "0.0032871065": 97,
    "0.0038403262": 54,
    "0.0043935459": 30,
    "0.0049467656": 10,
    "0.0054999852999999994": 17,
    "0.006053205": 12
  },
  "latencyPercentiles": {
    "p10": 0.001052971,
    "p25": 0.001099912,
    "p50": 0.001203738,
    "p75": 0.001267498,
    "p90": 0.001318244,
    "p95": 0.001362606,
    "p99": 0.001553613
  },
  "rps": {
    "mean": 41789.22613828991,
    "stddev": 2313.2317572817474,
    "max": 45893.34751559724,
    "percentiles": {
      "p10": 40504.68639221566,
      "p25": 41565.85278056073,
      "p50": 42111.458527864386,
      "p75": 42710.720390818344,
      "p90": 43264.92231374634,
      "p95": 43635.61102215517,
      "p99": 44503.153860331025
    }
  },
  "details": {
    "DNSDialup": {
      "average": 0.0006516200200000001,
      "fastest": 0.00014459,
      "slowest": 0.001182374
    },
    "DNSLookup": {
      "average": 0.000006207800000000001,
      "fastest": 0.000002765,
      "slowest": 0.000029726
    }
  },
  "statusCodeDistribution": {
    "200": 417918
  },
  "errorDistribution": {}
}