{
  "summary": {
    "successRate": 1,
    "total": 10.000698198,
    "slowest": 0.006110678,
    "fastest": 0.000237615,
    "average": 0.0012047353048294327,
    "requestsPerSec": 41437.00687646728,
    "totalData": 5387187,
    "sizePerRequest": 13,
    "sizePerSec": 538681.0893940747
  },
  "responseTimeHistogram": {
    "0.000237615": 1,
    "0.0008249213": 948,
    "0.0014122276": 398556,
    "0.0019995339": 13905,
    "0.0025868402": 709,
    "0.0031741465": 139,
    "0.0037614528": 70,
    "0.0043487591": 20,
    "0.0049360654": 34,
    "0.0055233717": 11,
    "0.006110678": 6
  },
  "latencyPercentiles": {
    "p10": 0.001058961,
    "p25": 0.00110724,
    "p50": 0.001213677,
    "p75": 0.001278327,
    "p90": 0.001332665,
    "p95": 0.001382876,
    "p99": 0.001596778
  },
  "rps": {
    "mean": 41435.482531034344,
    "stddev": 2401.9912868757656,
    "max": 50062.44206808406,
    "percentiles": {
      "p10": 39851.65547490966,
      "p25": 41134.16158849671,
      "p50": 41917.61797483587,
      "p75": 42356.91074527699,
      "p90": 43029.85981393203,
      "p95": 43342.315102237146,
      "p99": 44082.222160773534
    }
  },
  "details": {
    "DNSDialup": {
      "average": 0.00058228584,
      "fastest": 0.000134463,
      "slowest": 0.000815037
    },
    "DNSLookup": {
      "average": 0.0000067419,
      "fastest": 0.000003176,
      "slowest": 0.000045996
    }
  },
  "statusCodeDistribution": {
    "200": 414399
  },
  "errorDistribution": {}
}