{
  "summary": {
    "successRate": 1,
    "total": 10.000741822,
    "slowest": 0.006305382,
    "fastest": 0.00033618,
    "average": 0.0012570550550892391,
    "requestsPerSec": 39716.253760920255,
    "totalData": 5163496,
    "sizePerRequest": 13,
    "sizePerSec": 516311.2988919633
  },
  "responseTimeHistogram": {
    "0.00033618": 1,
    "0.0009331001999999999": 2804,
    "0.0015300204": 379569,
    "0.0021269406": 14059,
    "0.0027238608": 490,
    "0.003320781": 115,
    "0.0039177012": 56,
    "0.0045146214": 35,
    "0.0051115416": 44,
    "0.0057084618": 13,
    "0.006305382": 6
  },
  "latencyPercentiles": {
    "p10": 0.001099298,
    "p25": 0.001151675,
    "p50": 0.001264066,
    "p75": 0.00133032,
    "p90": 0.001403227,
    "p95": 0.001490951,
    "p99": 0.001650849
  },
  "rps": {
    "mean": 39703.17125473859,
    "stddev": 2503.712789851174,
    "max": 46102.63246031321,
    "percentiles": {
      "p10": 37126.270549041896,
      "p25": 39415.88460149673,
      "p50": 40200.93266164079,
      "p75": 40907.0250496356,
      "p90": 41383.36555443496,
      "p95": 41921.37990375219,
      "p99": 43216.9923169465
    }
  },
  "details": {
    "DNSDialup": {
      "average": 0.0006638065199999997,
      "fastest": 0.000096613,
      "slowest": 0.001257243
    },
    "DNSLookup": {
      "average": 0.0000179423,
      "fastest": 0.000003667,
      "slowest": 0.000556536
    }
  },
  "statusCodeDistribution": {
    "200": 397192
  },
  "errorDistribution": {}
}