{
  "summary": {
    "successRate": 1,
    "total": 10.000641855,
    "slowest": 0.006994528,
    "fastest": 0.000293209,
    "average": 0.0012475430221231603,
    "requestsPerSec": 40018.83137129902,
    "totalData": 5202782,
    "sizePerRequest": 13,
    "sizePerSec": 520244.80782688723
  },
  "responseTimeHistogram": {
    "0.000293209": 1,
    "0.0009633409": 1458,
    "0.0016334728": 394578,
    "0.0023036047": 3696,
    "0.0029737366": 274,
    "0.0036438685": 149,
    "0.0043140004": 22,
    "0.0049841323": 18,
    "0.0056542642": 11,
    "0.0063243961": 6,
    "0.006994528": 1
  },
  "latencyPercentiles": {
    "p10": 0.001095943,
    "p25": 0.001145565,
    "p50": 0.001257064,
    "p75": 0.001321313,
    "p90": 0.001378822,
    "p95": 0.001428828,
    "p99": 0.001643127
  },
  "rps": {
    "mean": 40011.2757969086,
    "stddev": 2146.2815908191883,
    "max": 43690.54432451202,
    "percentiles": {
      "p10": 38693.59981795867,
      "p25": 39751.84409407289,
      "p50": 40333.88449636846,
      "p75": 40960.57479260259,
      "p90": 41355.74076108176,
      "p95": 41670.39144136433,
      "p99": 42236.64615505429
    }
  },
  "details": {
    "DNSDialup": {
      "average": 0.0007968497000000003,
      "fastest": 0.0003419,
      "slowest": 0.001454697
    },
    "DNSLookup": {
      "average": 0.000009575119999999999,
      "fastest": 0.000003537,
      "slowest": 0.000156924
    }
  },
  "statusCodeDistribution": {
    "200": 400214
  },
  "errorDistribution": {}
}