{
  "summary": {
    "successRate": 1,
    "total": 10.000322858,
    "slowest": 0.007283743,
    "fastest": 0.000506531,
    "average": 0.001309062945987393,
    "requestsPerSec": 38139.868623829585,
    "totalData": 4958343,
    "sizePerRequest": 13,
    "sizePerSec": 495818.29210978455
  },
  "responseTimeHistogram": {
    "0.000506531": 1,
    "0.0011842521999999999": 17887,
    "0.0018619733999999998": 361783,
    "0.0025396945999999997": 1463,
    "0.0032174158": 184,
    "0.003895137": 44,
    "0.004572858199999999": 10,
    "0.005250579399999999": 10,
    "0.005928300599999999": 25,
    "0.0066060217999999995": 1,
    "0.007283743": 3
  },
  "latencyPercentiles": {
    "p10": 0.001216166,
    "p25": 0.001254347,
    "p50": 0.001297497,
    "p75": 0.001344857,
    "p90": 0.001409486,
    "p95": 0.001478024,
    "p99": 0.001649362
  },
  "rps": {
    "mean": 38139.84051499645,
    "stddev": 2026.2070417114912,
    "max": 42445.612054718935,
    "percentiles": {
      "p10": 36878.96725994122,
      "p25": 37734.4175622583,
      "p50": 38323.668426035496,
      "p75": 38959.432614454585,
      "p90": 39648.961147029964,
      "p95": 40185.0440910302,
      "p99": 41319.05258621808
    }
  },
  "details": {
    "DNSDialup": {
      "average": 0.00123694718,
      "fastest": 0.000118594,
      "slowest": 0.002730109
    },
    "DNSLookup": {
      "average": 0.000007447920000000002,
      "fastest": 0.000003727,
      "slowest": 0.000048821
    }
  },
  "statusCodeDistribution": {
    "200": 381411
  },
  "errorDistribution": {}
}