{
  "summary": {
    "successRate": 1,
    "total": 10.000335918,
    "slowest": 0.006030356,
    "fastest": 0.000334305,
    "average": 0.0012057375892132111,
    "requestsPerSec": 41406.70907411013,
    "totalData": 5383053,
    "sizePerRequest": 13,
    "sizePerSec": 538287.2179634316
  },
  "responseTimeHistogram": {
    "0.000334305": 1,
    "0.0009039101": 4077,
    "0.0014735152": 399276,
    "0.0020431203": 10194,
    "0.0026127254": 295,
    "0.0031823305": 167,
    "0.0037519356": 23,
    "0.004321540699999999": 11,
    "0.0048911458": 20,
    "0.0054607509": 11,
    "0.006030356": 6
  },
  "latencyPercentiles": {
    "p10": 0.001057284,
    "p25": 0.001109954,
    "p50": 0.001216218,
    "p75": 0.00128159,
    "p90": 0.001338438,
    "p95": 0.001397838,
    "p99": 0.001569207
  },
  "rps": {
    "mean": 41406.34568580983,
    "stddev": 2254.085920026496,
    "max": 46387.61005008614,
    "percentiles": {
      "p10": 39410.46742014562,
      "p25": 40923.73701122718,
      "p50": 41796.68408963626,
      "p75": 42358.195925382366,
      "p90": 43186.25143035579,
      "p95": 43712.348738520224,
      "p99": 45516.52628367316
    }
  },
  "details": {
    "DNSDialup": {
      "average": 0.0007169750199999998,
      "fastest": 0.000090739,
      "slowest": 0.001740546
    },
    "DNSLookup": {
      "average": 0.000006819720000000001,
      "fastest": 0.000003928,
      "slowest": 0.000031208
    }
  },
  "statusCodeDistribution": {
    "200": 414081
  },
  "errorDistribution": {}
}