{
  "summary": {
    "successRate": 1,
    "total": 10.00021769,
    "slowest": 0.006632726,
    "fastest": 0.000479203,
    "average": 0.0012584771911330834,
    "requestsPerSec": 39670.4364142697,
    "totalData": 5157269,
    "sizePerRequest": 13,
    "sizePerSec": 515715.6733855061
  },
  "responseTimeHistogram": {
    "0.000479203": 1,
    "0.0010945553": 30120,
    "0.0017099075999999999": 364365,
    "0.0023252599": 1883,
    "0.0029406122": 219,
    "0.0035559645": 74,
    "0.0041713168": 3,
    "0.0047866691": 16,
    "0.0054020214": 16,
    "0.0060173737": 10,
    "0.006632726": 6
  },
  "latencyPercentiles": {
    "p10": 0.0011089,
    "p25": 0.00116231,
    "p50": 0.001270177,
    "p75": 0.001342038,
    "p90": 0.001390139,
    "p95": 0.001430062,
    "p99": 0.001616282
  },
  "rps": {
    "mean": 39666.72807318134,
    "stddev": 2076.5741780337103,
    "max": 48766.62580705643,
    "percentiles": {
      "p10": 38642.27851692614,
      "p25": 39274.97778923548,
      "p50": 39856.74005514225,
      "p75": 40465.11002109288,
      "p90": 41057.30530514621,
      "p95": 41709.86021095374,
      "p99": 42926.26394796204
    }
  },
  "details": {
    "DNSDialup": {
      "average": 0.0008379877600000001,
      "fastest": 0.000097099,
      "slowest": 0.001639062
    },
    "DNSLookup": {
      "average": 0.0000065596199999999995,
      "fastest": 0.000004579,
      "slowest": 0.000030056
    }
  },
  "statusCodeDistribution": {
    "200": 396713
  },
  "errorDistribution": {}
}