{
  "summary": {
    "successRate": 1,
    "total": 10.000424327,
    "slowest": 0.005549275,
    "fastest": 0.00036459,
    "average": 0.001232962370471476,
    "requestsPerSec": 40491.28184558483,
    "totalData": 5264090,
    "sizePerRequest": 13,
    "sizePerSec": 526386.6639926028
  },
  "responseTimeHistogram": {
    "0.00036459": 1,
    "0.0008830585000000001": 1091,
    "0.001401527": 375633,
    "0.0019199955000000002": 27195,
    "0.0024384640000000004": 708,
    "0.0029569325000000004": 194,
    "0.003475401000000001": 55,
    "0.0039938695": 10,
    "0.004512338": 10,
    "0.0050308065": 11,
    "0.005549275": 22
  },
  "latencyPercentiles": {
    "p10": 0.001081817,
    "p25": 0.001132544,
    "p50": 0.001242347,
    "p75": 0.001304679,
    "p90": 0.001367505,
    "p95": 0.001436171,
    "p99": 0.00160273
  },
  "rps": {
    "mean": 40490.72575889472,
    "stddev": 2249.930294722435,
    "max": 46734.26088665674,
    "percentiles": {
      "p10": 38600.48388030626,
      "p25": 39891.9919256158,
      "p50": 40938.24450801763,
      "p75": 41484.96120053908,
      "p90": 42103.37134921558,
      "p95": 42653.24457711742,
      "p99": 43863.598761672525
    }
  },
  "details": {
    "DNSDialup": {
      "average": 0.00084510212,
      "fastest": 0.000082857,
      "slowest": 0.001885202
    },
    "DNSLookup": {
      "average": 0.000008436440000000002,
      "fastest": 0.000003636,
      "slowest": 0.000040095
    }
  },
  "statusCodeDistribution": {
    "200": 404930
  },
  "errorDistribution": {}
}