{
  "summary": {
    "successRate": 1,
    "total": 10.000391938,
    "slowest": 0.005508592,
    "fastest": 0.000375588,
    "average": 0.0012431652942971813,
    "requestsPerSec": 40157.82606219688,
    "totalData": 5220722,
    "sizePerRequest": 13,
    "sizePerSec": 522051.7388085595
  },
  "responseTimeHistogram": {
    "0.000375588": 1,
    "0.0008888883999999999": 1938,
    "0.0014021888": 376267,
    "0.0019154891999999999": 22349,
    "0.0024287896": 703,
    "0.00294209": 170,
    "0.0034553903999999997": 120,
    "0.0039686908": 1,
    "0.0044819911999999995": 10,
    "0.004995291599999999": 22,
    "0.005508592": 13
  },
  "latencyPercentiles": {
    "p10": 0.001096144,
    "p25": 0.001149092,
    "p50": 0.001253108,
    "p75": 0.001326989,
    "p90": 0.001374049,
    "p95": 0.001410969,
    "p99": 0.001589815
  },
  "rps": {
    "mean": 40157.679957715896,
    "stddev": 2090.3704845038797,
    "max": 49624.27619591489,
    "percentiles": {
      "p10": 38794.48505661531,
      "p25": 39802.9822559927,
      "p50": 40277.041602961726,
      "p75": 41001.14521135001,
      "p90": 41817.65527298338,
      "p95": 42292.48815429979,
      "p99": 43376.03024391102
    }
  },
  "details": {
    "DNSDialup": {
      "average": 0.00093584564,
      "fastest": 0.000109516,
      "slowest": 0.002089763
    },
    "DNSLookup": {
      "average": 0.00000882368,
      "fastest": 0.000004719,
      "slowest": 0.000030978
    }
  },
  "statusCodeDistribution": {
    "200": 401594
  },
  "errorDistribution": {}
}