{
  "summary": {
    "successRate": 1,
    "total": 10.000279587,
    "slowest": 0.006304154,
    "fastest": 0.000296345,
    "average": 0.001266074056053883,
    "requestsPerSec": 39430.59757175167,
    "totalData": 5126121,
    "sizePerRequest": 13,
    "sizePerSec": 512597.7684327717
  },
  "responseTimeHistogram": {
    "0.000296345": 1,
    "0.0008971259": 2130,
    "0.0014979068": 380380,
    "0.0020986877000000004": 11052,
    "0.0026994686": 569,
    "0.0033002495000000005": 113,
    "0.0039010304000000003": 32,
    "0.0045018113": 3,
    "0.0051025922000000005": 13,
    "0.005703373100000001": 16,
    "0.006304154000000001": 8
  },
  "latencyPercentiles": {
    "p10": 0.001113271,
    "p25": 0.001167544,
    "p50": 0.001278002,
    "p75": 0.001350131,
    "p90": 0.001399801,
    "p95": 0.001447925,
    "p99": 0.001627307
  },
  "rps": {
    "mean": 39430.032730184925,
    "stddev": 2067.192471581875,
    "max": 44316.039992016325,
    "percentiles": {
      "p10": 37972.77101837796,
      "p25": 38932.25147712436,
      "p50": 39722.16894248733,
      "p75": 40220.18724324961,
      "p90": 41010.42074791187,
      "p95": 41640.032727463644,
      "p99": 42747.53246690277
    }
  },
  "details": {
    "DNSDialup": {
      "average": 0.0010290149999999997,
      "fastest": 0.000108152,
      "slowest": 0.001926342
    },
    "DNSLookup": {
      "average": 0.000010366120000000004,
      "fastest": 0.000004359,
      "slowest": 0.000070092
    }
  },
  "statusCodeDistribution": {
    "200": 394317
  },
  "errorDistribution": {}
}