{
  "summary": {
    "successRate": 1,
    "total": 10.000734193,
    "slowest": 0.007780851,
    "fastest": 0.000299805,
    "average": 0.0011172367195711594,
    "requestsPerSec": 44685.41922780009,
    "totalData": 5809531,
    "sizePerRequest": 13,
    "sizePerSec": 580910.4499614012
  },
  "responseTimeHistogram": {
    "0.000299805": 1,
    "0.0010479095999999999": 138747,
    "0.0017960142": 295371,
    "0.0025441188": 9985,
    "0.0032922233999999996": 2073,
    "0.004040328": 371,
    "0.0047884326": 185,
    "0.0055365372": 46,
    "0.0062846418": 55,
    "0.0070327464": 33,
    "0.007780851": 20
  },
  "latencyPercentiles": {
    "p10": 0.001025427,
    "p25": 0.001043627,
    "p50": 0.001059927,
    "p75": 0.001082528,
    "p90": 0.001234734,
    "p95": 0.001307335,
    "p99": 0.002407146
  },
  "rps": {
    "mean": 44677.91956931043,
    "stddev": 6319.699424153293,
    "max": 48625.07731389418,
    "percentiles": {
      "p10": 43646.824313121695,
      "p25": 45711.77350429082,
      "p50": 46347.404124935085,
      "p75": 47054.23942178176,
      "p90": 47488.11562015151,
      "p95": 47711.183501415275,
      "p99": 48134.15340264238
    }
  },
  "details": {
    "DNSDialup": {
      "average": 0.0014391058200000002,
      "fastest": 0.000067202,
      "slowest": 0.002364646
    },
    "DNSLookup": {
      "average": 0.000012910319999999997,
      "fastest": 0.0000033,
      "slowest": 0.000291006
    }
  },
  "statusCodeDistribution": {
    "200": 446887
  },
  "errorDistribution": {}
}