{
  "summary": {
    "successRate": 1,
    "total": 10.000744105,
    "slowest": 0.006634441,
    "fastest": 0.000267256,
    "average": 0.0012779355310692678,
    "requestsPerSec": 39080.69198616896,
    "totalData": 5080868,
    "sizePerRequest": 13,
    "sizePerSec": 508048.99582019646
  },
  "responseTimeHistogram": {
    "0.000267256": 1,
    "0.0009039744999999999": 1422,
    "0.0015406929999999999": 382132,
    "0.0021774115": 6566,
    "0.0028141299999999998": 468,
    "0.0034508484999999996": 124,
    "0.004087567": 43,
    "0.0047242855": 22,
    "0.005361003999999999": 36,
    "0.0059977225": 3,
    "0.006634441": 19
  },
  "latencyPercentiles": {
    "p10": 0.00112516,
    "p25": 0.001176727,
    "p50": 0.001288915,
    "p75": 0.001358744,
    "p90": 0.001413272,
    "p95": 0.00145935,
    "p99": 0.001657459
  },
  "rps": {
    "mean": 39081.07010573218,
    "stddev": 2009.7675426633366,
    "max": 43358.215343439246,
    "percentiles": {
      "p10": 38144.81252575578,
      "p25": 38755.34651035142,
      "p50": 39279.14269424126,
      "p75": 39857.78420512252,
      "p90": 40337.25576169811,
      "p95": 40770.77398656277,
      "p99": 41499.24643690251
    }
  },
  "details": {
    "DNSDialup": {
      "average": 0.0006982239399999999,
      "fastest": 0.000066284,
      "slowest": 0.001167589
    },
    "DNSLookup": {
      "average": 0.000008635500000000002,
      "fastest": 0.000003036,
      "slowest": 0.000093734
    }
  },
  "statusCodeDistribution": {
    "200": 390836
  },
  "errorDistribution": {}
}