{
  "summary": {
    "successRate": 1,
    "total": 10.000652578,
    "slowest": 0.007065316,
    "fastest": 0.000142603,
    "average": 0.0010911925760310154,
    "requestsPerSec": 45752.014324199634,
    "totalData": 5948150,
    "sizePerRequest": 13,
    "sizePerSec": 594776.1862145952
  },
  "responseTimeHistogram": {
    "0.000142603": 1,
    "0.0008348743000000001": 1093,
    "0.0015271456000000001": 449381,
    "0.0022194169": 3161,
    "0.0029116882": 873,
    "0.0036039595": 2276,
    "0.0042962308": 485,
    "0.0049885021": 206,
    "0.0056807734": 1,
    "0.0063730447": 26,
    "0.007065316": 47
  },
  "latencyPercentiles": {
    "p10": 0.001018117,
    "p25": 0.001037017,
    "p50": 0.001051317,
    "p75": 0.001071918,
    "p90": 0.00118342,
    "p95": 0.001276021,
    "p99": 0.001914531
  },
  "rps": {
    "mean": 45736.44522711848,
    "stddev": 5207.134047525875,
    "max": 48885.466571628436,
    "percentiles": {
      "p10": 45551.865363936886,
      "p25": 46227.44985973249,
      "p50": 46665.3680648111,
      "p75": 47236.49864540021,
      "p90": 47802.09373170563,
      "p95": 48018.05720551303,
      "p99": 48220.07158470479
    }
  },
  "details": {
    "DNSDialup": {
      "average": 0.0015291610400000003,
      "fastest": 0.000090401,
      "slowest": 0.002638843
    },
    "DNSLookup": {
      "average": 0.00001318616,
      "fastest": 0.000003901,
      "slowest": 0.000129302
    }
  },
  "statusCodeDistribution": {
    "200": 457550
  },
  "errorDistribution": {}
}