{
  "summary": {
    "successRate": 1,
    "total": 10.000122257,
    "slowest": 0.007659611,
    "fastest": 0.000266384,
    "average": 0.0012555867013892786,
    "requestsPerSec": 39761.31389010478,
    "totalData": 5169034,
    "sizePerRequest": 13,
    "sizePerSec": 516897.0805713621
  },
  "responseTimeHistogram": {
    "0.000266384": 1,
    "0.0010057067000000001": 5375,
    "0.0017450294": 390437,
    "0.0024843521000000005": 1572,
    "0.0032236748000000004": 149,
    "0.0039629975": 34,
    "0.0047023202": 12,
    "0.0054416429": 15,
    "0.0061809656": 20,
    "0.006920288300000001": 2,
    "0.007659611": 1
  },
  "latencyPercentiles": {
    "p10": 0.001102082,
    "p25": 0.001153806,
    "p50": 0.00126661,
    "p75": 0.001330708,
    "p90": 0.001393591,
    "p95": 0.001463231,
    "p99": 0.001624207
  },
  "rps": {
    "mean": 39727.46391988681,
    "stddev": 2371.285094269423,
    "max": 45060.647124965675,
    "percentiles": {
      "p10": 38003.592050745836,
      "p25": 39272.527413284166,
      "p50": 40051.43575294577,
      "p75": 40791.88371807718,
      "p90": 41220.54019517722,
      "p95": 41721.09518582265,
      "p99": 43138.99765388057
    }
  },
  "details": {
    "DNSDialup": {
      "average": 0.0011300434399999998,
      "fastest": 0.000092742,
      "slowest": 0.002483761
    },
    "DNSLookup": {
      "average": 0.0000071265,
      "fastest": 0.000003596,
      "slowest": 0.000029195
    }
  },
  "statusCodeDistribution": {
    "200": 397618
  },
  "errorDistribution": {}
}