{
  "summary": {
    "successRate": 1,
    "total": 10.000393007,
    "slowest": 0.006892895,
    "fastest": 0.000484252,
    "average": 0.0012267760096693883,
    "requestsPerSec": 40693.90070121671,
    "totalData": 5290415,
    "sizePerRequest": 13,
    "sizePerSec": 529020.7091158173
  },
  "responseTimeHistogram": {
    "0.000484252": 1,
    "0.0011251163": 101470,
    "0.0017659806": 303258,
    "0.0024068449": 1941,
    "0.0030477092": 141,
    "0.0036885735000000003": 92,
    "0.0043294378": 10,
    "0.0049703021": 17,
    "0.0056111664": 12,
    "0.0062520307": 10,
    "0.0068928950000000004": 3
  },
  "latencyPercentiles": {
    "p10": 0.001075724,
    "p25": 0.001125356,
    "p50": 0.001235351,
    "p75": 0.001296928,
    "p90": 0.001359433,
    "p95": 0.001428732,
    "p99": 0.001608928
  },
  "rps": {
    "mean": 40692.29479492255,
    "stddev": 2332.8663674929458,
    "max": 45641.25969876772,
    "percentiles": {
      "p10": 38642.19381394821,
      "p25": 40342.585633394556,
      "p50": 41144.981741155425,
      "p75": 41805.250739497504,
      "p90": 42226.31689537726,
      "p95": 42639.22415652487,
      "p99": 43512.441971999055
    }
  },
  "details": {
    "DNSDialup": {
      "average": 0.0009950888400000002,
      "fastest": 0.00011286,
      "slowest": 0.001511734
    },
    "DNSLookup": {
      "average": 0.000009053600000000003,
      "fastest": 0.000004167,
      "slowest": 0.000033262
    }
  },
  "statusCodeDistribution": {
    "200": 406955
  },
  "errorDistribution": {}
}