{
  "summary": {
    "successRate": 1,
    "total": 10.000773012,
    "slowest": 0.006664406,
    "fastest": 0.000402101,
    "average": 0.0012303626260771873,
    "requestsPerSec": 40577.163336581485,
    "totalData": 5275439,
    "sizePerRequest": 13,
    "sizePerSec": 527503.1233755593
  },
  "responseTimeHistogram": {
    "0.000402101": 1,
    "0.0010283315000000001": 8921,
    "0.001654562": 393781,
    "0.0022807925": 2626,
    "0.002907023": 269,
    "0.0035332535": 100,
    "0.004159484000000001": 35,
    "0.0047857145000000005": 32,
    "0.0054119450000000005": 21,
    "0.0060381755": 11,
    "0.006664406": 6
  },
  "latencyPercentiles": {
    "p10": 0.001087557,
    "p25": 0.001132591,
    "p50": 0.001244212,
    "p75": 0.001304795,
    "p90": 0.001353548,
    "p95": 0.00139343,
    "p99": 0.001572904
  },
  "rps": {
    "mean": 40576.07737938334,
    "stddev": 2109.847301324987,
    "max": 45030.49465098205,
    "percentiles": {
      "p10": 39790.233125549945,
      "p25": 40311.83555491803,
      "p50": 40921.42994960057,
      "p75": 41307.16266200477,
      "p90": 41754.20663594873,
      "p95": 42115.361466731556,
      "p99": 42883.567398606225
    }
  },
  "details": {
    "DNSDialup": {
      "average": 0.0005203916400000001,
      "fastest": 0.000072426,
      "slowest": 0.000748615
    },
    "DNSLookup": {
      "average": 0.000006802420000000001,
      "fastest": 0.000003266,
      "slowest": 0.000054963
    }
  },
  "statusCodeDistribution": {
    "200": 405803
  },
  "errorDistribution": {}
}