{
  "summary": {
    "successRate": 1,
    "total": 10.000789111,
    "slowest": 0.005930078,
    "fastest": 0.000222444,
    "average": 0.0012088756027625754,
    "requestsPerSec": 41298.74107091348,
    "totalData": 5369260,
    "sizePerRequest": 13,
    "sizePerSec": 536883.6339218753
  },
  "responseTimeHistogram": {
    "0.000222444": 1,
    "0.0007932074000000001": 207,
    "0.0013639708000000002": 389858,
    "0.0019347342000000003": 21747,
    "0.0025054976000000004": 875,
    "0.0030762610000000007": 202,
    "0.0036470244000000006": 67,
    "0.0042177878": 12,
    "0.0047885512": 24,
    "0.005359314600000001": 16,
    "0.005930078000000001": 11
  },
  "latencyPercentiles": {
    "p10": 0.001067133,
    "p25": 0.001113082,
    "p50": 0.001220488,
    "p75": 0.001282575,
    "p90": 0.001330497,
    "p95": 0.00137045,
    "p99": 0.001559682
  },
  "rps": {
    "mean": 41292.82349053601,
    "stddev": 2202.0480915278426,
    "max": 45384.69161152825,
    "percentiles": {
      "p10": 40128.95303961807,
      "p25": 41004.425052474326,
      "p50": 41612.82923525302,
      "p75": 42109.2556143803,
      "p90": 42666.047724533346,
      "p95": 43022.71800082349,
      "p99": 43916.54505161709
    }
  },
  "details": {
    "DNSDialup": {
      "average": 0.0007245311200000003,
      "fastest": 0.000069209,
      "slowest": 0.001697415
    },
    "DNSLookup": {
      "average": 0.000006611240000000001,
      "fastest": 0.000003407,
      "slowest": 0.000032811
    }
  },
  "statusCodeDistribution": {
    "200": 413020
  },
  "errorDistribution": {}
}