{
  "summary": {
    "successRate": 1,
    "total": 10.00073071,
    "slowest": 0.00648704,
    "fastest": 0.000332877,
    "average": 0.0011982561662406686,
    "requestsPerSec": 41664.85550734323,
    "totalData": 5416827,
    "sizePerRequest": 13,
    "sizePerSec": 541643.121595462
  },
  "responseTimeHistogram": {
    "0.000332877": 1,
    "0.0009482933": 3064,
    "0.0015637096000000001": 409737,
    "0.0021791259": 3349,
    "0.0027945422": 300,
    "0.0034099585000000004": 139,
    "0.0040253748": 24,
    "0.0046407911": 14,
    "0.0052562074": 37,
    "0.0058716237": 0,
    "0.00648704": 14
  },
  "latencyPercentiles": {
    "p10": 0.001058041,
    "p25": 0.001103145,
    "p50": 0.001210254,
    "p75": 0.001271463,
    "p90": 0.001318642,
    "p95": 0.001358249,
    "p99": 0.001551919
  },
  "rps": {
    "mean": 41661.88519220929,
    "stddev": 2200.8243627629536,
    "max": 46432.17382601337,
    "percentiles": {
      "p10": 40626.56164600525,
      "p25": 41317.67156812849,
      "p50": 42007.050768178604,
      "p75": 42468.06356547365,
      "p90": 43093.143469026465,
      "p95": 43285.046459289835,
      "p99": 44284.0445192851
    }
  },
  "details": {
    "DNSDialup": {
      "average": 0.0006113634399999999,
      "fastest": 0.000080711,
      "slowest": 0.001409966
    },
    "DNSLookup": {
      "average": 0.000007292719999999999,
      "fastest": 0.000003256,
      "slowest": 0.000030307
    }
  },
  "statusCodeDistribution": {
    "200": 416679
  },
  "errorDistribution": {}
}