{
  "summary": {
    "successRate": 1,
    "total": 10.000660969,
    "slowest": 0.006445465,
    "fastest": 0.000353853,
    "average": 0.0012525424284571243,
    "requestsPerSec": 39858.065505430095,
    "totalData": 5181891,
    "sizePerRequest": 13,
    "sizePerSec": 518154.8515705912
  },
  "responseTimeHistogram": {
    "0.000353853": 1,
    "0.0009630142": 5875,
    "0.0015721754": 383810,
    "0.0021813365999999996": 8336,
    "0.0027904977999999997": 374,
    "0.0033996589999999998": 127,
    "0.0040088202": 36,
    "0.0046179814": 15,
    "0.0052271426": 15,
    "0.0058363037999999996": 12,
    "0.006445465": 6
  },
  "latencyPercentiles": {
    "p10": 0.001092792,
    "p25": 0.001149236,
    "p50": 0.001258784,
    "p75": 0.001329902,
    "p90": 0.001403996,
    "p95": 0.001483423,
    "p99": 0.001643787
  },
  "rps": {
    "mean": 39858.455658844396,
    "stddev": 2570.4136829982576,
    "max": 51028.89255896551,
    "percentiles": {
      "p10": 37229.541641293836,
      "p25": 39505.404369400705,
      "p50": 40323.575629874926,
      "p75": 41024.49273366124,
      "p90": 41933.74165683106,
      "p95": 42348.785801243175,
      "p99": 43575.5971398625
    }
  },
  "details": {
    "DNSDialup": {
      "average": 0.00082151564,
      "fastest": 0.000092485,
      "slowest": 0.001840448
    },
    "DNSLookup": {
      "average": 0.000007835520000000001,
      "fastest": 0.000003918,
      "slowest": 0.000031919
    }
  },
  "statusCodeDistribution": {
    "200": 398607
  },
  "errorDistribution": {}
}