{
  "summary": {
    "successRate": 1,
    "total": 10.000680211,
    "slowest": 0.00676769,
    "fastest": 0.000351683,
    "average": 0.0012464951790357249,
    "requestsPerSec": 40050.17574299077,
    "totalData": 5206877,
    "sizePerRequest": 13,
    "sizePerSec": 520652.28465888
  },
  "responseTimeHistogram": {
    "0.000351683": 1,
    "0.0009932837": 3429,
    "0.0016348844": 393312,
    "0.0022764851": 3299,
    "0.0029180858000000002": 292,
    "0.0035596865": 112,
    "0.0042012872": 17,
    "0.0048428879000000005": 35,
    "0.0054844886": 20,
    "0.0061260893": 6,
    "0.00676769": 6
  },
  "latencyPercentiles": {
    "p10": 0.0010964,
    "p25": 0.001145333,
    "p50": 0.001256725,
    "p75": 0.001322436,
    "p90": 0.001377502,
    "p95": 0.001424309,
    "p99": 0.001625825
  },
  "rps": {
    "mean": 40048.37185658237,
    "stddev": 2157.2408232237767,
    "max": 43842.23322326251,
    "percentiles": {
      "p10": 38669.767995413844,
      "p25": 39743.431622077536,
      "p50": 40351.747080455585,
      "p75": 40992.27360789032,
      "p90": 41473.94568386281,
      "p95": 41884.40965077158,
      "p99": 42576.905044027975
    }
  },
  "details": {
    "DNSDialup": {
      "average": 0.00070875552,
      "fastest": 0.000128421,
      "slowest": 0.001170029
    },
    "DNSLookup": {
      "average": 0.000006373440000000001,
      "fastest": 0.000003276,
      "slowest": 0.000034024
    }
  },
  "statusCodeDistribution": {
    "200": 400529
  },
  "errorDistribution": {}
}