{
  "summary": {
    "successRate": 1,
    "total": 10.000403094,
    "slowest": 0.00750933,
    "fastest": 0.000233848,
    "average": 0.0013267892648995948,
    "requestsPerSec": 37627.08327484944,
    "totalData": 4891718,
    "sizePerRequest": 13,
    "sizePerSec": 489152.0825730428
  },
  "responseTimeHistogram": {
    "0.000233848": 1,
    "0.0009613962000000001": 1690,
    "0.0016889444": 371069,
    "0.0024164926000000003": 3160,
    "0.0031440408": 193,
    "0.003871589": 90,
    "0.004599137200000001": 40,
    "0.0053266854": 7,
    "0.0060542336": 17,
    "0.0067817818": 18,
    "0.00750933": 1
  },
  "latencyPercentiles": {
    "p10": 0.001235085,
    "p25": 0.001273053,
    "p50": 0.001317011,
    "p75": 0.001363331,
    "p90": 0.001418254,
    "p95": 0.001473367,
    "p99": 0.001678341
  },
  "rps": {
    "mean": 37626.08095198988,
    "stddev": 2143.1340058182814,
    "max": 52465.61349623964,
    "percentiles": {
      "p10": 36211.99588752418,
      "p25": 37307.34537264806,
      "p50": 37905.93986077692,
      "p75": 38319.94169765957,
      "p90": 38910.322908669004,
      "p95": 39322.035543071914,
      "p99": 41135.17842333505
    }
  },
  "details": {
    "DNSDialup": {
      "average": 0.00126294808,
      "fastest": 0.000090086,
      "slowest": 0.002890805
    },
    "DNSLookup": {
      "average": 0.000014500359999999995,
      "fastest": 0.000003045,
      "slowest": 0.000403134
    }
  },
  "statusCodeDistribution": {
    "200": 376286
  },
  "errorDistribution": {}
}