{
  "summary": {
    "successRate": 1,
    "total": 10.00075035,
    "slowest": 0.006862654,
    "fastest": 0.000393037,
    "average": 0.0012374148941836458,
    "requestsPerSec": 40345.17269996645,
    "totalData": 5245266,
    "sizePerRequest": 13,
    "sizePerSec": 524487.245099564
  },
  "responseTimeHistogram": {
    "0.000393037": 1,
    "0.0010399987000000001": 10211,
    "0.0016869604": 390264,
    "0.0023339221000000005": 2576,
    "0.0029808838000000004": 250,
    "0.0036278455000000004": 98,
    "0.0042748072": 41,
    "0.0049217689": 13,
    "0.0055687306": 15,
    "0.006215692300000001": 10,
    "0.006862654": 3
  },
  "latencyPercentiles": {
    "p10": 0.001091169,
    "p25": 0.001138544,
    "p50": 0.001248702,
    "p75": 0.001311175,
    "p90": 0.001362624,
    "p95": 0.001404697,
    "p99": 0.001596328
  },
  "rps": {
    "mean": 40343.31862624743,
    "stddev": 2122.967503809425,
    "max": 43915.9590595233,
    "percentiles": {
      "p10": 39128.822290499396,
      "p25": 40053.95267425247,
      "p50": 40775.34876698904,
      "p75": 41150.6935393715,
      "p90": 41529.10360586414,
      "p95": 41888.28785390391,
      "p99": 42298.99703815917
    }
  },
  "details": {
    "DNSDialup": {
      "average": 0.0007896811599999998,
      "fastest": 0.000089476,
      "slowest": 0.001228651
    },
    "DNSLookup": {
      "average": 0.00000926976,
      "fastest": 0.000003457,
      "slowest": 0.000156431
    }
  },
  "statusCodeDistribution": {
    "200": 403482
  },
  "errorDistribution": {}
}