{
  "summary": {
    "successRate": 1,
    "total": 10.000601993,
    "slowest": 0.007190065,
    "fastest": 0.00029616,
    "average": 0.0012275014568850855,
    "requestsPerSec": 40672.55154086802,
    "totalData": 5287750,
    "sizePerRequest": 13,
    "sizePerSec": 528743.1700312843
  },
  "responseTimeHistogram": {
    "0.00029616": 1,
    "0.0009855505": 4271,
    "0.0016749409999999999": 399674,
    "0.0023643315": 2435,
    "0.003053722": 204,
    "0.0037431125": 85,
    "0.004432503": 27,
    "0.0051218935": 24,
    "0.005811284": 19,
    "0.006500674499999999": 5,
    "0.007190065": 5
  },
  "latencyPercentiles": {
    "p10": 0.001080571,
    "p25": 0.001129128,
    "p50": 0.00123828,
    "p75": 0.001301598,
    "p90": 0.001354436,
    "p95": 0.001399419,
    "p99": 0.001587007
  },
  "rps": {
    "mean": 40671.36359457869,
    "stddev": 2175.0257913874225,
    "max": 50218.39499808546,
    "percentiles": {
      "p10": 39184.35215488256,
      "p25": 40326.9787487828,
      "p50": 41021.13952713767,
      "p75": 41566.95725534505,
      "p90": 42016.414880707554,
      "p95": 42265.431154411075,
      "p99": 43317.80893070014
    }
  },
  "details": {
    "DNSDialup": {
      "average": 0.0006682749999999999,
      "fastest": 0.000092595,
      "slowest": 0.001307332
    },
    "DNSLookup": {
      "average": 0.000006113339999999998,
      "fastest": 0.000003296,
      "slowest": 0.000028833
    }
  },
  "statusCodeDistribution": {
    "200": 406750
  },
  "errorDistribution": {}
}