{
  "summary": {
    "successRate": 1,
    "total": 10.00069475,
    "slowest": 0.007034103,
    "fastest": 0.00041134,
    "average": 0.0012510480383827011,
    "requestsPerSec": 39908.427362009024,
    "totalData": 5188456,
    "sizePerRequest": 13,
    "sizePerSec": 518809.55570611736
  },
  "responseTimeHistogram": {
    "0.00041134": 1,
    "0.0010736163": 21986,
    "0.0017358926000000002": 374348,
    "0.0023981689000000003": 2359,
    "0.0030604452000000002": 238,
    "0.0037227215": 101,
    "0.0043849978": 40,
    "0.0050472741": 14,
    "0.0057095504": 12,
    "0.0063718267": 9,
    "0.007034103": 4
  },
  "latencyPercentiles": {
    "p10": 0.001098476,
    "p25": 0.001148322,
    "p50": 0.001261964,
    "p75": 0.001325505,
    "p90": 0.001385758,
    "p95": 0.001441218,
    "p99": 0.001621798
  },
  "rps": {
    "mean": 39908.925234057126,
    "stddev": 2167.7075915316027,
    "max": 44837.00842654486,
    "percentiles": {
      "p10": 38712.47703134888,
      "p25": 39717.7776772891,
      "p50": 40103.381656895326,
      "p75": 40828.36028189029,
      "p90": 41307.34184717598,
      "p95": 41780.73090768719,
      "p99": 42603.86417048304
    }
  },
  "details": {
    "DNSDialup": {
      "average": 0.00082374372,
      "fastest": 0.000151015,
      "slowest": 0.001584545
    },
    "DNSLookup": {
      "average": 0.000006473079999999999,
      "fastest": 0.000002896,
      "slowest": 0.000032982
    }
  },
  "statusCodeDistribution": {
    "200": 399112
  },
  "errorDistribution": {}
}