{
  "summary": {
    "successRate": 1,
    "total": 10.000756881,
    "slowest": 0.007274926,
    "fastest": 0.000321674,
    "average": 0.0012780542726502121,
    "requestsPerSec": 39061.743490852496,
    "totalData": 5078411,
    "sizePerRequest": 13,
    "sizePerSec": 507802.6653810824
  },
  "responseTimeHistogram": {
    "0.000321674": 1,
    "0.0010169991999999998": 6623,
    "0.0017123244": 381013,
    "0.0024076495999999998": 2661,
    "0.0031029748": 232,
    "0.0037983": 67,
    "0.004493625199999999": 16,
    "0.0051889504": 16,
    "0.0058842756": 9,
    "0.0065796008": 6,
    "0.007274926": 3
  },
  "latencyPercentiles": {
    "p10": 0.001117764,
    "p25": 0.001172416,
    "p50": 0.001284785,
    "p75": 0.001355473,
    "p90": 0.001427111,
    "p95": 0.001502585,
    "p99": 0.001674336
  },
  "rps": {
    "mean": 39061.706478847314,
    "stddev": 2319.545558426825,
    "max": 44777.632160829016,
    "percentiles": {
      "p10": 36718.87350097973,
      "p25": 38679.58711845509,
      "p50": 39573.82933072558,
      "p75": 40101.84854293341,
      "p90": 40938.38401950199,
      "p95": 41385.86739767696,
      "p99": 42127.72425533359
    }
  },
  "details": {
    "DNSDialup": {
      "average": 0.00087949274,
      "fastest": 0.000137215,
      "slowest": 0.001738628
    },
    "DNSLookup": {
      "average": 0.000025284779999999997,
      "fastest": 0.000003978,
      "slowest": 0.000893985
    }
  },
  "statusCodeDistribution": {
    "200": 390647
  },
  "errorDistribution": {}
}