{
  "summary": {
    "successRate": 1,
    "total": 10.000385563,
    "slowest": 0.006502729,
    "fastest": 0.000410738,
    "average": 0.001236769829004292,
    "requestsPerSec": 40365.54365398921,
    "totalData": 5247723,
    "sizePerRequest": 13,
    "sizePerSec": 524752.0675018597
  },
  "responseTimeHistogram": {
    "0.000410738": 1,
    "0.0010199370999999999": 10397,
    "0.0016291361999999998": 389648,
    "0.0022383353": 3172,
    "0.0028475344": 307,
    "0.0034567334999999998": 95,
    "0.0040659326": 5,
    "0.0046751317": 6,
    "0.0052843308": 21,
    "0.0058935299": 9,
    "0.006502729": 10
  },
  "latencyPercentiles": {
    "p10": 0.00108761,
    "p25": 0.00113836,
    "p50": 0.001247706,
    "p75": 0.001313541,
    "p90": 0.00136631,
    "p95": 0.001421983,
    "p99": 0.001616045
  },
  "rps": {
    "mean": 40365.21559787225,
    "stddev": 2187.049705013818,
    "max": 45324.611263916646,
    "percentiles": {
      "p10": 38634.81383074265,
      "p25": 39917.088505592954,
      "p50": 40805.17910645508,
      "p75": 41244.34283676011,
      "p90": 42021.0626815851,
      "p95": 42458.29894177229,
      "p99": 43749.02953739967
    }
  },
  "details": {
    "DNSDialup": {
      "average": 0.00100294708,
      "fastest": 0.00024299,
      "slowest": 0.001436283
    },
    "DNSLookup": {
      "average": 0.000009300460000000002,
      "fastest": 0.000004699,
      "slowest": 0.000040616
    }
  },
  "statusCodeDistribution": {
    "200": 403671
  },
  "errorDistribution": {}
}