{
  "summary": {
    "successRate": 1,
    "total": 10.000111359,
    "slowest": 0.005445076,
    "fastest": 0.000329241,
    "average": 0.0012061257738084808,
    "requestsPerSec": 41392.339059051475,
    "totalData": 5381064,
    "sizePerRequest": 13,
    "sizePerSec": 538100.4077676692
  },
  "responseTimeHistogram": {
    "0.000329241": 1,
    "0.0008408245": 1728,
    "0.0013524079999999998": 371841,
    "0.0018639915": 39029,
    "0.002375575": 955,
    "0.0028871585": 213,
    "0.0033987419999999997": 53,
    "0.0039103255": 55,
    "0.004421909": 24,
    "0.0049334925": 6,
    "0.005445076": 23
  },
  "latencyPercentiles": {
    "p10": 0.001051902,
    "p25": 0.001105371,
    "p50": 0.001212512,
    "p75": 0.001276804,
    "p90": 0.001349689,
    "p95": 0.001431874,
    "p99": 0.001582296
  },
  "rps": {
    "mean": 41390.489609149714,
    "stddev": 2565.7485867574687,
    "max": 54132.01908929139,
    "percentiles": {
      "p10": 39020.556028916006,
      "p25": 40621.57818232988,
      "p50": 41907.639772760005,
      "p75": 42664.610658067206,
      "p90": 43338.13756105382,
      "p95": 44131.21842391792,
      "p99": 45705.59436475132
    }
  },
  "details": {
    "DNSDialup": {
      "average": 0.00073645856,
      "fastest": 0.00007568,
      "slowest": 0.001694598
    },
    "DNSLookup": {
      "average": 0.00000687542,
      "fastest": 0.000003778,
      "slowest": 0.00003256
    }
  },
  "statusCodeDistribution": {
    "200": 413928
  },
  "errorDistribution": {}
}