{
  "summary": {
    "successRate": 1,
    "total": 10.000924962,
    "slowest": 0.006414371,
    "fastest": 0.000256511,
    "average": 0.0012078971720423449,
    "requestsPerSec": 41333.67679196472,
    "totalData": 5373875,
    "sizePerRequest": 13,
    "sizePerSec": 537337.7982955413
  },
  "responseTimeHistogram": {
    "0.000256511": 1,
    "0.000872297": 1151,
    "0.001488083": 405477,
    "0.002103869": 6026,
    "0.002719655": 487,
    "0.003335441": 108,
    "0.003951227": 55,
    "0.004567013": 28,
    "0.005182799": 24,
    "0.005798585": 14,
    "0.006414371": 4
  },
  "latencyPercentiles": {
    "p10": 0.001064576,
    "p25": 0.001112434,
    "p50": 0.001218764,
    "p75": 0.001281276,
    "p90": 0.001332517,
    "p95": 0.001376819,
    "p99": 0.001558586
  },
  "rps": {
    "mean": 41333.59565075438,
    "stddev": 2243.671779922341,
    "max": 46317.034003406465,
    "percentiles": {
      "p10": 39861.38653526471,
      "p25": 40935.26314434383,
      "p50": 41707.45729335963,
      "p75": 42207.25120575821,
      "p90": 42719.78353175223,
      "p95": 43115.2326116831,
      "p99": 44306.388500062945
    }
  },
  "details": {
    "DNSDialup": {
      "average": 0.0008243257400000003,
      "fastest": 0.00011801,
      "slowest": 0.001284626
    },
    "DNSLookup": {
      "average": 0.00000624436,
      "fastest": 0.000003677,
      "slowest": 0.000030116
    }
  },
  "statusCodeDistribution": {
    "200": 413375
  },
  "errorDistribution": {}
}