{
  "summary": {
    "successRate": 1,
    "total": 10.000301259,
    "slowest": 0.006863968,
    "fastest": 0.000314002,
    "average": 0.0012803744681274603,
    "requestsPerSec": 38994.82524579413,
    "totalData": 5069480,
    "sizePerRequest": 13,
    "sizePerSec": 506932.72819532367
  },
  "responseTimeHistogram": {
    "0.000314002": 1,
    "0.0009689986": 4685,
    "0.0016239952": 381920,
    "0.0022789918": 2906,
    "0.0029339884": 219,
    "0.003588985": 178,
    "0.0042439816": 5,
    "0.0048989782": 7,
    "0.0055539748": 20,
    "0.0062089714": 14,
    "0.006863968": 5
  },
  "latencyPercentiles": {
    "p10": 0.001185445,
    "p25": 0.001233815,
    "p50": 0.001279429,
    "p75": 0.001325265,
    "p90": 0.001374491,
    "p95": 0.001418733,
    "p99": 0.001598216
  },
  "rps": {
    "mean": 38993.53129153561,
    "stddev": 2147.374891928674,
    "max": 47251.65550980599,
    "percentiles": {
      "p10": 37740.68823598913,
      "p25": 38395.547319504454,
      "p50": 39116.553149891464,
      "p75": 39801.15423347367,
      "p90": 40800.67566720847,
      "p95": 41373.282163664044,
      "p99": 43117.05417868344
    }
  },
  "details": {
    "DNSDialup": {
      "average": 0.0011598425200000002,
      "fastest": 0.000098652,
      "slowest": 0.001856566
    },
    "DNSLookup": {
      "average": 0.000013953999999999999,
      "fastest": 0.000003316,
      "slowest": 0.000385366
    }
  },
  "statusCodeDistribution": {
    "200": 389960
  },
  "errorDistribution": {}
}