{
  "summary": {
    "successRate": 1,
    "total": 10.000543361,
    "slowest": 0.006108449,
    "fastest": 0.000209756,
    "average": 0.0012667091279888396,
    "requestsPerSec": 39410.65857851441,
    "totalData": 5123664,
    "sizePerRequest": 13,
    "sizePerSec": 512338.56152068736
  },
  "responseTimeHistogram": {
    "0.000209756": 1,
    "0.0007996253": 175,
    "0.0013894946": 351214,
    "0.0019793639000000003": 41393,
    "0.0025692332000000003": 1026,
    "0.0031591025": 166,
    "0.0037489718000000005": 70,
    "0.0043388411": 41,
    "0.0049287104": 21,
    "0.005518579700000001": 15,
    "0.006108449": 6
  },
  "latencyPercentiles": {
    "p10": 0.00112029,
    "p25": 0.001168219,
    "p50": 0.001279258,
    "p75": 0.001342955,
    "p90": 0.001393986,
    "p95": 0.001432493,
    "p99": 0.001604527
  },
  "rps": {
    "mean": 39410.29934977255,
    "stddev": 2079.8571042108974,
    "max": 43334.715440537584,
    "percentiles": {
      "p10": 38646.55363851287,
      "p25": 39120.80810379701,
      "p50": 39737.47577118191,
      "p75": 40082.485747420775,
      "p90": 40514.13943466759,
      "p95": 40884.78687101361,
      "p99": 41801.59264067862
    }
  },
  "details": {
    "DNSDialup": {
      "average": 0.00080451536,
      "fastest": 0.000105489,
      "slowest": 0.001145397
    },
    "DNSLookup": {
      "average": 0.000006773759999999998,
      "fastest": 0.000003306,
      "slowest": 0.000032721
    }
  },
  "statusCodeDistribution": {
    "200": 394128
  },
  "errorDistribution": {}
}