{
  "summary": {
    "successRate": 1,
    "total": 10.000624251,
    "slowest": 0.005818709,
    "fastest": 0.000286001,
    "average": 0.0012206829478215069,
    "requestsPerSec": 40897.44697278298,
    "totalData": 5317000,
    "sizePerRequest": 13,
    "sizePerSec": 531666.8106461788
  },
  "responseTimeHistogram": {
    "0.000286001": 1,
    "0.0008392718": 659,
    "0.0013925425999999999": 388616,
    "0.0019458133999999997": 18619,
    "0.0024990842": 828,
    "0.003052355": 155,
    "0.0036056257999999997": 48,
    "0.0041588966": 16,
    "0.0047121674": 36,
    "0.0052654382": 11,
    "0.005818709": 11
  },
  "latencyPercentiles": {
    "p10": 0.001075726,
    "p25": 0.001124084,
    "p50": 0.001230839,
    "p75": 0.001296121,
    "p90": 0.001348131,
    "p95": 0.001390302,
    "p99": 0.001597419
  },
  "rps": {
    "mean": 40896.21555109421,
    "stddev": 2190.924068329964,
    "max": 45629.411022006716,
    "percentiles": {
      "p10": 39725.52364894454,
      "p25": 40718.20103586359,
      "p50": 41136.58886353082,
      "p75": 41787.50640154634,
      "p90": 42342.886617906,
      "p95": 42760.98047390075,
      "p99": 43784.6834720521
    }
  },
  "details": {
    "DNSDialup": {
      "average": 0.00073033486,
      "fastest": 0.000071283,
      "slowest": 0.001643727
    },
    "DNSLookup": {
      "average": 0.00000743,
      "fastest": 0.000003597,
      "slowest": 0.000036328
    }
  },
  "statusCodeDistribution": {
    "200": 409000
  },
  "errorDistribution": {}
}