{
  "summary": {
    "successRate": 1,
    "total": 10.000683658,
    "slowest": 0.005878187,
    "fastest": 0.00029242,
    "average": 0.0012086043281200126,
    "requestsPerSec": 41307.97594717799,
    "totalData": 5370404,
    "sizePerRequest": 13,
    "sizePerSec": 537003.6873133138
  },
  "responseTimeHistogram": {
    "0.00029242": 1,
    "0.0008509966999999999": 404,
    "0.0014095734": 400188,
    "0.0019681500999999997": 11501,
    "0.0025267268": 753,
    "0.0030853035": 135,
    "0.0036438801999999996": 76,
    "0.0042024569": 11,
    "0.0047610336": 20,
    "0.0053196102999999995": 11,
    "0.005878187": 8
  },
  "latencyPercentiles": {
    "p10": 0.001066496,
    "p25": 0.001112548,
    "p50": 0.00121918,
    "p75": 0.001280817,
    "p90": 0.001330963,
    "p95": 0.001372309,
    "p99": 0.001574925
  },
  "rps": {
    "mean": 41315.89207439954,
    "stddev": 2198.867828480978,
    "max": 50926.220637906634,
    "percentiles": {
      "p10": 39980.522620142365,
      "p25": 41016.15216071759,
      "p50": 41752.23515991289,
      "p75": 42154.95313640015,
      "p90": 42669.672329119225,
      "p95": 42947.293559668244,
      "p99": 43905.83947665094
    }
  },
  "details": {
    "DNSDialup": {
      "average": 0.0007376108400000002,
      "fastest": 0.000071597,
      "slowest": 0.001276692
    },
    "DNSLookup": {
      "average": 0.00000742036,
      "fastest": 0.000003717,
      "slowest": 0.000044054
    }
  },
  "statusCodeDistribution": {
    "200": 413108
  },
  "errorDistribution": {}
}