{
  "summary": {
    "successRate": 1,
    "total": 10.000674964,
    "slowest": 0.007068858,
    "fastest": 0.000325448,
    "average": 0.001266521858275279,
    "requestsPerSec": 39420.939228517454,
    "totalData": 5125068,
    "sizePerRequest": 13,
    "sizePerSec": 512472.2099707269
  },
  "responseTimeHistogram": {
    "0.000325448": 1,
    "0.000999789": 5589,
    "0.0016741299999999998": 384766,
    "0.0023484709999999995": 3342,
    "0.0030228119999999997": 368,
    "0.003697153": 106,
    "0.004371493999999999": 14,
    "0.005045834999999999": 11,
    "0.0057201759999999996": 22,
    "0.006394517": 11,
    "0.007068858": 6
  },
  "latencyPercentiles": {
    "p10": 0.001104303,
    "p25": 0.001158205,
    "p50": 0.001272045,
    "p75": 0.001340137,
    "p90": 0.001420688,
    "p95": 0.001503956,
    "p99": 0.00167099
  },
  "rps": {
    "mean": 39420.369706203994,
    "stddev": 2584.3648718404,
    "max": 44643.9512683309,
    "percentiles": {
      "p10": 36794.12210883278,
      "p25": 39022.07240449482,
      "p50": 39979.56332898159,
      "p75": 40728.97051672807,
      "p90": 41243.69082999965,
      "p95": 41808.91640813514,
      "p99": 42826.31621968966
    }
  },
  "details": {
    "DNSDialup": {
      "average": 0.0005114998799999998,
      "fastest": 0.000078336,
      "slowest": 0.000758952
    },
    "DNSLookup": {
      "average": 0.000007662040000000003,
      "fastest": 0.000003466,
      "slowest": 0.000041277
    }
  },
  "statusCodeDistribution": {
    "200": 394236
  },
  "errorDistribution": {}
}