{
  "summary": {
    "successRate": 1,
    "total": 10.000687928,
    "slowest": 0.006309477,
    "fastest": 0.00023473,
    "average": 0.001243275872263761,
    "requestsPerSec": 40157.337464315286,
    "totalData": 5220813,
    "sizePerRequest": 13,
    "sizePerSec": 522045.38703609875
  },
  "responseTimeHistogram": {
    "0.00023473": 1,
    "0.0008422047000000001": 329,
    "0.0014496794": 386996,
    "0.0020571541": 13374,
    "0.0026646288": 674,
    "0.0032721035": 136,
    "0.0038795782": 13,
    "0.0044870529": 39,
    "0.0050945276": 19,
    "0.0057020023": 14,
    "0.006309477": 6
  },
  "latencyPercentiles": {
    "p10": 0.001094528,
    "p25": 0.001142891,
    "p50": 0.001254278,
    "p75": 0.001319511,
    "p90": 0.001374004,
    "p95": 0.001421941,
    "p99": 0.001603758
  },
  "rps": {
    "mean": 40183.44350180139,
    "stddev": 2293.343283180573,
    "max": 66736.51755544415,
    "percentiles": {
      "p10": 38762.79184651319,
      "p25": 39843.61982908385,
      "p50": 40505.966528867764,
      "p75": 41038.83302095673,
      "p90": 41632.24000666357,
      "p95": 42009.91131676954,
      "p99": 42961.022580991084
    }
  },
  "details": {
    "DNSDialup": {
      "average": 0.0006122615999999999,
      "fastest": 0.000166679,
      "slowest": 0.000799482
    },
    "DNSLookup": {
      "average": 0.000007194119999999998,
      "fastest": 0.000003677,
      "slowest": 0.000027411
    }
  },
  "statusCodeDistribution": {
    "200": 401601
  },
  "errorDistribution": {}
}