{
  "summary": {
    "successRate": 1,
    "total": 10.000661303,
    "slowest": 0.006657115,
    "fastest": 0.000197213,
    "average": 0.0012514560660940087,
    "requestsPerSec": 39895.06172759944,
    "totalData": 5186701,
    "sizePerRequest": 13,
    "sizePerSec": 518635.8024587927
  },
  "responseTimeHistogram": {
    "0.000197213": 1,
    "0.0008432032": 1507,
    "0.0014891934": 381915,
    "0.0021351836": 14691,
    "0.0027811738": 503,
    "0.003427164": 206,
    "0.0040731542": 86,
    "0.0047191444": 34,
    "0.0053651346": 16,
    "0.0060111248": 15,
    "0.006657115": 3
  },
  "latencyPercentiles": {
    "p10": 0.001093401,
    "p25": 0.001149854,
    "p50": 0.001257293,
    "p75": 0.001330036,
    "p90": 0.00139629,
    "p95": 0.001460073,
    "p99": 0.001664464
  },
  "rps": {
    "mean": 39888.096619647054,
    "stddev": 2545.707029141028,
    "max": 45910.04638117659,
    "percentiles": {
      "p10": 37849.31206829443,
      "p25": 39522.00585285866,
      "p50": 40305.40094408308,
      "p75": 41073.89193158544,
      "p90": 41885.81202694306,
      "p95": 42300.32994257545,
      "p99": 43359.419060597786
    }
  },
  "details": {
    "DNSDialup": {
      "average": 0.0008618482199999999,
      "fastest": 0.000123879,
      "slowest": 0.001186234
    },
    "DNSLookup": {
      "average": 0.000008223999999999996,
      "fastest": 0.000003756,
      "slowest": 0.000055704
    }
  },
  "statusCodeDistribution": {
    "200": 398977
  },
  "errorDistribution": {}
}