{
  "summary": {
    "successRate": 1,
    "total": 10.000610943,
    "slowest": 0.005673875,
    "fastest": 0.000225314,
    "average": 0.0011456790461311457,
    "requestsPerSec": 43583.93726986126,
    "totalData": 5666258,
    "sizePerRequest": 13,
    "sizePerSec": 566591.1845081963
  },
  "responseTimeHistogram": {
    "0.000225314": 1,
    "0.0007701701000000001": 840,
    "0.0013150262": 414811,
    "0.0018598823000000003": 19190,
    "0.0024047384": 697,
    "0.0029495945000000004": 124,
    "0.0034944506000000003": 73,
    "0.0040393067": 58,
    "0.0045841628": 36,
    "0.005129018900000001": 12,
    "0.005673875000000001": 24
  },
  "latencyPercentiles": {
    "p10": 0.001011534,
    "p25": 0.001052614,
    "p50": 0.001160853,
    "p75": 0.001212255,
    "p90": 0.001261094,
    "p95": 0.001310453,
    "p99": 0.001448832
  },
  "rps": {
    "mean": 43583.307081683444,
    "stddev": 2143.106091070843,
    "max": 50775.69640820549,
    "percentiles": {
      "p10": 42912.096920121214,
      "p25": 43305.237420207566,
      "p50": 43828.90516295736,
      "p75": 44299.205695106975,
      "p90": 44725.560403648975,
      "p95": 45110.00991119912,
      "p99": 46004.816704308025
    }
  },
  "details": {
    "DNSDialup": {
      "average": 0.00082489984,
      "fastest": 0.000071588,
      "slowest": 0.001770872
    },
    "DNSLookup": {
      "average": 0.0000048004600000000015,
      "fastest": 0.000001833,
      "slowest": 0.000031738
    }
  },
  "statusCodeDistribution": {
    "200": 435866
  },
  "errorDistribution": {}
}