{
  "summary": {
    "successRate": 1,
    "total": 10.000812405,
    "slowest": 0.005863283,
    "fastest": 0.000180521,
    "average": 0.0008735527230781074,
    "requestsPerSec": 57148.657214513565,
    "totalData": 7429929,
    "sizePerRequest": 13,
    "sizePerSec": 742932.5437886764
  },
  "responseTimeHistogram": {
    "0.000180521": 1,
    "0.0007487972": 30166,
    "0.0013170734": 538511,
    "0.0018853496": 2313,
    "0.0024536258": 318,
    "0.003021902": 106,
    "0.0035901782": 73,
    "0.0041584544": 19,
    "0.0047267306": 12,
    "0.005295006800000001": 0,
    "0.005863283": 14
  },
  "latencyPercentiles": {
    "p10": 0.000764974,
    "p25": 0.000798167,
    "p50": 0.000884042,
    "p75": 0.00092488,
    "p90": 0.000960617,
    "p95": 0.001011869,
    "p99": 0.001128532
  },
  "rps": {
    "mean": 57144.28159492046,
    "stddev": 2967.0368822686,
    "max": 59948.16789176511,
    "percentiles": {
      "p10": 55666.94567614553,
      "p25": 56810.18038432451,
      "p50": 57673.26101254097,
      "p75": 58338.958756656895,
      "p90": 58709.37459813539,
      "p95": 58929.06971008817,
      "p99": 59516.20451614776
    }
  },
  "details": {
    "DNSDialup": {
      "average": 0.00042345220000000007,
      "fastest": 0.000052694,
      "slowest": 0.000890316
    },
    "DNSLookup": {
      "average": 0.000005138920000000001,
      "fastest": 0.000002956,
      "slowest": 0.00003218
    }
  },
  "statusCodeDistribution": {
    "200": 571533
  },
  "errorDistribution": {}
}