{
  "summary": {
    "successRate": 1,
    "total": 10.00072398,
    "slowest": 0.010297742,
    "fastest": 0.000101001,
    "average": 0.0008590533889307498,
    "requestsPerSec": 57963.703543790834,
    "totalData": 7535827,
    "sizePerRequest": 13,
    "sizePerSec": 753528.1460692809
  },
  "responseTimeHistogram": {
    "0.000101001": 1,
    "0.0011206751": 534079,
    "0.0021403492": 45106,
    "0.0031600232999999998": 417,
    "0.0041796974": 17,
    "0.005199371499999999": 4,
    "0.0062190456": 6,
    "0.0072387197": 47,
    "0.0082583938": 1,
    "0.009278067899999999": 0,
    "0.010297741999999999": 1
  },
  "latencyPercentiles": {
    "p10": 0.00072231,
    "p25": 0.000742711,
    "p50": 0.000765411,
    "p75": 0.000812311,
    "p90": 0.000940113,
    "p95": 0.001798025,
    "p99": 0.001938427
  },
  "rps": {
    "mean": 57955.7921202489,
    "stddev": 12423.580673567387,
    "max": 66042.67016919708,
    "percentiles": {
      "p10": 27651.046597122993,
      "p25": 61667.50126694128,
      "p50": 63437.81528168688,
      "p75": 64349.297997195186,
      "p90": 65082.010385313755,
      "p95": 65418.06192689481,
      "p99": 65846.63092009554
    }
  },
  "details": {
    "DNSDialup": {
      "average": 0.0015459273800000005,
      "fastest": 0.000080502,
      "slowest": 0.002706138
    },
    "DNSLookup": {
      "average": 0.000013096140000000003,
      "fastest": 0.0000034,
      "slowest": 0.000173802
    }
  },
  "statusCodeDistribution": {
    "200": 579679
  },
  "errorDistribution": {}
}