{
  "summary": {
    "successRate": 1,
    "total": 10.000618983,
    "slowest": 0.006604438,
    "fastest": 0.000242569,
    "average": 0.0012253281568310658,
    "requestsPerSec": 40743.87802321495,
    "totalData": 5297032,
    "sizePerRequest": 13,
    "sizePerSec": 529670.4143017944
  },
  "responseTimeHistogram": {
    "0.000242569": 1,
    "0.0008787559": 791,
    "0.0015149428": 400256,
    "0.0021511297": 5757,
    "0.0027873166": 464,
    "0.0034235035000000002": 103,
    "0.0040596904000000005": 21,
    "0.0046958773": 23,
    "0.0053320642": 38,
    "0.0059682511": 4,
    "0.006604438000000001": 6
  },
  "latencyPercentiles": {
    "p10": 0.001079535,
    "p25": 0.001127326,
    "p50": 0.001236338,
    "p75": 0.001299577,
    "p90": 0.001353357,
    "p95": 0.001399052,
    "p99": 0.001582625
  },
  "rps": {
    "mean": 40745.50466294555,
    "stddev": 2158.198834466293,
    "max": 47602.5848203558,
    "percentiles": {
      "p10": 39623.90510194891,
      "p25": 40447.448902307544,
      "p50": 41019.514457324585,
      "p75": 41704.32056760618,
      "p90": 42168.56443745824,
      "p95": 42500.98177267804,
      "p99": 43143.515737689864
    }
  },
  "details": {
    "DNSDialup": {
      "average": 0.0006938742,
      "fastest": 0.000064042,
      "slowest": 0.001222578
    },
    "DNSLookup": {
      "average": 0.0000056004199999999995,
      "fastest": 0.000002716,
      "slowest": 0.000031709
    }
  },
  "statusCodeDistribution": {
    "200": 407464
  },
  "errorDistribution": {}
}