{
  "summary": {
    "successRate": 1,
    "total": 10.000136388,
    "slowest": 0.007234702,
    "fastest": 0.000180157,
    "average": 0.0012596786386457957,
    "requestsPerSec": 39631.759470358935,
    "totalData": 5152199,
    "sizePerRequest": 13,
    "sizePerSec": 515212.8731146662
  },
  "responseTimeHistogram": {
    "0.000180157": 1,
    "0.0008856115": 1834,
    "0.001591066": 388713,
    "0.0022965204999999995": 5272,
    "0.0030019749999999996": 313,
    "0.0037074294999999997": 73,
    "0.004412884": 9,
    "0.0051183385": 29,
    "0.005823793": 29,
    "0.0065292475": 1,
    "0.007234702": 49
  },
  "latencyPercentiles": {
    "p10": 0.001105715,
    "p25": 0.00115998,
    "p50": 0.001268833,
    "p75": 0.001341615,
    "p90": 0.001394517,
    "p95": 0.00144592,
    "p99": 0.00164555
  },
  "rps": {
    "mean": 39628.86620563688,
    "stddev": 2394.2721929895815,
    "max": 48502.4857523944,
    "percentiles": {
      "p10": 38561.494014504315,
      "p25": 39194.878155849154,
      "p50": 39863.70639051422,
      "p75": 40602.147053686385,
      "p90": 41205.092017956,
      "p95": 41855.95528941313,
      "p99": 43183.261646780804
    }
  },
  "details": {
    "DNSDialup": {
      "average": 0.0010396144200000002,
      "fastest": 0.00039689,
      "slowest": 0.001446004
    },
    "DNSLookup": {
      "average": 0.000010441320000000001,
      "fastest": 0.000004759,
      "slowest": 0.00003145
    }
  },
  "statusCodeDistribution": {
    "200": 396323
  },
  "errorDistribution": {}
}