{
  "summary": {
    "successRate": 1,
    "total": 10.000634147,
    "slowest": 0.006716824,
    "fastest": 0.000320265,
    "average": 0.0012486916110817962,
    "requestsPerSec": 39985.56432743384,
    "totalData": 5198453,
    "sizePerRequest": 13,
    "sizePerSec": 519812.33625664003
  },
  "responseTimeHistogram": {
    "0.000320265": 1,
    "0.0009599208999999999": 2652,
    "0.0015995768": 392914,
    "0.0022392326999999997": 3792,
    "0.0028788886": 352,
    "0.0035185445": 90,
    "0.004158200399999999": 34,
    "0.004797856299999999": 24,
    "0.0054375121999999994": 8,
    "0.0060771681": 1,
    "0.006716824": 13
  },
  "latencyPercentiles": {
    "p10": 0.001099263,
    "p25": 0.001149421,
    "p50": 0.001259856,
    "p75": 0.00132535,
    "p90": 0.001380332,
    "p95": 0.001424615,
    "p99": 0.001614087
  },
  "rps": {
    "mean": 39985.23196147488,
    "stddev": 2153.2550583988696,
    "max": 47935.999935951266,
    "percentiles": {
      "p10": 38703.21510121041,
      "p25": 39714.37263145577,
      "p50": 40219.54051833239,
      "p75": 40895.66941990447,
      "p90": 41349.78928127339,
      "p95": 41902.084017817935,
      "p99": 43120.79428102271
    }
  },
  "details": {
    "DNSDialup": {
      "average": 0.0006617481999999999,
      "fastest": 0.000070722,
      "slowest": 0.00119243
    },
    "DNSLookup": {
      "average": 0.00000634378,
      "fastest": 0.000003306,
      "slowest": 0.000035305
    }
  },
  "statusCodeDistribution": {
    "200": 399881
  },
  "errorDistribution": {}
}