{
  "summary": {
    "successRate": 1,
    "total": 10.00042518,
    "slowest": 0.006787351,
    "fastest": 0.000393312,
    "average": 0.0012525729774715102,
    "requestsPerSec": 39858.905279065344,
    "totalData": 5181878,
    "sizePerRequest": 13,
    "sizePerSec": 518165.76862784947
  },
  "responseTimeHistogram": {
    "0.000393312": 1,
    "0.0010327159": 11911,
    "0.0016721198": 383921,
    "0.0023115236999999996": 2125,
    "0.0029509275999999997": 420,
    "0.0035903314999999997": 178,
    "0.004229735399999999": 3,
    "0.004869139299999999": 9,
    "0.0055085431999999995": 18,
    "0.0061479470999999996": 14,
    "0.006787351": 6
  },
  "latencyPercentiles": {
    "p10": 0.001157985,
    "p25": 0.001206244,
    "p50": 0.001250236,
    "p75": 0.00129453,
    "p90": 0.001342408,
    "p95": 0.001387842,
    "p99": 0.001580972
  },
  "rps": {
    "mean": 39855.62606101438,
    "stddev": 2300.815054964139,
    "max": 47903.793980483344,
    "percentiles": {
      "p10": 38457.76664211773,
      "p25": 39309.65051920226,
      "p50": 40053.8122968201,
      "p75": 40746.40071762927,
      "p90": 41616.22200333826,
      "p95": 42279.930208056,
      "p99": 43463.14325452052
    }
  },
  "details": {
    "DNSDialup": {
      "average": 0.00119521656,
      "fastest": 0.000103132,
      "slowest": 0.002504901
    },
    "DNSLookup": {
      "average": 0.000025321360000000005,
      "fastest": 0.000003466,
      "slowest": 0.000886429
    }
  },
  "statusCodeDistribution": {
    "200": 398606
  },
  "errorDistribution": {}
}