{
  "summary": {
    "successRate": 1,
    "total": 10.000523776,
    "slowest": 0.010688153,
    "fastest": 0.000173702,
    "average": 0.0013456721836014988,
    "requestsPerSec": 37099.05684044043,
    "totalData": 4823130,
    "sizePerRequest": 13,
    "sizePerSec": 482287.7389257257
  },
  "responseTimeHistogram": {
    "0.000173702": 1,
    "0.0012251471": 96899,
    "0.0022765922": 260541,
    "0.0033280373": 11111,
    "0.004379482400000001": 1862,
    "0.005430927500000001": 207,
    "0.0064823726": 158,
    "0.007533817700000001": 124,
    "0.0085852628": 10,
    "0.0096367079": 72,
    "0.010688153": 25
  },
  "latencyPercentiles": {
    "p10": 0.001177617,
    "p25": 0.001223217,
    "p50": 0.001254618,
    "p75": 0.001293318,
    "p90": 0.001558322,
    "p95": 0.001930428,
    "p99": 0.003017943
  },
  "rps": {
    "mean": 37086.90257848463,
    "stddev": 6172.034970864884,
    "max": 44231.143107651806,
    "percentiles": {
      "p10": 30080.056208458336,
      "p25": 37807.02076375325,
      "p50": 39116.6519587347,
      "p75": 40090.43198743438,
      "p90": 40751.57927388635,
      "p95": 41216.7216239635,
      "p99": 42444.3874692437
    }
  },
  "details": {
    "DNSDialup": {
      "average": 0.0017952696399999998,
      "fastest": 0.000096701,
      "slowest": 0.002279632
    },
    "DNSLookup": {
      "average": 0.000014528219999999999,
      "fastest": 0.0000041,
      "slowest": 0.000447306
    }
  },
  "statusCodeDistribution": {
    "200": 371010
  },
  "errorDistribution": {}
}