{
  "summary": {
    "successRate": 1,
    "total": 10.000465781,
    "slowest": 0.007096826,
    "fastest": 0.000330157,
    "average": 0.001236408588301603,
    "requestsPerSec": 40379.61919405921,
    "totalData": 5249595,
    "sizePerRequest": 13,
    "sizePerSec": 524935.0495227698
  },
  "responseTimeHistogram": {
    "0.000330157": 1,
    "0.0010068238999999999": 6111,
    "0.0016834907999999998": 395061,
    "0.0023601576999999997": 2331,
    "0.0030368246": 153,
    "0.0037134915": 86,
    "0.004390158399999999": 29,
    "0.005066825299999999": 14,
    "0.005743492199999999": 13,
    "0.0064201590999999995": 12,
    "0.007096826": 4
  },
  "latencyPercentiles": {
    "p10": 0.00108584,
    "p25": 0.001135061,
    "p50": 0.001246606,
    "p75": 0.001307414,
    "p90": 0.001369516,
    "p95": 0.001437721,
    "p99": 0.001614914
  },
  "rps": {
    "mean": 40379.32436522131,
    "stddev": 2247.6285372701427,
    "max": 45958.58728140752,
    "percentiles": {
      "p10": 38466.00381594685,
      "p25": 40008.358638536396,
      "p50": 40904.4913131481,
      "p75": 41323.87693609553,
      "p90": 41886.08428041613,
      "p95": 42201.662745515714,
      "p99": 43495.904118993
    }
  },
  "details": {
    "DNSDialup": {
      "average": 0.0011404684799999998,
      "fastest": 0.000093414,
      "slowest": 0.002564509
    },
    "DNSLookup": {
      "average": 0.0000069226,
      "fastest": 0.000003758,
      "slowest": 0.000027592
    }
  },
  "statusCodeDistribution": {
    "200": 403815
  },
  "errorDistribution": {}
}