{
  "summary": {
    "successRate": 1,
    "total": 10.000125493,
    "slowest": 0.007267815,
    "fastest": 0.000149802,
    "average": 0.0009804962329311578,
    "requestsPerSec": 50925.56091985835,
    "totalData": 6620406,
    "sizePerRequest": 13,
    "sizePerSec": 662032.2919581585
  },
  "responseTimeHistogram": {
    "0.000149802": 1,
    "0.0008616033000000001": 60876,
    "0.0015734046000000002": 441621,
    "0.0022852059": 3950,
    "0.0029970072000000004": 2284,
    "0.0037088085000000007": 431,
    "0.0044206098": 60,
    "0.0051324111": 2,
    "0.005844212400000001": 14,
    "0.006556013700000001": 1,
    "0.007267815000000001": 22
  },
  "latencyPercentiles": {
    "p10": 0.000846913,
    "p25": 0.000924413,
    "p50": 0.000964914,
    "p75": 0.000996215,
    "p90": 0.001050215,
    "p95": 0.001176318,
    "p99": 0.001769428
  },
  "rps": {
    "mean": 50914.651690058105,
    "stddev": 5077.963465608006,
    "max": 54923.3589045418,
    "percentiles": {
      "p10": 50005.77722055374,
      "p25": 51202.158546732055,
      "p50": 52051.74645644474,
      "p75": 52711.433825580054,
      "p90": 53263.267895077806,
      "p95": 53451.9576829931,
      "p99": 53931.566145667406
    }
  },
  "details": {
    "DNSDialup": {
      "average": 0.0016144936399999997,
      "fastest": 0.000112002,
      "slowest": 0.002642842
    },
    "DNSLookup": {
      "average": 0.00000749214,
      "fastest": 0.0000039,
      "slowest": 0.000036101
    }
  },
  "statusCodeDistribution": {
    "200": 509262
  },
  "errorDistribution": {}
}