{
  "summary": {
    "successRate": 1,
    "total": 10.000377574,
    "slowest": 0.006676482,
    "fastest": 0.000406018,
    "average": 0.0012375792115047106,
    "requestsPerSec": 40338.47692399139,
    "totalData": 5244200,
    "sizePerRequest": 13,
    "sizePerSec": 524400.200011888
  },
  "responseTimeHistogram": {
    "0.000406018": 1,
    "0.0010330644": 14537,
    "0.0016601107999999999": 386022,
    "0.0022871572": 2458,
    "0.0029142036": 242,
    "0.00354125": 89,
    "0.004168296399999999": 13,
    "0.0047953428": 21,
    "0.0054223892": 11,
    "0.0060494356": 3,
    "0.006676482": 3
  },
  "latencyPercentiles": {
    "p10": 0.001087781,
    "p25": 0.001140059,
    "p50": 0.001248151,
    "p75": 0.00131649,
    "p90": 0.001371851,
    "p95": 0.001424017,
    "p99": 0.001604817
  },
  "rps": {
    "mean": 40338.39474236818,
    "stddev": 2216.4965003516263,
    "max": 46364.75301405645,
    "percentiles": {
      "p10": 38678.9359725326,
      "p25": 39832.59899902129,
      "p50": 40646.75510932107,
      "p75": 41248.09527909709,
      "p90": 42093.502691211506,
      "p95": 42752.89816089781,
      "p99": 44210.69128345012
    }
  },
  "details": {
    "DNSDialup": {
      "average": 0.0011010601600000003,
      "fastest": 0.000093516,
      "slowest": 0.002274077
    },
    "DNSLookup": {
      "average": 0.000006594919999999999,
      "fastest": 0.000003226,
      "slowest": 0.000031108
    }
  },
  "statusCodeDistribution": {
    "200": 403400
  },
  "errorDistribution": {}
}