{
  "summary": {
    "successRate": 1,
    "total": 10.00075354,
    "slowest": 0.00644891,
    "fastest": 0.00032773,
    "average": 0.0012371786059265997,
    "requestsPerSec": 40353.65919036537,
    "totalData": 5246371,
    "sizePerRequest": 13,
    "sizePerSec": 524597.5694747498
  },
  "responseTimeHistogram": {
    "0.00032773": 1,
    "0.0009398480000000001": 4642,
    "0.0015519660000000001": 391523,
    "0.002164084": 6780,
    "0.002776202": 453,
    "0.0033883200000000002": 119,
    "0.004000438": 8,
    "0.004612556": 4,
    "0.005224674": 22,
    "0.005836792": 3,
    "0.00644891": 12
  },
  "latencyPercentiles": {
    "p10": 0.00108603,
    "p25": 0.001140552,
    "p50": 0.001244575,
    "p75": 0.001317453,
    "p90": 0.001372816,
    "p95": 0.001424774,
    "p99": 0.001625024
  },
  "rps": {
    "mean": 40353.65003032397,
    "stddev": 2351.948810118885,
    "max": 44947.319333846885,
    "percentiles": {
      "p10": 38610.84964875134,
      "p25": 39892.282817841624,
      "p50": 40772.38321191634,
      "p75": 41423.15554394903,
      "p90": 42103.5324863771,
      "p95": 42616.10888916152,
      "p99": 43483.523151267436
    }
  },
  "details": {
    "DNSDialup": {
      "average": 0.00074253878,
      "fastest": 0.000081502,
      "slowest": 0.001781428
    },
    "DNSLookup": {
      "average": 0.000007051899999999999,
      "fastest": 0.000003377,
      "slowest": 0.000033132
    }
  },
  "statusCodeDistribution": {
    "200": 403567
  },
  "errorDistribution": {}
}