{
  "summary": {
    "successRate": 1,
    "total": 10.000648135,
    "slowest": 0.007236913,
    "fastest": 0.00043934,
    "average": 0.001254177010178122,
    "requestsPerSec": 39808.21988994016,
    "totalData": 5175404,
    "sizePerRequest": 13,
    "sizePerSec": 517506.8585692221
  },
  "responseTimeHistogram": {
    "0.00043934": 1,
    "0.0011190973": 62662,
    "0.0017988546000000001": 333100,
    "0.0024786119": 1917,
    "0.0031583692": 238,
    "0.0038381265": 62,
    "0.0045178838": 10,
    "0.0051976411": 28,
    "0.0058773984": 53,
    "0.0065571557": 31,
    "0.007236913": 6
  },
  "latencyPercentiles": {
    "p10": 0.001094403,
    "p25": 0.001150455,
    "p50": 0.001259622,
    "p75": 0.001331381,
    "p90": 0.001401101,
    "p95": 0.001475555,
    "p99": 0.001665961
  },
  "rps": {
    "mean": 39799.706291022354,
    "stddev": 2763.2521638656117,
    "max": 55988.14213215276,
    "percentiles": {
      "p10": 37233.23578631293,
      "p25": 39324.69197408939,
      "p50": 40274.6118305452,
      "p75": 41030.57927415333,
      "p90": 41826.10355057422,
      "p95": 42283.98082991595,
      "p99": 43903.12590256258
    }
  },
  "details": {
    "DNSDialup": {
      "average": 0.00053587432,
      "fastest": 0.000114303,
      "slowest": 0.000889013
    },
    "DNSLookup": {
      "average": 0.000007123360000000001,
      "fastest": 0.000003536,
      "slowest": 0.000035447
    }
  },
  "statusCodeDistribution": {
    "200": 398108
  },
  "errorDistribution": {}
}