{
  "summary": {
    "successRate": 1,
    "total": 10.000680233,
    "slowest": 0.006254225,
    "fastest": 0.000445197,
    "average": 0.0012474407841650673,
    "requestsPerSec": 40022.77751859801,
    "totalData": 5203315,
    "sizePerRequest": 13,
    "sizePerSec": 520296.10774177423
  },
  "responseTimeHistogram": {
    "0.000445197": 1,
    "0.0010260998": 6902,
    "0.0016070026000000002": 389413,
    "0.0021879054": 3274,
    "0.0027688082000000003": 422,
    "0.0033497110000000004": 134,
    "0.0039306138": 66,
    "0.0045115166": 12,
    "0.0050924194": 12,
    "0.0056733222": 11,
    "0.006254225": 8
  },
  "latencyPercentiles": {
    "p10": 0.001097349,
    "p25": 0.001146157,
    "p50": 0.001258581,
    "p75": 0.001322586,
    "p90": 0.001378388,
    "p95": 0.001428113,
    "p99": 0.001603962
  },
  "rps": {
    "mean": 40022.15164477091,
    "stddev": 2124.6258644517543,
    "max": 43312.43836306871,
    "percentiles": {
      "p10": 38735.96246755527,
      "p25": 39784.943196390195,
      "p50": 40304.167450916444,
      "p75": 40915.44847704422,
      "p90": 41409.723002964674,
      "p95": 41913.96916018314,
      "p99": 42604.295624415485
    }
  },
  "details": {
    "DNSDialup": {
      "average": 0.0007943178599999999,
      "fastest": 0.00007681,
      "slowest": 0.001723274
    },
    "DNSLookup": {
      "average": 0.00000681286,
      "fastest": 0.000003646,
      "slowest": 0.000029455
    }
  },
  "statusCodeDistribution": {
    "200": 400255
  },
  "errorDistribution": {}
}