{
  "summary": {
    "successRate": 1,
    "total": 10.000658848,
    "slowest": 0.005984688,
    "fastest": 0.000289348,
    "average": 0.0012597845471652817,
    "requestsPerSec": 39629.28903221797,
    "totalData": 5152147,
    "sizePerRequest": 13,
    "sizePerSec": 515180.7574188336
  },
  "responseTimeHistogram": {
    "0.000289348": 1,
    "0.000858882": 1101,
    "0.001428416": 363532,
    "0.00199795": 30683,
    "0.002567484": 702,
    "0.003137018": 183,
    "0.003706552": 35,
    "0.004276086": 43,
    "0.00484562": 15,
    "0.005415154": 19,
    "0.005984688": 5
  },
  "latencyPercentiles": {
    "p10": 0.001102124,
    "p25": 0.001155338,
    "p50": 0.001267232,
    "p75": 0.001335334,
    "p90": 0.001404792,
    "p95": 0.001487801,
    "p99": 0.001657362
  },
  "rps": {
    "mean": 39628.53845173152,
    "stddev": 2437.25087238868,
    "max": 44301.18390403763,
    "percentiles": {
      "p10": 37440.79923893025,
      "p25": 39093.52860400091,
      "p50": 40021.968058265695,
      "p75": 40828.8067194391,
      "p90": 41693.2182641006,
      "p95": 42120.28934337663,
      "p99": 43242.62864379808
    }
  },
  "details": {
    "DNSDialup": {
      "average": 0.0007640038,
      "fastest": 0.000086982,
      "slowest": 0.001169444
    },
    "DNSLookup": {
      "average": 0.000007809580000000001,
      "fastest": 0.000004558,
      "slowest": 0.000032701
    }
  },
  "statusCodeDistribution": {
    "200": 396319
  },
  "errorDistribution": {}
}