{
  "summary": {
    "successRate": 1,
    "total": 10.000407167,
    "slowest": 0.00697747,
    "fastest": 0.000396428,
    "average": 0.0012252586575505653,
    "requestsPerSec": 40746.84092310219,
    "totalData": 5297305,
    "sizePerRequest": 13,
    "sizePerSec": 529708.9320003284
  },
  "responseTimeHistogram": {
    "0.000396428": 1,
    "0.0010545322": 27455,
    "0.0017126364000000002": 377590,
    "0.0023707406": 2020,
    "0.0030288448": 317,
    "0.003686949": 55,
    "0.0043450532": 13,
    "0.0050031574": 17,
    "0.0056612616": 14,
    "0.0063193658": 2,
    "0.00697747": 1
  },
  "latencyPercentiles": {
    "p10": 0.001074533,
    "p25": 0.001127329,
    "p50": 0.001234052,
    "p75": 0.001302336,
    "p90": 0.001360351,
    "p95": 0.00141752,
    "p99": 0.001608537
  },
  "rps": {
    "mean": 40744.88036773857,
    "stddev": 2357.408956855884,
    "max": 45226.17406385653,
    "percentiles": {
      "p10": 38740.11120927555,
      "p25": 40173.15848676664,
      "p50": 41072.21696625901,
      "p75": 41811.7114603807,
      "p90": 42676.10002155625,
      "p95": 43189.839184487675,
      "p99": 44229.71794748957
    }
  },
  "details": {
    "DNSDialup": {
      "average": 0.0008442681600000001,
      "fastest": 0.000095918,
      "slowest": 0.00174352
    },
    "DNSLookup": {
      "average": 0.000010633979999999999,
      "fastest": 0.000004217,
      "slowest": 0.000201226
    }
  },
  "statusCodeDistribution": {
    "200": 407485
  },
  "errorDistribution": {}
}