{
  "summary": {
    "successRate": 1,
    "total": 10.00058208,
    "slowest": 0.007315184,
    "fastest": 0.000527748,
    "average": 0.0013350994948169656,
    "requestsPerSec": 37389.023659710816,
    "totalData": 4860856,
    "sizePerRequest": 13,
    "sizePerSec": 486057.3075762406
  },
  "responseTimeHistogram": {
    "0.000527748": 1,
    "0.0012064915999999998": 64982,
    "0.0018852352": 307037,
    "0.0025639788": 1562,
    "0.0032427224": 227,
    "0.003921466": 52,
    "0.004600209599999999": 1,
    "0.0052789531999999995": 15,
    "0.0059576968": 18,
    "0.0066364404": 11,
    "0.007315184": 6
  },
  "latencyPercentiles": {
    "p10": 0.001178932,
    "p25": 0.001231483,
    "p50": 0.001347252,
    "p75": 0.001416057,
    "p90": 0.001471871,
    "p95": 0.001514,
    "p99": 0.001679698
  },
  "rps": {
    "mean": 37388.45559160693,
    "stddev": 1867.1176163137707,
    "max": 41067.25625927496,
    "percentiles": {
      "p10": 36513.98850899496,
      "p25": 37079.6099225047,
      "p50": 37645.53009022117,
      "p75": 38057.83268254392,
      "p90": 38612.10875730674,
      "p95": 38821.153992338295,
      "p99": 39531.854547656185
    }
  },
  "details": {
    "DNSDialup": {
      "average": 0.00061301954,
      "fastest": 0.000093334,
      "slowest": 0.000859862
    },
    "DNSLookup": {
      "average": 0.000008607279999999997,
      "fastest": 0.000003115,
      "slowest": 0.000140121
    }
  },
  "statusCodeDistribution": {
    "200": 373912
  },
  "errorDistribution": {}
}