{
  "summary": {
    "successRate": 1,
    "total": 10.000664041,
    "slowest": 0.006627389,
    "fastest": 0.000356911,
    "average": 0.001229203698847279,
    "requestsPerSec": 40613.903070319124,
    "totalData": 5280158,
    "sizePerRequest": 13,
    "sizePerSec": 527980.7399141487
  },
  "responseTimeHistogram": {
    "0.000356911": 1,
    "0.0009839588": 5723,
    "0.0016110066": 396170,
    "0.0022380544": 3577,
    "0.0028651022": 511,
    "0.00349215": 99,
    "0.0041191978": 10,
    "0.0047462456": 36,
    "0.0053732934": 19,
    "0.006000341199999999": 14,
    "0.006627388999999999": 6
  },
  "latencyPercentiles": {
    "p10": 0.001080273,
    "p25": 0.00113047,
    "p50": 0.001237074,
    "p75": 0.001304091,
    "p90": 0.001360983,
    "p95": 0.001410274,
    "p99": 0.001621548
  },
  "rps": {
    "mean": 40611.57514806999,
    "stddev": 2391.995278015261,
    "max": 51624.60631225488,
    "percentiles": {
      "p10": 39295.75195879828,
      "p25": 40200.09246021402,
      "p50": 40999.18334059208,
      "p75": 41554.33228946949,
      "p90": 42176.892713288886,
      "p95": 42500.64175969173,
      "p99": 43405.54437534067
    }
  },
  "details": {
    "DNSDialup": {
      "average": 0.0006739195399999999,
      "fastest": 0.000118819,
      "slowest": 0.001117713
    },
    "DNSLookup": {
      "average": 0.000007594459999999998,
      "fastest": 0.000003367,
      "slowest": 0.000036629
    }
  },
  "statusCodeDistribution": {
    "200": 406166
  },
  "errorDistribution": {}
}