{
  "summary": {
    "successRate": 1,
    "total": 10.000569124,
    "slowest": 0.007037691,
    "fastest": 0.000528575,
    "average": 0.0012825323370158801,
    "requestsPerSec": 38929.184446683095,
    "totalData": 5061082,
    "sizePerRequest": 13,
    "sizePerSec": 506079.39780688024
  },
  "responseTimeHistogram": {
    "0.000528575": 1,
    "0.0011794866000000002": 104709,
    "0.0018303982": 282721,
    "0.0024813098000000004": 1516,
    "0.0031322214000000003": 264,
    "0.003783133": 59,
    "0.004434044600000001": 4,
    "0.005084956200000001": 15,
    "0.005735867800000001": 13,
    "0.0063867794000000006": 3,
    "0.007037691": 9
  },
  "latencyPercentiles": {
    "p10": 0.00111941,
    "p25": 0.001172802,
    "p50": 0.001288285,
    "p75": 0.001354168,
    "p90": 0.001440039,
    "p95": 0.001528874,
    "p99": 0.00167157
  },
  "rps": {
    "mean": 38929.54691851937,
    "stddev": 2393.207618909946,
    "max": 46796.56257976662,
    "percentiles": {
      "p10": 36211.61306430971,
      "p25": 38522.06543908298,
      "p50": 39608.206820452804,
      "p75": 40105.16955635695,
      "p90": 40754.51323690319,
      "p95": 41111.68418307183,
      "p99": 42226.662419759065
    }
  },
  "details": {
    "DNSDialup": {
      "average": 0.00082765852,
      "fastest": 0.000132928,
      "slowest": 0.001432696
    },
    "DNSLookup": {
      "average": 0.0000071706,
      "fastest": 0.000004188,
      "slowest": 0.000029375
    }
  },
  "statusCodeDistribution": {
    "200": 389314
  },
  "errorDistribution": {}
}