{
  "summary": {
    "successRate": 1,
    "total": 10.000727744,
    "slowest": 0.00607353,
    "fastest": 0.0004296,
    "average": 0.001202862846149269,
    "requestsPerSec": 41501.479754711734,
    "totalData": 5395585,
    "sizePerRequest": 13,
    "sizePerSec": 539519.2368112525
  },
  "responseTimeHistogram": {
    "0.0004296": 1,
    "0.000993993": 12543,
    "0.0015583860000000001": 398299,
    "0.002122779": 3746,
    "0.0026871720000000003": 281,
    "0.003251565": 91,
    "0.0038159580000000004": 25,
    "0.004380351": 19,
    "0.004944744": 22,
    "0.005509137": 11,
    "0.00607353": 7
  },
  "latencyPercentiles": {
    "p10": 0.001055158,
    "p25": 0.001109667,
    "p50": 0.001206595,
    "p75": 0.001283247,
    "p90": 0.00133491,
    "p95": 0.001378648,
    "p99": 0.001560128
  },
  "rps": {
    "mean": 41499.5664897457,
    "stddev": 2260.684750240353,
    "max": 46534.8461388747,
    "percentiles": {
      "p10": 39903.74297108935,
      "p25": 40935.011856102916,
      "p50": 41657.98791918341,
      "p75": 42427.21705974324,
      "p90": 43424.17423779759,
      "p95": 44201.54263383891,
      "p99": 45471.29586640116
    }
  },
  "details": {
    "DNSDialup": {
      "average": 0.00047351064,
      "fastest": 0.000068948,
      "slowest": 0.000903905
    },
    "DNSLookup": {
      "average": 0.000006641539999999999,
      "fastest": 0.000003036,
      "slowest": 0.000030416
    }
  },
  "statusCodeDistribution": {
    "200": 415045
  },
  "errorDistribution": {}
}