{
  "summary": {
    "successRate": 1,
    "total": 10.000364305,
    "slowest": 0.007030908,
    "fastest": 0.000234858,
    "average": 0.0012356526108686372,
    "requestsPerSec": 40400.828177629075,
    "totalData": 5252299,
    "sizePerRequest": 13,
    "sizePerSec": 525210.766309178
  },
  "responseTimeHistogram": {
    "0.000234858": 1,
    "0.000914463": 3673,
    "0.0015940680000000001": 395837,
    "0.0022736730000000004": 4047,
    "0.002953278": 297,
    "0.003632883": 114,
    "0.004312488000000001": 16,
    "0.004992093": 14,
    "0.005671698": 11,
    "0.006351303": 7,
    "0.007030908": 6
  },
  "latencyPercentiles": {
    "p10": 0.00108307,
    "p25": 0.001138996,
    "p50": 0.001244035,
    "p75": 0.001316031,
    "p90": 0.001372702,
    "p95": 0.001425444,
    "p99": 0.001610369
  },
  "rps": {
    "mean": 40400.01848044709,
    "stddev": 2375.4351463011494,
    "max": 49039.87922978878,
    "percentiles": {
      "p10": 38575.29257546538,
      "p25": 39875.53596597241,
      "p50": 40794.08838861161,
      "p75": 41411.878330497595,
      "p90": 42229.421237777366,
      "p95": 42902.325306030565,
      "p99": 44031.187289957765
    }
  },
  "details": {
    "DNSDialup": {
      "average": 0.00114281386,
      "fastest": 0.000098424,
      "slowest": 0.002313908
    },
    "DNSLookup": {
      "average": 0.000024983099999999995,
      "fastest": 0.000003136,
      "slowest": 0.000868846
    }
  },
  "statusCodeDistribution": {
    "200": 404023
  },
  "errorDistribution": {}
}