{
  "summary": {
    "successRate": 1,
    "total": 10.000345875,
    "slowest": 0.007550828,
    "fastest": 0.000391017,
    "average": 0.0012511268270741437,
    "requestsPerSec": 39900.11995460107,
    "totalData": 5187195,
    "sizePerRequest": 13,
    "sizePerSec": 518701.5594098139
  },
  "responseTimeHistogram": {
    "0.000391017": 1,
    "0.0011069981000000001": 48748,
    "0.0018229792": 348266,
    "0.0025389603": 1737,
    "0.0032549414": 164,
    "0.0039709225": 48,
    "0.0046869036": 18,
    "0.005402884700000001": 22,
    "0.0061188658": 9,
    "0.0068348469": 0,
    "0.007550828000000001": 2
  },
  "latencyPercentiles": {
    "p10": 0.001096563,
    "p25": 0.001150936,
    "p50": 0.001259914,
    "p75": 0.001330274,
    "p90": 0.001390941,
    "p95": 0.001452121,
    "p99": 0.001649622
  },
  "rps": {
    "mean": 39900.082967879505,
    "stddev": 2345.408945141985,
    "max": 46240.81716049953,
    "percentiles": {
      "p10": 37951.98890746719,
      "p25": 39623.06458589724,
      "p50": 40134.40973279204,
      "p75": 40873.77716779051,
      "p90": 41712.910145684764,
      "p95": 42202.08261764616,
      "p99": 43643.45757102868
    }
  },
  "details": {
    "DNSDialup": {
      "average": 0.00075012416,
      "fastest": 0.000080109,
      "slowest": 0.001609041
    },
    "DNSLookup": {
      "average": 0.000009611979999999999,
      "fastest": 0.000004558,
      "slowest": 0.000033563
    }
  },
  "statusCodeDistribution": {
    "200": 399015
  },
  "errorDistribution": {}
}