{
  "summary": {
    "successRate": 1,
    "total": 10.000359007,
    "slowest": 0.005101331,
    "fastest": 0.000431733,
    "average": 0.0012326801160176572,
    "requestsPerSec": 40500.14601640791,
    "totalData": 5265208,
    "sizePerRequest": 13,
    "sizePerSec": 526501.8982133028
  },
  "responseTimeHistogram": {
    "0.000431733": 1,
    "0.0008986928": 367,
    "0.0013656526": 367312,
    "0.0018326124": 36075,
    "0.0022995722": 904,
    "0.002766532": 249,
    "0.0032334918": 41,
    "0.0037004515999999998": 18,
    "0.0041674113999999995": 10,
    "0.0046343712": 22,
    "0.005101331": 17
  },
  "latencyPercentiles": {
    "p10": 0.001085415,
    "p25": 0.001133007,
    "p50": 0.001244102,
    "p75": 0.001302381,
    "p90": 0.001359355,
    "p95": 0.001422349,
    "p99": 0.001586831
  },
  "rps": {
    "mean": 40500.19195083385,
    "stddev": 2025.2701463788032,
    "max": 51447.63413090211,
    "percentiles": {
      "p10": 38798.14767417426,
      "p25": 40174.36893522957,
      "p50": 40931.32064656268,
      "p75": 41349.05613413813,
      "p90": 41852.7009209989,
      "p95": 42014.061644075104,
      "p99": 42506.290931058225
    }
  },
  "details": {
    "DNSDialup": {
      "average": 0.0009586740200000005,
      "fastest": 0.000168974,
      "slowest": 0.001887553
    },
    "DNSLookup": {
      "average": 0.000010763259999999998,
      "fastest": 0.000006112,
      "slowest": 0.000078756
    }
  },
  "statusCodeDistribution": {
    "200": 405016
  },
  "errorDistribution": {}
}