{
  "summary": {
    "successRate": 1,
    "total": 10.000359182,
    "slowest": 0.006532712,
    "fastest": 0.00038669,
    "average": 0.0013074596936106285,
    "requestsPerSec": 38184.028498427586,
    "totalData": 4964102,
    "sizePerRequest": 13,
    "sizePerSec": 496392.3704795586
  },
  "responseTimeHistogram": {
    "0.00038669": 1,
    "0.0010012922": 1672,
    "0.0016158944": 374976,
    "0.0022304966": 4378,
    "0.0028450987999999997": 644,
    "0.0034597009999999995": 107,
    "0.0040743032": 0,
    "0.0046889054": 36,
    "0.0053035076": 14,
    "0.0059181098": 17,
    "0.0065327119999999995": 9
  },
  "latencyPercentiles": {
    "p10": 0.001215034,
    "p25": 0.001251934,
    "p50": 0.001294635,
    "p75": 0.00134095,
    "p90": 0.001401091,
    "p95": 0.001467355,
    "p99": 0.001655257
  },
  "rps": {
    "mean": 38184.09518848155,
    "stddev": 2125.837744217142,
    "max": 44815.81503890264,
    "percentiles": {
      "p10": 36755.72535521299,
      "p25": 38004.16145568023,
      "p50": 38485.8102311306,
      "p75": 39075.799235356506,
      "p90": 39424.09206265914,
      "p95": 39947.84297205582,
      "p99": 40915.09357802147
    }
  },
  "details": {
    "DNSDialup": {
      "average": 0.0010313709199999998,
      "fastest": 0.000088587,
      "slowest": 0.002336205
    },
    "DNSLookup": {
      "average": 0.000008804300000000003,
      "fastest": 0.000004228,
      "slowest": 0.000056536
    }
  },
  "statusCodeDistribution": {
    "200": 381854
  },
  "errorDistribution": {}
}