{
  "summary": {
    "successRate": 1,
    "total": 10.000719603,
    "slowest": 0.005909028,
    "fastest": 0.000173174,
    "average": 0.0012129500460858504,
    "requestsPerSec": 41161.538003376816,
    "totalData": 5351385,
    "sizePerRequest": 13,
    "sizePerSec": 535099.9940438985
  },
  "responseTimeHistogram": {
    "0.000173174": 1,
    "0.0007467594000000001": 123,
    "0.0013203448": 354028,
    "0.0018939302000000003": 56246,
    "0.0024675156": 945,
    "0.003041101": 171,
    "0.0036146864000000003": 60,
    "0.004188271800000001": 8,
    "0.0047618572000000005": 51,
    "0.0053354426": 0,
    "0.005909028": 12
  },
  "latencyPercentiles": {
    "p10": 0.001067157,
    "p25": 0.001115485,
    "p50": 0.00122216,
    "p75": 0.001285456,
    "p90": 0.001340995,
    "p95": 0.001390605,
    "p99": 0.001580843
  },
  "rps": {
    "mean": 41159.41244460279,
    "stddev": 2267.076666514793,
    "max": 48918.13884588261,
    "percentiles": {
      "p10": 39712.04466314911,
      "p25": 40878.54403450851,
      "p50": 41543.109284507984,
      "p75": 42090.284062091116,
      "p90": 42587.68392304768,
      "p95": 43001.96626240021,
      "p99": 43712.3056556892
    }
  },
  "details": {
    "DNSDialup": {
      "average": 0.0009367901800000002,
      "fastest": 0.000059982,
      "slowest": 0.002014305
    },
    "DNSLookup": {
      "average": 0.00000602408,
      "fastest": 0.000002615,
      "slowest": 0.000032902
    }
  },
  "statusCodeDistribution": {
    "200": 411645
  },
  "errorDistribution": {}
}