{
  "summary": {
    "successRate": 1,
    "total": 10.000787833,
    "slowest": 0.01354473,
    "fastest": 0.000174,
    "average": 0.0017773899891415776,
    "requestsPerSec": 28040.590869717333,
    "totalData": 3645564,
    "sizePerRequest": 13,
    "sizePerSec": 364527.6813063253
  },
  "responseTimeHistogram": {
    "0.000174": 1,
    "0.001511073": 102507,
    "0.0028481459999999998": 162901,
    "0.004185219": 11766,
    "0.005522291999999999": 2588,
    "0.006859364999999998": 414,
    "0.008196438": 197,
    "0.009533511": 39,
    "0.010870583999999999": 6,
    "0.012207656999999998": 1,
    "0.013544729999999998": 8
  },
  "latencyPercentiles": {
    "p10": 0.0012816,
    "p25": 0.001406299,
    "p50": 0.001658304,
    "p75": 0.001935905,
    "p90": 0.002316905,
    "p95": 0.002909606,
    "p99": 0.004324399
  },
  "rps": {
    "mean": 28016.07592006956,
    "stddev": 6253.176830445483,
    "max": 40615.58129108751,
    "percentiles": {
      "p10": 20096.418597145825,
      "p25": 24607.140992317243,
      "p50": 27623.764724791938,
      "p75": 33165.594913619294,
      "p90": 35910.16520481572,
      "p95": 37089.30362526986,
      "p99": 38822.20453543543
    }
  },
  "details": {
    "DNSDialup": {
      "average": 0.0019252702599999998,
      "fastest": 0.000315001,
      "slowest": 0.002453705
    },
    "DNSLookup": {
      "average": 0.00001775206,
      "fastest": 0.0000053,
      "slowest": 0.0002146
    }
  },
  "statusCodeDistribution": {
    "200": 280428
  },
  "errorDistribution": {}
}