{
  "summary": {
    "successRate": 1,
    "total": 10.000671041,
    "slowest": 0.005845933,
    "fastest": 0.000204534,
    "average": 0.0012195014145243478,
    "requestsPerSec": 40941.05268750635,
    "totalData": 5322694,
    "sizePerRequest": 13,
    "sizePerSec": 532233.6849375826
  },
  "responseTimeHistogram": {
    "0.000204534": 1,
    "0.0007686739000000001": 123,
    "0.0013328138": 358737,
    "0.0018969537": 49392,
    "0.0024610936000000003": 891,
    "0.0030252335": 166,
    "0.0035893734000000004": 46,
    "0.004153513300000001": 34,
    "0.0047176532000000005": 27,
    "0.0052817931": 16,
    "0.005845933": 5
  },
  "latencyPercentiles": {
    "p10": 0.001075322,
    "p25": 0.001122928,
    "p50": 0.001229989,
    "p75": 0.001292346,
    "p90": 0.001345065,
    "p95": 0.001388623,
    "p99": 0.001581528
  },
  "rps": {
    "mean": 40939.978647577795,
    "stddev": 2138.5560762179225,
    "max": 44825.232123164606,
    "percentiles": {
      "p10": 39714.40044160023,
      "p25": 40681.18744578512,
      "p50": 41211.36609476955,
      "p75": 41889.98387436183,
      "p90": 42337.45708268256,
      "p95": 42731.9374166612,
      "p99": 43482.17351949768
    }
  },
  "details": {
    "DNSDialup": {
      "average": 0.0007434439399999998,
      "fastest": 0.000099314,
      "slowest": 0.001003753
    },
    "DNSLookup": {
      "average": 0.00000678416,
      "fastest": 0.000003376,
      "slowest": 0.000029356
    }
  },
  "statusCodeDistribution": {
    "200": 409438
  },
  "errorDistribution": {}
}