{
  "summary": {
    "successRate": 1,
    "total": 10.000751217,
    "slowest": 0.015018027,
    "fastest": 0.000072899,
    "average": 0.0011723669710259588,
    "requestsPerSec": 42603.89952264123,
    "totalData": 5538923,
    "sizePerRequest": 13,
    "sizePerSec": 553850.693794336
  },
  "responseTimeHistogram": {
    "0.000072899": 1,
    "0.0015674118": 386177,
    "0.0030619246": 34351,
    "0.0045564374": 2871,
    "0.0060509502": 1080,
    "0.0075454630000000005": 540,
    "0.009039975799999999": 37,
    "0.0105344886": 25,
    "0.0120290014": 796,
    "0.0135235142": 47,
    "0.015018027": 146
  },
  "latencyPercentiles": {
    "p10": 0.000948696,
    "p25": 0.000993295,
    "p50": 0.001023695,
    "p75": 0.001071295,
    "p90": 0.001532293,
    "p95": 0.002333989,
    "p99": 0.004309479
  },
  "rps": {
    "mean": 42810.371053802904,
    "stddev": 11295.80767835357,
    "max": 77670.23805924134,
    "percentiles": {
      "p10": 23306.1714742064,
      "p25": 39094.963681990586,
      "p50": 48540.01308364716,
      "p75": 49319.59014217728,
      "p90": 50294.5776272807,
      "p95": 50791.6925597205,
      "p99": 51554.64694228699
    }
  },
  "details": {
    "DNSDialup": {
      "average": 0.00118251022,
      "fastest": 0.0000698,
      "slowest": 0.00194889
    },
    "DNSLookup": {
      "average": 0.00000645794,
      "fastest": 0.000003,
      "slowest": 0.000083699
    }
  },
  "statusCodeDistribution": {
    "200": 426071
  },
  "errorDistribution": {}
}