{
  "summary": {
    "successRate": 1,
    "total": 10.000363422,
    "slowest": 0.006514417,
    "fastest": 0.000470038,
    "average": 0.0012621089925267455,
    "requestsPerSec": 39552.962558324114,
    "totalData": 5142072,
    "sizePerRequest": 13,
    "sizePerSec": 514188.51325821347
  },
  "responseTimeHistogram": {
    "0.000470038": 1,
    "0.0010744759": 20789,
    "0.0016789138": 371191,
    "0.0022833516999999997": 3174,
    "0.0028877895999999998": 228,
    "0.0034922275": 112,
    "0.0040966653999999995": 3,
    "0.0047011032999999995": 11,
    "0.0053055412": 18,
    "0.0059099791": 13,
    "0.006514417": 4
  },
  "latencyPercentiles": {
    "p10": 0.001109137,
    "p25": 0.001163615,
    "p50": 0.001271046,
    "p75": 0.001343228,
    "p90": 0.001396565,
    "p95": 0.001446998,
    "p99": 0.001662227
  },
  "rps": {
    "mean": 39552.91735285662,
    "stddev": 2264.902019426086,
    "max": 55411.85414713525,
    "percentiles": {
      "p10": 37783.21245399341,
      "p25": 39049.11252524163,
      "p50": 39839.17816892853,
      "p75": 40517.17928401724,
      "p90": 41175.64294008974,
      "p95": 41708.54190938314,
      "p99": 43175.042541440926
    }
  },
  "details": {
    "DNSDialup": {
      "average": 0.0010205019400000004,
      "fastest": 0.000198181,
      "slowest": 0.00195781
    },
    "DNSLookup": {
      "average": 0.000009030920000000002,
      "fastest": 0.000003977,
      "slowest": 0.000039193
    }
  },
  "statusCodeDistribution": {
    "200": 395544
  },
  "errorDistribution": {}
}