{
  "summary": {
    "successRate": 1,
    "total": 10.000864214,
    "slowest": 0.01660866,
    "fastest": 0.000111907,
    "average": 0.001508456041659088,
    "requestsPerSec": 33055.943259105225,
    "totalData": 4297644,
    "sizePerRequest": 13,
    "sizePerSec": 429727.262368368
  },
  "responseTimeHistogram": {
    "0.000111907": 1,
    "0.0017615823": 300533,
    "0.0034112575999999998": 23213,
    "0.005060932899999999": 3140,
    "0.006710608199999999": 2287,
    "0.0083602835": 403,
    "0.010009958799999998": 170,
    "0.011659634099999998": 63,
    "0.013309309399999998": 78,
    "0.014958984699999999": 617,
    "0.01660866": 83
  },
  "latencyPercentiles": {
    "p10": 0.00120427,
    "p25": 0.001274181,
    "p50": 0.001325584,
    "p75": 0.00141179,
    "p90": 0.001657196,
    "p95": 0.002440055,
    "p99": 0.00570953
  },
  "rps": {
    "mean": 33256.11798017508,
    "stddev": 8662.09686785386,
    "max": 44255.25967938015,
    "percentiles": {
      "p10": 18619.652891006408,
      "p25": 33669.58903242374,
      "p50": 37101.9367210997,
      "p75": 38229.088161996646,
      "p90": 39045.507590069676,
      "p95": 39408.61219800745,
      "p99": 39917.422215321836
    }
  },
  "details": {
    "DNSDialup": {
      "average": 0.00246174248,
      "fastest": 0.000102106,
      "slowest": 0.003714037
    },
    "DNSLookup": {
      "average": 0.00001051462,
      "fastest": 0.0000041,
      "slowest": 0.000073105
    }
  },
  "statusCodeDistribution": {
    "200": 330588
  },
  "errorDistribution": {}
}