{
  "summary": {
    "successRate": 1,
    "total": 10.000256957,
    "slowest": 0.006416356,
    "fastest": 0.000325039,
    "average": 0.001228032884682922,
    "requestsPerSec": 40652.955393854085,
    "totalData": 5285020,
    "sizePerRequest": 13,
    "sizePerSec": 528488.4201201032
  },
  "responseTimeHistogram": {
    "0.000325039": 1,
    "0.0009341707": 3639,
    "0.0015433024": 397826,
    "0.0021524341": 4500,
    "0.0027615658": 383,
    "0.0033706975": 118,
    "0.0039798292": 23,
    "0.0045889609": 11,
    "0.0051980926": 23,
    "0.005807224299999999": 13,
    "0.006416356": 3
  },
  "latencyPercentiles": {
    "p10": 0.001084678,
    "p25": 0.001134659,
    "p50": 0.001240588,
    "p75": 0.001304225,
    "p90": 0.001352114,
    "p95": 0.00139691,
    "p99": 0.001581754
  },
  "rps": {
    "mean": 40651.5106648741,
    "stddev": 2147.4018485891575,
    "max": 58291.37756346629,
    "percentiles": {
      "p10": 39736.991165075364,
      "p25": 40273.39423365119,
      "p50": 40914.823440531596,
      "p75": 41333.99588409937,
      "p90": 41908.475533649864,
      "p95": 42168.17154540709,
      "p99": 43962.818471313134
    }
  },
  "details": {
    "DNSDialup": {
      "average": 0.0008435267000000002,
      "fastest": 0.000095549,
      "slowest": 0.001279108
    },
    "DNSLookup": {
      "average": 0.0000092644,
      "fastest": 0.000004508,
      "slowest": 0.000046026
    }
  },
  "statusCodeDistribution": {
    "200": 406540
  },
  "errorDistribution": {}
}