{
  "summary": {
    "successRate": 1,
    "total": 10.000844289,
    "slowest": 0.011344996,
    "fastest": 0.000143971,
    "average": 0.0012176799757960693,
    "requestsPerSec": 40977.440319788984,
    "totalData": 5327517,
    "sizePerRequest": 13,
    "sizePerSec": 532706.7241572568
  },
  "responseTimeHistogram": {
    "0.000143971": 1,
    "0.0012640734999999998": 258676,
    "0.002384176": 149048,
    "0.0035042784999999997": 725,
    "0.0046243809999999995": 8,
    "0.0057444835": 399,
    "0.006864585999999999": 902,
    "0.0079846885": 0,
    "0.009104791": 0,
    "0.010224893499999999": 0,
    "0.011344996": 50
  },
  "latencyPercentiles": {
    "p10": 0.000903744,
    "p25": 0.001083228,
    "p50": 0.001226837,
    "p75": 0.001298041,
    "p90": 0.001367677,
    "p95": 0.001488575,
    "p99": 0.002232409
  },
  "rps": {
    "mean": 40988.965706429415,
    "stddev": 4470.506492072977,
    "max": 53042.05173862211,
    "percentiles": {
      "p10": 37547.43367296271,
      "p25": 39917.9670769815,
      "p50": 42016.22949565103,
      "p75": 43237.10919697204,
      "p90": 44344.568921860635,
      "p95": 45059.473999732545,
      "p99": 46842.513462203926
    }
  },
  "details": {
    "DNSDialup": {
      "average": 0.0008195032400000001,
      "fastest": 0.000102902,
      "slowest": 0.001765767
    },
    "DNSLookup": {
      "average": 0.00001995876,
      "fastest": 0.000002865,
      "slowest": 0.000685057
    }
  },
  "statusCodeDistribution": {
    "200": 409809
  },
  "errorDistribution": {}
}