{
  "summary": {
    "successRate": 1,
    "total": 10.000828487,
    "slowest": 0.010664078,
    "fastest": 0.00044776,
    "average": 0.0012262699813175044,
    "requestsPerSec": 40708.4273597142,
    "totalData": 5292534,
    "sizePerRequest": 13,
    "sizePerSec": 529209.5556762847
  },
  "responseTimeHistogram": {
    "0.00044776": 1,
    "0.0014693918": 377409,
    "0.0024910236000000004": 28054,
    "0.0035126554000000005": 303,
    "0.004534287200000001": 1,
    "0.005555919000000001": 416,
    "0.006577550800000001": 834,
    "0.0075991826000000005": 11,
    "0.008620814400000001": 27,
    "0.009642446200000002": 12,
    "0.010664078000000002": 50
  },
  "latencyPercentiles": {
    "p10": 0.000913289,
    "p25": 0.001091987,
    "p50": 0.001232908,
    "p75": 0.001309525,
    "p90": 0.001413667,
    "p95": 0.001533301,
    "p99": 0.002132383
  },
  "rps": {
    "mean": 40715.14646484106,
    "stddev": 4353.21034238949,
    "max": 51808.75049795718,
    "percentiles": {
      "p10": 37216.88530085735,
      "p25": 39413.23890694939,
      "p50": 41432.8449010529,
      "p75": 43046.25752918807,
      "p90": 44256.63400754015,
      "p95": 45291.57904357611,
      "p99": 47192.27032694178
    }
  },
  "details": {
    "DNSDialup": {
      "average": 0.00101429212,
      "fastest": 0.000136055,
      "slowest": 0.001533582
    },
    "DNSLookup": {
      "average": 0.00000736236,
      "fastest": 0.000003737,
      "slowest": 0.000037019
    }
  },
  "statusCodeDistribution": {
    "200": 407118
  },
  "errorDistribution": {}
}