{
  "summary": {
    "successRate": 1,
    "total": 10.000615097,
    "slowest": 0.010569883,
    "fastest": 0.000153886,
    "average": 0.0012123190666889886,
    "requestsPerSec": 41181.16695877472,
    "totalData": 5353881,
    "sizePerRequest": 13,
    "sizePerSec": 535355.1704640712
  },
  "responseTimeHistogram": {
    "0.000153886": 1,
    "0.0011954857": 175530,
    "0.0022370854": 232389,
    "0.0032786851000000004": 2510,
    "0.0043202848": 6,
    "0.0053618845": 67,
    "0.0064034842": 1066,
    "0.007445083900000001": 218,
    "0.008486683600000001": 0,
    "0.0095282833": 0,
    "0.010569883": 50
  },
  "latencyPercentiles": {
    "p10": 0.000898605,
    "p25": 0.001075376,
    "p50": 0.001220985,
    "p75": 0.001291944,
    "p90": 0.001364565,
    "p95": 0.00150169,
    "p99": 0.00223042
  },
  "rps": {
    "mean": 41187.97762234062,
    "stddev": 4491.68294730987,
    "max": 51860.503256373,
    "percentiles": {
      "p10": 37709.13692387673,
      "p25": 39983.936350521326,
      "p50": 42146.3666080735,
      "p75": 43575.725896459495,
      "p90": 44743.49326749353,
      "p95": 45490.557245887816,
      "p99": 47268.69749689752
    }
  },
  "details": {
    "DNSDialup": {
      "average": 0.00067135336,
      "fastest": 0.000088536,
      "slowest": 0.001212678
    },
    "DNSLookup": {
      "average": 0.000006258460000000002,
      "fastest": 0.000003316,
      "slowest": 0.000030016
    }
  },
  "statusCodeDistribution": {
    "200": 411837
  },
  "errorDistribution": {}
}