{
  "summary": {
    "successRate": 1,
    "total": 10.000848707,
    "slowest": 0.011049853,
    "fastest": 0.000300368,
    "average": 0.0012360545005954677,
    "requestsPerSec": 40386.27238879198,
    "totalData": 5250661,
    "sizePerRequest": 13,
    "sizePerSec": 525021.5410542957
  },
  "responseTimeHistogram": {
    "0.000300368": 1,
    "0.0013753165": 359310,
    "0.002450265": 42759,
    "0.0035252135000000003": 477,
    "0.004600162": 0,
    "0.0056751104999999994": 201,
    "0.006750059": 1049,
    "0.0078250075": 1,
    "0.008899956": 49,
    "0.009974904500000001": 0,
    "0.011049853": 50
  },
  "latencyPercentiles": {
    "p10": 0.000916936,
    "p25": 0.001109393,
    "p50": 0.001245638,
    "p75": 0.0013141,
    "p90": 0.001383806,
    "p95": 0.001506331,
    "p99": 0.0022313
  },
  "rps": {
    "mean": 40395.01910806433,
    "stddev": 4324.124039387276,
    "max": 49515.76825581648,
    "percentiles": {
      "p10": 37102.046958172075,
      "p25": 39435.847836169734,
      "p50": 41333.30168804955,
      "p75": 42601.576258320456,
      "p90": 43658.847895893494,
      "p95": 44263.53213486867,
      "p99": 45708.826374373406
    }
  },
  "details": {
    "DNSDialup": {
      "average": 0.0008222859,
      "fastest": 0.000142387,
      "slowest": 0.001291559
    },
    "DNSLookup": {
      "average": 0.00000638476,
      "fastest": 0.000003146,
      "slowest": 0.000030366
    }
  },
  "statusCodeDistribution": {
    "200": 403897
  },
  "errorDistribution": {}
}