{
  "summary": {
    "successRate": 1,
    "total": 10.000705895,
    "slowest": 0.01097088,
    "fastest": 0.000322951,
    "average": 0.0012230669000801247,
    "requestsPerSec": 40817.81869058754,
    "totalData": 5306691,
    "sizePerRequest": 13,
    "sizePerSec": 530631.642977638
  },
  "responseTimeHistogram": {
    "0.000322951": 1,
    "0.0013877439": 357729,
    "0.0024525368000000002": 48737,
    "0.0035173297000000003": 346,
    "0.0045821226": 101,
    "0.0056469155": 879,
    "0.0067117084": 271,
    "0.0077765013000000004": 49,
    "0.0088412942": 44,
    "0.0099060871": 0,
    "0.01097088": 50
  },
  "latencyPercentiles": {
    "p10": 0.000900758,
    "p25": 0.001076145,
    "p50": 0.001228849,
    "p75": 0.001308306,
    "p90": 0.001423793,
    "p95": 0.001556199,
    "p99": 0.002182717
  },
  "rps": {
    "mean": 40820.021193755136,
    "stddev": 4502.625498954832,
    "max": 57217.135806885424,
    "percentiles": {
      "p10": 37143.94872012558,
      "p25": 39337.03975663628,
      "p50": 41405.47794473204,
      "p75": 43104.168338070805,
      "p90": 44502.54109509626,
      "p95": 45635.600496103325,
      "p99": 50718.057706145264
    }
  },
  "details": {
    "DNSDialup": {
      "average": 0.0008358836400000001,
      "fastest": 0.000117829,
      "slowest": 0.001337784
    },
    "DNSLookup": {
      "average": 0.0000069275399999999996,
      "fastest": 0.000003707,
      "slowest": 0.000031759
    }
  },
  "statusCodeDistribution": {
    "200": 408207
  },
  "errorDistribution": {}
}