{
  "summary": {
    "successRate": 1,
    "total": 10.000886492,
    "slowest": 0.011137515,
    "fastest": 0.000135185,
    "average": 0.0012102149875793094,
    "requestsPerSec": 41250.04321666888,
    "totalData": 5362981,
    "sizePerRequest": 13,
    "sizePerSec": 536250.5618166954
  },
  "responseTimeHistogram": {
    "0.000135185": 1,
    "0.001235418": 220211,
    "0.0023356510000000002": 190486,
    "0.0034358840000000006": 439,
    "0.004536117000000001": 0,
    "0.005636350000000001": 1060,
    "0.006736583000000002": 254,
    "0.007836816000000002": 36,
    "0.008937049": 0,
    "0.010037282000000002": 0,
    "0.011137515": 50
  },
  "latencyPercentiles": {
    "p10": 0.000903111,
    "p25": 0.001089606,
    "p50": 0.001226532,
    "p75": 0.001290658,
    "p90": 0.001355187,
    "p95": 0.001475161,
    "p99": 0.002049129
  },
  "rps": {
    "mean": 41259.20154884835,
    "stddev": 4095.7639269275005,
    "max": 47126.614314572565,
    "percentiles": {
      "p10": 38389.44573544078,
      "p25": 40461.74462229298,
      "p50": 42142.838195024065,
      "p75": 43269.92419750187,
      "p90": 44367.5308648282,
      "p95": 44974.085811556666,
      "p99": 46145.49571332889
    }
  },
  "details": {
    "DNSDialup": {
      "average": 0.0007890023000000002,
      "fastest": 0.000075242,
      "slowest": 0.001457076
    },
    "DNSLookup": {
      "average": 0.00000621952,
      "fastest": 0.000003216,
      "slowest": 0.000029786
    }
  },
  "statusCodeDistribution": {
    "200": 412537
  },
  "errorDistribution": {}
}