{
  "summary": {
    "successRate": 1,
    "total": 10.000845617,
    "slowest": 0.011078474,
    "fastest": 0.000160717,
    "average": 0.001183863550104925,
    "requestsPerSec": 42176.93344680695,
    "totalData": 5483465,
    "sizePerRequest": 13,
    "sizePerSec": 548300.1348084904
  },
  "responseTimeHistogram": {
    "0.000160717": 1,
    "0.0012524926999999998": 299777,
    "0.0023442683999999997": 119867,
    "0.0034360440999999997": 759,
    "0.0045278198": 1,
    "0.0056195955": 269,
    "0.0067113712": 1031,
    "0.007803146899999999": 16,
    "0.008894922599999999": 34,
    "0.0099866983": 0,
    "0.011078474": 50
  },
  "latencyPercentiles": {
    "p10": 0.000886949,
    "p25": 0.001042562,
    "p50": 0.001182748,
    "p75": 0.001266243,
    "p90": 0.001349483,
    "p95": 0.001495074,
    "p99": 0.002155918
  },
  "rps": {
    "mean": 42191.379714647504,
    "stddev": 4440.314289894828,
    "max": 49202.509327974636,
    "percentiles": {
      "p10": 39117.057795452805,
      "p25": 40995.21973077215,
      "p50": 43315.61527930847,
      "p75": 44507.80274262948,
      "p90": 45536.61179728668,
      "p95": 46098.470095263954,
      "p99": 47022.31681165226
    }
  },
  "details": {
    "DNSDialup": {
      "average": 0.0007334725199999999,
      "fastest": 0.00005358,
      "slowest": 0.001521772
    },
    "DNSLookup": {
      "average": 0.00000541862,
      "fastest": 0.000002475,
      "slowest": 0.000034455
    }
  },
  "statusCodeDistribution": {
    "200": 421805
  },
  "errorDistribution": {}
}