{
  "summary": {
    "successRate": 1,
    "total": 10.000394847,
    "slowest": 0.007972673,
    "fastest": 0.000645849,
    "average": 0.0013527521533995442,
    "requestsPerSec": 36909.34264567844,
    "totalData": 4798404,
    "sizePerRequest": 13,
    "sizePerSec": 479821.4543938197
  },
  "responseTimeHistogram": {
    "0.000645849": 1,
    "0.0013785313999999998": 266372,
    "0.0021112138": 96716,
    "0.0028438962": 4137,
    "0.0035765785999999997": 195,
    "0.004309261": 24,
    "0.0050419434": 52,
    "0.005774625799999999": 1424,
    "0.006507308199999999": 84,
    "0.007239990599999999": 73,
    "0.007972673": 30
  },
  "latencyPercentiles": {
    "p10": 0.00114719,
    "p25": 0.001244139,
    "p50": 0.001315286,
    "p75": 0.00138994,
    "p90": 0.001494016,
    "p95": 0.001619781,
    "p99": 0.002216018
  },
  "rps": {
    "mean": 36907.10287212972,
    "stddev": 3750.397611737283,
    "max": 43177.70691914159,
    "percentiles": {
      "p10": 34417.259787381685,
      "p25": 36330.44169550904,
      "p50": 37859.993129796705,
      "p75": 38731.601113349454,
      "p90": 39442.27422951815,
      "p95": 39910.03195810704,
      "p99": 40905.295548430506
    }
  },
  "details": {
    "DNSDialup": {
      "average": 0.0011599570400000004,
      "fastest": 0.000089516,
      "slowest": 0.002670037
    },
    "DNSLookup": {
      "average": 0.000008145019999999999,
      "fastest": 0.000004028,
      "slowest": 0.00005345
    }
  },
  "statusCodeDistribution": {
    "200": 369108
  },
  "errorDistribution": {}
}