{
  "summary": {
    "successRate": 1,
    "total": 10.0018006,
    "slowest": 0.016368014,
    "fastest": 0.000381407,
    "average": 0.0013620397353680017,
    "requestsPerSec": 36651.100602825456,
    "totalData": 4765501,
    "sizePerRequest": 13,
    "sizePerSec": 476464.30783673096
  },
  "responseTimeHistogram": {
    "0.000381407": 1,
    "0.0019800677": 343075,
    "0.0035787284": 20096,
    "0.005177389100000001": 1369,
    "0.0067760498": 581,
    "0.0083747105": 106,
    "0.009973371200000001": 1197,
    "0.0115720319": 51,
    "0.0131706926": 15,
    "0.014769353300000001": 36,
    "0.016368014": 50
  },
  "latencyPercentiles": {
    "p10": 0.00105082,
    "p25": 0.001161122,
    "p50": 0.001261124,
    "p75": 0.001307425,
    "p90": 0.001443428,
    "p95": 0.002221642,
    "p99": 0.003377964
  },
  "rps": {
    "mean": 36680.73585229289,
    "stddev": 7811.845603301185,
    "max": 43042.73499638803,
    "percentiles": {
      "p10": 27716.929500538918,
      "p25": 33858.60246915544,
      "p50": 40512.59536589878,
      "p75": 41226.87515861234,
      "p90": 41910.00579009191,
      "p95": 42140.237278702334,
      "p99": 42536.96920172568
    }
  },
  "details": {
    "DNSDialup": {
      "average": 0.0016678499200000006,
      "fastest": 0.000079401,
      "slowest": 0.00366617
    },
    "DNSLookup": {
      "average": 0.0000057440400000000015,
      "fastest": 0.0000034,
      "slowest": 0.000060401
    }
  },
  "statusCodeDistribution": {
    "200": 366577
  },
  "errorDistribution": {}
}