{
  "summary": {
    "successRate": 1,
    "total": 10.000140651,
    "slowest": 0.010504371,
    "fastest": 0.000342273,
    "average": 0.0012241720650839837,
    "requestsPerSec": 40783.626374216685,
    "totalData": 5301946,
    "sizePerRequest": 13,
    "sizePerSec": 530187.1428648168
  },
  "responseTimeHistogram": {
    "0.000342273": 1,
    "0.0013584827999999999": 353479,
    "0.0023746926": 51894,
    "0.0033909024": 1068,
    "0.0044071121999999996": 0,
    "0.0054233219999999995": 16,
    "0.0064395317999999995": 1188,
    "0.0074557415999999994": 96,
    "0.0084719514": 0,
    "0.009488161200000001": 0,
    "0.010504371": 100
  },
  "latencyPercentiles": {
    "p10": 0.000903559,
    "p25": 0.001083723,
    "p50": 0.001229472,
    "p75": 0.001305926,
    "p90": 0.001386906,
    "p95": 0.001522202,
    "p99": 0.002268354
  },
  "rps": {
    "mean": 40783.53616066151,
    "stddev": 4710.775974444086,
    "max": 53368.685498237064,
    "percentiles": {
      "p10": 36908.84584022334,
      "p25": 39313.649699175316,
      "p50": 41805.308347392274,
      "p75": 43330.74316227052,
      "p90": 44398.05689031145,
      "p95": 45337.49691170032,
      "p99": 47115.028277555306
    }
  },
  "details": {
    "DNSDialup": {
      "average": 0.0008551876999999999,
      "fastest": 0.000126364,
      "slowest": 0.001433901
    },
    "DNSLookup": {
      "average": 0.000006996660000000001,
      "fastest": 0.000003717,
      "slowest": 0.000031509
    }
  },
  "statusCodeDistribution": {
    "200": 407842
  },
  "errorDistribution": {}
}