{
  "summary": {
    "successRate": 1,
    "total": 10.000606592,
    "slowest": 0.010781479,
    "fastest": 0.000411805,
    "average": 0.0011742007767082195,
    "requestsPerSec": 42518.02089086718,
    "totalData": 5527678,
    "sizePerRequest": 13,
    "sizePerSec": 552734.2715812733
  },
  "responseTimeHistogram": {
    "0.000411805": 1,
    "0.0014487724000000002": 398356,
    "0.0024857398": 25014,
    "0.0035227072000000004": 385,
    "0.004559674600000001": 0,
    "0.005596642000000001": 890,
    "0.006633609400000001": 464,
    "0.007670576800000001": 46,
    "0.0087075442": 0,
    "0.0097445116": 0,
    "0.010781479": 50
  },
  "latencyPercentiles": {
    "p10": 0.000868787,
    "p25": 0.001033602,
    "p50": 0.001180687,
    "p75": 0.001257279,
    "p90": 0.001353373,
    "p95": 0.001499857,
    "p99": 0.002037044
  },
  "rps": {
    "mean": 42522.41523579925,
    "stddev": 4758.6234753090985,
    "max": 59398.81940560391,
    "percentiles": {
      "p10": 38433.30245657845,
      "p25": 41100.202293190494,
      "p50": 43444.86254967978,
      "p75": 45052.39756554331,
      "p90": 46654.53303218742,
      "p95": 47400.944990218064,
      "p99": 49421.45002331961
    }
  },
  "details": {
    "DNSDialup": {
      "average": 0.0008806152200000002,
      "fastest": 0.000132149,
      "slowest": 0.001256371
    },
    "DNSLookup": {
      "average": 0.000007490319999999999,
      "fastest": 0.000003497,
      "slowest": 0.000032521
    }
  },
  "statusCodeDistribution": {
    "200": 425206
  },
  "errorDistribution": {}
}