{
  "summary": {
    "successRate": 1,
    "total": 10.000855708,
    "slowest": 0.009054677,
    "fastest": 0.000310255,
    "average": 0.0009601852088236344,
    "requestsPerSec": 51996.850587897716,
    "totalData": 6760169,
    "sizePerRequest": 13,
    "sizePerSec": 675959.0576426703
  },
  "responseTimeHistogram": {
    "0.000310255": 1,
    "0.0011846972": 499736,
    "0.0020591394": 17345,
    "0.0029335816": 1160,
    "0.0038080238": 20,
    "0.004682466": 1,
    "0.005556908199999999": 262,
    "0.0064313504": 1388,
    "0.0073057925999999995": 0,
    "0.0081802348": 7,
    "0.009054677": 93
  },
  "latencyPercentiles": {
    "p10": 0.000651143,
    "p25": 0.000900743,
    "p50": 0.000976751,
    "p75": 0.001011059,
    "p90": 0.001051155,
    "p95": 0.00111161,
    "p99": 0.001969931
  },
  "rps": {
    "mean": 52020.95692677467,
    "stddev": 6018.016685438669,
    "max": 59100.5092267926,
    "percentiles": {
      "p10": 48520.61640991286,
      "p25": 50127.207896328735,
      "p50": 53946.98667848952,
      "p75": 55086.86647975309,
      "p90": 55904.5003122752,
      "p95": 56663.09435556264,
      "p99": 57829.227968198385
    }
  },
  "details": {
    "DNSDialup": {
      "average": 0.0005276436399999998,
      "fastest": 0.000075653,
      "slowest": 0.000925333
    },
    "DNSLookup": {
      "average": 0.000005878299999999999,
      "fastest": 0.000003027,
      "slowest": 0.000045145
    }
  },
  "statusCodeDistribution": {
    "200": 520013
  },
  "errorDistribution": {}
}