{
  "summary": {
    "successRate": 1,
    "total": 10.000350058,
    "slowest": 0.007756276,
    "fastest": 0.000466915,
    "average": 0.0013568499795959855,
    "requestsPerSec": 36800.31177564604,
    "totalData": 4784208,
    "sizePerRequest": 13,
    "sizePerSec": 478404.05308339855
  },
  "responseTimeHistogram": {
    "0.000466915": 1,
    "0.0011958511": 57010,
    "0.0019247872000000001": 300308,
    "0.0026537233000000003": 8647,
    "0.0033826594000000002": 343,
    "0.0041115955": 40,
    "0.0048405316000000006": 0,
    "0.0055694677000000005": 1256,
    "0.0062984038000000004": 280,
    "0.0070273399": 101,
    "0.007756276": 30
  },
  "latencyPercentiles": {
    "p10": 0.001149243,
    "p25": 0.001246786,
    "p50": 0.001317406,
    "p75": 0.001396686,
    "p90": 0.001500316,
    "p95": 0.001625465,
    "p99": 0.002254333
  },
  "rps": {
    "mean": 36795.48811424158,
    "stddev": 3741.6304774887526,
    "max": 41192.07252049825,
    "percentiles": {
      "p10": 34288.172034388816,
      "p25": 36120.11167818222,
      "p50": 37907.80981110324,
      "p75": 38702.348247018046,
      "p90": 39329.109600999596,
      "p95": 39713.994564940425,
      "p99": 40448.250718283685
    }
  },
  "details": {
    "DNSDialup": {
      "average": 0.0010698542999999997,
      "fastest": 0.000072065,
      "slowest": 0.00235007
    },
    "DNSLookup": {
      "average": 0.00002555878000000001,
      "fastest": 0.000002975,
      "slowest": 0.000976336
    }
  },
  "statusCodeDistribution": {
    "200": 368016
  },
  "errorDistribution": {}
}