{
  "summary": {
    "successRate": 1,
    "total": 10.000727959,
    "slowest": 0.012184873,
    "fastest": 0.000211898,
    "average": 0.0011087702557960636,
    "requestsPerSec": 45053.32030300055,
    "totalData": 5857358,
    "sizePerRequest": 13,
    "sizePerSec": 585693.1639390072
  },
  "responseTimeHistogram": {
    "0.000211898": 1,
    "0.0014091955000000002": 426262,
    "0.002606493": 15403,
    "0.0038037905": 7414,
    "0.005001088000000001": 346,
    "0.0061983855000000004": 233,
    "0.007395683000000001": 6,
    "0.008592980500000002": 1,
    "0.009790278000000001": 14,
    "0.010987575500000001": 261,
    "0.012184873": 625
  },
  "latencyPercentiles": {
    "p10": 0.000869991,
    "p25": 0.000979589,
    "p50": 0.001044289,
    "p75": 0.001077889,
    "p90": 0.001115088,
    "p95": 0.001631783,
    "p99": 0.003432365
  },
  "rps": {
    "mean": 45132.25400344732,
    "stddev": 9351.991894915365,
    "max": 52666.32277241155,
    "percentiles": {
      "p10": 36415.713916399356,
      "p25": 44808.44989127156,
      "p50": 49328.13183358257,
      "p75": 49710.7886571424,
      "p90": 50047.751383673756,
      "p95": 50351.34617847438,
      "p99": 50694.025657611906
    }
  },
  "details": {
    "DNSDialup": {
      "average": 0.00143675316,
      "fastest": 0.000071599,
      "slowest": 0.00293727
    },
    "DNSLookup": {
      "average": 0.0000047879599999999995,
      "fastest": 0.000003099,
      "slowest": 0.0000435
    }
  },
  "statusCodeDistribution": {
    "200": 450566
  },
  "errorDistribution": {}
}