{
  "summary": {
    "successRate": 1,
    "total": 10.000387672,
    "slowest": 0.011424314,
    "fastest": 0.000418375,
    "average": 0.0011987528527468271,
    "requestsPerSec": 41646.38548624457,
    "totalData": 5414240,
    "sizePerRequest": 13,
    "sizePerSec": 541403.0113211795
  },
  "responseTimeHistogram": {
    "0.000418375": 1,
    "0.0015189688999999998": 396797,
    "0.0026195627999999996": 18120,
    "0.0037201566999999994": 162,
    "0.0048207506": 5,
    "0.0059213445": 1198,
    "0.007021938399999999": 113,
    "0.008122532299999999": 34,
    "0.009223126199999999": 0,
    "0.0103237201": 31,
    "0.011424314": 19
  },
  "latencyPercentiles": {
    "p10": 0.000886285,
    "p25": 0.00107821,
    "p50": 0.001208583,
    "p75": 0.001274904,
    "p90": 0.001348781,
    "p95": 0.001502051,
    "p99": 0.002097341
  },
  "rps": {
    "mean": 41653.19283122001,
    "stddev": 4413.203633910879,
    "max": 51429.61317126694,
    "percentiles": {
      "p10": 38438.51318225281,
      "p25": 40501.31357245282,
      "p50": 42773.87047430939,
      "p75": 43834.190668717194,
      "p90": 44802.09673812769,
      "p95": 45605.378172783385,
      "p99": 47645.37485617463
    }
  },
  "details": {
    "DNSDialup": {
      "average": 0.0010830054,
      "fastest": 0.00011324,
      "slowest": 0.002270442
    },
    "DNSLookup": {
      "average": 0.000008920660000000001,
      "fastest": 0.000004027,
      "slowest": 0.000027541
    }
  },
  "statusCodeDistribution": {
    "200": 416480
  },
  "errorDistribution": {}
}