{
  "summary": {
    "successRate": 1,
    "total": 10.000839912,
    "slowest": 0.012831681,
    "fastest": 0.000160614,
    "average": 0.0012176284531522634,
    "requestsPerSec": 41001.756213293535,
    "totalData": 5330676,
    "sizePerRequest": 13,
    "sizePerSec": 533022.830772816
  },
  "responseTimeHistogram": {
    "0.000160614": 1,
    "0.0014277206999999997": 373393,
    "0.0026948273999999996": 34880,
    "0.0039619341": 378,
    "0.005229040799999999": 0,
    "0.006496147499999999": 1125,
    "0.007763254199999999": 225,
    "0.0090303609": 0,
    "0.010297467599999999": 0,
    "0.011564574299999998": 0,
    "0.012831680999999998": 50
  },
  "latencyPercentiles": {
    "p10": 0.000890032,
    "p25": 0.001032804,
    "p50": 0.001227356,
    "p75": 0.001317638,
    "p90": 0.001410467,
    "p95": 0.001549385,
    "p99": 0.002249033
  },
  "rps": {
    "mean": 41021.689771218014,
    "stddev": 5203.807644349054,
    "max": 57576.359388412486,
    "percentiles": {
      "p10": 36907.84660818986,
      "p25": 39326.065316093904,
      "p50": 41671.92991823271,
      "p75": 43255.59386797434,
      "p90": 45255.03056869572,
      "p95": 47437.82585925077,
      "p99": 54122.222584592004
    }
  },
  "details": {
    "DNSDialup": {
      "average": 0.0007504996799999998,
      "fastest": 0.000075879,
      "slowest": 0.001094701
    },
    "DNSLookup": {
      "average": 0.000007282060000000002,
      "fastest": 0.000003336,
      "slowest": 0.000028634
    }
  },
  "statusCodeDistribution": {
    "200": 410052
  },
  "errorDistribution": {}
}