{
  "summary": {
    "successRate": 1,
    "total": 10.000626179,
    "slowest": 0.011652741,
    "fastest": 0.000349145,
    "average": 0.0011883695129159605,
    "requestsPerSec": 42011.26934253744,
    "totalData": 5461807,
    "sizePerRequest": 13,
    "sizePerSec": 546146.5014529867
  },
  "responseTimeHistogram": {
    "0.000349145": 1,
    "0.0014795045999999997": 401263,
    "0.0026098641999999996": 17296,
    "0.0037402237999999994": 179,
    "0.0048705834": 2,
    "0.006000943": 1210,
    "0.007131302599999999": 138,
    "0.008261662199999999": 0,
    "0.009392021799999999": 0,
    "0.0105223814": 0,
    "0.011652741": 50
  },
  "latencyPercentiles": {
    "p10": 0.000883787,
    "p25": 0.001077651,
    "p50": 0.001202541,
    "p75": 0.001265794,
    "p90": 0.001333773,
    "p95": 0.001446714,
    "p99": 0.002008899
  },
  "rps": {
    "mean": 42014.192671398305,
    "stddev": 4168.818124970613,
    "max": 49815.12387160771,
    "percentiles": {
      "p10": 39120.620479055455,
      "p25": 41016.95374156472,
      "p50": 43039.807517973764,
      "p75": 44021.574973894916,
      "p90": 44961.93506555073,
      "p95": 45656.463504417894,
      "p99": 46902.25629918247
    }
  },
  "details": {
    "DNSDialup": {
      "average": 0.0008852879,
      "fastest": 0.000097825,
      "slowest": 0.001897611
    },
    "DNSLookup": {
      "average": 0.000024891200000000003,
      "fastest": 0.000003998,
      "slowest": 0.000915999
    }
  },
  "statusCodeDistribution": {
    "200": 420139
  },
  "errorDistribution": {}
}