{
  "summary": {
    "successRate": 1,
    "total": 10.000915401,
    "slowest": 0.009972779,
    "fastest": 0.000412284,
    "average": 0.0011904412392880557,
    "requestsPerSec": 41937.66102231625,
    "totalData": 5452395,
    "sizePerRequest": 13,
    "sizePerSec": 545189.5932901113
  },
  "responseTimeHistogram": {
    "0.000412284": 1,
    "0.0013683335": 388449,
    "0.0023243829999999997": 28237,
    "0.0032804325": 846,
    "0.004236482": 32,
    "0.005192531499999999": 0,
    "0.006148580999999999": 1179,
    "0.007104630499999999": 515,
    "0.008060679999999999": 106,
    "0.009016729499999999": 0,
    "0.009972779": 50
  },
  "latencyPercentiles": {
    "p10": 0.000873565,
    "p25": 0.001073441,
    "p50": 0.001195935,
    "p75": 0.001259679,
    "p90": 0.001331296,
    "p95": 0.001453737,
    "p99": 0.002162719
  },
  "rps": {
    "mean": 41950.757745492265,
    "stddev": 5094.920381046393,
    "max": 52801.1141035071,
    "percentiles": {
      "p10": 38668.3772915631,
      "p25": 41126.106852628596,
      "p50": 43338.45854811528,
      "p75": 44323.48609859394,
      "p90": 45435.489660973755,
      "p95": 46055.55309422119,
      "p99": 47158.12813256356
    }
  },
  "details": {
    "DNSDialup": {
      "average": 0.00120746782,
      "fastest": 0.000089983,
      "slowest": 0.002698672
    },
    "DNSLookup": {
      "average": 0.00000817222,
      "fastest": 0.000004168,
      "slowest": 0.000055348
    }
  },
  "statusCodeDistribution": {
    "200": 419415
  },
  "errorDistribution": {}
}