{
  "summary": {
    "successRate": 1,
    "total": 10.000772771,
    "slowest": 0.010489482,
    "fastest": 0.00043418,
    "average": 0.0012412063968400809,
    "requestsPerSec": 40218.89200066098,
    "totalData": 5228860,
    "sizePerRequest": 13,
    "sizePerSec": 522845.5960085927
  },
  "responseTimeHistogram": {
    "0.00043418": 1,
    "0.0014397102": 367492,
    "0.0024452404": 32665,
    "0.0034507706": 685,
    "0.0044563008": 27,
    "0.005461831": 35,
    "0.0064673612": 1144,
    "0.0074728914": 121,
    "0.0084784216": 0,
    "0.0094839518": 0,
    "0.010489482": 50
  },
  "latencyPercentiles": {
    "p10": 0.000920514,
    "p25": 0.001105639,
    "p50": 0.001244477,
    "p75": 0.001319183,
    "p90": 0.00141436,
    "p95": 0.001553858,
    "p99": 0.002268241
  },
  "rps": {
    "mean": 40225.108395533876,
    "stddev": 4471.959524223655,
    "max": 48109.59304267658,
    "percentiles": {
      "p10": 36636.177225840256,
      "p25": 38870.724845157354,
      "p50": 41244.436756161245,
      "p75": 42637.227918056196,
      "p90": 43815.77078360117,
      "p95": 44632.303691737485,
      "p99": 46518.6121702341
    }
  },
  "details": {
    "DNSDialup": {
      "average": 0.00092129056,
      "fastest": 0.000119631,
      "slowest": 0.001274733
    },
    "DNSLookup": {
      "average": 0.000007265460000000001,
      "fastest": 0.000003697,
      "slowest": 0.000032049
    }
  },
  "statusCodeDistribution": {
    "200": 402220
  },
  "errorDistribution": {}
}