{
  "summary": {
    "successRate": 1,
    "total": 10.000628156,
    "slowest": 0.014638738,
    "fastest": 0.000320818,
    "average": 0.0015171651582021725,
    "requestsPerSec": 32903.933119698726,
    "totalData": 4277780,
    "sizePerRequest": 13,
    "sizePerSec": 427751.13055608346
  },
  "responseTimeHistogram": {
    "0.000320818": 1,
    "0.00175261": 298378,
    "0.003184402": 21160,
    "0.004616194": 7350,
    "0.006047985999999999": 687,
    "0.0074797779999999986": 171,
    "0.00891157": 54,
    "0.010343362": 524,
    "0.011775154": 506,
    "0.013206945999999999": 74,
    "0.014638737999999998": 155
  },
  "latencyPercentiles": {
    "p10": 0.001153574,
    "p25": 0.001301875,
    "p50": 0.00140449,
    "p75": 0.001458193,
    "p90": 0.001658095,
    "p95": 0.00260345,
    "p99": 0.003741739
  },
  "rps": {
    "mean": 32953.582549257844,
    "stddev": 7288.7501131566905,
    "max": 43679.460704258265,
    "percentiles": {
      "p10": 23053.35502222951,
      "p25": 30420.564301467748,
      "p50": 36582.167205760525,
      "p75": 37170.33742951476,
      "p90": 37562.407624776606,
      "p95": 37879.399008260916,
      "p99": 38543.23694669029
    }
  },
  "details": {
    "DNSDialup": {
      "average": 0.0022104015600000007,
      "fastest": 0.000085505,
      "slowest": 0.004013657
    },
    "DNSLookup": {
      "average": 0.000005458340000000001,
      "fastest": 0.000004,
      "slowest": 0.000051703
    }
  },
  "statusCodeDistribution": {
    "200": 329060
  },
  "errorDistribution": {}
}