{
  "summary": {
    "successRate": 1,
    "total": 10.000917923,
    "slowest": 0.010376881,
    "fastest": 0.000217455,
    "average": 0.0012102029035689315,
    "requestsPerSec": 41249.51361227165,
    "totalData": 5362929,
    "sizePerRequest": 13,
    "sizePerSec": 536243.6769595315
  },
  "responseTimeHistogram": {
    "0.000217455": 1,
    "0.0012333976": 221917,
    "0.0022493402": 188418,
    "0.0032652828": 771,
    "0.0042812254": 26,
    "0.005297168": 108,
    "0.0063131106": 1114,
    "0.0073290531999999995": 28,
    "0.0083449958": 35,
    "0.0093609384": 65,
    "0.010376881": 50
  },
  "latencyPercentiles": {
    "p10": 0.00089871,
    "p25": 0.001080344,
    "p50": 0.001222625,
    "p75": 0.001290385,
    "p90": 0.001356465,
    "p95": 0.001494855,
    "p99": 0.002126927
  },
  "rps": {
    "mean": 41252.366549733255,
    "stddev": 4458.229996369555,
    "max": 49722.60389572982,
    "percentiles": {
      "p10": 38035.09084763245,
      "p25": 40374.15521087676,
      "p50": 42202.717855030736,
      "p75": 43523.27189348281,
      "p90": 44549.446139010724,
      "p95": 45402.7786500544,
      "p99": 46989.675595283996
    }
  },
  "details": {
    "DNSDialup": {
      "average": 0.00079861988,
      "fastest": 0.000132028,
      "slowest": 0.001130837
    },
    "DNSLookup": {
      "average": 0.0000064734000000000006,
      "fastest": 0.000003436,
      "slowest": 0.000029775
    }
  },
  "statusCodeDistribution": {
    "200": 412533
  },
  "errorDistribution": {}
}