{
  "summary": {
    "successRate": 1,
    "total": 10.000863832,
    "slowest": 0.010156373,
    "fastest": 0.000115976,
    "average": 0.001193628826772412,
    "requestsPerSec": 41822.28725699542,
    "totalData": 5437367,
    "sizePerRequest": 13,
    "sizePerSec": 543689.7343409405
  },
  "responseTimeHistogram": {
    "0.000115976": 1,
    "0.0011200157": 129950,
    "0.0021240554": 285994,
    "0.0031280951": 884,
    "0.0041321348": 30,
    "0.0051361745": 363,
    "0.006140214200000001": 867,
    "0.0071442539000000005": 70,
    "0.0081482936": 50,
    "0.009152333300000001": 0,
    "0.010156373": 50
  },
  "latencyPercentiles": {
    "p10": 0.00089277,
    "p25": 0.001063263,
    "p50": 0.001207364,
    "p75": 0.001277303,
    "p90": 0.001347831,
    "p95": 0.001487785,
    "p99": 0.002025958
  },
  "rps": {
    "mean": 41827.220445812905,
    "stddev": 4187.125695135551,
    "max": 53139.70598831358,
    "percentiles": {
      "p10": 38799.12798446807,
      "p25": 40774.261036819065,
      "p50": 42756.85648341259,
      "p75": 43908.93694932051,
      "p90": 45043.67885538642,
      "p95": 45719.636583914216,
      "p99": 47238.61699771747
    }
  },
  "details": {
    "DNSDialup": {
      "average": 0.0006427574399999999,
      "fastest": 0.00006592,
      "slowest": 0.001389028
    },
    "DNSLookup": {
      "average": 0.00000646778,
      "fastest": 0.000003406,
      "slowest": 0.000023915
    }
  },
  "statusCodeDistribution": {
    "200": 418259
  },
  "errorDistribution": {}
}