{
  "summary": {
    "successRate": 1,
    "total": 10.000688197,
    "slowest": 0.010978254,
    "fastest": 0.000208659,
    "average": 0.0012267311511746858,
    "requestsPerSec": 40694.49941675849,
    "totalData": 5290649,
    "sizePerRequest": 13,
    "sizePerSec": 529028.4924178603
  },
  "responseTimeHistogram": {
    "0.000208659": 1,
    "0.0012856184999999998": 278985,
    "0.0023625779999999997": 125615,
    "0.0034395374999999996": 955,
    "0.0045164969999999995": 17,
    "0.0055934565": 83,
    "0.006670415999999999": 1156,
    "0.007747375499999999": 11,
    "0.008824334999999999": 67,
    "0.0099012945": 13,
    "0.010978254": 70
  },
  "latencyPercentiles": {
    "p10": 0.000911469,
    "p25": 0.001087942,
    "p50": 0.001229974,
    "p75": 0.001305972,
    "p90": 0.001384462,
    "p95": 0.001514053,
    "p99": 0.002280636
  },
  "rps": {
    "mean": 40699.0251028472,
    "stddev": 4661.957148636165,
    "max": 47512.156030322185,
    "percentiles": {
      "p10": 37249.46356266578,
      "p25": 39410.65269942481,
      "p50": 41802.55095387802,
      "p75": 43239.390708937564,
      "p90": 44292.305842063106,
      "p95": 44784.68279311087,
      "p99": 45900.898141054095
    }
  },
  "details": {
    "DNSDialup": {
      "average": 0.00080423316,
      "fastest": 0.00009102,
      "slowest": 0.001118386
    },
    "DNSLookup": {
      "average": 0.00000654062,
      "fastest": 0.000003276,
      "slowest": 0.000029195
    }
  },
  "statusCodeDistribution": {
    "200": 406973
  },
  "errorDistribution": {}
}