{
  "summary": {
    "successRate": 1,
    "total": 10.000743193,
    "slowest": 0.010795209,
    "fastest": 0.00018097,
    "average": 0.001217554696877905,
    "requestsPerSec": 41001.55279329749,
    "totalData": 5330598,
    "sizePerRequest": 13,
    "sizePerSec": 533020.1863128673
  },
  "responseTimeHistogram": {
    "0.00018097": 1,
    "0.0012423939": 228801,
    "0.0023038178": 179119,
    "0.0033652417": 705,
    "0.0044266656": 21,
    "0.0054880895": 399,
    "0.0065495134": 836,
    "0.0076109373": 114,
    "0.008672361200000001": 0,
    "0.009733785100000001": 0,
    "0.010795209000000002": 50
  },
  "latencyPercentiles": {
    "p10": 0.000905327,
    "p25": 0.001082851,
    "p50": 0.00122539,
    "p75": 0.001297108,
    "p90": 0.001374913,
    "p95": 0.001529247,
    "p99": 0.002173156
  },
  "rps": {
    "mean": 41008.740647531136,
    "stddev": 4383.97647655358,
    "max": 52742.85509436236,
    "percentiles": {
      "p10": 37400.2138730742,
      "p25": 39713.94019021525,
      "p50": 42015.03285697348,
      "p75": 43319.92488223027,
      "p90": 44443.43901729851,
      "p95": 45243.84581097553,
      "p99": 46750.87898159597
    }
  },
  "details": {
    "DNSDialup": {
      "average": 0.00077471632,
      "fastest": 0.00008721,
      "slowest": 0.001521558
    },
    "DNSLookup": {
      "average": 0.000009964499999999996,
      "fastest": 0.000003186,
      "slowest": 0.00017205
    }
  },
  "statusCodeDistribution": {
    "200": 410046
  },
  "errorDistribution": {}
}