{
  "summary": {
    "successRate": 1,
    "total": 10.000744564,
    "slowest": 0.010715158,
    "fastest": 0.000250725,
    "average": 0.0011908274700957175,
    "requestsPerSec": 41918.97886374213,
    "totalData": 5449873,
    "sizePerRequest": 13,
    "sizePerSec": 544946.7252286477
  },
  "responseTimeHistogram": {
    "0.000250725": 1,
    "0.0012971683000000001": 345816,
    "0.0023436116": 71600,
    "0.0033900549000000003": 394,
    "0.004436498200000001": 10,
    "0.0054829415000000005": 413,
    "0.006529384800000001": 897,
    "0.007575828100000001": 40,
    "0.008622271400000001": 0,
    "0.0096687147": 0,
    "0.010715158": 50
  },
  "latencyPercentiles": {
    "p10": 0.000887714,
    "p25": 0.001062576,
    "p50": 0.001203037,
    "p75": 0.001271554,
    "p90": 0.001342328,
    "p95": 0.001476887,
    "p99": 0.002063404
  },
  "rps": {
    "mean": 41886.638083822305,
    "stddev": 4477.149325213036,
    "max": 56309.33608792185,
    "percentiles": {
      "p10": 38896.147386725235,
      "p25": 40818.360098373196,
      "p50": 42899.73543456573,
      "p75": 44075.015264063746,
      "p90": 45288.934811329294,
      "p95": 45903.705651807955,
      "p99": 47126.24177646747
    }
  },
  "details": {
    "DNSDialup": {
      "average": 0.0007912736999999999,
      "fastest": 0.000100039,
      "slowest": 0.001108226
    },
    "DNSLookup": {
      "average": 0.0000076277799999999995,
      "fastest": 0.000004028,
      "slowest": 0.000033933
    }
  },
  "statusCodeDistribution": {
    "200": 419221
  },
  "errorDistribution": {}
}