{
  "summary": {
    "successRate": 1,
    "total": 10.000864629,
    "slowest": 0.011815863,
    "fastest": 0.000195798,
    "average": 0.0012431983902814546,
    "requestsPerSec": 40175.22633342305,
    "totalData": 5223231,
    "sizePerRequest": 13,
    "sizePerSec": 522277.9423344997
  },
  "responseTimeHistogram": {
    "0.000195798": 1,
    "0.0013578045": 347938,
    "0.002519811": 42536,
    "0.0036818174999999997": 7841,
    "0.004843823999999999": 985,
    "0.006005830499999999": 447,
    "0.007167836999999999": 134,
    "0.0083298435": 840,
    "0.00949185": 990,
    "0.0106538565": 27,
    "0.011815863": 48
  },
  "latencyPercentiles": {
    "p10": 0.000965387,
    "p25": 0.001034788,
    "p50": 0.001088285,
    "p75": 0.001153984,
    "p90": 0.001806679,
    "p95": 0.002280574,
    "p99": 0.003295362
  },
  "rps": {
    "mean": 40198.075073019674,
    "stddev": 10313.016964257298,
    "max": 55879.70961182956,
    "percentiles": {
      "p10": 23387.504347516697,
      "p25": 39089.96947374198,
      "p50": 45408.24613750024,
      "p75": 47041.4717615071,
      "p90": 47617.2058846454,
      "p95": 47981.487371274765,
      "p99": 48726.90175237886
    }
  },
  "details": {
    "DNSDialup": {
      "average": 0.0014927887000000001,
      "fastest": 0.000066699,
      "slowest": 0.001582981
    },
    "DNSLookup": {
      "average": 0.000004369979999999999,
      "fastest": 0.0000029,
      "slowest": 0.0000367
    }
  },
  "statusCodeDistribution": {
    "200": 401787
  },
  "errorDistribution": {}
}