{
  "summary": {
    "successRate": 1,
    "total": 10.000755841,
    "slowest": 0.01090984,
    "fastest": 0.00035431,
    "average": 0.001242590600276751,
    "requestsPerSec": 40176.2633132961,
    "totalData": 5223309,
    "sizePerRequest": 13,
    "sizePerSec": 522291.4230728493
  },
  "responseTimeHistogram": {
    "0.00035431": 1,
    "0.0014098630000000001": 360217,
    "0.0024654160000000002": 39750,
    "0.0035209690000000005": 475,
    "0.004576522": 0,
    "0.005632075": 112,
    "0.006687628000000001": 1129,
    "0.007743181000000001": 59,
    "0.008798734": 0,
    "0.009854287000000002": 0,
    "0.01090984": 50
  },
  "latencyPercentiles": {
    "p10": 0.000918576,
    "p25": 0.001110142,
    "p50": 0.001246511,
    "p75": 0.00132146,
    "p90": 0.001414609,
    "p95": 0.001539391,
    "p99": 0.002288148
  },
  "rps": {
    "mean": 40176.34058087695,
    "stddev": 4452.169941784763,
    "max": 47183.493278317306,
    "percentiles": {
      "p10": 36744.66306670802,
      "p25": 38671.95096276065,
      "p50": 41172.19886821063,
      "p75": 42542.49888517218,
      "p90": 43668.733016108024,
      "p95": 44675.30021851993,
      "p99": 46214.30563831194
    }
  },
  "details": {
    "DNSDialup": {
      "average": 0.0005451719,
      "fastest": 0.000086175,
      "slowest": 0.000932896
    },
    "DNSLookup": {
      "average": 0.000006395860000000001,
      "fastest": 0.000003587,
      "slowest": 0.000029385
    }
  },
  "statusCodeDistribution": {
    "200": 401793
  },
  "errorDistribution": {}
}