{
  "summary": {
    "successRate": 1,
    "total": 10.000742752,
    "slowest": 0.012911587,
    "fastest": 0.000302907,
    "average": 0.0014036538819398473,
    "requestsPerSec": 35567.35822735419,
    "totalData": 4624100,
    "sizePerRequest": 13,
    "sizePerSec": 462375.65695560444
  },
  "responseTimeHistogram": {
    "0.000302907": 1,
    "0.001563775": 299948,
    "0.002824643": 40467,
    "0.004085511": 11084,
    "0.005346379": 1806,
    "0.006607247": 643,
    "0.007868115": 86,
    "0.009128983": 292,
    "0.010389851": 1079,
    "0.011650719": 152,
    "0.012911587": 142
  },
  "latencyPercentiles": {
    "p10": 0.001051111,
    "p25": 0.001128425,
    "p50": 0.001193813,
    "p75": 0.001283428,
    "p90": 0.002120147,
    "p95": 0.002588457,
    "p99": 0.0044597
  },
  "rps": {
    "mean": 35651.672297386496,
    "stddev": 10050.508110913654,
    "max": 48679.23351505353,
    "percentiles": {
      "p10": 21504.036307614886,
      "p25": 31238.091729054966,
      "p50": 41526.1365503469,
      "p75": 43022.27263053898,
      "p90": 43689.7785934107,
      "p95": 44008.94567226244,
      "p99": 44697.69561711191
    }
  },
  "details": {
    "DNSDialup": {
      "average": 0.0018323667399999998,
      "fastest": 0.000096402,
      "slowest": 0.002036546
    },
    "DNSLookup": {
      "average": 0.000004908140000000002,
      "fastest": 0.0000038,
      "slowest": 0.000038401
    }
  },
  "statusCodeDistribution": {
    "200": 355700
  },
  "errorDistribution": {}
}