{
  "summary": {
    "successRate": 1,
    "total": 10.000818323,
    "slowest": 0.015825483,
    "fastest": 0.00017341,
    "average": 0.001552365394222395,
    "requestsPerSec": 32162.968030351247,
    "totalData": 4181528,
    "sizePerRequest": 13,
    "sizePerSec": 418118.5843945662
  },
  "responseTimeHistogram": {
    "0.00017341": 1,
    "0.0017386173000000001": 280589,
    "0.0033038246000000005": 31227,
    "0.0048690319": 6738,
    "0.0064342392000000005": 1357,
    "0.007999446500000002": 309,
    "0.009564653800000001": 205,
    "0.011129861100000003": 861,
    "0.012695068400000002": 204,
    "0.014260275700000002": 115,
    "0.015825483": 50
  },
  "latencyPercentiles": {
    "p10": 0.001130763,
    "p25": 0.001280664,
    "p50": 0.001377469,
    "p75": 0.001465082,
    "p90": 0.002005512,
    "p95": 0.003003868,
    "p99": 0.004798567
  },
  "rps": {
    "mean": 32255.113595731054,
    "stddev": 7965.943308889132,
    "max": 42671.4263594795,
    "percentiles": {
      "p10": 20946.24669442037,
      "p25": 29817.12397429643,
      "p50": 35761.80428348107,
      "p75": 37606.92719599229,
      "p90": 38534.489220827985,
      "p95": 39021.85223725457,
      "p99": 40019.38138640331
    }
  },
  "details": {
    "DNSDialup": {
      "average": 0.0018234617200000003,
      "fastest": 0.000106106,
      "slowest": 0.002066715
    },
    "DNSLookup": {
      "average": 0.000005664300000000001,
      "fastest": 0.0000037,
      "slowest": 0.000045302
    }
  },
  "statusCodeDistribution": {
    "200": 321656
  },
  "errorDistribution": {}
}