{
  "summary": {
    "successRate": 1,
    "total": 10.000399855,
    "slowest": 0.010633004,
    "fastest": 0.000302925,
    "average": 0.0011417179733977554,
    "requestsPerSec": 43727.65152798983,
    "totalData": 5684822,
    "sizePerRequest": 13,
    "sizePerSec": 568459.4698638677
  },
  "responseTimeHistogram": {
    "0.000302925": 1,
    "0.0013359329": 408645,
    "0.0023689407999999998": 26887,
    "0.0034019487": 306,
    "0.0044349566": 107,
    "0.005467964499999999": 1032,
    "0.0065009724": 216,
    "0.0075339803": 40,
    "0.0085669882": 1,
    "0.0095999961": 11,
    "0.010633004": 48
  },
  "latencyPercentiles": {
    "p10": 0.00084691,
    "p25": 0.001038435,
    "p50": 0.001150124,
    "p75": 0.001208578,
    "p90": 0.001276709,
    "p95": 0.001401922,
    "p99": 0.002133983
  },
  "rps": {
    "mean": 43722.098425928976,
    "stddev": 4359.417250156291,
    "max": 52653.05321642037,
    "percentiles": {
      "p10": 40102.82724932078,
      "p25": 42380.368765851614,
      "p50": 44962.47640473846,
      "p75": 46081.58964386117,
      "p90": 46833.95930389427,
      "p95": 47348.51334696499,
      "p99": 48687.87207609222
    }
  },
  "details": {
    "DNSDialup": {
      "average": 0.0009580999600000002,
      "fastest": 0.000137586,
      "slowest": 0.002016896
    },
    "DNSLookup": {
      "average": 0.000028361179999999997,
      "fastest": 0.000004689,
      "slowest": 0.001034037
    }
  },
  "statusCodeDistribution": {
    "200": 437294
  },
  "errorDistribution": {}
}