{
  "summary": {
    "successRate": 1,
    "total": 10.000609462,
    "slowest": 0.011363808,
    "fastest": 0.000179123,
    "average": 0.0012259710294170963,
    "requestsPerSec": 40725.51793443887,
    "totalData": 5294640,
    "sizePerRequest": 13,
    "sizePerSec": 529431.7331477052
  },
  "responseTimeHistogram": {
    "0.000179123": 1,
    "0.0012975915": 279773,
    "0.0024160600000000003": 125624,
    "0.0035345285": 465,
    "0.004652997": 17,
    "0.0057714655": 894,
    "0.006889934": 418,
    "0.0080084025": 20,
    "0.009126871": 3,
    "0.0102453395": 15,
    "0.011363808": 50
  },
  "latencyPercentiles": {
    "p10": 0.000916841,
    "p25": 0.001071663,
    "p50": 0.001231852,
    "p75": 0.001319286,
    "p90": 0.001398053,
    "p95": 0.001534892,
    "p99": 0.002164811
  },
  "rps": {
    "mean": 40732.88863559047,
    "stddev": 4246.295459307889,
    "max": 50001.12215461976,
    "percentiles": {
      "p10": 37619.212338439844,
      "p25": 39848.36757302475,
      "p50": 41536.930484894125,
      "p75": 42976.23695249455,
      "p90": 43917.672471400954,
      "p95": 44582.3147942821,
      "p99": 46119.23805354951
    }
  },
  "details": {
    "DNSDialup": {
      "average": 0.0010653237400000003,
      "fastest": 0.000118851,
      "slowest": 0.001378566
    },
    "DNSLookup": {
      "average": 0.000005380300000000001,
      "fastest": 0.000002565,
      "slowest": 0.000029024
    }
  },
  "statusCodeDistribution": {
    "200": 407280
  },
  "errorDistribution": {}
}