{
  "summary": {
    "successRate": 1,
    "total": 10.000735742,
    "slowest": 0.011138423,
    "fastest": 0.000327401,
    "average": 0.0011932481720755908,
    "requestsPerSec": 41862.81997651049,
    "totalData": 5442567,
    "sizePerRequest": 13,
    "sizePerSec": 544216.6596946364
  },
  "responseTimeHistogram": {
    "0.000327401": 1,
    "0.0014085032": 379699,
    "0.0024896054000000003": 32820,
    "0.0035707076000000004": 2658,
    "0.0046518098": 925,
    "0.005732912": 512,
    "0.0068140142": 299,
    "0.0078951164": 710,
    "0.0089762186": 972,
    "0.0100573208": 13,
    "0.011138423": 50
  },
  "latencyPercentiles": {
    "p10": 0.000911601,
    "p25": 0.001019702,
    "p50": 0.001107102,
    "p75": 0.001144702,
    "p90": 0.001320003,
    "p95": 0.002092104,
    "p99": 0.002864505
  },
  "rps": {
    "mean": 41857.87842942276,
    "stddev": 8880.12501953889,
    "max": 50054.83140526289,
    "percentiles": {
      "p10": 26578.35298459509,
      "p25": 40821.557864705464,
      "p50": 46111.896869390606,
      "p75": 47207.46349998153,
      "p90": 47735.484988499025,
      "p95": 47946.64668176949,
      "p99": 48472.21756035477
    }
  },
  "details": {
    "DNSDialup": {
      "average": 0.0011807383600000003,
      "fastest": 0.0000641,
      "slowest": 0.001342503
    },
    "DNSLookup": {
      "average": 0.0000044620000000000015,
      "fastest": 0.000003,
      "slowest": 0.0000377
    }
  },
  "statusCodeDistribution": {
    "200": 418659
  },
  "errorDistribution": {}
}