{
  "summary": {
    "successRate": 1,
    "total": 10.000848097,
    "slowest": 0.010707876,
    "fastest": 0.000186659,
    "average": 0.0011858521311134268,
    "requestsPerSec": 42100.429475206336,
    "totalData": 5473520,
    "sizePerRequest": 13,
    "sizePerSec": 547305.5831776824
  },
  "responseTimeHistogram": {
    "0.000186659": 1,
    "0.0012387807": 274257,
    "0.0022909023999999997": 144923,
    "0.0033430240999999996": 459,
    "0.004395145799999999": 0,
    "0.005447267499999999": 473,
    "0.006499389199999999": 777,
    "0.007551510899999998": 100,
    "0.0086036326": 0,
    "0.0096557543": 0,
    "0.010707876": 50
  },
  "latencyPercentiles": {
    "p10": 0.000885539,
    "p25": 0.001056008,
    "p50": 0.00119593,
    "p75": 0.001267179,
    "p90": 0.001346912,
    "p95": 0.001494101,
    "p99": 0.002020484
  },
  "rps": {
    "mean": 42110.43581920779,
    "stddev": 4477.062255496702,
    "max": 52474.52076163579,
    "percentiles": {
      "p10": 38847.7906325507,
      "p25": 41103.2966949254,
      "p50": 43043.80118892446,
      "p75": 44402.27339639764,
      "p90": 45752.97735227738,
      "p95": 46483.87119350456,
      "p99": 47806.633706187706
    }
  },
  "details": {
    "DNSDialup": {
      "average": 0.0008387376799999997,
      "fastest": 0.000105053,
      "slowest": 0.001311887
    },
    "DNSLookup": {
      "average": 0.000007635239999999997,
      "fastest": 0.000003747,
      "slowest": 0.000033523
    }
  },
  "statusCodeDistribution": {
    "200": 421040
  },
  "errorDistribution": {}
}