{
  "summary": {
    "successRate": 1,
    "total": 10.000119884,
    "slowest": 0.007370962,
    "fastest": 0.000570341,
    "average": 0.0013446032705303188,
    "requestsPerSec": 37133.654826892474,
    "totalData": 4827433,
    "sizePerRequest": 13,
    "sizePerSec": 482737.51274960215
  },
  "responseTimeHistogram": {
    "0.000570341": 1,
    "0.0012504031": 106616,
    "0.0019304652": 254550,
    "0.0026105273": 8073,
    "0.0032905894": 386,
    "0.0039706515": 45,
    "0.0046507136": 20,
    "0.0053307757": 936,
    "0.0060108378": 532,
    "0.0066908999": 77,
    "0.007370962": 105
  },
  "latencyPercentiles": {
    "p10": 0.001139666,
    "p25": 0.001236611,
    "p50": 0.00130834,
    "p75": 0.001386622,
    "p90": 0.001480648,
    "p95": 0.001594966,
    "p99": 0.00223056
  },
  "rps": {
    "mean": 37132.94842984774,
    "stddev": 3737.124745236457,
    "max": 43086.621081901605,
    "percentiles": {
      "p10": 34726.499791994735,
      "p25": 36648.72447919433,
      "p50": 38042.12807462722,
      "p75": 38925.001528482055,
      "p90": 39688.20460484429,
      "p95": 40189.74772564583,
      "p99": 41227.71739440622
    }
  },
  "details": {
    "DNSDialup": {
      "average": 0.0011913824799999998,
      "fastest": 0.000104083,
      "slowest": 0.002360967
    },
    "DNSLookup": {
      "average": 0.0000068726,
      "fastest": 0.000003527,
      "slowest": 0.000031989
    }
  },
  "statusCodeDistribution": {
    "200": 371341
  },
  "errorDistribution": {}
}