{
  "summary": {
    "successRate": 1,
    "total": 10.000377058,
    "slowest": 0.009830742,
    "fastest": 0.000435765,
    "average": 0.00118837096561332,
    "requestsPerSec": 42011.81591087163,
    "totalData": 5461742,
    "sizePerRequest": 13,
    "sizePerSec": 546153.6068413312
  },
  "responseTimeHistogram": {
    "0.000435765": 1,
    "0.0013752627000000002": 392034,
    "0.0023147604": 24890,
    "0.0032542581000000004": 1294,
    "0.004193755800000001": 65,
    "0.0051332535000000006": 0,
    "0.006072751200000001": 1433,
    "0.007012248900000001": 283,
    "0.0079517466": 66,
    "0.0088912443": 18,
    "0.009830742": 50
  },
  "latencyPercentiles": {
    "p10": 0.000872272,
    "p25": 0.001064399,
    "p50": 0.001193342,
    "p75": 0.001258282,
    "p90": 0.001326626,
    "p95": 0.001447435,
    "p99": 0.002243409
  },
  "rps": {
    "mean": 42004.339446724436,
    "stddev": 5073.936867697923,
    "max": 51361.29456893848,
    "percentiles": {
      "p10": 38412.41588144493,
      "p25": 41138.25446282319,
      "p50": 43370.48571337843,
      "p75": 44448.51582593277,
      "p90": 45601.97049481107,
      "p95": 46175.036692295915,
      "p99": 47312.14029520093
    }
  },
  "details": {
    "DNSDialup": {
      "average": 0.0012328500199999997,
      "fastest": 0.000125885,
      "slowest": 0.002535323
    },
    "DNSLookup": {
      "average": 0.000011119379999999998,
      "fastest": 0.000003757,
      "slowest": 0.000177676
    }
  },
  "statusCodeDistribution": {
    "200": 420134
  },
  "errorDistribution": {}
}