{
  "summary": {
    "successRate": 1,
    "total": 10.000556536,
    "slowest": 0.016543365,
    "fastest": 0.000203102,
    "average": 0.0018205634707728618,
    "requestsPerSec": 27397.675220742338,
    "totalData": 3561896,
    "sizePerRequest": 13,
    "sizePerSec": 356169.7778696504
  },
  "responseTimeHistogram": {
    "0.000203102": 1,
    "0.0018371283": 218666,
    "0.0034711546000000004": 42136,
    "0.005105180900000001": 8539,
    "0.006739207200000001": 3319,
    "0.0083732335": 542,
    "0.010007259800000001": 243,
    "0.0116412861": 34,
    "0.013275312400000001": 303,
    "0.014909338700000002": 145,
    "0.016543365": 64
  },
  "latencyPercentiles": {
    "p10": 0.001319806,
    "p25": 0.001473814,
    "p50": 0.001601507,
    "p75": 0.001770608,
    "p90": 0.002286023,
    "p95": 0.003392416,
    "p99": 0.005486025
  },
  "rps": {
    "mean": 27453.184599082117,
    "stddev": 7139.201751840769,
    "max": 35868.36644732144,
    "percentiles": {
      "p10": 15688.0873554532,
      "p25": 25869.963416233673,
      "p50": 30615.02279168759,
      "p75": 31976.42685783232,
      "p90": 32825.70604128496,
      "p95": 33412.36257415369,
      "p99": 34859.4188301093
    }
  },
  "details": {
    "DNSDialup": {
      "average": 0.00291570884,
      "fastest": 0.000097601,
      "slowest": 0.007274277
    },
    "DNSLookup": {
      "average": 0.00000986814,
      "fastest": 0.0000053,
      "slowest": 0.000064801
    }
  },
  "statusCodeDistribution": {
    "200": 273992
  },
  "errorDistribution": {}
}