{
  "summary": {
    "successRate": 1,
    "total": 10.00061611,
    "slowest": 0.010642037,
    "fastest": 0.000227057,
    "average": 0.0012119289102099184,
    "requestsPerSec": 41210.26099460987,
    "totalData": 5357664,
    "sizePerRequest": 13,
    "sizePerSec": 535733.3929299283
  },
  "responseTimeHistogram": {
    "0.000227057": 1,
    "0.001268555": 265461,
    "0.0023100530000000003": 144692,
    "0.0033515510000000004": 514,
    "0.004393049": 37,
    "0.0054345470000000005": 152,
    "0.006476045000000001": 1131,
    "0.007517543000000001": 90,
    "0.008559041": 0,
    "0.009600539": 0,
    "0.010642037": 50
  },
  "latencyPercentiles": {
    "p10": 0.000908094,
    "p25": 0.001061332,
    "p50": 0.001218666,
    "p75": 0.001303942,
    "p90": 0.001380083,
    "p95": 0.001508646,
    "p99": 0.00212004
  },
  "rps": {
    "mean": 41212.98627522905,
    "stddev": 4274.163956911071,
    "max": 52106.0329912705,
    "percentiles": {
      "p10": 38142.23489670034,
      "p25": 40336.18559209451,
      "p50": 42116.829885224,
      "p75": 43419.81680438725,
      "p90": 44320.287668767494,
      "p95": 44918.99182136698,
      "p99": 46656.97271901555
    }
  },
  "details": {
    "DNSDialup": {
      "average": 0.0009655804999999998,
      "fastest": 0.000103294,
      "slowest": 0.001895012
    },
    "DNSLookup": {
      "average": 0.000006342539999999999,
      "fastest": 0.000002575,
      "slowest": 0.000030266
    }
  },
  "statusCodeDistribution": {
    "200": 412128
  },
  "errorDistribution": {}
}