{
  "summary": {
    "successRate": 1,
    "total": 10.000583863,
    "slowest": 0.012515612,
    "fastest": 0.000282747,
    "average": 0.0012336408778486152,
    "requestsPerSec": 40468.73718017038,
    "totalData": 5261243,
    "sizePerRequest": 13,
    "sizePerSec": 526093.5833422149
  },
  "responseTimeHistogram": {
    "0.000282747": 1,
    "0.0015060335": 381353,
    "0.00272932": 21628,
    "0.0039526065": 379,
    "0.005175893": 0,
    "0.0063991795": 941,
    "0.007622466": 309,
    "0.0088457525": 0,
    "0.010069039": 21,
    "0.0112923255": 29,
    "0.012515612": 50
  },
  "latencyPercentiles": {
    "p10": 0.000907101,
    "p25": 0.001090611,
    "p50": 0.001236623,
    "p75": 0.001312074,
    "p90": 0.001393984,
    "p95": 0.00154636,
    "p99": 0.002314536
  },
  "rps": {
    "mean": 40485.706584186715,
    "stddev": 4735.983742295733,
    "max": 48137.22961418399,
    "percentiles": {
      "p10": 36900.817816951785,
      "p25": 39242.8846243175,
      "p50": 41627.8573621473,
      "p75": 42982.39839487801,
      "p90": 44026.14272354889,
      "p95": 44837.6936631729,
      "p99": 46282.5488168245
    }
  },
  "details": {
    "DNSDialup": {
      "average": 0.00055398022,
      "fastest": 0.000073777,
      "slowest": 0.000967191
    },
    "DNSLookup": {
      "average": 0.000008089760000000002,
      "fastest": 0.000004228,
      "slowest": 0.000035175
    }
  },
  "statusCodeDistribution": {
    "200": 404711
  },
  "errorDistribution": {}
}