{
  "summary": {
    "successRate": 1,
    "total": 10.000801665,
    "slowest": 0.012169995,
    "fastest": 0.0001314,
    "average": 0.001114457276548332,
    "requestsPerSec": 44824.006616273604,
    "totalData": 5827588,
    "sizePerRequest": 13,
    "sizePerSec": 582712.0860115568
  },
  "responseTimeHistogram": {
    "0.0001314": 1,
    "0.0013352595": 415919,
    "0.002539119": 23465,
    "0.0037429785": 7334,
    "0.004946838": 376,
    "0.0061506975": 231,
    "0.007354557": 78,
    "0.0085584165": 23,
    "0.009762276": 204,
    "0.0109661355": 370,
    "0.012169995": 275
  },
  "latencyPercentiles": {
    "p10": 0.0008653,
    "p25": 0.000972599,
    "p50": 0.001042999,
    "p75": 0.001075099,
    "p90": 0.001122499,
    "p95": 0.001835399,
    "p99": 0.003396499
  },
  "rps": {
    "mean": 44886.841957518285,
    "stddev": 9488.311431436408,
    "max": 51425.968644852306,
    "percentiles": {
      "p10": 32997.436884807095,
      "p25": 41918.460890177914,
      "p50": 49558.60736701696,
      "p75": 50006.53893118827,
      "p90": 50329.71969948404,
      "p95": 50608.62370948001,
      "p99": 51002.575630070605
    }
  },
  "details": {
    "DNSDialup": {
      "average": 0.0015230015999999995,
      "fastest": 0.0000974,
      "slowest": 0.001846499
    },
    "DNSLookup": {
      "average": 0.000004729980000000002,
      "fastest": 0.0000028,
      "slowest": 0.000054699
    }
  },
  "statusCodeDistribution": {
    "200": 448276
  },
  "errorDistribution": {}
}