{
  "summary": {
    "successRate": 1,
    "total": 10.000614463,
    "slowest": 0.02009062,
    "fastest": 0.000392397,
    "average": 0.0018857474091386458,
    "requestsPerSec": 26459.574157068473,
    "totalData": 3439956,
    "sizePerRequest": 13,
    "sizePerSec": 343974.46404189017
  },
  "responseTimeHistogram": {
    "0.000392397": 1,
    "0.0023622193": 235228,
    "0.0043320416": 25245,
    "0.0063018639": 2560,
    "0.0082716862": 367,
    "0.0102415085": 339,
    "0.0122113308": 526,
    "0.0141811531": 218,
    "0.0161509754": 78,
    "0.0181207977": 0,
    "0.02009062": 50
  },
  "latencyPercentiles": {
    "p10": 0.001376988,
    "p25": 0.001537486,
    "p50": 0.001682785,
    "p75": 0.001872784,
    "p90": 0.002522079,
    "p95": 0.003345971,
    "p99": 0.004939458
  },
  "rps": {
    "mean": 26559.13515206353,
    "stddev": 6431.935326825641,
    "max": 59549.63462043078,
    "percentiles": {
      "p10": 16902.339283755624,
      "p25": 24058.917884006296,
      "p50": 29174.122834726117,
      "p75": 30684.332820323587,
      "p90": 31846.12592879394,
      "p95": 32421.426672456986,
      "p99": 33614.04959420496
    }
  },
  "details": {
    "DNSDialup": {
      "average": 0.0026141706800000015,
      "fastest": 0.000097799,
      "slowest": 0.00563395
    },
    "DNSLookup": {
      "average": 0.000009755940000000004,
      "fastest": 0.0000057,
      "slowest": 0.0000713
    }
  },
  "statusCodeDistribution": {
    "200": 264612
  },
  "errorDistribution": {}
}