{
  "summary": {
    "successRate": 1,
    "total": 10.000401127,
    "slowest": 0.011152803,
    "fastest": 0.000263137,
    "average": 0.0012028583163827512,
    "requestsPerSec": 41505.335108944375,
    "totalData": 5395910,
    "sizePerRequest": 13,
    "sizePerSec": 539569.3564162769
  },
  "responseTimeHistogram": {
    "0.000263137": 1,
    "0.0013521036": 371986,
    "0.0024410702": 41422,
    "0.0035300368": 261,
    "0.0046190034": 0,
    "0.00570797": 642,
    "0.0067969366": 658,
    "0.0078859032": 7,
    "0.0089748698": 43,
    "0.0100638364": 0,
    "0.011152803": 50
  },
  "latencyPercentiles": {
    "p10": 0.000892052,
    "p25": 0.001082041,
    "p50": 0.001214137,
    "p75": 0.001281204,
    "p90": 0.00135568,
    "p95": 0.001471424,
    "p99": 0.002094065
  },
  "rps": {
    "mean": 41493.045948851795,
    "stddev": 4433.8711968865155,
    "max": 50954.64196269191,
    "percentiles": {
      "p10": 38560.428046792505,
      "p25": 40387.72618003462,
      "p50": 42517.89125465961,
      "p75": 43675.95058994705,
      "p90": 44679.275593318904,
      "p95": 45610.395793220574,
      "p99": 47600.89485673751
    }
  },
  "details": {
    "DNSDialup": {
      "average": 0.0008725565799999998,
      "fastest": 0.000160809,
      "slowest": 0.001857368
    },
    "DNSLookup": {
      "average": 0.000008976579999999998,
      "fastest": 0.000004098,
      "slowest": 0.000055543
    }
  },
  "statusCodeDistribution": {
    "200": 415070
  },
  "errorDistribution": {}
}