{
  "summary": {
    "successRate": 1,
    "total": 10.000657413,
    "slowest": 0.01522676,
    "fastest": 0.000382004,
    "average": 0.0013347040102319196,
    "requestsPerSec": 37409.84062844429,
    "totalData": 4863599,
    "sizePerRequest": 13,
    "sizePerSec": 486327.92816977575
  },
  "responseTimeHistogram": {
    "0.000382004": 1,
    "0.0018664796": 345161,
    "0.0033509552": 25402,
    "0.0048354308": 1621,
    "0.0063199064": 426,
    "0.007804382": 70,
    "0.0092888576": 701,
    "0.0107733332": 576,
    "0.0122578088": 53,
    "0.0137422844": 61,
    "0.01522676": 51
  },
  "latencyPercentiles": {
    "p10": 0.001018111,
    "p25": 0.001132212,
    "p50": 0.001224713,
    "p75": 0.001268813,
    "p90": 0.001437415,
    "p95": 0.002597327,
    "p99": 0.003213934
  },
  "rps": {
    "mean": 37465.43233793736,
    "stddev": 8359.097151214224,
    "max": 44093.771073388634,
    "percentiles": {
      "p10": 25150.9823667808,
      "p25": 34969.62811776696,
      "p50": 41800.815115896265,
      "p75": 42532.63223199472,
      "p90": 42981.639325734046,
      "p95": 43273.50511877135,
      "p99": 43773.32046237195
    }
  },
  "details": {
    "DNSDialup": {
      "average": 0.0018448474599999998,
      "fastest": 0.0000791,
      "slowest": 0.003974842
    },
    "DNSLookup": {
      "average": 0.00000620006,
      "fastest": 0.0000037,
      "slowest": 0.0000666
    }
  },
  "statusCodeDistribution": {
    "200": 374123
  },
  "errorDistribution": {}
}