{
  "summary": {
    "successRate": 1,
    "total": 10.000667199,
    "slowest": 0.009201864,
    "fastest": 0.000251658,
    "average": 0.0009298089625513276,
    "requestsPerSec": 53704.61683333534,
    "totalData": 6982066,
    "sizePerRequest": 13,
    "sizePerSec": 698160.0188333594
  },
  "responseTimeHistogram": {
    "0.000251658": 1,
    "0.0011466786000000001": 514011,
    "0.0020416992": 20324,
    "0.0029367198000000002": 938,
    "0.0038317404000000003": 8,
    "0.004726761": 0,
    "0.0056217816": 184,
    "0.0065168022": 1516,
    "0.0074118228000000005": 1,
    "0.008306843400000001": 49,
    "0.009201864": 50
  },
  "latencyPercentiles": {
    "p10": 0.000629159,
    "p25": 0.000862731,
    "p50": 0.000942844,
    "p75": 0.000976651,
    "p90": 0.001018359,
    "p95": 0.001099278,
    "p99": 0.001938269
  },
  "rps": {
    "mean": 53724.8812893511,
    "stddev": 6387.005155686969,
    "max": 64423.6953169908,
    "percentiles": {
      "p10": 50024.80229697713,
      "p25": 51871.80094687169,
      "p50": 55718.43165719173,
      "p75": 57159.786643145446,
      "p90": 57898.36715332222,
      "p95": 58412.587912695155,
      "p99": 59964.047599239435
    }
  },
  "details": {
    "DNSDialup": {
      "average": 0.0005298995399999997,
      "fastest": 0.000072097,
      "slowest": 0.000830278
    },
    "DNSLookup": {
      "average": 0.000005591679999999999,
      "fastest": 0.000002982,
      "slowest": 0.000038064
    }
  },
  "statusCodeDistribution": {
    "200": 537082
  },
  "errorDistribution": {}
}