{
  "summary": {
    "successRate": 1,
    "total": 10.000618685,
    "slowest": 0.010686153,
    "fastest": 0.000171208,
    "average": 0.0012190283285931085,
    "requestsPerSec": 40952.06635708259,
    "totalData": 5324098,
    "sizePerRequest": 13,
    "sizePerSec": 532376.8626420737
  },
  "responseTimeHistogram": {
    "0.000171208": 1,
    "0.0012227025": 195424,
    "0.002274197": 211854,
    "0.0033256915": 851,
    "0.004377186": 16,
    "0.0054286805": 288,
    "0.006480175": 961,
    "0.0075316695": 1,
    "0.008583164": 51,
    "0.0096346585": 49,
    "0.010686153": 50
  },
  "latencyPercentiles": {
    "p10": 0.000906842,
    "p25": 0.001090367,
    "p50": 0.001229534,
    "p75": 0.001297948,
    "p90": 0.001364946,
    "p95": 0.00149634,
    "p99": 0.002158452
  },
  "rps": {
    "mean": 40961.77964049273,
    "stddev": 4359.013754128545,
    "max": 52038.61527972889,
    "percentiles": {
      "p10": 37811.30936262994,
      "p25": 39927.350416986854,
      "p50": 41935.76719861503,
      "p75": 43200.27648176982,
      "p90": 44157.98174651699,
      "p95": 44929.899699589485,
      "p99": 46655.49810964999
    }
  },
  "details": {
    "DNSDialup": {
      "average": 0.0006848963799999999,
      "fastest": 0.000084598,
      "slowest": 0.001546229
    },
    "DNSLookup": {
      "average": 0.000006357139999999998,
      "fastest": 0.000003346,
      "slowest": 0.000033242
    }
  },
  "statusCodeDistribution": {
    "200": 409546
  },
  "errorDistribution": {}
}