{
  "summary": {
    "successRate": 1,
    "total": 10.001283856,
    "slowest": 0.010074535,
    "fastest": 0.00018813,
    "average": 0.0011676641086284115,
    "requestsPerSec": 42778.9078042542,
    "totalData": 5561972,
    "sizePerRequest": 13,
    "sizePerSec": 556125.8014553046
  },
  "responseTimeHistogram": {
    "0.00018813": 1,
    "0.0011767705": 218120,
    "0.002165411": 204621,
    "0.0031540515": 3585,
    "0.004142692": 67,
    "0.0051313325": 0,
    "0.006119973": 1160,
    "0.0071086134999999995": 215,
    "0.008097254": 25,
    "0.0090858945": 0,
    "0.010074535": 50
  },
  "latencyPercentiles": {
    "p10": 0.000862147,
    "p25": 0.001035438,
    "p50": 0.00117417,
    "p75": 0.001234785,
    "p90": 0.0013016,
    "p95": 0.00145698,
    "p99": 0.002193205
  },
  "rps": {
    "mean": 42812.06988780619,
    "stddev": 4607.103601190967,
    "max": 67846.0828688841,
    "percentiles": {
      "p10": 39734.60902552989,
      "p25": 41821.88588063011,
      "p50": 43956.04395604394,
      "p75": 45125.671994790675,
      "p90": 46069.5286229169,
      "p95": 46553.900105545574,
      "p99": 47496.89366307542
    }
  },
  "details": {
    "DNSDialup": {
      "average": 0.0007236117000000001,
      "fastest": 0.000086138,
      "slowest": 0.001591826
    },
    "DNSLookup": {
      "average": 0.00000689068,
      "fastest": 0.000002494,
      "slowest": 0.00006751
    }
  },
  "statusCodeDistribution": {
    "200": 427844
  },
  "errorDistribution": {}
}