{
  "summary": {
    "successRate": 1,
    "total": 10.000932846,
    "slowest": 0.011379307,
    "fastest": 0.00027856,
    "average": 0.0011922269592871358,
    "requestsPerSec": 41872.29395980688,
    "totalData": 5443906,
    "sizePerRequest": 13,
    "sizePerSec": 544339.8214774894
  },
  "responseTimeHistogram": {
    "0.00027856": 1,
    "0.0013886347": 389941,
    "0.0024987094": 27059,
    "0.0036087841000000003": 360,
    "0.0047188588": 1,
    "0.005828933499999999": 1152,
    "0.0069390082": 198,
    "0.0080490829": 0,
    "0.0091591576": 0,
    "0.0102692323": 0,
    "0.011379307": 50
  },
  "latencyPercentiles": {
    "p10": 0.000888298,
    "p25": 0.001068033,
    "p50": 0.001204164,
    "p75": 0.001269266,
    "p90": 0.001338046,
    "p95": 0.001475384,
    "p99": 0.002067458
  },
  "rps": {
    "mean": 41877.79213965093,
    "stddev": 4355.9255135698295,
    "max": 52133.656439814775,
    "percentiles": {
      "p10": 38855.54768913149,
      "p25": 40720.47822462281,
      "p50": 42928.60391086786,
      "p75": 44098.57616091454,
      "p90": 45055.889001685486,
      "p95": 45768.69423317636,
      "p99": 47418.256283262825
    }
  },
  "details": {
    "DNSDialup": {
      "average": 0.0006395676200000002,
      "fastest": 0.000066764,
      "slowest": 0.001327308
    },
    "DNSLookup": {
      "average": 0.0000328364,
      "fastest": 0.000003707,
      "slowest": 0.001255601
    }
  },
  "statusCodeDistribution": {
    "200": 418762
  },
  "errorDistribution": {}
}