{
  "summary": {
    "successRate": 1,
    "total": 10.001156603,
    "slowest": 0.010518811,
    "fastest": 0.000316721,
    "average": 0.0012176856228954549,
    "requestsPerSec": 40978.86037271563,
    "totalData": 5327868,
    "sizePerRequest": 13,
    "sizePerSec": 532725.1848453032
  },
  "responseTimeHistogram": {
    "0.000316721": 1,
    "0.0013369299999999998": 341904,
    "0.0023571389999999994": 65924,
    "0.003377347999999999": 641,
    "0.004397556999999999": 16,
    "0.005417765999999998": 112,
    "0.0064379749999999986": 1097,
    "0.007458183999999999": 55,
    "0.008478392999999999": 36,
    "0.009498601999999998": 0,
    "0.010518810999999998": 50
  },
  "latencyPercentiles": {
    "p10": 0.000905324,
    "p25": 0.001080482,
    "p50": 0.001221426,
    "p75": 0.001298361,
    "p90": 0.001400231,
    "p95": 0.001531486,
    "p99": 0.002171457
  },
  "rps": {
    "mean": 41012.103657511296,
    "stddev": 4480.146985143749,
    "max": 49942.601038686546,
    "percentiles": {
      "p10": 37249.0270472716,
      "p25": 39713.77383824404,
      "p50": 42026.61545556691,
      "p75": 43450.559070535324,
      "p90": 44711.486655911795,
      "p95": 45513.84531174636,
      "p99": 47218.35849778577
    }
  },
  "details": {
    "DNSDialup": {
      "average": 0.0008520399000000003,
      "fastest": 0.000139164,
      "slowest": 0.001203609
    },
    "DNSLookup": {
      "average": 0.000007062159999999998,
      "fastest": 0.000003597,
      "slowest": 0.000036167
    }
  },
  "statusCodeDistribution": {
    "200": 409836
  },
  "errorDistribution": {}
}