{
  "summary": {
    "successRate": 1,
    "total": 10.000634379,
    "slowest": 0.011246191,
    "fastest": 0.000303737,
    "average": 0.0012177823472310971,
    "requestsPerSec": 40991.99955363152,
    "totalData": 5329298,
    "sizePerRequest": 13,
    "sizePerSec": 532895.9941972097
  },
  "responseTimeHistogram": {
    "0.000303737": 1,
    "0.0013979824": 372707,
    "0.0024922278": 35551,
    "0.0035864732": 337,
    "0.0046807186": 0,
    "0.005774964": 1005,
    "0.0068692093999999995": 199,
    "0.007963454799999999": 96,
    "0.0090577002": 0,
    "0.010151945599999998": 0,
    "0.011246191": 50
  },
  "latencyPercentiles": {
    "p10": 0.000910081,
    "p25": 0.001077466,
    "p50": 0.001226405,
    "p75": 0.001303999,
    "p90": 0.001386137,
    "p95": 0.001521729,
    "p99": 0.002146989
  },
  "rps": {
    "mean": 41008.284215569394,
    "stddev": 4332.197894612018,
    "max": 49561.56877662034,
    "percentiles": {
      "p10": 37663.285407555864,
      "p25": 39752.08751160836,
      "p50": 41925.51661163633,
      "p75": 43369.53068705825,
      "p90": 44484.49830452852,
      "p95": 45405.6802506025,
      "p99": 46421.68272680279
    }
  },
  "details": {
    "DNSDialup": {
      "average": 0.0005274468399999998,
      "fastest": 0.000101405,
      "slowest": 0.000781223
    },
    "DNSLookup": {
      "average": 0.000007001080000000001,
      "fastest": 0.000003957,
      "slowest": 0.000031459
    }
  },
  "statusCodeDistribution": {
    "200": 409946
  },
  "errorDistribution": {}
}