{
  "summary": {
    "successRate": 1,
    "total": 10.000685011,
    "slowest": 0.011211091,
    "fastest": 0.000164972,
    "average": 0.0012194235013543446,
    "requestsPerSec": 40939.69558581871,
    "totalData": 5322525,
    "sizePerRequest": 13,
    "sizePerSec": 532216.0426156432
  },
  "responseTimeHistogram": {
    "0.000164972": 1,
    "0.0012695839": 268105,
    "0.0023741958000000002": 139663,
    "0.0034788077000000002": 306,
    "0.0045834196": 105,
    "0.0056880315": 1071,
    "0.0067926434": 124,
    "0.0078972553": 0,
    "0.0090018672": 0,
    "0.0101064791": 0,
    "0.011211091": 50
  },
  "latencyPercentiles": {
    "p10": 0.000911666,
    "p25": 0.001099144,
    "p50": 0.001227248,
    "p75": 0.001298456,
    "p90": 0.001390483,
    "p95": 0.001526562,
    "p99": 0.002097987
  },
  "rps": {
    "mean": 40948.73252318476,
    "stddev": 3910.4749575523756,
    "max": 47730.65238526584,
    "percentiles": {
      "p10": 37686.7398003256,
      "p25": 39685.68138611264,
      "p50": 41715.63155912046,
      "p75": 43132.16797087654,
      "p90": 44312.78893513716,
      "p95": 45074.399804316585,
      "p99": 46180.83952934728
    }
  },
  "details": {
    "DNSDialup": {
      "average": 0.0005060604,
      "fastest": 0.000078419,
      "slowest": 0.000832856
    },
    "DNSLookup": {
      "average": 0.000007408979999999998,
      "fastest": 0.000004168,
      "slowest": 0.000032412
    }
  },
  "statusCodeDistribution": {
    "200": 409425
  },
  "errorDistribution": {}
}