{
  "summary": {
    "successRate": 1,
    "total": 10.000369445,
    "slowest": 0.018032838,
    "fastest": 0.000183602,
    "average": 0.0014002001763742304,
    "requestsPerSec": 35663.18244155629,
    "totalData": 4636385,
    "sizePerRequest": 13,
    "sizePerSec": 463621.3717402317
  },
  "responseTimeHistogram": {
    "0.000183602": 1,
    "0.0019685256": 325163,
    "0.0037534491999999995": 25090,
    "0.005538372799999998": 5030,
    "0.007323296399999998": 461,
    "0.009108219999999998": 132,
    "0.010893143599999997": 68,
    "0.012678067199999997": 1,
    "0.014462990799999997": 649,
    "0.016247914399999997": 2,
    "0.018032838": 48
  },
  "latencyPercentiles": {
    "p10": 0.001050308,
    "p25": 0.001176309,
    "p50": 0.001248809,
    "p75": 0.00130301,
    "p90": 0.001638213,
    "p95": 0.002411719,
    "p99": 0.005055739
  },
  "rps": {
    "mean": 35853.80812348854,
    "stddev": 9419.329222082188,
    "max": 46906.65282920281,
    "percentiles": {
      "p10": 21164.6028336896,
      "p25": 32136.066307216934,
      "p50": 40767.24353989782,
      "p75": 41524.013101541444,
      "p90": 42053.08360743829,
      "p95": 42436.46873473148,
      "p99": 43106.13400286785
    }
  },
  "details": {
    "DNSDialup": {
      "average": 0.0017124052200000006,
      "fastest": 0.000082001,
      "slowest": 0.004093831
    },
    "DNSLookup": {
      "average": 0.0000078581,
      "fastest": 0.0000038,
      "slowest": 0.0000631
    }
  },
  "statusCodeDistribution": {
    "200": 356645
  },
  "errorDistribution": {}
}