{
  "summary": {
    "successRate": 1,
    "total": 10.000756506,
    "slowest": 0.010434259,
    "fastest": 0.000424675,
    "average": 0.001145968596563998,
    "requestsPerSec": 43564.70430398058,
    "totalData": 5663840,
    "sizePerRequest": 13,
    "sizePerSec": 566341.1559517476
  },
  "responseTimeHistogram": {
    "0.000424675": 1,
    "0.0014256334": 417536,
    "0.0024265918": 17098,
    "0.0034275502000000006": 227,
    "0.0044285086000000005": 28,
    "0.005429467": 740,
    "0.006430425400000001": 0,
    "0.007431383800000001": 0,
    "0.0084323422": 0,
    "0.0094333006": 0,
    "0.010434259": 50
  },
  "latencyPercentiles": {
    "p10": 0.00085397,
    "p25": 0.001054195,
    "p50": 0.001164447,
    "p75": 0.001222699,
    "p90": 0.001283784,
    "p95": 0.001366318,
    "p99": 0.002020153
  },
  "rps": {
    "mean": 43570.88426803219,
    "stddev": 3572.218703490157,
    "max": 49884.71422169234,
    "percentiles": {
      "p10": 40409.88021571278,
      "p25": 42298.519733521935,
      "p50": 44363.124400869696,
      "p75": 45537.504688859655,
      "p90": 46515.55286615655,
      "p95": 47012.79688331504,
      "p99": 48123.90944203072
    }
  },
  "details": {
    "DNSDialup": {
      "average": 0.0008851419600000003,
      "fastest": 0.00014511,
      "slowest": 0.0012032
    },
    "DNSLookup": {
      "average": 0.00000861818,
      "fastest": 0.000004378,
      "slowest": 0.000031559
    }
  },
  "statusCodeDistribution": {
    "200": 435680
  },
  "errorDistribution": {}
}