{
  "summary": {
    "successRate": 1,
    "total": 10.000090044,
    "slowest": 0.008227311,
    "fastest": 0.000610668,
    "average": 0.0013708809639780594,
    "requestsPerSec": 36421.872042895375,
    "totalData": 4734886,
    "sizePerRequest": 13,
    "sizePerSec": 473484.3365576399
  },
  "responseTimeHistogram": {
    "0.000610668": 1,
    "0.0013723322999999999": 236312,
    "0.0021339965999999998": 120310,
    "0.0028956608999999994": 5744,
    "0.0036573251999999995": 167,
    "0.0044189895": 38,
    "0.005180653799999999": 50,
    "0.005942318099999999": 1411,
    "0.006703982399999999": 104,
    "0.007465646699999999": 55,
    "0.008227311": 30
  },
  "latencyPercentiles": {
    "p10": 0.001159313,
    "p25": 0.001258042,
    "p50": 0.001331,
    "p75": 0.001408498,
    "p90": 0.001509083,
    "p95": 0.001635877,
    "p99": 0.002309334
  },
  "rps": {
    "mean": 36424.66482067069,
    "stddev": 3800.419729555495,
    "max": 43799.969049358115,
    "percentiles": {
      "p10": 33686.850122376745,
      "p25": 35815.46511783786,
      "p50": 37503.562838465456,
      "p75": 38323.12417312726,
      "p90": 38947.76066015908,
      "p95": 39342.70560289111,
      "p99": 40362.96954802148
    }
  },
  "details": {
    "DNSDialup": {
      "average": 0.0011053882999999998,
      "fastest": 0.000091922,
      "slowest": 0.00224449
    },
    "DNSLookup": {
      "average": 0.000018770960000000004,
      "fastest": 0.000003296,
      "slowest": 0.000642735
    }
  },
  "statusCodeDistribution": {
    "200": 364222
  },
  "errorDistribution": {}
}