{
  "summary": {
    "successRate": 1,
    "total": 10.000818191,
    "slowest": 0.011115808,
    "fastest": 0.000159879,
    "average": 0.0011954214604410155,
    "requestsPerSec": 41779.78161586999,
    "totalData": 5431816,
    "sizePerRequest": 13,
    "sizePerSec": 543137.1610063099
  },
  "responseTimeHistogram": {
    "0.000159879": 1,
    "0.0012554718999999998": 272625,
    "0.0023510647999999998": 143299,
    "0.0034466576999999995": 507,
    "0.0045422506": 0,
    "0.0056378435": 1075,
    "0.006733436399999999": 254,
    "0.0078290293": 0,
    "0.0089246222": 21,
    "0.010020215099999999": 0,
    "0.011115808": 50
  },
  "latencyPercentiles": {
    "p10": 0.00089602,
    "p25": 0.001048846,
    "p50": 0.001201884,
    "p75": 0.001288465,
    "p90": 0.001367032,
    "p95": 0.001484134,
    "p99": 0.00207835
  },
  "rps": {
    "mean": 41787.38955428093,
    "stddev": 4227.812115488053,
    "max": 49833.92869381186,
    "percentiles": {
      "p10": 38876.12723234447,
      "p25": 40923.11746905822,
      "p50": 42564.698341479925,
      "p75": 43855.9382492348,
      "p90": 45034.40066534337,
      "p95": 45851.24965864116,
      "p99": 47214.200950088605
    }
  },
  "details": {
    "DNSDialup": {
      "average": 0.0007778860600000002,
      "fastest": 0.000075138,
      "slowest": 0.001099683
    },
    "DNSLookup": {
      "average": 0.0000071701999999999996,
      "fastest": 0.000003547,
      "slowest": 0.00004295
    }
  },
  "statusCodeDistribution": {
    "200": 417832
  },
  "errorDistribution": {}
}