{
  "summary": {
    "successRate": 1,
    "total": 10.000640978,
    "slowest": 0.012295548,
    "fastest": 0.000274935,
    "average": 0.0012155028115471327,
    "requestsPerSec": 41070.767454161876,
    "totalData": 5339542,
    "sizePerRequest": 13,
    "sizePerSec": 533919.9769041043
  },
  "responseTimeHistogram": {
    "0.000274935": 1,
    "0.0014769963": 386615,
    "0.0026790576": 22565,
    "0.0038811189": 153,
    "0.005083180200000001": 4,
    "0.0062852415": 1211,
    "0.0074873028": 135,
    "0.008689364100000001": 0,
    "0.0098914254": 0,
    "0.0110934867": 0,
    "0.012295548": 50
  },
  "latencyPercentiles": {
    "p10": 0.000900663,
    "p25": 0.00107077,
    "p50": 0.001222127,
    "p75": 0.001296618,
    "p90": 0.001379943,
    "p95": 0.001516288,
    "p99": 0.002235938
  },
  "rps": {
    "mean": 41079.35513639034,
    "stddev": 4538.937904351094,
    "max": 50063.79629561659,
    "percentiles": {
      "p10": 37639.14816685864,
      "p25": 39742.18633079051,
      "p50": 42021.36610959703,
      "p75": 43596.57441678685,
      "p90": 44812.33888866115,
      "p95": 45542.4860679564,
      "p99": 46908.653722653995
    }
  },
  "details": {
    "DNSDialup": {
      "average": 0.0008293115800000001,
      "fastest": 0.000126518,
      "slowest": 0.001173865
    },
    "DNSLookup": {
      "average": 0.0000196564,
      "fastest": 0.000004298,
      "slowest": 0.000575083
    }
  },
  "statusCodeDistribution": {
    "200": 410734
  },
  "errorDistribution": {}
}