{
  "summary": {
    "successRate": 1,
    "total": 10.000344128,
    "slowest": 0.008180616,
    "fastest": 0.00066858,
    "average": 0.0013564618488031747,
    "requestsPerSec": 36809.03329809892,
    "totalData": 4785339,
    "sizePerRequest": 13,
    "sizePerSec": 478517.432875286
  },
  "responseTimeHistogram": {
    "0.00066858": 1,
    "0.0014197836": 291716,
    "0.0021709872": 72362,
    "0.0029221908": 2223,
    "0.0036733944": 137,
    "0.004424598": 14,
    "0.0051758016": 351,
    "0.0059270052": 1111,
    "0.0066782088": 108,
    "0.0074294124": 50,
    "0.008180616": 30
  },
  "latencyPercentiles": {
    "p10": 0.001150383,
    "p25": 0.001246849,
    "p50": 0.001317725,
    "p75": 0.001398307,
    "p90": 0.001506629,
    "p95": 0.001640308,
    "p99": 0.002197691
  },
  "rps": {
    "mean": 36808.77017698688,
    "stddev": 3700.7290080563826,
    "max": 42742.80037503037,
    "percentiles": {
      "p10": 34148.39575497887,
      "p25": 36243.14746705963,
      "p50": 37812.194680733046,
      "p75": 38649.33587724866,
      "p90": 39425.40828119986,
      "p95": 39799.3867856323,
      "p99": 40555.96317358221
    }
  },
  "details": {
    "DNSDialup": {
      "average": 0.0009979137199999997,
      "fastest": 0.000073237,
      "slowest": 0.002098103
    },
    "DNSLookup": {
      "average": 0.000006576440000000001,
      "fastest": 0.000004308,
      "slowest": 0.000030778
    }
  },
  "statusCodeDistribution": {
    "200": 368103
  },
  "errorDistribution": {}
}