{
  "summary": {
    "successRate": 1,
    "total": 10.00114305,
    "slowest": 0.011639437,
    "fastest": 0.000435945,
    "average": 0.0012851258558840574,
    "requestsPerSec": 38830.96142695409,
    "totalData": 5048602,
    "sizePerRequest": 13,
    "sizePerSec": 504802.4985504032
  },
  "responseTimeHistogram": {
    "0.000435945": 1,
    "0.0015562942000000002": 366767,
    "0.0026766434000000004": 19775,
    "0.0037969926000000005": 478,
    "0.004917341800000001": 33,
    "0.006037691000000001": 257,
    "0.007158040200000001": 899,
    "0.0082783894": 94,
    "0.009398738600000001": 0,
    "0.010519087800000002": 0,
    "0.011639437000000002": 50
  },
  "latencyPercentiles": {
    "p10": 0.000952665,
    "p25": 0.0011305,
    "p50": 0.001289282,
    "p75": 0.001370708,
    "p90": 0.001452477,
    "p95": 0.001592796,
    "p99": 0.002452392
  },
  "rps": {
    "mean": 38855.20706981379,
    "stddev": 4580.011866010743,
    "max": 53315.14174968815,
    "percentiles": {
      "p10": 34892.94343498648,
      "p25": 37765.292414054114,
      "p50": 40007.985593925194,
      "p75": 41163.7369966507,
      "p90": 42375.9874759918,
      "p95": 43264.21051623354,
      "p99": 45055.67529796724
    }
  },
  "details": {
    "DNSDialup": {
      "average": 0.0008500921200000005,
      "fastest": 0.00009695,
      "slowest": 0.001669089
    },
    "DNSLookup": {
      "average": 0.00000688948,
      "fastest": 0.000003637,
      "slowest": 0.0000267
    }
  },
  "statusCodeDistribution": {
    "200": 388354
  },
  "errorDistribution": {}
}