{
  "summary": {
    "successRate": 1,
    "total": 10.000675892,
    "slowest": 0.014497153,
    "fastest": 0.000192905,
    "average": 0.0013764195557865557,
    "requestsPerSec": 36268.84861753702,
    "totalData": 4715269,
    "sizePerRequest": 13,
    "sizePerSec": 471495.03202798124
  },
  "responseTimeHistogram": {
    "0.000192905": 1,
    "0.0016233298": 312855,
    "0.0030537546000000003": 42170,
    "0.004484179400000001": 5823,
    "0.0059146042000000005": 923,
    "0.007345029": 190,
    "0.008775453800000001": 68,
    "0.010205878600000001": 104,
    "0.0116363034": 225,
    "0.0130667282": 324,
    "0.014497153": 30
  },
  "latencyPercentiles": {
    "p10": 0.001041825,
    "p25": 0.001154928,
    "p50": 0.00123703,
    "p75": 0.001288531,
    "p90": 0.00204765,
    "p95": 0.002152752,
    "p99": 0.004002398
  },
  "rps": {
    "mean": 36300.8258141224,
    "stddev": 8913.80963450944,
    "max": 45162.809390608614,
    "percentiles": {
      "p10": 23427.306868886546,
      "p25": 30001.665092412477,
      "p50": 41524.3207946894,
      "p75": 42213.83841989691,
      "p90": 42537.07039222701,
      "p95": 42732.70280203348,
      "p99": 43235.51093101675
    }
  },
  "details": {
    "DNSDialup": {
      "average": 0.0018543411800000002,
      "fastest": 0.000076902,
      "slowest": 0.003745091
    },
    "DNSLookup": {
      "average": 0.000007006200000000001,
      "fastest": 0.0000035,
      "slowest": 0.000074302
    }
  },
  "statusCodeDistribution": {
    "200": 362713
  },
  "errorDistribution": {}
}