{
  "summary": {
    "successRate": 1,
    "total": 10.001310172,
    "slowest": 0.011542685,
    "fastest": 0.00019597,
    "average": 0.0012279680163591892,
    "requestsPerSec": 40650.674062506216,
    "totalData": 5285280,
    "sizePerRequest": 13,
    "sizePerSec": 528458.7628125808
  },
  "responseTimeHistogram": {
    "0.00019597": 1,
    "0.0013306415": 336673,
    "0.0024653130000000002": 67975,
    "0.0035999845000000003": 473,
    "0.004734656": 48,
    "0.0058693275": 675,
    "0.007003999": 572,
    "0.0081386705": 93,
    "0.009273342": 0,
    "0.0104080135": 0,
    "0.011542685": 50
  },
  "latencyPercentiles": {
    "p10": 0.000907555,
    "p25": 0.001100698,
    "p50": 0.001235223,
    "p75": 0.001302738,
    "p90": 0.001376066,
    "p95": 0.001497371,
    "p99": 0.002252761
  },
  "rps": {
    "mean": 40661.57524458406,
    "stddev": 4488.608810967138,
    "max": 49173.7298789111,
    "percentiles": {
      "p10": 37330.61110110002,
      "p25": 39569.175735120596,
      "p50": 41740.79327726493,
      "p75": 43053.53019239988,
      "p90": 43994.77847718799,
      "p95": 44734.43023611058,
      "p99": 45687.20439078743
    }
  },
  "details": {
    "DNSDialup": {
      "average": 0.0007572275200000001,
      "fastest": 0.000106428,
      "slowest": 0.001523962
    },
    "DNSLookup": {
      "average": 0.000008474820000000002,
      "fastest": 0.000003647,
      "slowest": 0.000039544
    }
  },
  "statusCodeDistribution": {
    "200": 406560
  },
  "errorDistribution": {}
}