{
  "summary": {
    "successRate": 1,
    "total": 10.000806857,
    "slowest": 0.011358745,
    "fastest": 0.000332258,
    "average": 0.0012506203153843723,
    "requestsPerSec": 39909.97983534,
    "totalData": 5188716,
    "sizePerRequest": 13,
    "sizePerSec": 518829.73785941995
  },
  "responseTimeHistogram": {
    "0.000332258": 1,
    "0.0014349067": 368798,
    "0.0025375553999999996": 28727,
    "0.0036402040999999998": 252,
    "0.0047428528": 4,
    "0.0058455015": 1094,
    "0.006948150199999999": 162,
    "0.0080507989": 44,
    "0.0091534476": 0,
    "0.0102560963": 0,
    "0.011358745": 50
  },
  "latencyPercentiles": {
    "p10": 0.000938206,
    "p25": 0.001121443,
    "p50": 0.001262162,
    "p75": 0.001335347,
    "p90": 0.001406636,
    "p95": 0.001532387,
    "p99": 0.002180019
  },
  "rps": {
    "mean": 39922.98598885204,
    "stddev": 4021.1829905321133,
    "max": 46016.92619904329,
    "percentiles": {
      "p10": 37094.75525498463,
      "p25": 39050.40626440858,
      "p50": 40866.55666667408,
      "p75": 41944.33697212629,
      "p90": 42958.19150535406,
      "p95": 43465.41551113514,
      "p99": 44504.15223740832
    }
  },
  "details": {
    "DNSDialup": {
      "average": 0.0006627639200000001,
      "fastest": 0.000069484,
      "slowest": 0.001677
    },
    "DNSLookup": {
      "average": 0.0000071718000000000005,
      "fastest": 0.000003286,
      "slowest": 0.000027762
    }
  },
  "statusCodeDistribution": {
    "200": 399132
  },
  "errorDistribution": {}
}