{
  "summary": {
    "successRate": 1,
    "total": 10.000706841,
    "slowest": 0.012600288,
    "fastest": 0.000202811,
    "average": 0.0016746222489837793,
    "requestsPerSec": 29813.892631831823,
    "totalData": 3876080,
    "sizePerRequest": 13,
    "sizePerSec": 387580.6042138137
  },
  "responseTimeHistogram": {
    "0.000202811": 1,
    "0.0014425586999999998": 164201,
    "0.0026823064": 110587,
    "0.003922054099999999": 17422,
    "0.005161801799999999": 3117,
    "0.006401549499999999": 987,
    "0.007641297199999998": 348,
    "0.0088810449": 123,
    "0.0101207926": 267,
    "0.0113605403": 692,
    "0.012600288": 415
  },
  "latencyPercentiles": {
    "p10": 0.001233967,
    "p25": 0.001330873,
    "p50": 0.001422378,
    "p75": 0.001579886,
    "p90": 0.002515537,
    "p95": 0.003092963,
    "p99": 0.005073877
  },
  "rps": {
    "mean": 29928.53082703824,
    "stddev": 8320.989393242597,
    "max": 39781.05172149668,
    "percentiles": {
      "p10": 18287.897326401897,
      "p25": 25900.916892458496,
      "p50": 34000.86022176303,
      "p75": 35920.66875280122,
      "p90": 37004.55637403616,
      "p95": 37522.731088441884,
      "p99": 38409.60521718097
    }
  },
  "details": {
    "DNSDialup": {
      "average": 0.0014700154199999997,
      "fastest": 0.000077704,
      "slowest": 0.001832697
    },
    "DNSLookup": {
      "average": 0.00000559216,
      "fastest": 0.0000038,
      "slowest": 0.000045902
    }
  },
  "statusCodeDistribution": {
    "200": 298160
  },
  "errorDistribution": {}
}