{
  "summary": {
    "successRate": 1,
    "total": 10.000261594,
    "slowest": 0.009074997,
    "fastest": 0.000381796,
    "average": 0.0011383614332299366,
    "requestsPerSec": 43857.55271273557,
    "totalData": 5701631,
    "sizePerRequest": 13,
    "sizePerSec": 570148.1852655624
  },
  "responseTimeHistogram": {
    "0.000381796": 1,
    "0.0012511161": 371550,
    "0.0021204362": 63701,
    "0.0029897563": 2454,
    "0.0038590763999999996": 68,
    "0.0047283965": 75,
    "0.0055977166": 682,
    "0.0064670367": 6,
    "0.0073363568": 0,
    "0.0082056769": 0,
    "0.009074997": 50
  },
  "latencyPercentiles": {
    "p10": 0.000846701,
    "p25": 0.001029793,
    "p50": 0.001149086,
    "p75": 0.001212788,
    "p90": 0.001288306,
    "p95": 0.001406694,
    "p99": 0.002084624
  },
  "rps": {
    "mean": 43866.8904043955,
    "stddev": 3950.383926907336,
    "max": 58050.6898623914,
    "percentiles": {
      "p10": 40203.36270043915,
      "p25": 42161.729486605036,
      "p50": 44784.88527154346,
      "p75": 46036.98611464519,
      "p90": 47134.39868416013,
      "p95": 48053.64904852327,
      "p99": 50355.4296635774
    }
  },
  "details": {
    "DNSDialup": {
      "average": 0.0008474120600000002,
      "fastest": 0.000078987,
      "slowest": 0.001527002
    },
    "DNSLookup": {
      "average": 0.00000985702,
      "fastest": 0.000004087,
      "slowest": 0.000123871
    }
  },
  "statusCodeDistribution": {
    "200": 438587
  },
  "errorDistribution": {}
}