{
  "summary": {
    "successRate": 1,
    "total": 10.000756724,
    "slowest": 0.011712464,
    "fastest": 0.00041488,
    "average": 0.0012219121631783817,
    "requestsPerSec": 40852.80856992877,
    "totalData": 5311267,
    "sizePerRequest": 13,
    "sizePerSec": 531086.5114090741
  },
  "responseTimeHistogram": {
    "0.00041488": 1,
    "0.0015446384000000002": 389653,
    "0.0026743968": 17335,
    "0.0038041552000000005": 220,
    "0.004933913600000001": 0,
    "0.006063672000000001": 961,
    "0.007193430400000002": 275,
    "0.0083231888": 64,
    "0.0094529472": 0,
    "0.0105827056": 0,
    "0.011712464": 50
  },
  "latencyPercentiles": {
    "p10": 0.000908494,
    "p25": 0.001083258,
    "p50": 0.001225342,
    "p75": 0.001298352,
    "p90": 0.001384361,
    "p95": 0.001526662,
    "p99": 0.002270335
  },
  "rps": {
    "mean": 40870.75820567185,
    "stddev": 4553.407570084317,
    "max": 47907.48482436388,
    "percentiles": {
      "p10": 37228.092318463365,
      "p25": 39425.20453325739,
      "p50": 41848.380913172725,
      "p75": 43334.90987947462,
      "p90": 44507.219070934654,
      "p95": 45550.99125421199,
      "p99": 46814.47746835787
    }
  },
  "details": {
    "DNSDialup": {
      "average": 0.00079960628,
      "fastest": 0.000163489,
      "slowest": 0.00111642
    },
    "DNSLookup": {
      "average": 0.000008277139999999998,
      "fastest": 0.000004549,
      "slowest": 0.000031829
    }
  },
  "statusCodeDistribution": {
    "200": 408559
  },
  "errorDistribution": {}
}