{
  "summary": {
    "successRate": 1,
    "total": 10.000753156,
    "slowest": 0.010880189,
    "fastest": 0.00023524,
    "average": 0.0011919297539480255,
    "requestsPerSec": 41884.34545539142,
    "totalData": 5445375,
    "sizePerRequest": 13,
    "sizePerSec": 544496.4909200885
  },
  "responseTimeHistogram": {
    "0.00023524": 1,
    "0.0012997349000000002": 352221,
    "0.0023642298": 64844,
    "0.0034287247000000004": 409,
    "0.004493219600000001": 6,
    "0.005557714500000001": 376,
    "0.006622209400000001": 918,
    "0.007686704300000001": 50,
    "0.0087511992": 0,
    "0.009815694100000001": 0,
    "0.010880189": 50
  },
  "latencyPercentiles": {
    "p10": 0.000885405,
    "p25": 0.001074897,
    "p50": 0.001205604,
    "p75": 0.001269717,
    "p90": 0.00133242,
    "p95": 0.001437915,
    "p99": 0.002085205
  },
  "rps": {
    "mean": 41892.67668078715,
    "stddev": 4211.8802149361045,
    "max": 48189.01845710022,
    "percentiles": {
      "p10": 38965.37220494873,
      "p25": 41041.79696603004,
      "p50": 42898.85885934224,
      "p75": 43964.33242278839,
      "p90": 44847.381951305266,
      "p95": 45559.63300363675,
      "p99": 46693.2252071857
    }
  },
  "details": {
    "DNSDialup": {
      "average": 0.0007011498,
      "fastest": 0.00007627,
      "slowest": 0.001586161
    },
    "DNSLookup": {
      "average": 0.000006990680000000002,
      "fastest": 0.000003005,
      "slowest": 0.000040045
    }
  },
  "statusCodeDistribution": {
    "200": 418875
  },
  "errorDistribution": {}
}