{
  "summary": {
    "successRate": 1,
    "total": 10.0002651,
    "slowest": 0.009178793,
    "fastest": 0.000156785,
    "average": 0.001132950023944346,
    "requestsPerSec": 44067.63176708185,
    "totalData": 5728944,
    "sizePerRequest": 13,
    "sizePerSec": 572879.2129720642
  },
  "responseTimeHistogram": {
    "0.000156785": 1,
    "0.0010589858": 129648,
    "0.0019611866": 303526,
    "0.0028633874": 6540,
    "0.0037655882": 78,
    "0.004667789": 134,
    "0.005569989799999999": 619,
    "0.0064721906": 41,
    "0.007374391399999999": 43,
    "0.008276592199999998": 6,
    "0.009178793": 52
  },
  "latencyPercentiles": {
    "p10": 0.000846922,
    "p25": 0.001008197,
    "p50": 0.001147318,
    "p75": 0.001212039,
    "p90": 0.001279879,
    "p95": 0.001400311,
    "p99": 0.00205543
  },
  "rps": {
    "mean": 44034.29627347428,
    "stddev": 4107.590309362761,
    "max": 54514.42451672705,
    "percentiles": {
      "p10": 40508.12998168807,
      "p25": 42677.91279760324,
      "p50": 45136.050163266555,
      "p75": 46241.223328078144,
      "p90": 47146.10298772273,
      "p95": 47708.2630711643,
      "p99": 48681.61472709007
    }
  },
  "details": {
    "DNSDialup": {
      "average": 0.0009031666599999998,
      "fastest": 0.000145866,
      "slowest": 0.002041918
    },
    "DNSLookup": {
      "average": 0.000008328919999999999,
      "fastest": 0.000003757,
      "slowest": 0.000030667
    }
  },
  "statusCodeDistribution": {
    "200": 440688
  },
  "errorDistribution": {}
}