{
  "summary": {
    "successRate": 1,
    "total": 10.000680545,
    "slowest": 0.011147285,
    "fastest": 0.000172507,
    "average": 0.0011938369831369258,
    "requestsPerSec": 41828.25339912905,
    "totalData": 5438043,
    "sizePerRequest": 13,
    "sizePerSec": 543767.2941886777
  },
  "responseTimeHistogram": {
    "0.000172507": 1,
    "0.0012699847999999999": 302453,
    "0.0023674626": 113834,
    "0.0034649404000000003": 612,
    "0.0045624182": 93,
    "0.005659895999999999": 1041,
    "0.0067573738": 181,
    "0.0078548516": 46,
    "0.0089523294": 0,
    "0.0100498072": 0,
    "0.011147285": 50
  },
  "latencyPercentiles": {
    "p10": 0.000897771,
    "p25": 0.001051458,
    "p50": 0.001195273,
    "p75": 0.00127933,
    "p90": 0.001363408,
    "p95": 0.001522577,
    "p99": 0.002134062
  },
  "rps": {
    "mean": 41822.10355482922,
    "stddev": 4323.568870756809,
    "max": 50778.665445268016,
    "percentiles": {
      "p10": 38367.94195160746,
      "p25": 40685.38979391535,
      "p50": 42865.29670647223,
      "p75": 44063.38959226901,
      "p90": 45186.77668594864,
      "p95": 45721.67452023261,
      "p99": 47193.45836279553
    }
  },
  "details": {
    "DNSDialup": {
      "average": 0.0007493099400000001,
      "fastest": 0.000082186,
      "slowest": 0.001257082
    },
    "DNSLookup": {
      "average": 0.000005965219999999998,
      "fastest": 0.000003015,
      "slowest": 0.000033452
    }
  },
  "statusCodeDistribution": {
    "200": 418311
  },
  "errorDistribution": {}
}