{
  "summary": {
    "successRate": 1,
    "total": 10.000898555,
    "slowest": 0.01153271,
    "fastest": 0.000186307,
    "average": 0.0012409952555553772,
    "requestsPerSec": 40227.9852942674,
    "totalData": 5230108,
    "sizePerRequest": 13,
    "sizePerSec": 522963.80882547615
  },
  "responseTimeHistogram": {
    "0.000186307": 1,
    "0.0013209473": 305666,
    "0.0024555876": 93760,
    "0.0035902279000000004": 1221,
    "0.0047248682": 245,
    "0.0058595085": 150,
    "0.006994148800000001": 1143,
    "0.0081287891": 30,
    "0.0092634294": 50,
    "0.0103980697": 0,
    "0.01153271": 50
  },
  "latencyPercentiles": {
    "p10": 0.000910779,
    "p25": 0.001093245,
    "p50": 0.001238561,
    "p75": 0.001317478,
    "p90": 0.001407427,
    "p95": 0.001557628,
    "p99": 0.002360674
  },
  "rps": {
    "mean": 40234.04788104766,
    "stddev": 4913.936835610793,
    "max": 56649.273538123576,
    "percentiles": {
      "p10": 36728.4645600343,
      "p25": 38803.33377821132,
      "p50": 41421.2573892897,
      "p75": 42825.47687619434,
      "p90": 43913.847690755785,
      "p95": 44575.36470941237,
      "p99": 45972.06864070341
    }
  },
  "details": {
    "DNSDialup": {
      "average": 0.00061992896,
      "fastest": 0.000075671,
      "slowest": 0.001433403
    },
    "DNSLookup": {
      "average": 0.000006088639999999999,
      "fastest": 0.000002725,
      "slowest": 0.000029666
    }
  },
  "statusCodeDistribution": {
    "200": 402316
  },
  "errorDistribution": {}
}