{
  "summary": {
    "successRate": 1,
    "total": 10.002726449,
    "slowest": 0.011624007,
    "fastest": 0.000245609,
    "average": 0.0013550160173824688,
    "requestsPerSec": 36825.859617187256,
    "totalData": 4788667,
    "sizePerRequest": 13,
    "sizePerSec": 478736.17502343433
  },
  "responseTimeHistogram": {
    "0.000245609": 1,
    "0.0013834487999999999": 324364,
    "0.0025212885999999998": 27387,
    "0.0036591283999999995": 12486,
    "0.0047969682": 1383,
    "0.005934808": 879,
    "0.007072647799999999": 185,
    "0.0082104876": 78,
    "0.0093483274": 405,
    "0.0104861672": 1010,
    "0.011624007": 181
  },
  "latencyPercentiles": {
    "p10": 0.001078938,
    "p25": 0.00116084,
    "p50": 0.001220942,
    "p75": 0.001282445,
    "p90": 0.001442449,
    "p95": 0.002273878,
    "p99": 0.00399634
  },
  "rps": {
    "mean": 36871.624614518085,
    "stddev": 8499.277049716502,
    "max": 52537.56435843668,
    "percentiles": {
      "p10": 25747.570615741774,
      "p25": 33931.762204165716,
      "p50": 40900.63804995275,
      "p75": 41863.771021430504,
      "p90": 42459.45736366549,
      "p95": 42778.1567772376,
      "p99": 43569.28409642739
    }
  },
  "details": {
    "DNSDialup": {
      "average": 0.0016777008200000003,
      "fastest": 0.000080803,
      "slowest": 0.003184712
    },
    "DNSLookup": {
      "average": 0.00001023032,
      "fastest": 0.0000034,
      "slowest": 0.00027051
    }
  },
  "statusCodeDistribution": {
    "200": 368359
  },
  "errorDistribution": {}
}