{
  "summary": {
    "successRate": 1,
    "total": 10.000712629,
    "slowest": 0.011580236,
    "fastest": 0.000138797,
    "average": 0.0012045517122083128,
    "requestsPerSec": 41469.744745727156,
    "totalData": 5391451,
    "sizePerRequest": 13,
    "sizePerSec": 539106.681694453
  },
  "responseTimeHistogram": {
    "0.000138797": 1,
    "0.0012829409": 371521,
    "0.0024270848": 32038,
    "0.0035712287000000003": 8128,
    "0.004715372600000001": 770,
    "0.005859516500000001": 383,
    "0.007003660400000001": 153,
    "0.0081478043": 872,
    "0.0092919482": 598,
    "0.0104360921": 158,
    "0.011580236": 105
  },
  "latencyPercentiles": {
    "p10": 0.000921587,
    "p25": 0.00103756,
    "p50": 0.001113582,
    "p75": 0.001154782,
    "p90": 0.001346578,
    "p95": 0.002131718,
    "p99": 0.002715095
  },
  "rps": {
    "mean": 41474.79262189975,
    "stddev": 8889.34119584774,
    "max": 50155.15027254766,
    "percentiles": {
      "p10": 27030.242520560914,
      "p25": 40492.22756753568,
      "p50": 45866.69476085213,
      "p75": 46705.42717063096,
      "p90": 47395.56815134902,
      "p95": 47637.45733270382,
      "p99": 48072.207517615425
    }
  },
  "details": {
    "DNSDialup": {
      "average": 0.00119628508,
      "fastest": 0.0000613,
      "slowest": 0.001355681
    },
    "DNSLookup": {
      "average": 0.000019837720000000003,
      "fastest": 0.000002999,
      "slowest": 0.000780989
    }
  },
  "statusCodeDistribution": {
    "200": 414727
  },
  "errorDistribution": {}
}