{
  "summary": {
    "successRate": 1,
    "total": 10.000635101,
    "slowest": 0.011151919,
    "fastest": 0.000193186,
    "average": 0.0012152377852797673,
    "requestsPerSec": 41078.29111362354,
    "totalData": 5340517,
    "sizePerRequest": 13,
    "sizePerSec": 534017.7844771061
  },
  "responseTimeHistogram": {
    "0.000193186": 1,
    "0.0012890592999999998": 299850,
    "0.0023849326": 108461,
    "0.0034808059": 1038,
    "0.004576679199999999": 59,
    "0.005672552499999999": 107,
    "0.006768425799999999": 1155,
    "0.0078642991": 38,
    "0.008960172399999999": 10,
    "0.010056045699999999": 1,
    "0.011151918999999998": 89
  },
  "latencyPercentiles": {
    "p10": 0.000898098,
    "p25": 0.001057132,
    "p50": 0.001211556,
    "p75": 0.001296729,
    "p90": 0.001405326,
    "p95": 0.001556863,
    "p99": 0.002267335
  },
  "rps": {
    "mean": 41076.081962638265,
    "stddev": 4763.7097950222715,
    "max": 49796.95039411245,
    "percentiles": {
      "p10": 37123.05341617061,
      "p25": 39723.41586201472,
      "p50": 42248.68738734531,
      "p75": 43823.094035064,
      "p90": 44838.86596790389,
      "p95": 45656.24849814947,
      "p99": 46595.001143597416
    }
  },
  "details": {
    "DNSDialup": {
      "average": 0.00082772992,
      "fastest": 0.000131185,
      "slowest": 0.001321164
    },
    "DNSLookup": {
      "average": 0.000007841899999999995,
      "fastest": 0.000003947,
      "slowest": 0.000029855
    }
  },
  "statusCodeDistribution": {
    "200": 410809
  },
  "errorDistribution": {}
}