{
  "summary": {
    "successRate": 1,
    "total": 10.000358446,
    "slowest": 0.011194475,
    "fastest": 0.000315548,
    "average": 0.0011406197857567319,
    "requestsPerSec": 43770.63105923794,
    "totalData": 5690386,
    "sizePerRequest": 13,
    "sizePerSec": 569018.2037700932
  },
  "responseTimeHistogram": {
    "0.000315548": 1,
    "0.0014034407": 418102,
    "0.0024913334000000002": 18554,
    "0.0035792261000000005": 264,
    "0.0046671188": 52,
    "0.0057550115": 699,
    "0.0068429042": 0,
    "0.0079307969": 0,
    "0.009018689600000001": 0,
    "0.010106582300000002": 0,
    "0.011194475": 50
  },
  "latencyPercentiles": {
    "p10": 0.000852996,
    "p25": 0.00103399,
    "p50": 0.001157454,
    "p75": 0.001217245,
    "p90": 0.001280261,
    "p95": 0.001369884,
    "p99": 0.002043587
  },
  "rps": {
    "mean": 43776.982071433304,
    "stddev": 3718.83309799448,
    "max": 51715.29580431087,
    "percentiles": {
      "p10": 40616.713777721634,
      "p25": 42461.76488319648,
      "p50": 44575.7530752182,
      "p75": 45769.63725481923,
      "p90": 46745.92922545451,
      "p95": 47399.03672462838,
      "p99": 48983.79870978259
    }
  },
  "details": {
    "DNSDialup": {
      "average": 0.0009522796000000001,
      "fastest": 0.000109373,
      "slowest": 0.001941062
    },
    "DNSLookup": {
      "average": 0.00004028834,
      "fastest": 0.000004127,
      "slowest": 0.001619574
    }
  },
  "statusCodeDistribution": {
    "200": 437722
  },
  "errorDistribution": {}
}