{
  "summary": {
    "successRate": 1,
    "total": 10.000884809,
    "slowest": 0.01120487,
    "fastest": 0.000406812,
    "average": 0.0012233649686765554,
    "requestsPerSec": 40806.08944048082,
    "totalData": 5305261,
    "sizePerRequest": 13,
    "sizePerSec": 530479.1627262507
  },
  "responseTimeHistogram": {
    "0.000406812": 1,
    "0.0014866178000000002": 383200,
    "0.0025664236": 23230,
    "0.0036462294000000005": 265,
    "0.004726035200000001": 1,
    "0.005805841000000001": 725,
    "0.006885646800000002": 582,
    "0.0079654526": 43,
    "0.0090452584": 0,
    "0.0101250642": 0,
    "0.01120487": 50
  },
  "latencyPercentiles": {
    "p10": 0.000905494,
    "p25": 0.001089361,
    "p50": 0.001228295,
    "p75": 0.001300866,
    "p90": 0.00138833,
    "p95": 0.00153256,
    "p99": 0.002235777
  },
  "rps": {
    "mean": 40821.657898116355,
    "stddev": 4519.70097909295,
    "max": 48134.584699105566,
    "percentiles": {
      "p10": 37131.08986153528,
      "p25": 39395.07003873047,
      "p50": 41830.2893124904,
      "p75": 43337.01528413166,
      "p90": 44595.68076244362,
      "p95": 45502.97134402906,
      "p99": 46720.44325106391
    }
  },
  "details": {
    "DNSDialup": {
      "average": 0.0005439853400000001,
      "fastest": 0.000084826,
      "slowest": 0.000933
    },
    "DNSLookup": {
      "average": 0.000006717360000000001,
      "fastest": 0.000003807,
      "slowest": 0.000035716
    }
  },
  "statusCodeDistribution": {
    "200": 408097
  },
  "errorDistribution": {}
}