{
  "summary": {
    "successRate": 1,
    "total": 10.000423104,
    "slowest": 0.014899051,
    "fastest": 0.000163899,
    "average": 0.001226331336101911,
    "requestsPerSec": 40729.37672377907,
    "totalData": 5295043,
    "sizePerRequest": 13,
    "sizePerSec": 529481.8974091279
  },
  "responseTimeHistogram": {
    "0.000163899": 1,
    "0.0016374141999999999": 379235,
    "0.0031109294": 24595,
    "0.0045844446": 1473,
    "0.0060579598": 166,
    "0.007531475": 41,
    "0.0090049902": 1289,
    "0.0104785054": 292,
    "0.0119520206": 169,
    "0.0134255358": 0,
    "0.014899051": 50
  },
  "latencyPercentiles": {
    "p10": 0.00098999,
    "p25": 0.001064488,
    "p50": 0.001119827,
    "p75": 0.001181688,
    "p90": 0.001322285,
    "p95": 0.001935779,
    "p99": 0.002911968
  },
  "rps": {
    "mean": 40750.4409477159,
    "stddev": 8644.46168831586,
    "max": 47910.27171062605,
    "percentiles": {
      "p10": 31215.79519236766,
      "p25": 38907.431319382595,
      "p50": 44410.460172053004,
      "p75": 45607.972682668216,
      "p90": 46208.363713831604,
      "p95": 46585.14300180101,
      "p99": 47152.26989314442
    }
  },
  "details": {
    "DNSDialup": {
      "average": 0.0013587643399999999,
      "fastest": 0.000068899,
      "slowest": 0.002741172
    },
    "DNSLookup": {
      "average": 0.000004191920000000001,
      "fastest": 0.0000028,
      "slowest": 0.000032899
    }
  },
  "statusCodeDistribution": {
    "200": 407311
  },
  "errorDistribution": {}
}