{
  "summary": {
    "successRate": 1,
    "total": 10.000791543,
    "slowest": 0.013473432,
    "fastest": 0.0001353,
    "average": 0.0012086017172592677,
    "requestsPerSec": 41327.52874839119,
    "totalData": 5373004,
    "sizePerRequest": 13,
    "sizePerSec": 537257.8737290854
  },
  "responseTimeHistogram": {
    "0.0001353": 1,
    "0.0014691132000000003": 378920,
    "0.0028029264000000004": 28845,
    "0.0041367396": 2480,
    "0.0054705528": 751,
    "0.006804366000000001": 258,
    "0.0081381792": 393,
    "0.0094719924": 1512,
    "0.010805805600000001": 48,
    "0.012139618800000002": 26,
    "0.013473432000000002": 74
  },
  "latencyPercentiles": {
    "p10": 0.000965702,
    "p25": 0.001033803,
    "p50": 0.001086503,
    "p75": 0.001144303,
    "p90": 0.001291703,
    "p95": 0.002079505,
    "p99": 0.002941508
  },
  "rps": {
    "mean": 41382.3466080555,
    "stddev": 9497.810481876078,
    "max": 50675.563043283844,
    "percentiles": {
      "p10": 27130.866787143954,
      "p25": 39343.57694582538,
      "p50": 45787.77561884182,
      "p75": 47004.2413059429,
      "p90": 47568.920144106305,
      "p95": 47923.04547624525,
      "p99": 48692.91608733543
    }
  },
  "details": {
    "DNSDialup": {
      "average": 0.0009588144000000001,
      "fastest": 0.0000514,
      "slowest": 0.001244104
    },
    "DNSLookup": {
      "average": 0.000004510019999999999,
      "fastest": 0.0000029,
      "slowest": 0.000040001
    }
  },
  "statusCodeDistribution": {
    "200": 413308
  },
  "errorDistribution": {}
}