{
  "summary": {
    "successRate": 1,
    "total": 10.000641921,
    "slowest": 0.011255143,
    "fastest": 0.000273343,
    "average": 0.0012006288095275915,
    "requestsPerSec": 41600.72956180789,
    "totalData": 5408442,
    "sizePerRequest": 13,
    "sizePerSec": 540809.4843035026
  },
  "responseTimeHistogram": {
    "0.000273343": 1,
    "0.001371523": 374230,
    "0.002469703": 39985,
    "0.0035678830000000004": 437,
    "0.004666063": 53,
    "0.005764243": 1028,
    "0.006862423": 201,
    "0.007960603": 49,
    "0.009058783": 0,
    "0.010156963000000001": 0,
    "0.011255143": 50
  },
  "latencyPercentiles": {
    "p10": 0.000901054,
    "p25": 0.001053956,
    "p50": 0.00119964,
    "p75": 0.001287563,
    "p90": 0.001372049,
    "p95": 0.001510687,
    "p99": 0.002223931
  },
  "rps": {
    "mean": 41617.534997227434,
    "stddev": 4268.719678817298,
    "max": 48523.95142242239,
    "percentiles": {
      "p10": 37959.22994535089,
      "p25": 40198.82153011938,
      "p50": 42731.26189027397,
      "p75": 43926.45876200917,
      "p90": 45024.22303198892,
      "p95": 45683.28977391453,
      "p99": 46875.293934304966
    }
  },
  "details": {
    "DNSDialup": {
      "average": 0.0007087604999999999,
      "fastest": 0.000138601,
      "slowest": 0.001762016
    },
    "DNSLookup": {
      "average": 0.000007021360000000001,
      "fastest": 0.000002634,
      "slowest": 0.000028203
    }
  },
  "statusCodeDistribution": {
    "200": 416034
  },
  "errorDistribution": {}
}