{
  "summary": {
    "successRate": 1,
    "total": 10.000640248,
    "slowest": 0.01116574,
    "fastest": 0.000149957,
    "average": 0.0012194088255927835,
    "requestsPerSec": 40937.7789668892,
    "totalData": 5322252,
    "sizePerRequest": 13,
    "sizePerSec": 532191.1265695596
  },
  "responseTimeHistogram": {
    "0.000149957": 1,
    "0.0012515353000000001": 236254,
    "0.0023531136": 171207,
    "0.0034546919": 592,
    "0.0045562702": 0,
    "0.005657848500000001": 411,
    "0.0067594268": 889,
    "0.0078610051": 0,
    "0.0089625834": 0,
    "0.0100641617": 0,
    "0.01116574": 50
  },
  "latencyPercentiles": {
    "p10": 0.000905516,
    "p25": 0.001075884,
    "p50": 0.001227922,
    "p75": 0.001303891,
    "p90": 0.001388256,
    "p95": 0.00152346,
    "p99": 0.002200123
  },
  "rps": {
    "mean": 40942.14301139571,
    "stddev": 4430.316060013581,
    "max": 50071.2584355587,
    "percentiles": {
      "p10": 37456.06737167664,
      "p25": 39649.2721505011,
      "p50": 41833.566252059914,
      "p75": 43408.6209521182,
      "p90": 44655.423200451485,
      "p95": 45348.096190819546,
      "p99": 46741.98813736521
    }
  },
  "details": {
    "DNSDialup": {
      "average": 0.0009717083399999999,
      "fastest": 0.000117298,
      "slowest": 0.001463992
    },
    "DNSLookup": {
      "average": 0.000008043539999999998,
      "fastest": 0.000003977,
      "slowest": 0.000045876
    }
  },
  "statusCodeDistribution": {
    "200": 409404
  },
  "errorDistribution": {}
}