{
  "summary": {
    "successRate": 1,
    "total": 10.000780249,
    "slowest": 0.013101759,
    "fastest": 0.000284217,
    "average": 0.0015199798088878717,
    "requestsPerSec": 32846.73713661959,
    "totalData": 4270409,
    "sizePerRequest": 13,
    "sizePerSec": 427007.5827760547
  },
  "responseTimeHistogram": {
    "0.000284217": 1,
    "0.0015659712": 286316,
    "0.0028477254": 27341,
    "0.0041294796": 11410,
    "0.0054112338": 1001,
    "0.006692988": 869,
    "0.007974742200000001": 70,
    "0.0092564964": 39,
    "0.0105382506": 362,
    "0.0118200048": 911,
    "0.013101759000000001": 173
  },
  "latencyPercentiles": {
    "p10": 0.001185766,
    "p25": 0.001285276,
    "p50": 0.001366816,
    "p75": 0.001451517,
    "p90": 0.00167632,
    "p95": 0.002609353,
    "p99": 0.004245252
  },
  "rps": {
    "mean": 33066.70475274553,
    "stddev": 8645.775037541953,
    "max": 105256.82665656786,
    "percentiles": {
      "p10": 22127.637558276125,
      "p25": 29902.532744523844,
      "p50": 36451.96661406143,
      "p75": 37544.983709089705,
      "p90": 38496.73281655276,
      "p95": 39114.78147592073,
      "p99": 40573.37848799548
    }
  },
  "details": {
    "DNSDialup": {
      "average": 0.00171306064,
      "fastest": 0.000098206,
      "slowest": 0.003642101
    },
    "DNSLookup": {
      "average": 0.0000060503599999999994,
      "fastest": 0.0000039,
      "slowest": 0.000064503
    }
  },
  "statusCodeDistribution": {
    "200": 328493
  },
  "errorDistribution": {}
}