{
  "summary": {
    "successRate": 1,
    "total": 10.000590537,
    "slowest": 0.0142443,
    "fastest": 0.000516603,
    "average": 0.001616974746981599,
    "requestsPerSec": 30883.67620465051,
    "totalData": 4015115,
    "sizePerRequest": 13,
    "sizePerSec": 401487.79066045664
  },
  "responseTimeHistogram": {
    "0.000516603": 1,
    "0.0018893727": 286679,
    "0.0032621424": 19844,
    "0.0046349121": 697,
    "0.0060076818": 1242,
    "0.0073804515": 222,
    "0.008753221200000001": 70,
    "0.0101259909": 36,
    "0.011498760600000001": 14,
    "0.0128715303": 0,
    "0.014244300000000001": 50
  },
  "latencyPercentiles": {
    "p10": 0.001080834,
    "p25": 0.001438448,
    "p50": 0.001671263,
    "p75": 0.001748821,
    "p90": 0.001827907,
    "p95": 0.002187889,
    "p99": 0.002748583
  },
  "rps": {
    "mean": 30886.94988565925,
    "stddev": 3515.020692822982,
    "max": 35874.123432244276,
    "percentiles": {
      "p10": 29427.977177902736,
      "p25": 30299.006730308967,
      "p50": 31625.062862314204,
      "p75": 32569.60970177875,
      "p90": 33317.289050166386,
      "p95": 33729.70575185469,
      "p99": 34779.28289531864
    }
  },
  "details": {
    "DNSDialup": {
      "average": 0.0012230293000000004,
      "fastest": 0.000088667,
      "slowest": 0.002629661
    },
    "DNSLookup": {
      "average": 0.00002453338,
      "fastest": 0.000003967,
      "slowest": 0.000874498
    }
  },
  "statusCodeDistribution": {
    "200": 308855
  },
  "errorDistribution": {}
}