{
  "summary": {
    "successRate": 1,
    "total": 10.00036833,
    "slowest": 0.013978092,
    "fastest": 0.000502943,
    "average": 0.0014711443640412765,
    "requestsPerSec": 33944.34972776647,
    "totalData": 4412928,
    "sizePerRequest": 13,
    "sizePerSec": 441276.5464609642
  },
  "responseTimeHistogram": {
    "0.000502943": 1,
    "0.0018504578999999999": 316217,
    "0.0031979727999999997": 22156,
    "0.0045454877": 393,
    "0.005893002599999999": 611,
    "0.0072405175": 28,
    "0.008588032399999999": 0,
    "0.0099355473": 0,
    "0.0112830622": 0,
    "0.012630577099999998": 0,
    "0.013978092": 50
  },
  "latencyPercentiles": {
    "p10": 0.001006166,
    "p25": 0.00133107,
    "p50": 0.001522263,
    "p75": 0.001593924,
    "p90": 0.001677144,
    "p95": 0.002021277,
    "p99": 0.002236725
  },
  "rps": {
    "mean": 33958.85999002965,
    "stddev": 2972.1256798645795,
    "max": 38480.546497446325,
    "percentiles": {
      "p10": 32119.599379541214,
      "p25": 33146.52114242252,
      "p50": 34434.47813541437,
      "p75": 35506.86873724531,
      "p90": 36185.38940283166,
      "p95": 36846.33618053588,
      "p99": 37638.78300199902
    }
  },
  "details": {
    "DNSDialup": {
      "average": 0.0008542215600000001,
      "fastest": 0.000093065,
      "slowest": 0.002059456
    },
    "DNSLookup": {
      "average": 0.000008791160000000002,
      "fastest": 0.000004619,
      "slowest": 0.000039975
    }
  },
  "statusCodeDistribution": {
    "200": 339456
  },
  "errorDistribution": {}
}