{
  "summary": {
    "successRate": 1,
    "total": 10.00145367,
    "slowest": 0.01406275,
    "fastest": 0.000511042,
    "average": 0.0015460987706662562,
    "requestsPerSec": 32296.705124866112,
    "totalData": 4199182,
    "sizePerRequest": 13,
    "sizePerSec": 419857.1666232595
  },
  "responseTimeHistogram": {
    "0.000511042": 1,
    "0.0018662128": 297304,
    "0.0032213835999999997": 24046,
    "0.0045765544": 523,
    "0.0059317252": 891,
    "0.007286895999999999": 155,
    "0.0086420668": 44,
    "0.0099972376": 0,
    "0.0113524084": 0,
    "0.0127075792": 0,
    "0.014062749999999999": 50
  },
  "latencyPercentiles": {
    "p10": 0.001061073,
    "p25": 0.001364047,
    "p50": 0.001594387,
    "p75": 0.001675483,
    "p90": 0.001786868,
    "p95": 0.002052292,
    "p99": 0.002455534
  },
  "rps": {
    "mean": 32312.341634682707,
    "stddev": 3351.2755632950452,
    "max": 42693.51027594934,
    "percentiles": {
      "p10": 30302.445407342806,
      "p25": 31703.576163392136,
      "p50": 32917.52858397185,
      "p75": 33876.81973947826,
      "p90": 34857.008637627856,
      "p95": 35334.65713587055,
      "p99": 36536.496306162786
    }
  },
  "details": {
    "DNSDialup": {
      "average": 0.0006325291200000001,
      "fastest": 0.000084194,
      "slowest": 0.001074311
    },
    "DNSLookup": {
      "average": 0.000007506899999999999,
      "fastest": 0.000004268,
      "slowest": 0.000045034
    }
  },
  "statusCodeDistribution": {
    "200": 323014
  },
  "errorDistribution": {}
}