{
  "summary": {
    "successRate": 1,
    "total": 10.000702492,
    "slowest": 0.015413707,
    "fastest": 0.000330145,
    "average": 0.0015889072629325454,
    "requestsPerSec": 31437.79152029593,
    "totalData": 4087200,
    "sizePerRequest": 13,
    "sizePerSec": 408691.28976384713
  },
  "responseTimeHistogram": {
    "0.000330145": 1,
    "0.0018385012": 285032,
    "0.0033468574": 27602,
    "0.0048552136": 560,
    "0.0063635698": 953,
    "0.007871926": 201,
    "0.009380282200000001": 1,
    "0.010888638400000001": 0,
    "0.0123969946": 0,
    "0.0139053508": 0,
    "0.015413707": 50
  },
  "latencyPercentiles": {
    "p10": 0.001097644,
    "p25": 0.001415026,
    "p50": 0.001621822,
    "p75": 0.001720709,
    "p90": 0.001825513,
    "p95": 0.00219264,
    "p99": 0.002611432
  },
  "rps": {
    "mean": 31460.853260505304,
    "stddev": 3378.0024383527402,
    "max": 36703.774823195214,
    "percentiles": {
      "p10": 29531.167193857505,
      "p25": 30600.35225590201,
      "p50": 32152.247158975413,
      "p75": 33244.18184003544,
      "p90": 33970.81104384756,
      "p95": 34425.248952950256,
      "p99": 35423.222642433146
    }
  },
  "details": {
    "DNSDialup": {
      "average": 0.0008123214,
      "fastest": 0.000088735,
      "slowest": 0.001719897
    },
    "DNSLookup": {
      "average": 0.000006926839999999999,
      "fastest": 0.000003586,
      "slowest": 0.000033332
    }
  },
  "statusCodeDistribution": {
    "200": 314400
  },
  "errorDistribution": {}
}