{
  "summary": {
    "successRate": 1,
    "total": 10.000697411,
    "slowest": 0.013477567,
    "fastest": 0.000425505,
    "average": 0.002073504417777223,
    "requestsPerSec": 24086.5201795875,
    "totalData": 3131466,
    "sizePerRequest": 13,
    "sizePerSec": 313124.7623346375
  },
  "responseTimeHistogram": {
    "0.000425505": 1,
    "0.0017307112": 57418,
    "0.0030359174": 168361,
    "0.0043411236": 13527,
    "0.0056463298": 534,
    "0.0069515359999999995": 291,
    "0.0082567422": 138,
    "0.009561948399999999": 13,
    "0.0108671546": 30,
    "0.0121723608": 494,
    "0.013477567": 75
  },
  "latencyPercentiles": {
    "p10": 0.001563419,
    "p25": 0.001908024,
    "p50": 0.002040525,
    "p75": 0.002089225,
    "p90": 0.002208427,
    "p95": 0.00332314,
    "p99": 0.003765345
  },
  "rps": {
    "mean": 24102.735954029336,
    "stddev": 3873.2430475408037,
    "max": 27826.530626752905,
    "percentiles": {
      "p10": 21211.838326970566,
      "p25": 22275.248015320434,
      "p50": 25861.846018569086,
      "p75": 26101.0212281466,
      "p90": 26287.965410834044,
      "p95": 26428.227990316467,
      "p99": 26987.909719680796
    }
  },
  "details": {
    "DNSDialup": {
      "average": 0.00196465744,
      "fastest": 0.000091201,
      "slowest": 0.002307327
    },
    "DNSLookup": {
      "average": 0.000005350039999999999,
      "fastest": 0.0000035,
      "slowest": 0.0000527
    }
  },
  "statusCodeDistribution": {
    "200": 240882
  },
  "errorDistribution": {}
}