{
  "summary": {
    "successRate": 1,
    "total": 10.000446532,
    "slowest": 0.014713281,
    "fastest": 0.00050106,
    "average": 0.0015636675053044,
    "requestsPerSec": 31934.374028009654,
    "totalData": 4151654,
    "sizePerRequest": 13,
    "sizePerSec": 415146.8623641255
  },
  "responseTimeHistogram": {
    "0.00050106": 1,
    "0.0019222821": 294457,
    "0.0033435042": 23392,
    "0.0047647263": 318,
    "0.0061859484": 759,
    "0.0076071705000000005": 282,
    "0.009028392599999999": 99,
    "0.0104496147": 0,
    "0.0118708368": 0,
    "0.013292058899999999": 3,
    "0.014713281": 47
  },
  "latencyPercentiles": {
    "p10": 0.001063585,
    "p25": 0.001354479,
    "p50": 0.001605341,
    "p75": 0.001692603,
    "p90": 0.001826385,
    "p95": 0.002163818,
    "p99": 0.002599984
  },
  "rps": {
    "mean": 31934.145723393347,
    "stddev": 3605.0410748743207,
    "max": 40310.92829266297,
    "percentiles": {
      "p10": 29217.39603760312,
      "p25": 31082.12415236399,
      "p50": 32586.627298245632,
      "p75": 33697.597958309736,
      "p90": 34696.85490921903,
      "p95": 35619.30452648274,
      "p99": 38115.932459766955
    }
  },
  "details": {
    "DNSDialup": {
      "average": 0.0010004752,
      "fastest": 0.000096614,
      "slowest": 0.002158533
    },
    "DNSLookup": {
      "average": 0.0000372137,
      "fastest": 0.000003898,
      "slowest": 0.001400131
    }
  },
  "statusCodeDistribution": {
    "200": 319358
  },
  "errorDistribution": {}
}