{
  "summary": {
    "successRate": 1,
    "total": 10.000265567,
    "slowest": 0.012546157,
    "fastest": 0.000465849,
    "average": 0.001469629252114598,
    "requestsPerSec": 33977.29767509883,
    "totalData": 4417166,
    "sizePerRequest": 13,
    "sizePerSec": 441704.86977628485
  },
  "responseTimeHistogram": {
    "0.000465849": 1,
    "0.0016738798": 303096,
    "0.0028819106": 35017,
    "0.0040899414": 816,
    "0.0052979722": 625,
    "0.006506003": 177,
    "0.0077140338": 0,
    "0.008922064600000001": 0,
    "0.0101300954": 0,
    "0.0113381262": 0,
    "0.012546157": 50
  },
  "latencyPercentiles": {
    "p10": 0.001012504,
    "p25": 0.001317624,
    "p50": 0.001525402,
    "p75": 0.001603649,
    "p90": 0.001682437,
    "p95": 0.001944647,
    "p99": 0.002179498
  },
  "rps": {
    "mean": 33986.69980096792,
    "stddev": 2968.63606798834,
    "max": 38589.00671489266,
    "percentiles": {
      "p10": 32340.601261533284,
      "p25": 33222.086042801406,
      "p50": 34408.81209677742,
      "p75": 35494.11375873491,
      "p90": 36227.619957695475,
      "p95": 36760.407047484216,
      "p99": 37950.988979050955
    }
  },
  "details": {
    "DNSDialup": {
      "average": 0.00089318118,
      "fastest": 0.000084768,
      "slowest": 0.002034998
    },
    "DNSLookup": {
      "average": 0.000007910500000000002,
      "fastest": 0.000004138,
      "slowest": 0.000024847
    }
  },
  "statusCodeDistribution": {
    "200": 339782
  },
  "errorDistribution": {}
}