{
  "summary": {
    "successRate": 1,
    "total": 10.000580484,
    "slowest": 0.012450887,
    "fastest": 0.000580666,
    "average": 0.0015703323250290998,
    "requestsPerSec": 31801.1539938925,
    "totalData": 4134390,
    "sizePerRequest": 13,
    "sizePerSec": 413415.0019206025
  },
  "responseTimeHistogram": {
    "0.000580666": 1,
    "0.0017676881": 283206,
    "0.0029547102000000002": 32241,
    "0.0041417323": 1010,
    "0.0053287544": 272,
    "0.0065157765": 1150,
    "0.0077027986000000005": 14,
    "0.0088898207": 83,
    "0.010076842800000001": 3,
    "0.011263864900000002": 0,
    "0.012450887": 50
  },
  "latencyPercentiles": {
    "p10": 0.001047455,
    "p25": 0.001412306,
    "p50": 0.001630145,
    "p75": 0.001700319,
    "p90": 0.001777917,
    "p95": 0.002066073,
    "p99": 0.002574429
  },
  "rps": {
    "mean": 31805.61512793223,
    "stddev": 3393.517250464742,
    "max": 36177.870103892485,
    "percentiles": {
      "p10": 30136.078913674166,
      "p25": 31280.77245991024,
      "p50": 32659.397476532988,
      "p75": 33381.27141731636,
      "p90": 34082.83302274415,
      "p95": 34601.60370095228,
      "p99": 35419.20473554792
    }
  },
  "details": {
    "DNSDialup": {
      "average": 0.0008516790800000002,
      "fastest": 0.000116956,
      "slowest": 0.001699481
    },
    "DNSLookup": {
      "average": 0.0000072718,
      "fastest": 0.000003096,
      "slowest": 0.000039834
    }
  },
  "statusCodeDistribution": {
    "200": 318030
  },
  "errorDistribution": {}
}