{
  "summary": {
    "successRate": 1,
    "total": 10.001134503,
    "slowest": 0.013732559,
    "fastest": 0.000281156,
    "average": 0.0015682792803189377,
    "requestsPerSec": 31841.18760771355,
    "totalData": 4139824,
    "sizePerRequest": 13,
    "sizePerSec": 413935.43890027615
  },
  "responseTimeHistogram": {
    "0.000281156": 1,
    "0.0016262963": 171464,
    "0.0029714366": 145086,
    "0.0043165769": 621,
    "0.0056617172": 438,
    "0.007006857500000001": 570,
    "0.008351997799999998": 218,
    "0.009697138099999999": 0,
    "0.0110422784": 0,
    "0.0123874187": 0,
    "0.013732559": 50
  },
  "latencyPercentiles": {
    "p10": 0.001065866,
    "p25": 0.001337531,
    "p50": 0.001611505,
    "p75": 0.001708199,
    "p90": 0.001886114,
    "p95": 0.002112677,
    "p99": 0.002593055
  },
  "rps": {
    "mean": 31838.077038269763,
    "stddev": 3818.7580285058316,
    "max": 41905.56505903967,
    "percentiles": {
      "p10": 28999.93377177869,
      "p25": 30809.44309430845,
      "p50": 32488.060896285522,
      "p75": 33706.24982723035,
      "p90": 34817.46060206181,
      "p95": 36018.45791603515,
      "p99": 39459.75785729915
    }
  },
  "details": {
    "DNSDialup": {
      "average": 0.00070892492,
      "fastest": 0.000077918,
      "slowest": 0.001503791
    },
    "DNSLookup": {
      "average": 0.0000069965,
      "fastest": 0.000003457,
      "slowest": 0.000039393
    }
  },
  "statusCodeDistribution": {
    "200": 318448
  },
  "errorDistribution": {}
}