{
  "summary": {
    "successRate": 1,
    "total": 10.000577843,
    "slowest": 0.014730679,
    "fastest": 0.000247887,
    "average": 0.0015844617406578854,
    "requestsPerSec": 31514.078981005936,
    "totalData": 4097067,
    "sizePerRequest": 13,
    "sizePerSec": 409683.02675307717
  },
  "responseTimeHistogram": {
    "0.000247887": 1,
    "0.0016961661999999999": 211510,
    "0.0031444453999999998": 101957,
    "0.0045927246000000005": 509,
    "0.0060410038": 632,
    "0.007489282999999999": 399,
    "0.0089375622": 101,
    "0.0103858414": 0,
    "0.0118341206": 0,
    "0.013282399799999999": 0,
    "0.014730678999999998": 50
  },
  "latencyPercentiles": {
    "p10": 0.001083279,
    "p25": 0.001335437,
    "p50": 0.001626385,
    "p75": 0.001734374,
    "p90": 0.001927775,
    "p95": 0.002111569,
    "p99": 0.002592338
  },
  "rps": {
    "mean": 31529.086197261975,
    "stddev": 3834.9578353050815,
    "max": 42793.42264063188,
    "percentiles": {
      "p10": 28180.975214180486,
      "p25": 30256.795060775825,
      "p50": 32022.48600898582,
      "p75": 33349.88809760456,
      "p90": 34802.32884234942,
      "p95": 36572.358209772836,
      "p99": 39502.576057829545
    }
  },
  "details": {
    "DNSDialup": {
      "average": 0.0008659143599999997,
      "fastest": 0.00012641,
      "slowest": 0.00123173
    },
    "DNSLookup": {
      "average": 0.00000832496,
      "fastest": 0.000003566,
      "slowest": 0.000040215
    }
  },
  "statusCodeDistribution": {
    "200": 315159
  },
  "errorDistribution": {}
}