{
  "summary": {
    "successRate": 1,
    "total": 10.000136834,
    "slowest": 0.014505271,
    "fastest": 0.000573031,
    "average": 0.0015924162209991917,
    "requestsPerSec": 31360.77087802777,
    "totalData": 4076956,
    "sizePerRequest": 13,
    "sizePerSec": 407690.021414361
  },
  "responseTimeHistogram": {
    "0.000573031": 1,
    "0.001966255": 293827,
    "0.003359479": 17689,
    "0.004752703": 485,
    "0.006145927": 1338,
    "0.007539151": 140,
    "0.008932375": 82,
    "0.010325599": 0,
    "0.011718823": 0,
    "0.013112047": 6,
    "0.014505271": 44
  },
  "latencyPercentiles": {
    "p10": 0.001067866,
    "p25": 0.001411204,
    "p50": 0.001646509,
    "p75": 0.001726509,
    "p90": 0.001810615,
    "p95": 0.002115185,
    "p99": 0.002632498
  },
  "rps": {
    "mean": 31374.077605637707,
    "stddev": 3516.7129898435132,
    "max": 36554.30099274937,
    "percentiles": {
      "p10": 29328.879896931358,
      "p25": 30735.567198361965,
      "p50": 32199.417924190955,
      "p75": 33136.745985951435,
      "p90": 33914.66021749796,
      "p95": 34513.111531071096,
      "p99": 35306.23861235919
    }
  },
  "details": {
    "DNSDialup": {
      "average": 0.0009492749200000001,
      "fastest": 0.000254971,
      "slowest": 0.001748195
    },
    "DNSLookup": {
      "average": 0.000008851499999999998,
      "fastest": 0.000003997,
      "slowest": 0.000062888
    }
  },
  "statusCodeDistribution": {
    "200": 313612
  },
  "errorDistribution": {}
}