{
  "summary": {
    "successRate": 1,
    "total": 10.000734193,
    "slowest": 0.013441463,
    "fastest": 0.000200576,
    "average": 0.0015498156563657187,
    "requestsPerSec": 32217.934581795562,
    "totalData": 4188639,
    "sizePerRequest": 13,
    "sizePerSec": 418833.1495633423
  },
  "responseTimeHistogram": {
    "0.000200576": 1,
    "0.0015246647000000002": 108554,
    "0.0028487534000000004": 211346,
    "0.004172842100000001": 1017,
    "0.005496930800000001": 393,
    "0.006821019500000001": 738,
    "0.0081451082": 104,
    "0.0094691969": 0,
    "0.0107932856": 0,
    "0.0121173743": 0,
    "0.013441463": 50
  },
  "latencyPercentiles": {
    "p10": 0.001062297,
    "p25": 0.001382842,
    "p50": 0.001598771,
    "p75": 0.001675884,
    "p90": 0.001758135,
    "p95": 0.002084909,
    "p99": 0.002411614
  },
  "rps": {
    "mean": 32229.841262598224,
    "stddev": 3387.9561875004692,
    "max": 37694.526180313536,
    "percentiles": {
      "p10": 30251.291796145557,
      "p25": 31671.693270889176,
      "p50": 32888.9998330662,
      "p75": 33831.625342505766,
      "p90": 34734.87527405073,
      "p95": 35244.735584241214,
      "p99": 36094.84905995295
    }
  },
  "details": {
    "DNSDialup": {
      "average": 0.0008789829199999997,
      "fastest": 0.000342402,
      "slowest": 0.001351227
    },
    "DNSLookup": {
      "average": 0.000006629900000000002,
      "fastest": 0.000002785,
      "slowest": 0.000044374
    }
  },
  "statusCodeDistribution": {
    "200": 322203
  },
  "errorDistribution": {}
}