{
  "summary": {
    "successRate": 1,
    "total": 10.000822627,
    "slowest": 0.014274146,
    "fastest": 0.000416701,
    "average": 0.0021765087116484036,
    "requestsPerSec": 22954.11173279276,
    "totalData": 2984280,
    "sizePerRequest": 13,
    "sizePerSec": 298403.45252630586
  },
  "responseTimeHistogram": {
    "0.000416701": 1,
    "0.0018024455": 53356,
    "0.0031881899999999996": 166177,
    "0.0045739345": 8271,
    "0.005959679": 729,
    "0.0073454235": 398,
    "0.008731168": 41,
    "0.0101169125": 347,
    "0.011502657": 183,
    "0.012888401499999999": 6,
    "0.014274146": 51
  },
  "latencyPercentiles": {
    "p10": 0.001609105,
    "p25": 0.002028206,
    "p50": 0.002137807,
    "p75": 0.002195507,
    "p90": 0.002794207,
    "p95": 0.003122409,
    "p99": 0.004130111
  },
  "rps": {
    "mean": 22953.43094516963,
    "stddev": 3710.141845267897,
    "max": 27899.980842011588,
    "percentiles": {
      "p10": 17533.549350836638,
      "p25": 22136.62726347013,
      "p50": 24584.158443455024,
      "p75": 25038.535871616277,
      "p90": 25331.149493385637,
      "p95": 26001.6568545802,
      "p99": 26398.16277004434
    }
  },
  "details": {
    "DNSDialup": {
      "average": 0.0012392800000000002,
      "fastest": 0.0000661,
      "slowest": 0.002644608
    },
    "DNSLookup": {
      "average": 0.00000483802,
      "fastest": 0.0000031,
      "slowest": 0.000054
    }
  },
  "statusCodeDistribution": {
    "200": 229560
  },
  "errorDistribution": {}
}