{
  "summary": {
    "successRate": 1,
    "total": 10.0004413,
    "slowest": 0.014366194,
    "fastest": 0.000556161,
    "average": 0.001539227186102784,
    "requestsPerSec": 32442.46831387331,
    "totalData": 4217707,
    "sizePerRequest": 13,
    "sizePerSec": 421752.088080353
  },
  "responseTimeHistogram": {
    "0.000556161": 1,
    "0.0019371643": 303203,
    "0.0033181676": 19778,
    "0.004699170900000001": 293,
    "0.006080174200000001": 839,
    "0.007461177500000001": 275,
    "0.0088421808": 0,
    "0.010223184100000001": 0,
    "0.0116041874": 0,
    "0.0129851907": 0,
    "0.014366194": 50
  },
  "latencyPercentiles": {
    "p10": 0.001055955,
    "p25": 0.001377814,
    "p50": 0.001587336,
    "p75": 0.001669264,
    "p90": 0.001753199,
    "p95": 0.002076266,
    "p99": 0.0023977
  },
  "rps": {
    "mean": 32455.634920366116,
    "stddev": 3260.013011921941,
    "max": 37007.95324045283,
    "percentiles": {
      "p10": 30723.463509082387,
      "p25": 31916.915965461976,
      "p50": 33094.43783131561,
      "p75": 34001.90750701266,
      "p90": 34833.57557398908,
      "p95": 35294.884232779776,
      "p99": 36172.73028036864
    }
  },
  "details": {
    "DNSDialup": {
      "average": 0.0008810757,
      "fastest": 0.00009527,
      "slowest": 0.00184006
    },
    "DNSLookup": {
      "average": 0.0000411473,
      "fastest": 0.000003647,
      "slowest": 0.00173422
    }
  },
  "statusCodeDistribution": {
    "200": 324439
  },
  "errorDistribution": {}
}