{
  "summary": {
    "successRate": 1,
    "total": 10.000668577,
    "slowest": 0.017187079,
    "fastest": 0.000429662,
    "average": 0.0016336593972043187,
    "requestsPerSec": 30566.85637028685,
    "totalData": 3973957,
    "sizePerRequest": 13,
    "sizePerSec": 397369.13281372905
  },
  "responseTimeHistogram": {
    "0.000429662": 1,
    "0.0021054037": 283087,
    "0.0037811453999999998": 21148,
    "0.005456887099999999": 314,
    "0.0071326288": 568,
    "0.0088083705": 521,
    "0.0104841122": 0,
    "0.0121598539": 0,
    "0.0138355956": 0,
    "0.0155113373": 0,
    "0.017187079": 50
  },
  "latencyPercentiles": {
    "p10": 0.001103484,
    "p25": 0.001357675,
    "p50": 0.001657364,
    "p75": 0.001803234,
    "p90": 0.001996643,
    "p95": 0.002278582,
    "p99": 0.002904176
  },
  "rps": {
    "mean": 30586.005265982047,
    "stddev": 4440.764151661518,
    "max": 41515.731122332916,
    "percentiles": {
      "p10": 26760.4296150849,
      "p25": 29048.732153059937,
      "p50": 30860.736187904145,
      "p75": 32879.85505737857,
      "p90": 34970.212150933825,
      "p95": 36996.64682730378,
      "p99": 39409.02860846002
    }
  },
  "details": {
    "DNSDialup": {
      "average": 0.0007179157399999998,
      "fastest": 0.000097763,
      "slowest": 0.001549277
    },
    "DNSLookup": {
      "average": 0.000008797479999999999,
      "fastest": 0.000003858,
      "slowest": 0.000034694
    }
  },
  "statusCodeDistribution": {
    "200": 305689
  },
  "errorDistribution": {}
}