{
  "summary": {
    "successRate": 1,
    "total": 10.000721897,
    "slowest": 0.014315436,
    "fastest": 0.00059168,
    "average": 0.0016477891900437017,
    "requestsPerSec": 30306.112210851334,
    "totalData": 3940079,
    "sizePerRequest": 13,
    "sizePerSec": 393979.4587410673
  },
  "responseTimeHistogram": {
    "0.00059168": 1,
    "0.0019640556000000003": 282328,
    "0.0033364312": 18640,
    "0.0047088068000000005": 628,
    "0.0060811824": 1156,
    "0.007453558": 155,
    "0.008825933600000002": 82,
    "0.010198309200000002": 43,
    "0.011570684800000001": 0,
    "0.012943060400000001": 0,
    "0.014315436": 50
  },
  "latencyPercentiles": {
    "p10": 0.001097811,
    "p25": 0.001476492,
    "p50": 0.001701044,
    "p75": 0.001782596,
    "p90": 0.001869146,
    "p95": 0.002239826,
    "p99": 0.002833824
  },
  "rps": {
    "mean": 30318.527050628785,
    "stddev": 3315.307459713382,
    "max": 35962.59382535362,
    "percentiles": {
      "p10": 28988.946785423228,
      "p25": 29845.59808409792,
      "p50": 30861.593568445205,
      "p75": 31853.447363636737,
      "p90": 32712.071368988756,
      "p95": 33255.90649398128,
      "p99": 34136.15107050543
    }
  },
  "details": {
    "DNSDialup": {
      "average": 0.00121986994,
      "fastest": 0.000105473,
      "slowest": 0.002245767
    },
    "DNSLookup": {
      "average": 0.0000081392,
      "fastest": 0.000004618,
      "slowest": 0.000036718
    }
  },
  "statusCodeDistribution": {
    "200": 303083
  },
  "errorDistribution": {}
}