{
  "summary": {
    "successRate": 1,
    "total": 10.000269784,
    "slowest": 0.015017729,
    "fastest": 0.000503154,
    "average": 0.0014760237347131782,
    "requestsPerSec": 33828.8873507455,
    "totalData": 4397874,
    "sizePerRequest": 13,
    "sizePerSec": 439775.53555969143
  },
  "responseTimeHistogram": {
    "0.000503154": 1,
    "0.0019546115": 315821,
    "0.003406069": 21531,
    "0.004857526500000001": 407,
    "0.006308984": 470,
    "0.0077604415": 18,
    "0.009211899": 0,
    "0.0106633565": 0,
    "0.012114814": 0,
    "0.0135662715": 0,
    "0.015017728999999999": 50
  },
  "latencyPercentiles": {
    "p10": 0.001017315,
    "p25": 0.001255245,
    "p50": 0.0015249,
    "p75": 0.001613899,
    "p90": 0.001744167,
    "p95": 0.002055084,
    "p99": 0.002329375
  },
  "rps": {
    "mean": 33835.44258216229,
    "stddev": 3339.1300321360723,
    "max": 42182.036318631304,
    "percentiles": {
      "p10": 31405.722122570656,
      "p25": 32769.743845827536,
      "p50": 34233.29891324601,
      "p75": 35436.41800678595,
      "p90": 36571.777084525835,
      "p95": 37824.835787177566,
      "p99": 40519.24408341224
    }
  },
  "details": {
    "DNSDialup": {
      "average": 0.0009642009199999999,
      "fastest": 0.000099046,
      "slowest": 0.002068221
    },
    "DNSLookup": {
      "average": 0.00004766932,
      "fastest": 0.000003627,
      "slowest": 0.001950857
    }
  },
  "statusCodeDistribution": {
    "200": 338298
  },
  "errorDistribution": {}
}