{
  "summary": {
    "successRate": 1,
    "total": 10.000843097,
    "slowest": 0.014729724,
    "fastest": 0.000350436,
    "average": 0.001584590708586118,
    "requestsPerSec": 31513.343119495596,
    "totalData": 4097080,
    "sizePerRequest": 13,
    "sizePerSec": 409673.46055344277
  },
  "responseTimeHistogram": {
    "0.000350436": 1,
    "0.0017883648": 281946,
    "0.0032262936": 31514,
    "0.0046642224": 491,
    "0.0061021512": 684,
    "0.00754008": 474,
    "0.0089780088": 0,
    "0.010415937600000001": 0,
    "0.0118538664": 0,
    "0.013291795200000001": 0,
    "0.014729724": 50
  },
  "latencyPercentiles": {
    "p10": 0.001079839,
    "p25": 0.001417561,
    "p50": 0.001634155,
    "p75": 0.001710745,
    "p90": 0.001794833,
    "p95": 0.002162232,
    "p99": 0.002481011
  },
  "rps": {
    "mean": 31529.334654294245,
    "stddev": 3350.0699639358095,
    "max": 36058.73415361803,
    "percentiles": {
      "p10": 29608.056352132684,
      "p25": 30713.95217287059,
      "p50": 32321.790443661048,
      "p75": 33221.35677511752,
      "p90": 33993.71368102137,
      "p95": 34537.068635764,
      "p99": 35305.39424098935
    }
  },
  "details": {
    "DNSDialup": {
      "average": 0.0004865547999999999,
      "fastest": 0.000072466,
      "slowest": 0.000706777
    },
    "DNSLookup": {
      "average": 0.000006150200000000002,
      "fastest": 0.000003637,
      "slowest": 0.000029485
    }
  },
  "statusCodeDistribution": {
    "200": 315160
  },
  "errorDistribution": {}
}