{
  "summary": {
    "successRate": 1,
    "total": 10.001097645,
    "slowest": 0.013895128,
    "fastest": 0.000287103,
    "average": 0.0020214588606767775,
    "requestsPerSec": 24708.887841280546,
    "totalData": 3212508,
    "sizePerRequest": 13,
    "sizePerSec": 321215.5419366471
  },
  "responseTimeHistogram": {
    "0.000287103": 1,
    "0.0016479054999999998": 55950,
    "0.0030087079999999997": 176442,
    "0.0043695105": 12974,
    "0.005730313": 832,
    "0.0070911155": 191,
    "0.008451918": 82,
    "0.0098127205": 54,
    "0.011173523": 225,
    "0.012534325499999999": 323,
    "0.013895128": 42
  },
  "latencyPercentiles": {
    "p10": 0.001526314,
    "p25": 0.001868118,
    "p50": 0.001989119,
    "p75": 0.002036419,
    "p90": 0.002126321,
    "p95": 0.00322803,
    "p99": 0.003796035
  },
  "rps": {
    "mean": 24723.888765930304,
    "stddev": 3920.3128302207474,
    "max": 28733.87760086515,
    "percentiles": {
      "p10": 22106.925055681386,
      "p25": 23206.516389802284,
      "p50": 26330.207232152516,
      "p75": 26648.710067633376,
      "p90": 26889.346306544434,
      "p95": 27542.65908937434,
      "p99": 28016.165950334995
    }
  },
  "details": {
    "DNSDialup": {
      "average": 0.0013381263600000003,
      "fastest": 0.0000745,
      "slowest": 0.001522414
    },
    "DNSLookup": {
      "average": 0.000004888039999999999,
      "fastest": 0.0000033,
      "slowest": 0.0000426
    }
  },
  "statusCodeDistribution": {
    "200": 247116
  },
  "errorDistribution": {}
}