{
  "summary": {
    "successRate": 1,
    "total": 10.000576267,
    "slowest": 0.013452629,
    "fastest": 0.000483364,
    "average": 0.0015659463529005978,
    "requestsPerSec": 31891.562194512888,
    "totalData": 4146142,
    "sizePerRequest": 13,
    "sizePerSec": 414590.30852866755
  },
  "responseTimeHistogram": {
    "0.000483364": 1,
    "0.0017802905": 285316,
    "0.003077217": 31429,
    "0.0043741435": 613,
    "0.00567107": 1074,
    "0.0069679965": 358,
    "0.008264923": 35,
    "0.0095618495": 58,
    "0.010858776": 0,
    "0.0121557025": 0,
    "0.013452629": 50
  },
  "latencyPercentiles": {
    "p10": 0.001044575,
    "p25": 0.00138668,
    "p50": 0.001623553,
    "p75": 0.001702662,
    "p90": 0.001786505,
    "p95": 0.00206396,
    "p99": 0.002559445
  },
  "rps": {
    "mean": 31905.096939029125,
    "stddev": 3502.374186672555,
    "max": 37343.4333135756,
    "percentiles": {
      "p10": 29844.33973554584,
      "p25": 31181.76482372045,
      "p50": 32736.888775005475,
      "p75": 33595.01411838442,
      "p90": 34453.38565557683,
      "p95": 35008.322762649,
      "p99": 36043.76546509745
    }
  },
  "details": {
    "DNSDialup": {
      "average": 0.00102190544,
      "fastest": 0.000127577,
      "slowest": 0.001466965
    },
    "DNSLookup": {
      "average": 0.000007291040000000001,
      "fastest": 0.000003506,
      "slowest": 0.000039233
    }
  },
  "statusCodeDistribution": {
    "200": 318934
  },
  "errorDistribution": {}
}