{
  "summary": {
    "successRate": 1,
    "total": 10.001248632,
    "slowest": 0.014559176,
    "fastest": 0.000316754,
    "average": 0.0015695895165170498,
    "requestsPerSec": 31811.627898343406,
    "totalData": 4136028,
    "sizePerRequest": 13,
    "sizePerSec": 413551.16267846426
  },
  "responseTimeHistogram": {
    "0.000316754": 1,
    "0.0017409962": 251694,
    "0.0031652383999999996": 64430,
    "0.004589480599999999": 824,
    "0.006013722799999999": 480,
    "0.0074379649999999995": 645,
    "0.0088622072": 32,
    "0.0102864494": 0,
    "0.0117106916": 0,
    "0.0131349338": 0,
    "0.014559176": 50
  },
  "latencyPercentiles": {
    "p10": 0.001071709,
    "p25": 0.001323293,
    "p50": 0.001609323,
    "p75": 0.001716666,
    "p90": 0.001930383,
    "p95": 0.002112259,
    "p99": 0.002626853
  },
  "rps": {
    "mean": 31831.68928145658,
    "stddev": 4040.7578336056004,
    "max": 41201.81700012722,
    "percentiles": {
      "p10": 28093.605082775677,
      "p25": 30685.168171067355,
      "p50": 32503.143759258615,
      "p75": 33760.704533025404,
      "p90": 35206.1012173431,
      "p95": 36719.43559726595,
      "p99": 40336.2584552827
    }
  },
  "details": {
    "DNSDialup": {
      "average": 0.0006240326799999999,
      "fastest": 0.000084906,
      "slowest": 0.001033898
    },
    "DNSLookup": {
      "average": 0.0000074725600000000025,
      "fastest": 0.000003917,
      "slowest": 0.000028132
    }
  },
  "statusCodeDistribution": {
    "200": 318156
  },
  "errorDistribution": {}
}