{
  "summary": {
    "successRate": 1,
    "total": 10.000693202,
    "slowest": 0.013173461,
    "fastest": 0.000222616,
    "average": 0.0015643631167734364,
    "requestsPerSec": 31927.9867455732,
    "totalData": 4150926,
    "sizePerRequest": 13,
    "sizePerSec": 415063.82769245154
  },
  "responseTimeHistogram": {
    "0.000222616": 1,
    "0.0015177004999999998": 100056,
    "0.002812785": 216971,
    "0.0041078695": 921,
    "0.005402954": 226,
    "0.0066980385": 905,
    "0.007993123": 172,
    "0.0092882075": 0,
    "0.010583292": 0,
    "0.0118783765": 0,
    "0.013173461": 50
  },
  "latencyPercentiles": {
    "p10": 0.001047411,
    "p25": 0.001403739,
    "p50": 0.001607517,
    "p75": 0.001685563,
    "p90": 0.001792105,
    "p95": 0.002182234,
    "p99": 0.002546657
  },
  "rps": {
    "mean": 31940.489940016494,
    "stddev": 3456.304556687927,
    "max": 36893.7816126141,
    "percentiles": {
      "p10": 30014.313826263766,
      "p25": 31145.75198885562,
      "p50": 32659.43676785391,
      "p75": 33631.62044954698,
      "p90": 34485.76144724437,
      "p95": 35105.88088553973,
      "p99": 36083.91625794007
    }
  },
  "details": {
    "DNSDialup": {
      "average": 0.00075725864,
      "fastest": 0.000108489,
      "slowest": 0.001168964
    },
    "DNSLookup": {
      "average": 0.000005346919999999999,
      "fastest": 0.000002574,
      "slowest": 0.000038929
    }
  },
  "statusCodeDistribution": {
    "200": 319302
  },
  "errorDistribution": {}
}