{
  "summary": {
    "successRate": 1,
    "total": 10.00072924,
    "slowest": 0.015965128,
    "fastest": 0.000329801,
    "average": 0.002219540472298347,
    "requestsPerSec": 22507.85863691676,
    "totalData": 2926235,
    "sizePerRequest": 13,
    "sizePerSec": 292602.1622799179
  },
  "responseTimeHistogram": {
    "0.000329801": 1,
    "0.0018933336999999997": 47101,
    "0.0034568663999999995": 172430,
    "0.005020399099999999": 4380,
    "0.006583931799999999": 460,
    "0.008147464499999998": 120,
    "0.009710997199999996": 262,
    "0.011274529899999997": 268,
    "0.012838062599999997": 19,
    "0.014401595299999997": 52,
    "0.015965128": 2
  },
  "latencyPercentiles": {
    "p10": 0.001597105,
    "p25": 0.002034106,
    "p50": 0.002124906,
    "p75": 0.002206407,
    "p90": 0.002927509,
    "p95": 0.00311961,
    "p99": 0.003996812
  },
  "rps": {
    "mean": 22487.58770253551,
    "stddev": 4029.11044301631,
    "max": 28679.591602622004,
    "percentiles": {
      "p10": 16560.10964214994,
      "p25": 21312.881795446858,
      "p50": 24200.351250812517,
      "p75": 25143.978085346003,
      "p90": 25879.99787971136,
      "p95": 26246.912486464786,
      "p99": 26648.265484178013
    }
  },
  "details": {
    "DNSDialup": {
      "average": 0.0015572866600000004,
      "fastest": 0.0000699,
      "slowest": 0.001670903
    },
    "DNSLookup": {
      "average": 0.0000041079999999999995,
      "fastest": 0.0000028,
      "slowest": 0.0000419
    }
  },
  "statusCodeDistribution": {
    "200": 225095
  },
  "errorDistribution": {}
}