{
  "summary": {
    "successRate": 1,
    "total": 10.000768532,
    "slowest": 0.013973811,
    "fastest": 0.000307574,
    "average": 0.0015680223388319023,
    "requestsPerSec": 31841.952844029685,
    "totalData": 4139772,
    "sizePerRequest": 13,
    "sizePerSec": 413945.3869723859
  },
  "responseTimeHistogram": {
    "0.000307574": 1,
    "0.0016741977": 214337,
    "0.0030408214": 102214,
    "0.0044074451": 677,
    "0.0057740688": 361,
    "0.0071406924999999994": 766,
    "0.0085073162": 38,
    "0.0098739399": 0,
    "0.0112405636": 0,
    "0.0126071873": 0,
    "0.013973811": 50
  },
  "latencyPercentiles": {
    "p10": 0.001072806,
    "p25": 0.001397074,
    "p50": 0.001622482,
    "p75": 0.001697723,
    "p90": 0.001778257,
    "p95": 0.002103331,
    "p99": 0.002445563
  },
  "rps": {
    "mean": 31857.601135806442,
    "stddev": 3257.2406644061416,
    "max": 36192.87277991699,
    "percentiles": {
      "p10": 30137.25869292191,
      "p25": 31137.14973334672,
      "p50": 32553.079423654297,
      "p75": 33417.10956009241,
      "p90": 34201.97152415361,
      "p95": 34709.32986786836,
      "p99": 35610.57174095228
    }
  },
  "details": {
    "DNSDialup": {
      "average": 0.0007363632000000003,
      "fastest": 0.00006968,
      "slowest": 0.001229409
    },
    "DNSLookup": {
      "average": 0.000006512080000000001,
      "fastest": 0.000003407,
      "slowest": 0.000028413
    }
  },
  "statusCodeDistribution": {
    "200": 318444
  },
  "errorDistribution": {}
}