{
  "summary": {
    "successRate": 1,
    "total": 10.000710873,
    "slowest": 0.016346073,
    "fastest": 0.00055708,
    "average": 0.0016418893568798327,
    "requestsPerSec": 30412.838033458866,
    "totalData": 3953950,
    "sizePerRequest": 13,
    "sizePerSec": 395366.8944349653
  },
  "responseTimeHistogram": {
    "0.00055708": 1,
    "0.0021359792999999998": 285550,
    "0.0037148786": 16552,
    "0.005293777899999999": 607,
    "0.006872677199999999": 1210,
    "0.008451576499999999": 43,
    "0.010030475799999999": 83,
    "0.011609375099999998": 20,
    "0.013188274399999998": 34,
    "0.014767173699999999": 0,
    "0.016346073": 50
  },
  "latencyPercentiles": {
    "p10": 0.001092903,
    "p25": 0.001468423,
    "p50": 0.001684876,
    "p75": 0.001767479,
    "p90": 0.001858463,
    "p95": 0.002294311,
    "p99": 0.002858137
  },
  "rps": {
    "mean": 30404.017850293185,
    "stddev": 3644.0852003628606,
    "max": 35254.292667320784,
    "percentiles": {
      "p10": 28820.36735360901,
      "p25": 29864.75532232662,
      "p50": 31027.620788026954,
      "p75": 32214.390168089154,
      "p90": 32935.329516459606,
      "p95": 33496.634694235094,
      "p99": 34394.41450893972
    }
  },
  "details": {
    "DNSDialup": {
      "average": 0.0015609198199999998,
      "fastest": 0.000081011,
      "slowest": 0.003851019
    },
    "DNSLookup": {
      "average": 0.00003374876,
      "fastest": 0.000003026,
      "slowest": 0.001323709
    }
  },
  "statusCodeDistribution": {
    "200": 304150
  },
  "errorDistribution": {}
}