{
  "summary": {
    "successRate": 1,
    "total": 10.000378719,
    "slowest": 0.013791165,
    "fastest": 0.000455614,
    "average": 0.001461838630999498,
    "requestsPerSec": 34161.806227490735,
    "totalData": 4441203,
    "sizePerRequest": 13,
    "sizePerSec": 444103.4809573795
  },
  "responseTimeHistogram": {
    "0.000455614": 1,
    "0.0017891691": 317801,
    "0.0031227242": 22637,
    "0.0044562793": 549,
    "0.0057898344": 593,
    "0.0071233895": 0,
    "0.0084569446": 0,
    "0.0097904997": 0,
    "0.0111240548": 0,
    "0.0124576099": 0,
    "0.013791165": 50
  },
  "latencyPercentiles": {
    "p10": 0.001004832,
    "p25": 0.001317467,
    "p50": 0.001511083,
    "p75": 0.001587496,
    "p90": 0.001670862,
    "p95": 0.002002336,
    "p99": 0.0022169
  },
  "rps": {
    "mean": 34183.41693567485,
    "stddev": 2991.549059038222,
    "max": 39762.41344887449,
    "percentiles": {
      "p10": 32135.834960795528,
      "p25": 33233.010349180055,
      "p50": 34651.020162086315,
      "p75": 35834.73460825647,
      "p90": 36585.823333552595,
      "p95": 37109.232777114994,
      "p99": 38118.098361883014
    }
  },
  "details": {
    "DNSDialup": {
      "average": 0.00093897344,
      "fastest": 0.000105338,
      "slowest": 0.002035636
    },
    "DNSLookup": {
      "average": 0.00000938578,
      "fastest": 0.000004468,
      "slowest": 0.000034364
    }
  },
  "statusCodeDistribution": {
    "200": 341631
  },
  "errorDistribution": {}
}