{
  "summary": {
    "successRate": 1,
    "total": 10.00038224,
    "slowest": 0.013492339,
    "fastest": 0.000525796,
    "average": 0.0015880960741999496,
    "requestsPerSec": 31447.59794701607,
    "totalData": 4088344,
    "sizePerRequest": 13,
    "sizePerSec": 408818.77331120893
  },
  "responseTimeHistogram": {
    "0.000525796": 1,
    "0.0018224503": 287823,
    "0.0031191046000000004": 24386,
    "0.0044157589": 695,
    "0.0057124132000000005": 875,
    "0.0070090675000000005": 581,
    "0.0083057218": 49,
    "0.0096023761": 14,
    "0.0108990304": 14,
    "0.0121956847": 0,
    "0.013492339": 50
  },
  "latencyPercentiles": {
    "p10": 0.001062681,
    "p25": 0.001427344,
    "p50": 0.001638884,
    "p75": 0.00171791,
    "p90": 0.001799859,
    "p95": 0.002157232,
    "p99": 0.00263811
  },
  "rps": {
    "mean": 31451.20843367598,
    "stddev": 3456.0818585442034,
    "max": 36807.06848458897,
    "percentiles": {
      "p10": 29604.813742713814,
      "p25": 30717.794818538106,
      "p50": 32215.253922730524,
      "p75": 33137.81335234982,
      "p90": 33929.5130574595,
      "p95": 34553.05621782187,
      "p99": 35486.999929027355
    }
  },
  "details": {
    "DNSDialup": {
      "average": 0.0007561897600000003,
      "fastest": 0.000152315,
      "slowest": 0.001182369
    },
    "DNSLookup": {
      "average": 0.000008815479999999997,
      "fastest": 0.000004178,
      "slowest": 0.000036819
    }
  },
  "statusCodeDistribution": {
    "200": 314488
  },
  "errorDistribution": {}
}