{
  "summary": {
    "successRate": 1,
    "total": 10.000966881,
    "slowest": 0.015982175,
    "fastest": 0.000486232,
    "average": 0.0015693592966475088,
    "requestsPerSec": 31821.223266382698,
    "totalData": 4137159,
    "sizePerRequest": 13,
    "sizePerSec": 413675.90246297506
  },
  "responseTimeHistogram": {
    "0.000486232": 1,
    "0.0020358263000000002": 297451,
    "0.0035854206000000004": 19406,
    "0.0051350149": 271,
    "0.0066846092": 699,
    "0.0082342035": 365,
    "0.0097837978": 0,
    "0.0113333921": 0,
    "0.012882986400000001": 0,
    "0.014432580700000001": 0,
    "0.015982175": 50
  },
  "latencyPercentiles": {
    "p10": 0.0010737,
    "p25": 0.001313609,
    "p50": 0.001616144,
    "p75": 0.001715134,
    "p90": 0.001906101,
    "p95": 0.002143752,
    "p99": 0.002654998
  },
  "rps": {
    "mean": 31839.101429203747,
    "stddev": 3979.470989956708,
    "max": 41702.89418085575,
    "percentiles": {
      "p10": 28619.698938778143,
      "p25": 30407.936471418718,
      "p50": 32395.73608174211,
      "p75": 33654.90124039321,
      "p90": 35501.43070765683,
      "p95": 37673.02539242068,
      "p99": 40077.55726671983
    }
  },
  "details": {
    "DNSDialup": {
      "average": 0.0008068569199999999,
      "fastest": 0.000099016,
      "slowest": 0.00172044
    },
    "DNSLookup": {
      "average": 0.000039891740000000006,
      "fastest": 0.000004358,
      "slowest": 0.001629108
    }
  },
  "statusCodeDistribution": {
    "200": 318243
  },
  "errorDistribution": {}
}