{
  "summary": {
    "successRate": 1,
    "total": 10.001335954,
    "slowest": 0.015571837,
    "fastest": 0.000386089,
    "average": 0.001656405964050157,
    "requestsPerSec": 30149.072222636787,
    "totalData": 3919903,
    "sizePerRequest": 13,
    "sizePerSec": 391937.93889427825
  },
  "responseTimeHistogram": {
    "0.000386089": 1,
    "0.0019046638": 226238,
    "0.0034232386": 73867,
    "0.0049418134": 343,
    "0.0064603882": 539,
    "0.007978963": 493,
    "0.009497537799999999": 0,
    "0.011016112599999999": 0,
    "0.0125346874": 0,
    "0.0140532622": 0,
    "0.015571837": 50
  },
  "latencyPercentiles": {
    "p10": 0.001111058,
    "p25": 0.001421596,
    "p50": 0.001651224,
    "p75": 0.001904478,
    "p90": 0.002001505,
    "p95": 0.002153124,
    "p99": 0.002742134
  },
  "rps": {
    "mean": 30149.54271437712,
    "stddev": 4115.448004806293,
    "max": 40125.09977260526,
    "percentiles": {
      "p10": 26403.332039802626,
      "p25": 27807.051587201924,
      "p50": 30850.588795506417,
      "p75": 33088.335341310936,
      "p90": 34327.26019338315,
      "p95": 35089.388916730146,
      "p99": 37204.72127912853
    }
  },
  "details": {
    "DNSDialup": {
      "average": 0.0007755962600000001,
      "fastest": 0.000073056,
      "slowest": 0.001237484
    },
    "DNSLookup": {
      "average": 0.00001847382,
      "fastest": 0.000003577,
      "slowest": 0.000570973
    }
  },
  "statusCodeDistribution": {
    "200": 301531
  },
  "errorDistribution": {}
}