{
  "summary": {
    "successRate": 1,
    "total": 10.001123068,
    "slowest": 0.015354478,
    "fastest": 0.000318697,
    "average": 0.0016639625611611158,
    "requestsPerSec": 30012.42940009385,
    "totalData": 3902054,
    "sizePerRequest": 13,
    "sizePerSec": 390161.58220122004
  },
  "responseTimeHistogram": {
    "0.000318697": 1,
    "0.0018222751": 209839,
    "0.0033258532": 88616,
    "0.0048294313": 623,
    "0.0063330094": 603,
    "0.0078365875": 425,
    "0.0093401656": 1,
    "0.0108437437": 0,
    "0.0123473218": 0,
    "0.0138508999": 0,
    "0.015354478": 50
  },
  "latencyPercentiles": {
    "p10": 0.001110384,
    "p25": 0.001479214,
    "p50": 0.001665773,
    "p75": 0.001880873,
    "p90": 0.001996894,
    "p95": 0.002188174,
    "p99": 0.002796925
  },
  "rps": {
    "mean": 30034.358078621648,
    "stddev": 3824.022853455677,
    "max": 36771.731150247695,
    "percentiles": {
      "p10": 26521.97345500759,
      "p25": 28228.66338480133,
      "p50": 30610.030816773633,
      "p75": 32759.232018123337,
      "p90": 33717.139793879534,
      "p95": 34514.931604767524,
      "p99": 35617.5940153837
    }
  },
  "details": {
    "DNSDialup": {
      "average": 0.0008516144200000002,
      "fastest": 0.000124584,
      "slowest": 0.001316507
    },
    "DNSLookup": {
      "average": 0.0000069673999999999996,
      "fastest": 0.000003837,
      "slowest": 0.000029266
    }
  },
  "statusCodeDistribution": {
    "200": 300158
  },
  "errorDistribution": {}
}