{
  "summary": {
    "successRate": 1,
    "total": 10.001359704,
    "slowest": 0.023522098,
    "fastest": 0.000276701,
    "average": 0.0027688750326114054,
    "requestsPerSec": 18037.247468246842,
    "totalData": 2345161,
    "sizePerRequest": 13,
    "sizePerSec": 234484.21708720896
  },
  "responseTimeHistogram": {
    "0.000276701": 1,
    "0.0026012407": 96362,
    "0.0049257804": 78796,
    "0.007250320100000001": 3577,
    "0.009574859800000002": 645,
    "0.011899399500000001": 637,
    "0.014223939200000002": 176,
    "0.016548478900000003": 137,
    "0.018873018600000003": 36,
    "0.021197558300000002": 0,
    "0.023522098": 30
  },
  "latencyPercentiles": {
    "p10": 0.002090408,
    "p25": 0.00237061,
    "p50": 0.002573209,
    "p75": 0.00285221,
    "p90": 0.003715415,
    "p95": 0.004327319,
    "p99": 0.006835328
  },
  "rps": {
    "mean": 18119.02299093326,
    "stddev": 3965.491671740364,
    "max": 63080.206482434485,
    "percentiles": {
      "p10": 13885.276640105007,
      "p25": 16990.6853287349,
      "p50": 19109.577369645114,
      "p75": 20301.750010851913,
      "p90": 21143.205379555337,
      "p95": 21848.569263410354,
      "p99": 23666.427509231147
    }
  },
  "details": {
    "DNSDialup": {
      "average": 0.0025168345399999995,
      "fastest": 0.000107001,
      "slowest": 0.002714411
    },
    "DNSLookup": {
      "average": 0.000012744060000000001,
      "fastest": 0.0000053,
      "slowest": 0.000246001
    }
  },
  "statusCodeDistribution": {
    "200": 180397
  },
  "errorDistribution": {}
}