{
  "summary": {
    "successRate": 1,
    "total": 10.000395683,
    "slowest": 0.013664265,
    "fastest": 0.000492623,
    "average": 0.0014646368920451134,
    "requestsPerSec": 34097.15083370666,
    "totalData": 4432805,
    "sizePerRequest": 13,
    "sizePerSec": 443262.9608381866
  },
  "responseTimeHistogram": {
    "0.000492623": 1,
    "0.0018097872": 312039,
    "0.0031269514000000003": 27630,
    "0.0044441156": 637,
    "0.0057612798000000005": 578,
    "0.007078444000000001": 50,
    "0.0083956082": 0,
    "0.0097127724": 0,
    "0.0110299366": 0,
    "0.0123471008": 0,
    "0.013664265": 50
  },
  "latencyPercentiles": {
    "p10": 0.001002393,
    "p25": 0.001315569,
    "p50": 0.001506358,
    "p75": 0.001585717,
    "p90": 0.001739494,
    "p95": 0.001985707,
    "p99": 0.002342565
  },
  "rps": {
    "mean": 34113.92571277394,
    "stddev": 3235.2503350676207,
    "max": 39398.668490895885,
    "percentiles": {
      "p10": 31639.457567532485,
      "p25": 33307.15104533017,
      "p50": 34730.99046278835,
      "p75": 35912.779134430006,
      "p90": 36729.1101680592,
      "p95": 37255.83582460766,
      "p99": 38246.423508855
    }
  },
  "details": {
    "DNSDialup": {
      "average": 0.0007594319800000001,
      "fastest": 0.000081902,
      "slowest": 0.001812399
    },
    "DNSLookup": {
      "average": 0.00000780642,
      "fastest": 0.000003807,
      "slowest": 0.000032661
    }
  },
  "statusCodeDistribution": {
    "200": 340985
  },
  "errorDistribution": {}
}