{
  "summary": {
    "successRate": 1,
    "total": 10.000747352,
    "slowest": 0.014845447,
    "fastest": 0.0003557,
    "average": 0.0016227189637765074,
    "requestsPerSec": 30773.300151258536,
    "totalData": 4000828,
    "sizePerRequest": 13,
    "sizePerSec": 400052.901966361
  },
  "responseTimeHistogram": {
    "0.0003557": 1,
    "0.0018046746999999998": 238046,
    "0.0032536493999999997": 67780,
    "0.0047026241": 728,
    "0.0061515988": 380,
    "0.007600573499999999": 680,
    "0.0090495482": 91,
    "0.0104985229": 0,
    "0.011947497599999999": 0,
    "0.013396472299999998": 0,
    "0.014845446999999998": 50
  },
  "latencyPercentiles": {
    "p10": 0.001102627,
    "p25": 0.001341618,
    "p50": 0.001653487,
    "p75": 0.001784281,
    "p90": 0.001994848,
    "p95": 0.00224927,
    "p99": 0.002783947
  },
  "rps": {
    "mean": 30789.20000959084,
    "stddev": 4256.406048017629,
    "max": 41768.786859271786,
    "percentiles": {
      "p10": 27000.934232320775,
      "p25": 29404.01364786267,
      "p50": 31224.32999793473,
      "p75": 32768.780984703,
      "p90": 34822.611153466365,
      "p95": 36808.068328579066,
      "p99": 40551.86583640065
    }
  },
  "details": {
    "DNSDialup": {
      "average": 0.0005403757199999999,
      "fastest": 0.000082025,
      "slowest": 0.000992543
    },
    "DNSLookup": {
      "average": 0.000008200259999999996,
      "fastest": 0.000003957,
      "slowest": 0.000031809
    }
  },
  "statusCodeDistribution": {
    "200": 307756
  },
  "errorDistribution": {}
}