{
  "summary": {
    "successRate": 1,
    "total": 10.000756096,
    "slowest": 0.015848118,
    "fastest": 0.000447082,
    "average": 0.0015738872343190305,
    "requestsPerSec": 31728.701005608447,
    "totalData": 4125043,
    "sizePerRequest": 13,
    "sizePerSec": 412473.1130729098
  },
  "responseTimeHistogram": {
    "0.000447082": 1,
    "0.0019871856": 295311,
    "0.0035272892000000004": 20425,
    "0.0050673928": 374,
    "0.0066074964": 928,
    "0.008147600000000001": 222,
    "0.0096877036": 0,
    "0.0112278072": 0,
    "0.0127679108": 0,
    "0.014308014400000001": 0,
    "0.015848118": 50
  },
  "latencyPercentiles": {
    "p10": 0.001072762,
    "p25": 0.001348681,
    "p50": 0.001619657,
    "p75": 0.001705076,
    "p90": 0.001860857,
    "p95": 0.002133329,
    "p99": 0.002644322
  },
  "rps": {
    "mean": 31745.655675400838,
    "stddev": 3696.459980119404,
    "max": 41253.26601183022,
    "percentiles": {
      "p10": 29044.77542579732,
      "p25": 30778.079168059023,
      "p50": 32418.150922701127,
      "p75": 33526.79235039772,
      "p90": 34577.90818460321,
      "p95": 35715.31668739604,
      "p99": 38623.48796052878
    }
  },
  "details": {
    "DNSDialup": {
      "average": 0.0007682699999999998,
      "fastest": 0.000110275,
      "slowest": 0.001211987
    },
    "DNSLookup": {
      "average": 0.00000674372,
      "fastest": 0.000003215,
      "slowest": 0.00002694
    }
  },
  "statusCodeDistribution": {
    "200": 317311
  },
  "errorDistribution": {}
}