{
  "summary": {
    "successRate": 1,
    "total": 10.00057078,
    "slowest": 0.013495414,
    "fastest": 0.000484663,
    "average": 0.001483094488348653,
    "requestsPerSec": 33668.07829342717,
    "totalData": 4377100,
    "sizePerRequest": 13,
    "sizePerSec": 437685.01781455317
  },
  "responseTimeHistogram": {
    "0.000484663": 1,
    "0.0017857381": 298254,
    "0.0030868132": 37305,
    "0.0043878883": 490,
    "0.0056889634": 420,
    "0.0069900385": 180,
    "0.0082911136": 0,
    "0.0095921887": 0,
    "0.0108932638": 0,
    "0.0121943389": 0,
    "0.013495414": 50
  },
  "latencyPercentiles": {
    "p10": 0.001018968,
    "p25": 0.001245892,
    "p50": 0.001525496,
    "p75": 0.001626961,
    "p90": 0.001818674,
    "p95": 0.002054785,
    "p99": 0.002433174
  },
  "rps": {
    "mean": 33675.15829765236,
    "stddev": 3761.4585799142287,
    "max": 44256.44023823691,
    "percentiles": {
      "p10": 30214.685049134314,
      "p25": 32428.741593674167,
      "p50": 33978.32692417124,
      "p75": 35500.00679130703,
      "p90": 37228.40448992398,
      "p95": 39126.05037906635,
      "p99": 41904.27495957845
    }
  },
  "details": {
    "DNSDialup": {
      "average": 0.0007729481199999999,
      "fastest": 0.000097848,
      "slowest": 0.001293002
    },
    "DNSLookup": {
      "average": 0.000009166439999999999,
      "fastest": 0.000003797,
      "slowest": 0.000041818
    }
  },
  "statusCodeDistribution": {
    "200": 336700
  },
  "errorDistribution": {}
}