{
  "summary": {
    "successRate": 1,
    "total": 10.000803356,
    "slowest": 0.013488318,
    "fastest": 0.0002253,
    "average": 0.002105785415393142,
    "requestsPerSec": 23725.493998204358,
    "totalData": 3084562,
    "sizePerRequest": 13,
    "sizePerSec": 308431.42197665665
  },
  "responseTimeHistogram": {
    "0.0002253": 1,
    "0.0015516018": 17867,
    "0.0028779036": 208787,
    "0.0042042054": 8782,
    "0.0055305072000000005": 398,
    "0.006856809000000001": 231,
    "0.008183110799999999": 86,
    "0.0095094126": 871,
    "0.0108357144": 131,
    "0.0121620162": 14,
    "0.013488318000000001": 106
  },
  "latencyPercentiles": {
    "p10": 0.001671602,
    "p25": 0.001957401,
    "p50": 0.0020256,
    "p75": 0.002174901,
    "p90": 0.002538903,
    "p95": 0.002851101,
    "p99": 0.003656701
  },
  "rps": {
    "mean": 23727.302220173096,
    "stddev": 3311.985384211506,
    "max": 28718.08090373893,
    "percentiles": {
      "p10": 22204.432004628485,
      "p25": 23191.597533617918,
      "p50": 24516.63944319009,
      "p75": 25311.280268029557,
      "p90": 25763.25154143373,
      "p95": 26237.928462233886,
      "p99": 27560.217040267926
    }
  },
  "details": {
    "DNSDialup": {
      "average": 0.00154373412,
      "fastest": 0.000067101,
      "slowest": 0.001671602
    },
    "DNSLookup": {
      "average": 0.000004278,
      "fastest": 0.0000028,
      "slowest": 0.0000364
    }
  },
  "statusCodeDistribution": {
    "200": 237274
  },
  "errorDistribution": {}
}