{
  "summary": {
    "successRate": 1,
    "total": 10.000891418,
    "slowest": 0.013996596,
    "fastest": 0.000452925,
    "average": 0.0016177330527374389,
    "requestsPerSec": 30867.14844682658,
    "totalData": 4013087,
    "sizePerRequest": 13,
    "sizePerSec": 401272.92980874557
  },
  "responseTimeHistogram": {
    "0.000452925": 1,
    "0.0018072921": 242279,
    "0.0031616592": 64613,
    "0.0045160263": 655,
    "0.0058703934": 303,
    "0.0072247605": 559,
    "0.0085791276": 197,
    "0.0099334947": 42,
    "0.0112878618": 0,
    "0.0126422289": 0,
    "0.013996596": 50
  },
  "latencyPercentiles": {
    "p10": 0.001096847,
    "p25": 0.001347786,
    "p50": 0.001653118,
    "p75": 0.001774732,
    "p90": 0.001987139,
    "p95": 0.002208242,
    "p99": 0.002733379
  },
  "rps": {
    "mean": 30874.095090587976,
    "stddev": 4079.2417295403147,
    "max": 40832.21690073688,
    "percentiles": {
      "p10": 26803.749844604612,
      "p25": 29681.529264829856,
      "p50": 31332.37260737792,
      "p75": 32874.77136623903,
      "p90": 34679.02483799014,
      "p95": 36224.770498064165,
      "p99": 39425.77120489149
    }
  },
  "details": {
    "DNSDialup": {
      "average": 0.0008534148999999997,
      "fastest": 0.000146461,
      "slowest": 0.00129644
    },
    "DNSLookup": {
      "average": 0.0000079567,
      "fastest": 0.000003747,
      "slowest": 0.000033793
    }
  },
  "statusCodeDistribution": {
    "200": 308699
  },
  "errorDistribution": {}
}