{
  "summary": {
    "successRate": 1,
    "total": 10.000810838,
    "slowest": 0.021817332,
    "fastest": 0.000338102,
    "average": 0.002324123770293761,
    "requestsPerSec": 21491.357399074925,
    "totalData": 2794103,
    "sizePerRequest": 13,
    "sizePerSec": 279387.646187974
  },
  "responseTimeHistogram": {
    "0.000338102": 1,
    "0.0024860249999999998": 171404,
    "0.004633948": 39774,
    "0.006781871": 2798,
    "0.008929794": 421,
    "0.011077716999999999": 401,
    "0.01322564": 72,
    "0.015373563": 10,
    "0.017521486": 1,
    "0.019669409": 32,
    "0.021817332": 17
  },
  "latencyPercentiles": {
    "p10": 0.001853212,
    "p25": 0.001984312,
    "p50": 0.002165313,
    "p75": 0.002402315,
    "p90": 0.002943418,
    "p95": 0.00348802,
    "p99": 0.005682734
  },
  "rps": {
    "mean": 21516.041300074554,
    "stddev": 3926.424442094448,
    "max": 26804.929426521376,
    "percentiles": {
      "p10": 17509.34999289574,
      "p25": 20490.24741412358,
      "p50": 22559.38863017225,
      "p75": 24054.533539821907,
      "p90": 24860.095266311997,
      "p95": 25351.082188207845,
      "p99": 26057.11235711163
    }
  },
  "details": {
    "DNSDialup": {
      "average": 0.003138092920000001,
      "fastest": 0.000136001,
      "slowest": 0.003602322
    },
    "DNSLookup": {
      "average": 0.000011906039999999999,
      "fastest": 0.000008,
      "slowest": 0.000134601
    }
  },
  "statusCodeDistribution": {
    "200": 214931
  },
  "errorDistribution": {}
}