{
  "summary": {
    "successRate": 1,
    "total": 10.000299583,
    "slowest": 0.013563716,
    "fastest": 0.000450872,
    "average": 0.0014707242529554126,
    "requestsPerSec": 33953.58280838015,
    "totalData": 4414098,
    "sizePerRequest": 13,
    "sizePerSec": 441396.57650894194
  },
  "responseTimeHistogram": {
    "0.000450872": 1,
    "0.0017621563999999999": 317224,
    "0.0030734408": 20531,
    "0.0043847252": 562,
    "0.0056960095999999995": 539,
    "0.007007293999999999": 596,
    "0.0083185784": 43,
    "0.0096298628": 0,
    "0.0109411472": 0,
    "0.012252431599999999": 0,
    "0.013563715999999998": 50
  },
  "latencyPercentiles": {
    "p10": 0.001006191,
    "p25": 0.001318502,
    "p50": 0.001515339,
    "p75": 0.001592086,
    "p90": 0.001671902,
    "p95": 0.001996819,
    "p99": 0.002323957
  },
  "rps": {
    "mean": 33973.62024625365,
    "stddev": 3419.618872791981,
    "max": 39324.12332168713,
    "percentiles": {
      "p10": 32233.016907400393,
      "p25": 33371.64182731358,
      "p50": 34709.71485347393,
      "p75": 35626.11145510828,
      "p90": 36260.687015726806,
      "p95": 36736.828670742885,
      "p99": 37627.99899405289
    }
  },
  "details": {
    "DNSDialup": {
      "average": 0.00073646126,
      "fastest": 0.000074268,
      "slowest": 0.001760818
    },
    "DNSLookup": {
      "average": 0.000007108919999999999,
      "fastest": 0.000003987,
      "slowest": 0.000024325
    }
  },
  "statusCodeDistribution": {
    "200": 339546
  },
  "errorDistribution": {}
}