{
  "summary": {
    "successRate": 1,
    "total": 10.000864485,
    "slowest": 0.021760533,
    "fastest": 0.000693004,
    "average": 0.003382302484798443,
    "requestsPerSec": 14770.223136365197,
    "totalData": 1920295,
    "sizePerRequest": 13,
    "sizePerSec": 192012.90077274755
  },
  "responseTimeHistogram": {
    "0.000693004": 1,
    "0.0027997569": 14250,
    "0.004906509799999999": 125919,
    "0.007013262699999999": 5494,
    "0.0091200156": 996,
    "0.0112267685": 337,
    "0.0133335214": 439,
    "0.0154402743": 88,
    "0.0175470272": 52,
    "0.0196537801": 93,
    "0.021760533": 46
  },
  "latencyPercentiles": {
    "p10": 0.002805015,
    "p25": 0.002934418,
    "p50": 0.003095617,
    "p75": 0.003385621,
    "p90": 0.004319723,
    "p95": 0.004928927,
    "p99": 0.007900349
  },
  "rps": {
    "mean": 14818.953242125937,
    "stddev": 2884.726981300886,
    "max": 25792.610720471843,
    "percentiles": {
      "p10": 11541.363091181365,
      "p25": 14024.170759929257,
      "p50": 15634.044736162636,
      "p75": 16509.309599684075,
      "p90": 17166.212055043798,
      "p95": 17521.686975581233,
      "p99": 18311.241271016494
    }
  },
  "details": {
    "DNSDialup": {
      "average": 0.00217783994,
      "fastest": 0.000087601,
      "slowest": 0.004533125
    },
    "DNSLookup": {
      "average": 0.000009446020000000002,
      "fastest": 0.0000054,
      "slowest": 0.000055901
    }
  },
  "statusCodeDistribution": {
    "200": 147715
  },
  "errorDistribution": {}
}