{
  "summary": {
    "successRate": 1,
    "total": 10.000499075,
    "slowest": 0.014053854,
    "fastest": 0.00048614,
    "average": 0.0015400007538563124,
    "requestsPerSec": 32425.781710299292,
    "totalData": 4215562,
    "sizePerRequest": 13,
    "sizePerSec": 421535.1622338908
  },
  "responseTimeHistogram": {
    "0.00048614": 1,
    "0.0018429114": 283586,
    "0.0031996828": 38790,
    "0.004556454200000001": 644,
    "0.0059132256000000005": 332,
    "0.007269997": 764,
    "0.0086267684": 107,
    "0.0099835398": 0,
    "0.0113403112": 0,
    "0.0126970826": 0,
    "0.014053854": 50
  },
  "latencyPercentiles": {
    "p10": 0.001051612,
    "p25": 0.00127605,
    "p50": 0.001582388,
    "p75": 0.001696768,
    "p90": 0.001898248,
    "p95": 0.002105618,
    "p99": 0.002628583
  },
  "rps": {
    "mean": 32443.188973218806,
    "stddev": 4283.948141679001,
    "max": 42938.752344662294,
    "percentiles": {
      "p10": 28666.284516595468,
      "p25": 31003.97470955685,
      "p50": 33021.86410947517,
      "p75": 34515.91032080082,
      "p90": 36532.01574530096,
      "p95": 38335.92235321139,
      "p99": 40980.64119475883
    }
  },
  "details": {
    "DNSDialup": {
      "average": 0.0009162278000000002,
      "fastest": 0.000265943,
      "slowest": 0.001532215
    },
    "DNSLookup": {
      "average": 0.000010255519999999998,
      "fastest": 0.000004758,
      "slowest": 0.000043311
    }
  },
  "statusCodeDistribution": {
    "200": 324274
  },
  "errorDistribution": {}
}