{
  "summary": {
    "successRate": 1,
    "total": 10.000439672,
    "slowest": 0.011890161,
    "fastest": 0.000476832,
    "average": 0.0014730983210895596,
    "requestsPerSec": 33898.70956865665,
    "totalData": 4407026,
    "sizePerRequest": 13,
    "sizePerSec": 440683.22439253645
  },
  "responseTimeHistogram": {
    "0.000476832": 1,
    "0.0016181649": 250565,
    "0.0027594978": 87111,
    "0.0039008307": 590,
    "0.0050421636": 115,
    "0.0061834965": 409,
    "0.0073248294": 111,
    "0.0084661623": 0,
    "0.0096074952": 0,
    "0.0107488281": 37,
    "0.011890161": 63
  },
  "latencyPercentiles": {
    "p10": 0.001010112,
    "p25": 0.0012288,
    "p50": 0.001501521,
    "p75": 0.001628449,
    "p90": 0.001829326,
    "p95": 0.001982881,
    "p99": 0.002443145
  },
  "rps": {
    "mean": 33949.28506138278,
    "stddev": 4240.132370044527,
    "max": 73846.81485329394,
    "percentiles": {
      "p10": 29424.157233085913,
      "p25": 31937.747223444145,
      "p50": 34471.196809892106,
      "p75": 36130.5554460434,
      "p90": 37806.46490550065,
      "p95": 39665.12490050658,
      "p99": 43128.892044781955
    }
  },
  "details": {
    "DNSDialup": {
      "average": 0.0010021587399999998,
      "fastest": 0.00010158,
      "slowest": 0.002051719
    },
    "DNSLookup": {
      "average": 0.000008209600000000002,
      "fastest": 0.000004719,
      "slowest": 0.000027421
    }
  },
  "statusCodeDistribution": {
    "200": 339002
  },
  "errorDistribution": {}
}