{
  "summary": {
    "successRate": 1,
    "total": 10.000615776,
    "slowest": 0.014634337,
    "fastest": 0.000486595,
    "average": 0.0015575766655428077,
    "requestsPerSec": 32060.12581439665,
    "totalData": 4168073,
    "sizePerRequest": 13,
    "sizePerSec": 416781.63558715646
  },
  "responseTimeHistogram": {
    "0.000486595": 1,
    "0.0019013692000000003": 294987,
    "0.0033161434000000003": 24070,
    "0.004730917600000001": 413,
    "0.006145691800000001": 704,
    "0.007560466000000001": 346,
    "0.008975240200000002": 50,
    "0.010390014400000001": 0,
    "0.011804788600000001": 0,
    "0.013219562800000001": 0,
    "0.014634337": 50
  },
  "latencyPercentiles": {
    "p10": 0.001073612,
    "p25": 0.00131902,
    "p50": 0.001608715,
    "p75": 0.001709668,
    "p90": 0.001829642,
    "p95": 0.002116899,
    "p99": 0.002505282
  },
  "rps": {
    "mean": 32068.51635091847,
    "stddev": 3833.847141361076,
    "max": 41460.918115388944,
    "percentiles": {
      "p10": 29570.994742944647,
      "p25": 30959.881850395926,
      "p50": 32502.310914307378,
      "p75": 33727.84233384585,
      "p90": 35135.17329123844,
      "p95": 36785.469531709394,
      "p99": 40621.86152238413
    }
  },
  "details": {
    "DNSDialup": {
      "average": 0.0009691991400000003,
      "fastest": 0.000129293,
      "slowest": 0.001443198
    },
    "DNSLookup": {
      "average": 0.0000070390600000000015,
      "fastest": 0.000003937,
      "slowest": 0.000033272
    }
  },
  "statusCodeDistribution": {
    "200": 320621
  },
  "errorDistribution": {}
}