{
  "summary": {
    "successRate": 1,
    "total": 10.000422672,
    "slowest": 0.012364968,
    "fastest": 0.001074319,
    "average": 0.001789153258516657,
    "requestsPerSec": 27914.620127168164,
    "totalData": 3629054,
    "sizePerRequest": 13,
    "sizePerSec": 362890.0616531861
  },
  "responseTimeHistogram": {
    "0.001074319": 1,
    "0.0022033839": 261591,
    "0.0033324488000000003": 15526,
    "0.0044615137": 598,
    "0.0055905786": 1050,
    "0.0067196435": 242,
    "0.007848708400000001": 54,
    "0.0089777733": 66,
    "0.010106838200000001": 0,
    "0.011235903100000002": 0,
    "0.012364968": 30
  },
  "latencyPercentiles": {
    "p10": 0.00148835,
    "p25": 0.001650762,
    "p50": 0.001744977,
    "p75": 0.00185307,
    "p90": 0.002045617,
    "p95": 0.002261576,
    "p99": 0.002922639
  },
  "rps": {
    "mean": 27910.874469274706,
    "stddev": 2773.0159498705257,
    "max": 31779.361950231505,
    "percentiles": {
      "p10": 26464.836202211805,
      "p25": 27516.520919160004,
      "p50": 28471.235030045267,
      "p75": 29232.601955035825,
      "p90": 29817.886456908527,
      "p95": 30220.577080492454,
      "p99": 30861.80514286885
    }
  },
  "details": {
    "DNSDialup": {
      "average": 0.00110631952,
      "fastest": 0.000094407,
      "slowest": 0.002285725
    },
    "DNSLookup": {
      "average": 0.000009999,
      "fastest": 0.000003637,
      "slowest": 0.000177038
    }
  },
  "statusCodeDistribution": {
    "200": 279158
  },
  "errorDistribution": {}
}