{
  "summary": {
    "successRate": 1,
    "total": 10.001151536,
    "slowest": 0.014230518,
    "fastest": 0.000148077,
    "average": 0.0016173490776901526,
    "requestsPerSec": 30872.944869255705,
    "totalData": 4013945,
    "sizePerRequest": 13,
    "sizePerSec": 401348.28330032417
  },
  "responseTimeHistogram": {
    "0.000148077": 1,
    "0.0015563210999999999": 108491,
    "0.0029645652": 196488,
    "0.0043728093": 2047,
    "0.0057810534": 722,
    "0.0071892975": 700,
    "0.0085975416": 117,
    "0.010005785699999999": 55,
    "0.0114140298": 49,
    "0.0128222739": 45,
    "0.014230518": 50
  },
  "latencyPercentiles": {
    "p10": 0.001090553,
    "p25": 0.001427695,
    "p50": 0.001629689,
    "p75": 0.001724873,
    "p90": 0.001878391,
    "p95": 0.002300934,
    "p99": 0.003205447
  },
  "rps": {
    "mean": 30880.601860851082,
    "stddev": 4322.720413920519,
    "max": 36570.12958120953,
    "percentiles": {
      "p10": 28130.19213521835,
      "p25": 30317.714640666047,
      "p50": 31904.613407098514,
      "p75": 33126.165509018756,
      "p90": 34045.23931400079,
      "p95": 34664.36539562241,
      "p99": 35575.92403901693
    }
  },
  "details": {
    "DNSDialup": {
      "average": 0.00079922676,
      "fastest": 0.000111188,
      "slowest": 0.001631416
    },
    "DNSLookup": {
      "average": 0.00000731924,
      "fastest": 0.000003036,
      "slowest": 0.000038763
    }
  },
  "statusCodeDistribution": {
    "200": 308765
  },
  "errorDistribution": {}
}