{
  "summary": {
    "successRate": 1,
    "total": 10.000414499,
    "slowest": 0.013519457,
    "fastest": 0.000415581,
    "average": 0.0015396403415321566,
    "requestsPerSec": 32434.25560334867,
    "totalData": 4216628,
    "sizePerRequest": 13,
    "sizePerSec": 421645.32284353266
  },
  "responseTimeHistogram": {
    "0.000415581": 1,
    "0.0017259686": 284497,
    "0.0030363562": 37917,
    "0.0043467438": 716,
    "0.0056571314": 493,
    "0.006967519": 662,
    "0.008277906600000001": 20,
    "0.0095882942": 0,
    "0.0108986818": 0,
    "0.012209069400000001": 0,
    "0.013519457": 50
  },
  "latencyPercentiles": {
    "p10": 0.001048387,
    "p25": 0.001392254,
    "p50": 0.001589129,
    "p75": 0.001664545,
    "p90": 0.001749104,
    "p95": 0.002080827,
    "p99": 0.0024349
  },
  "rps": {
    "mean": 32442.95955741916,
    "stddev": 3307.8315301453167,
    "max": 37966.240719049936,
    "percentiles": {
      "p10": 30640.080289025616,
      "p25": 31912.513758283585,
      "p50": 33028.953626537914,
      "p75": 33945.949308126605,
      "p90": 34913.01557220386,
      "p95": 35476.54410882818,
      "p99": 36360.33847713725
    }
  },
  "details": {
    "DNSDialup": {
      "average": 0.00093070812,
      "fastest": 0.00007472,
      "slowest": 0.002132893
    },
    "DNSLookup": {
      "average": 0.00001012668,
      "fastest": 0.000003988,
      "slowest": 0.000044714
    }
  },
  "statusCodeDistribution": {
    "200": 324356
  },
  "errorDistribution": {}
}