{
  "summary": {
    "successRate": 1,
    "total": 10.000883705,
    "slowest": 0.013486193,
    "fastest": 0.000348118,
    "average": 0.0015739529533609032,
    "requestsPerSec": 31723.79655223678,
    "totalData": 4124458,
    "sizePerRequest": 13,
    "sizePerSec": 412409.3551790782
  },
  "responseTimeHistogram": {
    "0.000348118": 1,
    "0.0016619255": 192472,
    "0.0029757330000000004": 122961,
    "0.0042895405": 602,
    "0.005603348": 380,
    "0.0069171555": 724,
    "0.008230963": 76,
    "0.0095447705": 0,
    "0.010858578": 0,
    "0.0121723855": 0,
    "0.013486193": 50
  },
  "latencyPercentiles": {
    "p10": 0.001074109,
    "p25": 0.001398272,
    "p50": 0.001630328,
    "p75": 0.001704079,
    "p90": 0.001786143,
    "p95": 0.002119866,
    "p99": 0.002443403
  },
  "rps": {
    "mean": 31737.334600490634,
    "stddev": 3222.70288476503,
    "max": 36882.44234053649,
    "percentiles": {
      "p10": 29794.419536149322,
      "p25": 31001.311355474867,
      "p50": 32404.07319199977,
      "p75": 33310.91505291415,
      "p90": 34214.9558724959,
      "p95": 34698.170214673286,
      "p99": 35698.28303568227
    }
  },
  "details": {
    "DNSDialup": {
      "average": 0.0006834210199999998,
      "fastest": 0.000081292,
      "slowest": 0.001253664
    },
    "DNSLookup": {
      "average": 0.000006657819999999997,
      "fastest": 0.000003045,
      "slowest": 0.000030297
    }
  },
  "statusCodeDistribution": {
    "200": 317266
  },
  "errorDistribution": {}
}