{
  "summary": {
    "successRate": 1,
    "total": 10.000664386,
    "slowest": 0.015114418,
    "fastest": 0.000220263,
    "average": 0.0016050086422852551,
    "requestsPerSec": 31122.732249241184,
    "totalData": 4046224,
    "sizePerRequest": 13,
    "sizePerSec": 404595.5192401354
  },
  "responseTimeHistogram": {
    "0.000220263": 1,
    "0.0017096785": 220716,
    "0.003199094": 87764,
    "0.0046885095": 1190,
    "0.006177925": 690,
    "0.0076673405": 798,
    "0.009156756": 39,
    "0.0106461715": 0,
    "0.012135587": 0,
    "0.0136250025": 0,
    "0.015114418": 50
  },
  "latencyPercentiles": {
    "p10": 0.001100297,
    "p25": 0.001415259,
    "p50": 0.001624776,
    "p75": 0.001727499,
    "p90": 0.001855797,
    "p95": 0.002224157,
    "p99": 0.002995395
  },
  "rps": {
    "mean": 31141.2983598915,
    "stddev": 3706.7908067518065,
    "max": 36891.8464369146,
    "percentiles": {
      "p10": 29100.56455095245,
      "p25": 30469.470566381377,
      "p50": 31808.4030375521,
      "p75": 33093.66745129142,
      "p90": 33983.581198388216,
      "p95": 34500.57858825371,
      "p99": 35791.99892807574
    }
  },
  "details": {
    "DNSDialup": {
      "average": 0.0008086589000000002,
      "fastest": 0.000111956,
      "slowest": 0.001254778
    },
    "DNSLookup": {
      "average": 0.00000702656,
      "fastest": 0.000003146,
      "slowest": 0.000030366
    }
  },
  "statusCodeDistribution": {
    "200": 311248
  },
  "errorDistribution": {}
}