{
  "summary": {
    "successRate": 1,
    "total": 10.000842689,
    "slowest": 0.012190109,
    "fastest": 0.000480144,
    "average": 0.0013798147633167059,
    "requestsPerSec": 36192.150127320136,
    "totalData": 4705376,
    "sizePerRequest": 13,
    "sizePerSec": 470497.95165516174
  },
  "responseTimeHistogram": {
    "0.000480144": 1,
    "0.0016511405": 335382,
    "0.0028221369999999997": 24460,
    "0.003993133499999999": 723,
    "0.005164129999999999": 95,
    "0.0063351265": 607,
    "0.007506122999999999": 573,
    "0.008677119499999999": 61,
    "0.009848115999999999": 0,
    "0.011019112499999999": 0,
    "0.012190109": 50
  },
  "latencyPercentiles": {
    "p10": 0.000849824,
    "p25": 0.001187542,
    "p50": 0.001435178,
    "p75": 0.001481316,
    "p90": 0.001550942,
    "p95": 0.002075778,
    "p99": 0.002317867
  },
  "rps": {
    "mean": 36195.48610686935,
    "stddev": 4059.908890735509,
    "max": 42069.157266212394,
    "percentiles": {
      "p10": 34747.23066095634,
      "p25": 35399.687833583615,
      "p50": 37014.6911309098,
      "p75": 38431.59929685395,
      "p90": 38807.08872014613,
      "p95": 39050.08588941872,
      "p99": 39944.878111421785
    }
  },
  "details": {
    "DNSDialup": {
      "average": 0.0005305492400000001,
      "fastest": 0.000078026,
      "slowest": 0.000874761
    },
    "DNSLookup": {
      "average": 0.0000058652400000000004,
      "fastest": 0.000003232,
      "slowest": 0.000029383
    }
  },
  "statusCodeDistribution": {
    "200": 361952
  },
  "errorDistribution": {}
}