{
  "summary": {
    "successRate": 1,
    "total": 10.000804407,
    "slowest": 0.013490693,
    "fastest": 0.000234457,
    "average": 0.0015508374572246683,
    "requestsPerSec": 32198.209953452595,
    "totalData": 4186104,
    "sizePerRequest": 13,
    "sizePerSec": 418576.72939488373
  },
  "responseTimeHistogram": {
    "0.000234457": 1,
    "0.0015600806": 125014,
    "0.0028857042": 194928,
    "0.0042113278": 722,
    "0.0055369514": 576,
    "0.006862575": 663,
    "0.0081881986": 54,
    "0.0095138222": 0,
    "0.0108394458": 0,
    "0.012165069399999999": 0,
    "0.013490693": 50
  },
  "latencyPercentiles": {
    "p10": 0.001058238,
    "p25": 0.001375477,
    "p50": 0.001602556,
    "p75": 0.001678312,
    "p90": 0.001760749,
    "p95": 0.002106409,
    "p99": 0.002396351
  },
  "rps": {
    "mean": 32213.726210051973,
    "stddev": 3297.7059470745826,
    "max": 38067.78544642098,
    "percentiles": {
      "p10": 30160.53715301154,
      "p25": 31511.470326212002,
      "p50": 32836.61939795298,
      "p75": 33804.316811257406,
      "p90": 34740.60349391426,
      "p95": 35325.49440931381,
      "p99": 36190.205115884375
    }
  },
  "details": {
    "DNSDialup": {
      "average": 0.0006227817,
      "fastest": 0.000065403,
      "slowest": 0.001408376
    },
    "DNSLookup": {
      "average": 0.000007232220000000001,
      "fastest": 0.000003506,
      "slowest": 0.000028343
    }
  },
  "statusCodeDistribution": {
    "200": 322008
  },
  "errorDistribution": {}
}