{
  "summary": {
    "successRate": 1,
    "total": 10.000465322,
    "slowest": 0.012382517,
    "fastest": 0.000559297,
    "average": 0.001450833679115021,
    "requestsPerSec": 34417.8984594653,
    "totalData": 4474535,
    "sizePerRequest": 13,
    "sizePerSec": 447432.679973049
  },
  "responseTimeHistogram": {
    "0.000559297": 1,
    "0.001741619": 320442,
    "0.002923941": 22480,
    "0.004106263": 429,
    "0.005288585": 743,
    "0.006470907": 50,
    "0.007653229": 0,
    "0.008835551": 0,
    "0.010017873": 0,
    "0.011200195": 0,
    "0.012382517": 50
  },
  "latencyPercentiles": {
    "p10": 0.000996339,
    "p25": 0.001322868,
    "p50": 0.001508575,
    "p75": 0.001574416,
    "p90": 0.001651221,
    "p95": 0.001908741,
    "p99": 0.002126371
  },
  "rps": {
    "mean": 34429.94506428465,
    "stddev": 2865.774688003346,
    "max": 38559.35795346727,
    "percentiles": {
      "p10": 32711.619167128192,
      "p25": 33717.82998849786,
      "p50": 34889.02905353415,
      "p75": 35861.470249799284,
      "p90": 36610.67521525917,
      "p95": 37092.10712040146,
      "p99": 37855.06328678435
    }
  },
  "details": {
    "DNSDialup": {
      "average": 0.00084094136,
      "fastest": 0.000092513,
      "slowest": 0.001509329
    },
    "DNSLookup": {
      "average": 0.00004207036,
      "fastest": 0.000003467,
      "slowest": 0.001039217
    }
  },
  "statusCodeDistribution": {
    "200": 344195
  },
  "errorDistribution": {}
}