{
  "summary": {
    "successRate": 1,
    "total": 10.000781546,
    "slowest": 0.015066044,
    "fastest": 0.000165249,
    "average": 0.0016030849752994576,
    "requestsPerSec": 31150.765424388563,
    "totalData": 4049916,
    "sizePerRequest": 13,
    "sizePerSec": 404959.9505170513
  },
  "responseTimeHistogram": {
    "0.000165249": 1,
    "0.0016553285000000001": 165960,
    "0.0031454080000000006": 143681,
    "0.004635487500000001": 658,
    "0.006125567000000001": 771,
    "0.007615646500000001": 373,
    "0.009105726000000001": 38,
    "0.010595805500000001": 0,
    "0.012085885000000001": 0,
    "0.0135759645": 0,
    "0.015066044": 50
  },
  "latencyPercentiles": {
    "p10": 0.001092935,
    "p25": 0.001364177,
    "p50": 0.001642364,
    "p75": 0.001746066,
    "p90": 0.001920626,
    "p95": 0.002155122,
    "p99": 0.002654955
  },
  "rps": {
    "mean": 31176.898743848247,
    "stddev": 3790.2593816504764,
    "max": 41724.14993798942,
    "percentiles": {
      "p10": 28204.54939381848,
      "p25": 29833.970341937118,
      "p50": 31702.9776118787,
      "p75": 33107.37984517265,
      "p90": 34324.153907103784,
      "p95": 35658.0161281418,
      "p99": 39461.22939245922
    }
  },
  "details": {
    "DNSDialup": {
      "average": 0.00078290358,
      "fastest": 0.000070667,
      "slowest": 0.001513789
    },
    "DNSLookup": {
      "average": 0.00000672442,
      "fastest": 0.000003387,
      "slowest": 0.000026729
    }
  },
  "statusCodeDistribution": {
    "200": 311532
  },
  "errorDistribution": {}
}