{
  "summary": {
    "successRate": 1,
    "total": 10.001112485,
    "slowest": 0.013286551,
    "fastest": 0.000484419,
    "average": 0.0015913184065890374,
    "requestsPerSec": 31382.00879859417,
    "totalData": 4080115,
    "sizePerRequest": 13,
    "sizePerSec": 407966.1143817242
  },
  "responseTimeHistogram": {
    "0.000484419": 1,
    "0.0017646322000000002": 261239,
    "0.0030448454": 50109,
    "0.004325058600000001": 776,
    "0.0056052718000000005": 1095,
    "0.006885485": 529,
    "0.008165698200000002": 50,
    "0.009445911400000001": 6,
    "0.010726124600000001": 0,
    "0.012006337800000001": 0,
    "0.013286551": 50
  },
  "latencyPercentiles": {
    "p10": 0.001063638,
    "p25": 0.001417828,
    "p50": 0.001643951,
    "p75": 0.001728937,
    "p90": 0.001816469,
    "p95": 0.002126897,
    "p99": 0.002676609
  },
  "rps": {
    "mean": 31388.056594145597,
    "stddev": 3459.7533815607158,
    "max": 36417.508388007926,
    "percentiles": {
      "p10": 29313.932912313267,
      "p25": 30711.175796870408,
      "p50": 32156.627323660658,
      "p75": 33083.67619664648,
      "p90": 33860.19116958543,
      "p95": 34446.40885811692,
      "p99": 35467.24178476126
    }
  },
  "details": {
    "DNSDialup": {
      "average": 0.0008355622599999998,
      "fastest": 0.000098066,
      "slowest": 0.00179029
    },
    "DNSLookup": {
      "average": 0.000028251539999999988,
      "fastest": 0.000004027,
      "slowest": 0.000970736
    }
  },
  "statusCodeDistribution": {
    "200": 313855
  },
  "errorDistribution": {}
}