{
  "summary": {
    "successRate": 1,
    "total": 10.002739397,
    "slowest": 0.013791677,
    "fastest": 0.000454764,
    "average": 0.0015980463386004314,
    "requestsPerSec": 31235.64331724037,
    "totalData": 4061746,
    "sizePerRequest": 13,
    "sizePerSec": 406063.3631241248
  },
  "responseTimeHistogram": {
    "0.000454764": 1,
    "0.0017884553": 252808,
    "0.0031221466": 57654,
    "0.0044558379": 835,
    "0.0057895292": 261,
    "0.0071232205": 650,
    "0.0084569118": 183,
    "0.0097906031": 0,
    "0.0111242944": 0,
    "0.0124579857": 0,
    "0.013791677": 50
  },
  "latencyPercentiles": {
    "p10": 0.001085766,
    "p25": 0.001348654,
    "p50": 0.001644242,
    "p75": 0.001748516,
    "p90": 0.001927357,
    "p95": 0.00215896,
    "p99": 0.002660172
  },
  "rps": {
    "mean": 31258.256483988192,
    "stddev": 3927.9191609454138,
    "max": 42123.44495592122,
    "percentiles": {
      "p10": 28234.82544973947,
      "p25": 30032.3358159731,
      "p50": 31651.309083071985,
      "p75": 33069.768970522666,
      "p90": 34661.316495410385,
      "p95": 36390.0820683524,
      "p99": 40254.113604921076
    }
  },
  "details": {
    "DNSDialup": {
      "average": 0.0007646194599999999,
      "fastest": 0.000121138,
      "slowest": 0.001704773
    },
    "DNSLookup": {
      "average": 0.000006532700000000001,
      "fastest": 0.000002505,
      "slowest": 0.000033251
    }
  },
  "statusCodeDistribution": {
    "200": 312442
  },
  "errorDistribution": {}
}