{
  "summary": {
    "successRate": 1,
    "total": 10.000957816,
    "slowest": 0.01476337,
    "fastest": 0.000449303,
    "average": 0.0015689097940579776,
    "requestsPerSec": 31827.75148703817,
    "totalData": 4138004,
    "sizePerRequest": 13,
    "sizePerSec": 413760.7693314962
  },
  "responseTimeHistogram": {
    "0.000449303": 1,
    "0.0018807097": 295973,
    "0.0033121163999999996": 20639,
    "0.004743523099999999": 452,
    "0.006174929799999999": 1035,
    "0.0076063365": 158,
    "0.009037743199999998": 0,
    "0.010469149899999999": 0,
    "0.011900556599999999": 0,
    "0.0133319633": 0,
    "0.01476337": 50
  },
  "latencyPercentiles": {
    "p10": 0.001062868,
    "p25": 0.001418947,
    "p50": 0.001620916,
    "p75": 0.001693447,
    "p90": 0.001774682,
    "p95": 0.002110567,
    "p99": 0.002476601
  },
  "rps": {
    "mean": 31844.214384291154,
    "stddev": 3292.0352418273173,
    "max": 36911.981629236456,
    "percentiles": {
      "p10": 30018.62956150687,
      "p25": 31206.14136862155,
      "p50": 32546.481374372353,
      "p75": 33415.49476492015,
      "p90": 34054.224773151596,
      "p95": 34815.71929726301,
      "p99": 35712.181979427914
    }
  },
  "details": {
    "DNSDialup": {
      "average": 0.0009716883600000003,
      "fastest": 0.000113318,
      "slowest": 0.001861373
    },
    "DNSLookup": {
      "average": 0.000010013799999999999,
      "fastest": 0.000004398,
      "slowest": 0.000032972
    }
  },
  "statusCodeDistribution": {
    "200": 318308
  },
  "errorDistribution": {}
}