{
  "summary": {
    "successRate": 1,
    "total": 10.000462295,
    "slowest": 0.015053877,
    "fastest": 0.000373821,
    "average": 0.0015797895431079272,
    "requestsPerSec": 31606.43885013518,
    "totalData": 4109027,
    "sizePerRequest": 13,
    "sizePerSec": 410883.7050517573
  },
  "responseTimeHistogram": {
    "0.000373821": 1,
    "0.0018418266000000002": 290960,
    "0.0033098322": 23348,
    "0.0047778378": 551,
    "0.0062458434": 955,
    "0.007713849": 205,
    "0.0091818546": 9,
    "0.0106498602": 0,
    "0.0121178658": 0,
    "0.013585871400000001": 0,
    "0.015053877": 50
  },
  "latencyPercentiles": {
    "p10": 0.001077064,
    "p25": 0.001427982,
    "p50": 0.001619811,
    "p75": 0.001700689,
    "p90": 0.001792979,
    "p95": 0.002198406,
    "p99": 0.002549478
  },
  "rps": {
    "mean": 31630.901933448185,
    "stddev": 3425.40402847075,
    "max": 37507.706661604665,
    "percentiles": {
      "p10": 29385.146400208116,
      "p25": 30725.80064558289,
      "p50": 32351.698528447145,
      "p75": 33412.10151892479,
      "p90": 34284.32595326528,
      "p95": 34914.75228938402,
      "p99": 35915.92134269094
    }
  },
  "details": {
    "DNSDialup": {
      "average": 0.00111623724,
      "fastest": 0.000152224,
      "slowest": 0.001610205
    },
    "DNSLookup": {
      "average": 0.000009948220000000004,
      "fastest": 0.000004599,
      "slowest": 0.000034785
    }
  },
  "statusCodeDistribution": {
    "200": 316079
  },
  "errorDistribution": {}
}