{
  "summary": {
    "successRate": 1,
    "total": 10.000649446,
    "slowest": 0.014514191,
    "fastest": 0.000579282,
    "average": 0.0016549007796594181,
    "requestsPerSec": 30178.14009276293,
    "totalData": 3923413,
    "sizePerRequest": 13,
    "sizePerSec": 392315.8212059181
  },
  "responseTimeHistogram": {
    "0.000579282": 1,
    "0.0019727729": 270814,
    "0.0033662638": 27821,
    "0.0047597547": 1967,
    "0.006153245599999999": 298,
    "0.0075467365": 784,
    "0.0089402274": 37,
    "0.0103337183": 29,
    "0.0117272092": 0,
    "0.0131207001": 0,
    "0.014514191": 50
  },
  "latencyPercentiles": {
    "p10": 0.00106034,
    "p25": 0.001492014,
    "p50": 0.001670078,
    "p75": 0.001747594,
    "p90": 0.001995011,
    "p95": 0.00237339,
    "p99": 0.003400945
  },
  "rps": {
    "mean": 30189.039923900385,
    "stddev": 4354.32752182381,
    "max": 35856.32158630768,
    "percentiles": {
      "p10": 27110.67889641534,
      "p25": 29889.670537447302,
      "p50": 31163.02083971518,
      "p75": 32640.300979619584,
      "p90": 33439.73278833219,
      "p95": 33773.73257160244,
      "p99": 34994.48349425125
    }
  },
  "details": {
    "DNSDialup": {
      "average": 0.0006530028000000002,
      "fastest": 0.000089074,
      "slowest": 0.001420016
    },
    "DNSLookup": {
      "average": 0.00000477368,
      "fastest": 0.000002614,
      "slowest": 0.000031418
    }
  },
  "statusCodeDistribution": {
    "200": 301801
  },
  "errorDistribution": {}
}