{
  "summary": {
    "successRate": 1,
    "total": 10.000749842,
    "slowest": 0.013916374,
    "fastest": 0.000292089,
    "average": 0.0016298066738123795,
    "requestsPerSec": 30640.802423942885,
    "totalData": 3983603,
    "sizePerRequest": 13,
    "sizePerSec": 398330.4315112575
  },
  "responseTimeHistogram": {
    "0.000292089": 1,
    "0.0016545174999999998": 155132,
    "0.003016946": 149230,
    "0.004379374499999999": 812,
    "0.005741802999999999": 232,
    "0.0071042315": 735,
    "0.008466659999999999": 239,
    "0.0098290885": 0,
    "0.011191517": 0,
    "0.0125539455": 0,
    "0.013916374": 50
  },
  "latencyPercentiles": {
    "p10": 0.001126724,
    "p25": 0.00140693,
    "p50": 0.001651198,
    "p75": 0.001779546,
    "p90": 0.00196842,
    "p95": 0.002224283,
    "p99": 0.002693523
  },
  "rps": {
    "mean": 30669.63850923924,
    "stddev": 3747.0378509027055,
    "max": 48916.67045177376,
    "percentiles": {
      "p10": 27490.18154054441,
      "p25": 29516.20439621529,
      "p50": 31310.933778075083,
      "p75": 32796.56634573388,
      "p90": 33883.33842616462,
      "p95": 34536.61336271757,
      "p99": 35767.44648558785
    }
  },
  "details": {
    "DNSDialup": {
      "average": 0.0008003885999999997,
      "fastest": 0.000078383,
      "slowest": 0.003162652
    },
    "DNSLookup": {
      "average": 0.000006608219999999998,
      "fastest": 0.000003055,
      "slowest": 0.000033854
    }
  },
  "statusCodeDistribution": {
    "200": 306431
  },
  "errorDistribution": {}
}