{
  "summary": {
    "successRate": 1,
    "total": 10.000987052,
    "slowest": 0.014087296,
    "fastest": 0.000317703,
    "average": 0.0015940447048405867,
    "requestsPerSec": 31323.708187118653,
    "totalData": 4072484,
    "sizePerRequest": 13,
    "sizePerSec": 407208.2064325425
  },
  "responseTimeHistogram": {
    "0.000317703": 1,
    "0.0016946622999999997": 212923,
    "0.0030716215999999994": 98370,
    "0.0044485809": 791,
    "0.005825540199999999": 271,
    "0.007202499499999998": 773,
    "0.0085794588": 88,
    "0.0099564181": 1,
    "0.011333377399999999": 0,
    "0.012710336699999998": 0,
    "0.014087295999999997": 50
  },
  "latencyPercentiles": {
    "p10": 0.001084531,
    "p25": 0.001416344,
    "p50": 0.001637685,
    "p75": 0.001718288,
    "p90": 0.001807283,
    "p95": 0.002232827,
    "p99": 0.002624177
  },
  "rps": {
    "mean": 31335.94201522744,
    "stddev": 3415.0842615884717,
    "max": 36799.27656038479,
    "percentiles": {
      "p10": 29327.603140075535,
      "p25": 30470.488972351515,
      "p50": 32073.8821372308,
      "p75": 33101.179615018395,
      "p90": 33857.58512184869,
      "p95": 34538.20462580997,
      "p99": 35618.716667933884
    }
  },
  "details": {
    "DNSDialup": {
      "average": 0.0008325224800000002,
      "fastest": 0.000094687,
      "slowest": 0.001350728
    },
    "DNSLookup": {
      "average": 0.000007213179999999999,
      "fastest": 0.000003417,
      "slowest": 0.000036088
    }
  },
  "statusCodeDistribution": {
    "200": 313268
  },
  "errorDistribution": {}
}