{
  "summary": {
    "successRate": 1,
    "total": 10.000665967,
    "slowest": 0.017448099,
    "fastest": 0.000280803,
    "average": 0.002022720412707579,
    "requestsPerSec": 24690.655683810623,
    "totalData": 3209999,
    "sizePerRequest": 13,
    "sizePerSec": 320978.5238895381
  },
  "responseTimeHistogram": {
    "0.000280803": 1,
    "0.0019975326": 159166,
    "0.0037142622000000004": 83199,
    "0.0054309918": 3308,
    "0.0071477214": 450,
    "0.008864451": 99,
    "0.0105811806": 11,
    "0.012297910200000001": 370,
    "0.014014639800000001": 268,
    "0.0157313694": 1,
    "0.017448099": 50
  },
  "latencyPercentiles": {
    "p10": 0.001519715,
    "p25": 0.0018427,
    "p50": 0.001968621,
    "p75": 0.002019321,
    "p90": 0.0021402,
    "p95": 0.003261132,
    "p99": 0.00404204
  },
  "rps": {
    "mean": 24747.180034903464,
    "stddev": 4268.811134930863,
    "max": 38094.85109991765,
    "percentiles": {
      "p10": 21720.116588759214,
      "p25": 23187.416560431328,
      "p50": 26219.226821220585,
      "p75": 26865.657231573125,
      "p90": 27715.608702001075,
      "p95": 27956.768650671816,
      "p99": 28286.081519869913
    }
  },
  "details": {
    "DNSDialup": {
      "average": 0.0016096558599999998,
      "fastest": 0.0000821,
      "slowest": 0.001752417
    },
    "DNSLookup": {
      "average": 0.0000051640399999999994,
      "fastest": 0.0000037,
      "slowest": 0.0000565
    }
  },
  "statusCodeDistribution": {
    "200": 246923
  },
  "errorDistribution": {}
}