{
  "summary": {
    "successRate": 1,
    "total": 10.000645344,
    "slowest": 0.004348353,
    "fastest": 0.000124176,
    "average": 0.0009557738906191523,
    "requestsPerSec": 52223.329798745435,
    "totalData": 6789471,
    "sizePerRequest": 13,
    "sizePerSec": 678903.2873836906
  },
  "responseTimeHistogram": {
    "0.000124176": 1,
    "0.0005465937": 1812,
    "0.0009690114": 264396,
    "0.0013914290999999998": 254533,
    "0.0018138467999999999": 1255,
    "0.0022362645": 143,
    "0.0026586822": 64,
    "0.0030810999": 22,
    "0.0035035176": 13,
    "0.0039259353": 16,
    "0.004348353": 12
  },
  "latencyPercentiles": {
    "p10": 0.000832289,
    "p25": 0.000893758,
    "p50": 0.000966193,
    "p75": 0.001023644,
    "p90": 0.001068313,
    "p95": 0.001103883,
    "p99": 0.001210138
  },
  "rps": {
    "mean": 52220.72418401153,
    "stddev": 2637.7094054111017,
    "max": 66640.68820704224,
    "percentiles": {
      "p10": 50239.75974586282,
      "p25": 51143.87121272784,
      "p50": 52007.326896832325,
      "p75": 53199.169327213436,
      "p90": 54820.82944724134,
      "p95": 56120.764682932924,
      "p99": 59248.80916899695
    }
  },
  "details": {
    "DNSDialup": {
      "average": 0.0007643230000000001,
      "fastest": 0.000091691,
      "slowest": 0.001213367
    },
    "DNSLookup": {
      "average": 0.0000065693999999999985,
      "fastest": 0.000003476,
      "slowest": 0.00003795
    }
  },
  "statusCodeDistribution": {
    "200": 522267
  },
  "errorDistribution": {}
}