{
  "summary": {
    "successRate": 1,
    "total": 10.00067118,
    "slowest": 0.005754636,
    "fastest": 0.000162204,
    "average": 0.0010493901700134236,
    "requestsPerSec": 47554.80821638214,
    "totalData": 6182540,
    "sizePerRequest": 13,
    "sizePerSec": 618212.5068129677
  },
  "responseTimeHistogram": {
    "0.000162204": 1,
    "0.0007214471999999999": 8850,
    "0.0012806903999999998": 460195,
    "0.0018399335999999997": 6055,
    "0.0023991767999999997": 340,
    "0.00295842": 46,
    "0.0035176631999999995": 30,
    "0.004076906399999999": 31,
    "0.004636149599999999": 20,
    "0.0051953927999999995": 11,
    "0.005754636": 1
  },
  "latencyPercentiles": {
    "p10": 0.000918549,
    "p25": 0.000981025,
    "p50": 0.001060434,
    "p75": 0.001123151,
    "p90": 0.001170849,
    "p95": 0.001205665,
    "p99": 0.001312185
  },
  "rps": {
    "mean": 47554.37080777787,
    "stddev": 2470.7176196539012,
    "max": 57133.4973695048,
    "percentiles": {
      "p10": 46076.3896347999,
      "p25": 46711.50971599311,
      "p50": 47439.131172414396,
      "p75": 48443.80337144682,
      "p90": 49826.256249549355,
      "p95": 50904.21110096752,
      "p99": 53808.544796913986
    }
  },
  "details": {
    "DNSDialup": {
      "average": 0.0008372342599999999,
      "fastest": 0.00009017,
      "slowest": 0.001669864
    },
    "DNSLookup": {
      "average": 0.0000062025599999999994,
      "fastest": 0.000003065,
      "slowest": 0.000025167
    }
  },
  "statusCodeDistribution": {
    "200": 475580
  },
  "errorDistribution": {}
}