{
  "summary": {
    "successRate": 1,
    "total": 10.000334077,
    "slowest": 0.004899543,
    "fastest": 0.000159767,
    "average": 0.0009628286162544721,
    "requestsPerSec": 51837.56822607198,
    "totalData": 6739109,
    "sizePerRequest": 13,
    "sizePerSec": 673888.3869389357
  },
  "responseTimeHistogram": {
    "0.000159767": 1,
    "0.0006337446000000001": 32298,
    "0.0011077222": 429274,
    "0.0015816998": 56107,
    "0.0020556774000000002": 515,
    "0.002529655": 78,
    "0.0030036326": 64,
    "0.0034776102": 8,
    "0.003951587800000001": 12,
    "0.0044255654": 19,
    "0.004899543": 17
  },
  "latencyPercentiles": {
    "p10": 0.000720283,
    "p25": 0.000900298,
    "p50": 0.000987591,
    "p75": 0.001057701,
    "p90": 0.001113653,
    "p95": 0.001165132,
    "p99": 0.001281738
  },
  "rps": {
    "mean": 51845.09717001329,
    "stddev": 5731.774944600123,
    "max": 80416.78298260961,
    "percentiles": {
      "p10": 48318.890179517104,
      "p25": 49328.64514423616,
      "p50": 50260.996745649616,
      "p75": 51709.60764509736,
      "p90": 59452.31803987522,
      "p95": 64388.91305286656,
      "p99": 74408.97372223066
    }
  },
  "details": {
    "DNSDialup": {
      "average": 0.0010233895800000003,
      "fastest": 0.000096971,
      "slowest": 0.001630831
    },
    "DNSLookup": {
      "average": 0.000009812140000000002,
      "fastest": 0.000004649,
      "slowest": 0.000036298
    }
  },
  "statusCodeDistribution": {
    "200": 518393
  },
  "errorDistribution": {}
}