{
  "summary": {
    "successRate": 1,
    "total": 10.000747916,
    "slowest": 0.021509619,
    "fastest": 0.000133599,
    "average": 0.0018769353099294,
    "requestsPerSec": 26543.414775539473,
    "totalData": 3450902,
    "sizePerRequest": 13,
    "sizePerSec": 345064.3920820132
  },
  "responseTimeHistogram": {
    "0.000133599": 1,
    "0.0022712009999999996": 220840,
    "0.004408802999999999": 32414,
    "0.006546404999999999": 7881,
    "0.008684006999999999": 2736,
    "0.010821608999999998": 784,
    "0.012959210999999998": 230,
    "0.015096812999999999": 68,
    "0.017234415": 170,
    "0.019372017": 171,
    "0.021509618999999997": 159
  },
  "latencyPercentiles": {
    "p10": 0.00113719,
    "p25": 0.001256887,
    "p50": 0.001446788,
    "p75": 0.001859584,
    "p90": 0.00309187,
    "p95": 0.004217659,
    "p99": 0.007612926
  },
  "rps": {
    "mean": 26704.441131834985,
    "stddev": 9730.483070145205,
    "max": 43326.54550785874,
    "percentiles": {
      "p10": 12272.298157208117,
      "p25": 20128.615816483867,
      "p50": 28444.04275580309,
      "p75": 34684.51468120114,
      "p90": 37987.07691766693,
      "p95": 39381.595849300655,
      "p99": 41013.526260962586
    }
  },
  "details": {
    "DNSDialup": {
      "average": 0.0033783135799999994,
      "fastest": 0.000269498,
      "slowest": 0.003899367
    },
    "DNSLookup": {
      "average": 0.000011215980000000001,
      "fastest": 0.000005899,
      "slowest": 0.0000453
    }
  },
  "statusCodeDistribution": {
    "200": 265454
  },
  "errorDistribution": {}
}