{
  "summary": {
    "successRate": 1,
    "total": 10.000737042,
    "slowest": 0.004079924,
    "fastest": 0.000107748,
    "average": 0.0006679047504360004,
    "requestsPerSec": 74703.99400188528,
    "totalData": 9712235,
    "sizePerRequest": 13,
    "sizePerSec": 971151.9220245086
  },
  "responseTimeHistogram": {
    "0.000107748": 1,
    "0.0005049656": 14513,
    "0.0009021831999999999": 728376,
    "0.0012994007999999999": 3591,
    "0.0016966184": 403,
    "0.002093836": 96,
    "0.0024910536": 5,
    "0.0028882712": 47,
    "0.0032854888": 21,
    "0.0036827063999999997": 35,
    "0.004079924": 7
  },
  "latencyPercentiles": {
    "p10": 0.000583216,
    "p25": 0.00061933,
    "p50": 0.000672089,
    "p75": 0.000710802,
    "p90": 0.000743008,
    "p95": 0.000780874,
    "p99": 0.000866995
  },
  "rps": {
    "mean": 74701.65223979905,
    "stddev": 3532.3480336816187,
    "max": 90608.86154665402,
    "percentiles": {
      "p10": 72902.13603258922,
      "p25": 73895.56461174597,
      "p50": 74791.44325411608,
      "p75": 75897.99949695106,
      "p90": 77187.07058426805,
      "p95": 78252.01411378113,
      "p99": 81750.28460005931
    }
  },
  "details": {
    "DNSDialup": {
      "average": 0.00046845256000000005,
      "fastest": 0.000063652,
      "slowest": 0.001003906
    },
    "DNSLookup": {
      "average": 0.00000599786,
      "fastest": 0.000003161,
      "slowest": 0.000037907
    }
  },
  "statusCodeDistribution": {
    "200": 747095
  },
  "errorDistribution": {}
}