{
  "summary": {
    "successRate": 1,
    "total": 10.000673283,
    "slowest": 0.005071381,
    "fastest": 0.000162403,
    "average": 0.0009481756678057055,
    "requestsPerSec": 52643.05563255746,
    "totalData": 6844058,
    "sizePerRequest": 13,
    "sizePerSec": 684359.723223247
  },
  "responseTimeHistogram": {
    "0.000162403": 1,
    "0.0006533007999999999": 70347,
    "0.0011441986": 390504,
    "0.0016350963999999999": 64485,
    "0.0021259942": 869,
    "0.002616892": 114,
    "0.0031077898": 38,
    "0.0035986876": 23,
    "0.0040895854": 52,
    "0.0045804832": 23,
    "0.005071381": 10
  },
  "latencyPercentiles": {
    "p10": 0.000628239,
    "p25": 0.000786911,
    "p50": 0.000997813,
    "p75": 0.001098644,
    "p90": 0.00115655,
    "p95": 0.001196095,
    "p99": 0.001324851
  },
  "rps": {
    "mean": 52638.63750673889,
    "stddev": 7431.971585022294,
    "max": 79501.87624427742,
    "percentiles": {
      "p10": 46614.17537073244,
      "p25": 47627.91948640432,
      "p50": 49843.48737247355,
      "p75": 56347.795063571204,
      "p90": 64031.06518733168,
      "p95": 67852.43636282065,
      "p99": 75856.47232037503
    }
  },
  "details": {
    "DNSDialup": {
      "average": 0.0010902430599999998,
      "fastest": 0.000116287,
      "slowest": 0.001804999
    },
    "DNSLookup": {
      "average": 0.000006019460000000002,
      "fastest": 0.000002625,
      "slowest": 0.0000379
    }
  },
  "statusCodeDistribution": {
    "200": 526466
  },
  "errorDistribution": {}
}