{
  "summary": {
    "successRate": 1,
    "total": 10.000424344,
    "slowest": 0.005788215,
    "fastest": 0.000199202,
    "average": 0.0010142131517063477,
    "requestsPerSec": 49212.71168810714,
    "totalData": 6397924,
    "sizePerRequest": 13,
    "sizePerSec": 639765.2519453928
  },
  "responseTimeHistogram": {
    "0.000199202": 1,
    "0.0007581033": 26914,
    "0.0013170045999999999": 461050,
    "0.0018759059": 3755,
    "0.0024348072": 325,
    "0.0029937085": 48,
    "0.0035526098": 7,
    "0.0041115111": 1,
    "0.0046704124": 17,
    "0.0052293137": 9,
    "0.005788215": 21
  },
  "latencyPercentiles": {
    "p10": 0.000863778,
    "p25": 0.000946861,
    "p50": 0.001030495,
    "p75": 0.001096451,
    "p90": 0.001148167,
    "p95": 0.001191358,
    "p99": 0.001300599
  },
  "rps": {
    "mean": 49209.65958288519,
    "stddev": 3684.4833865609644,
    "max": 73040.55925222473,
    "percentiles": {
      "p10": 46638.39272489055,
      "p25": 47564.511747281715,
      "p50": 48608.27186244905,
      "p75": 49829.74835976365,
      "p90": 53503.42956983521,
      "p95": 56157.37542890137,
      "p99": 60837.18368667263
    }
  },
  "details": {
    "DNSDialup": {
      "average": 0.00119521208,
      "fastest": 0.000093281,
      "slowest": 0.002423234
    },
    "DNSLookup": {
      "average": 0.000008494059999999996,
      "fastest": 0.000003787,
      "slowest": 0.000052948
    }
  },
  "statusCodeDistribution": {
    "200": 492148
  },
  "errorDistribution": {}
}