{
  "summary": {
    "successRate": 0.9194702833203153,
    "total": 10.000622766,
    "slowest": 0.018673016,
    "fastest": 0.00011261,
    "average": 0.0008996475099853986,
    "requestsPerSec": 56328.49205303181,
    "totalData": 6733428,
    "sizePerRequest": 13,
    "sizePerSec": 673300.8691110947
  },
  "responseTimeHistogram": {
    "0.00011261": 1,
    "0.0019686506000000004": 517537,
    "0.0038246912000000004": 322,
    "0.005680731800000001": 46,
    "0.007536772400000001": 0,
    "0.009392813000000002": 0,
    "0.011248853600000002": 0,
    "0.013104894200000002": 0,
    "0.014960934800000002": 0,
    "0.0168169754": 0,
    "0.018673016": 50
  },
  "latencyPercentiles": {
    "p10": 0.00061122,
    "p25": 0.00070843,
    "p50": 0.0009402,
    "p75": 0.001048735,
    "p90": 0.001107455,
    "p95": 0.001151537,
    "p99": 0.001328781
  },
  "rps": {
    "mean": 55541.36423719127,
    "stddev": 8043.945348786673,
    "max": 79120.21529523889,
    "percentiles": {
      "p10": 48399.421062259025,
      "p25": 49693.80699947411,
      "p50": 53410.07313979623,
      "p75": 59945.35465533259,
      "p90": 67655.05768594696,
      "p95": 70629.86006070781,
      "p99": 76415.62699572569
    }
  },
  "details": {
    "DNSDialup": {
      "average": 0.0010248469600000001,
      "fastest": 0.000078657,
      "slowest": 0.001780807
    },
    "DNSLookup": {
      "average": 0.0000182959,
      "fastest": 0.000003627,
      "slowest": 0.000421236
    }
  },
  "statusCodeDistribution": {
    "200": 517956
  },
  "errorDistribution": {
    "Connection refused (os error 111)": 45364
  }
}