{
  "summary": {
    "successRate": 1,
    "total": 10.000456279,
    "slowest": 0.005372267,
    "fastest": 0.000164424,
    "average": 0.0010066956635547898,
    "requestsPerSec": 49582.03767574314,
    "totalData": 6445959,
    "sizePerRequest": 13,
    "sizePerSec": 644566.4897846607
  },
  "responseTimeHistogram": {
    "0.000164424": 1,
    "0.0006852083000000001": 4150,
    "0.0012059926000000001": 476327,
    "0.0017267769000000003": 14894,
    "0.0022475612": 312,
    "0.0027683455": 83,
    "0.0032891298000000003": 27,
    "0.0038099141": 2,
    "0.0043306984": 11,
    "0.0048514827000000005": 17,
    "0.005372267": 19
  },
  "latencyPercentiles": {
    "p10": 0.000881267,
    "p25": 0.000935343,
    "p50": 0.001012642,
    "p75": 0.001069829,
    "p90": 0.001125853,
    "p95": 0.001174969,
    "p99": 0.001283347
  },
  "rps": {
    "mean": 49581.37090679599,
    "stddev": 2378.7785287411566,
    "max": 71875.48363291498,
    "percentiles": {
      "p10": 48117.173019050366,
      "p25": 48799.55597414608,
      "p50": 49685.47285282624,
      "p75": 50320.68180022041,
      "p90": 51037.51913276635,
      "p95": 51796.341194617235,
      "p99": 56568.10324012816
    }
  },
  "details": {
    "DNSDialup": {
      "average": 0.0009543734600000001,
      "fastest": 0.000141446,
      "slowest": 0.001402865
    },
    "DNSLookup": {
      "average": 0.000008203100000000001,
      "fastest": 0.000003787,
      "slowest": 0.000035526
    }
  },
  "statusCodeDistribution": {
    "200": 495843
  },
  "errorDistribution": {}
}