{
  "summary": {
    "successRate": 1,
    "total": 10.000684708,
    "slowest": 0.005329971,
    "fastest": 0.000107236,
    "average": 0.0009004833703755047,
    "requestsPerSec": 55456.40285573135,
    "totalData": 7209826,
    "sizePerRequest": 13,
    "sizePerSec": 720933.2371245075
  },
  "responseTimeHistogram": {
    "0.000107236": 1,
    "0.0006295095000000001": 24658,
    "0.001151783": 519657,
    "0.0016740565000000001": 9568,
    "0.0021963300000000002": 510,
    "0.0027186035": 39,
    "0.0032408770000000005": 78,
    "0.0037631505000000004": 35,
    "0.004285424": 14,
    "0.0048076975": 25,
    "0.005329971": 17
  },
  "latencyPercentiles": {
    "p10": 0.000725919,
    "p25": 0.000839194,
    "p50": 0.000914692,
    "p75": 0.000982213,
    "p90": 0.001028498,
    "p95": 0.001078612,
    "p99": 0.001190716
  },
  "rps": {
    "mean": 55452.91775852783,
    "stddev": 4592.562061106579,
    "max": 78639.67621745422,
    "percentiles": {
      "p10": 52335.62485984378,
      "p25": 53247.382012091104,
      "p50": 54407.96363004085,
      "p75": 56760.67920701966,
      "p90": 61370.89565866704,
      "p95": 64299.06557032143,
      "p99": 70107.26311246313
    }
  },
  "details": {
    "DNSDialup": {
      "average": 0.00046752736000000016,
      "fastest": 0.000065318,
      "slowest": 0.000827517
    },
    "DNSLookup": {
      "average": 0.000006075579999999998,
      "fastest": 0.000002614,
      "slowest": 0.000051307
    }
  },
  "statusCodeDistribution": {
    "200": 554602
  },
  "errorDistribution": {}
}