{
  "summary": {
    "successRate": 1,
    "total": 10.000654237,
    "slowest": 0.004564146,
    "fastest": 0.000287064,
    "average": 0.001030116243796083,
    "requestsPerSec": 48450.430193590146,
    "totalData": 6298968,
    "sizePerRequest": 13,
    "sizePerSec": 629855.5925166719
  },
  "responseTimeHistogram": {
    "0.000287064": 1,
    "0.0007147722": 12635,
    "0.0011424803999999999": 409237,
    "0.0015701886": 61703,
    "0.0019978967999999997": 686,
    "0.002425605": 100,
    "0.0028533131999999998": 40,
    "0.0032810214": 43,
    "0.0037087296": 43,
    "0.004136437799999999": 23,
    "0.004564146": 25
  },
  "latencyPercentiles": {
    "p10": 0.0008927,
    "p25": 0.000963682,
    "p50": 0.001042079,
    "p75": 0.001107111,
    "p90": 0.001155945,
    "p95": 0.001193092,
    "p99": 0.001290554
  },
  "rps": {
    "mean": 48449.18873904099,
    "stddev": 2767.711860106096,
    "max": 62017.482728381685,
    "percentiles": {
      "p10": 46628.29404882891,
      "p25": 47340.86937252969,
      "p50": 48038.25766840774,
      "p75": 49352.402994633645,
      "p90": 51511.23460026593,
      "p95": 53143.859627355494,
      "p99": 56133.90180937816
    }
  },
  "details": {
    "DNSDialup": {
      "average": 0.0007772634199999999,
      "fastest": 0.000105384,
      "slowest": 0.001273622
    },
    "DNSLookup": {
      "average": 0.000007358339999999999,
      "fastest": 0.000003597,
      "slowest": 0.000040005
    }
  },
  "statusCodeDistribution": {
    "200": 484536
  },
  "errorDistribution": {}
}