{
  "summary": {
    "successRate": 0.7116228920709288,
    "total": 10.000747926,
    "slowest": 0.014555808,
    "fastest": 0.000125826,
    "average": 0.0009643929159672354,
    "requestsPerSec": 51563.34344347916,
    "totalData": 4770532,
    "sizePerRequest": 13,
    "sizePerSec": 477017.5226192377
  },
  "responseTimeHistogram": {
    "0.000125826": 1,
    "0.0015688242": 366397,
    "0.0030118223999999996": 460,
    "0.004454820599999999": 6,
    "0.005897818799999999": 11,
    "0.0073408169999999995": 39,
    "0.0087838152": 0,
    "0.0102268134": 0,
    "0.0116698116": 0,
    "0.0131128098": 0,
    "0.014555808": 50
  },
  "latencyPercentiles": {
    "p10": 0.000661713,
    "p25": 0.00085827,
    "p50": 0.000998175,
    "p75": 0.001093778,
    "p90": 0.00115702,
    "p95": 0.00120406,
    "p99": 0.001323544
  },
  "rps": {
    "mean": 51719.30971689378,
    "stddev": 6831.640555779102,
    "max": 75422.34009713793,
    "percentiles": {
      "p10": 46335.09113930642,
      "p25": 47426.00387888681,
      "p50": 49339.62465256017,
      "p75": 55386.845785837475,
      "p90": 61268.712861474145,
      "p95": 64536.708479783985,
      "p99": 70656.0443743988
    }
  },
  "details": {
    "DNSDialup": {
      "average": 0.00080314538,
      "fastest": 0.000097808,
      "slowest": 0.001249892
    },
    "DNSLookup": {
      "average": 0.0000071283800000000005,
      "fastest": 0.000004358,
      "slowest": 0.000028854
    }
  },
  "statusCodeDistribution": {
    "200": 366964
  },
  "errorDistribution": {
    "Connection refused (os error 111)": 148708
  }
}