{
  "summary": {
    "successRate": 1,
    "total": 10.001452055,
    "slowest": 0.022024541,
    "fastest": 0.000402725,
    "average": 0.0019456990952376786,
    "requestsPerSec": 25643.676397146915,
    "totalData": 3334162,
    "sizePerRequest": 13,
    "sizePerSec": 333367.7931629099
  },
  "responseTimeHistogram": {
    "0.000402725": 1,
    "0.0025649066000000002": 234204,
    "0.0047270882": 15372,
    "0.0068892698": 5041,
    "0.0090514514": 877,
    "0.011213633": 300,
    "0.0133758146": 339,
    "0.015537996200000001": 209,
    "0.0177001778": 73,
    "0.0198623594": 8,
    "0.022024541": 50
  },
  "latencyPercentiles": {
    "p10": 0.001411586,
    "p25": 0.001585896,
    "p50": 0.001728007,
    "p75": 0.001896816,
    "p90": 0.002372746,
    "p95": 0.003461326,
    "p99": 0.006183502
  },
  "rps": {
    "mean": 25836.238325315026,
    "stddev": 6716.854311076136,
    "max": 95963.7640830443,
    "percentiles": {
      "p10": 16419.182158346284,
      "p25": 23804.612547149194,
      "p50": 28235.764287838738,
      "p75": 29748.00495461583,
      "p90": 30796.2506927886,
      "p95": 31347.33500682952,
      "p99": 32232.664582287332
    }
  },
  "details": {
    "DNSDialup": {
      "average": 0.00249271808,
      "fastest": 0.000099506,
      "slowest": 0.005192637
    },
    "DNSLookup": {
      "average": 0.00000834856,
      "fastest": 0.000005601,
      "slowest": 0.000049803
    }
  },
  "statusCodeDistribution": {
    "200": 256474
  },
  "errorDistribution": {}
}