{
  "summary": {
    "successRate": 1,
    "total": 10.000722762,
    "slowest": 0.008409497,
    "fastest": 0.000081216,
    "average": 0.0006570537004361431,
    "requestsPerSec": 75933.91178540501,
    "totalData": 9872122,
    "sizePerRequest": 13,
    "sizePerSec": 987140.8532102652
  },
  "responseTimeHistogram": {
    "0.000081216": 1,
    "0.0009140441": 755687,
    "0.0017468722": 3405,
    "0.0025797003": 203,
    "0.0034125284": 35,
    "0.0042453565": 13,
    "0.0050781846000000005": 0,
    "0.0059110127": 0,
    "0.0067438408": 0,
    "0.007576668900000001": 0,
    "0.008409497": 50
  },
  "latencyPercentiles": {
    "p10": 0.000577478,
    "p25": 0.000610991,
    "p50": 0.000662046,
    "p75": 0.000698575,
    "p90": 0.000724152,
    "p95": 0.000744885,
    "p99": 0.00085277
  },
  "rps": {
    "mean": 75928.50171874456,
    "stddev": 3824.246313791108,
    "max": 90233.43720694043,
    "percentiles": {
      "p10": 74268.93642679087,
      "p25": 75295.09712616388,
      "p50": 76180.68774399697,
      "p75": 77115.62362535318,
      "p90": 78161.60689829009,
      "p95": 79237.20979371706,
      "p99": 81899.718434418
    }
  },
  "details": {
    "DNSDialup": {
      "average": 0.00044721800000000015,
      "fastest": 0.000067815,
      "slowest": 0.000971148
    },
    "DNSLookup": {
      "average": 0.000005336999999999998,
      "fastest": 0.000002937,
      "slowest": 0.000034656
    }
  },
  "statusCodeDistribution": {
    "200": 759394
  },
  "errorDistribution": {}
}