{
  "summary": {
    "successRate": 1,
    "total": 10.000638849,
    "slowest": 0.023869893,
    "fastest": 0.0001592,
    "average": 0.0015581229808157564,
    "requestsPerSec": 31867.86412468718,
    "totalData": 4143087,
    "sizePerRequest": 13,
    "sizePerSec": 414282.2336209334
  },
  "responseTimeHistogram": {
    "0.0001592": 1,
    "0.0025302692999999996": 292990,
    "0.004901338599999999": 20039,
    "0.007272407899999999": 4278,
    "0.009643477199999998": 674,
    "0.012014546499999999": 154,
    "0.014385615799999998": 278,
    "0.016756685099999998": 235,
    "0.0191277544": 0,
    "0.0214988237": 0,
    "0.023869893": 50
  },
  "latencyPercentiles": {
    "p10": 0.001092104,
    "p25": 0.001189004,
    "p50": 0.001305705,
    "p75": 0.001483205,
    "p90": 0.001997708,
    "p95": 0.003238512,
    "p99": 0.005568622
  },
  "rps": {
    "mean": 32005.158912078576,
    "stddev": 9659.054829802739,
    "max": 45781.3769206873,
    "percentiles": {
      "p10": 16093.27986877515,
      "p25": 26542.63543529648,
      "p50": 36202.39297817527,
      "p75": 38856.586847425526,
      "p90": 40308.649663253134,
      "p95": 41170.69783027644,
      "p99": 42630.95433594392
    }
  },
  "details": {
    "DNSDialup": {
      "average": 0.00217021644,
      "fastest": 0.000255601,
      "slowest": 0.00255231
    },
    "DNSLookup": {
      "average": 0.000013556020000000002,
      "fastest": 0.0000067,
      "slowest": 0.0000608
    }
  },
  "statusCodeDistribution": {
    "200": 318699
  },
  "errorDistribution": {}
}