{
  "summary": {
    "successRate": 0.9198861499856663,
    "total": 10.000574553,
    "slowest": 0.01473113,
    "fastest": 0.000178432,
    "average": 0.0009258778262509609,
    "requestsPerSec": 53716.713690099925,
    "totalData": 6424093,
    "sizePerRequest": 13,
    "sizePerSec": 642372.3923014886
  },
  "responseTimeHistogram": {
    "0.000178432": 1,
    "0.0016337018000000003": 493424,
    "0.0030889716000000005": 627,
    "0.0045442414": 9,
    "0.005999511200000001": 40,
    "0.0074547810000000015": 10,
    "0.0089100508": 0,
    "0.0103653206": 0,
    "0.0118205904": 0,
    "0.013275860200000001": 0,
    "0.014731130000000002": 50
  },
  "latencyPercentiles": {
    "p10": 0.000639751,
    "p25": 0.000766778,
    "p50": 0.000960423,
    "p75": 0.001067808,
    "p90": 0.0011321,
    "p95": 0.001180227,
    "p99": 0.001303387
  },
  "rps": {
    "mean": 53875.540498834736,
    "stddev": 7470.565441522543,
    "max": 77192.2395533819,
    "percentiles": {
      "p10": 47080.19640656347,
      "p25": 48422.66429318795,
      "p50": 52675.25055860772,
      "p75": 58307.07511273694,
      "p90": 63985.63837840599,
      "p95": 67369.27033432528,
      "p99": 73196.1871094768
    }
  },
  "details": {
    "DNSDialup": {
      "average": 0.0007593699399999999,
      "fastest": 0.000075721,
      "slowest": 0.00156087
    },
    "DNSLookup": {
      "average": 0.000007261540000000002,
      "fastest": 0.000004819,
      "slowest": 0.000017553
    }
  },
  "statusCodeDistribution": {
    "200": 494161
  },
  "errorDistribution": {
    "Connection refused (os error 111)": 43037
  }
}