{
  "summary": {
    "successRate": 1,
    "total": 10.000663886,
    "slowest": 0.010435027,
    "fastest": 0.000181505,
    "average": 0.0010657229434078428,
    "requestsPerSec": 46833.79077019807,
    "totalData": 6088797,
    "sizePerRequest": 13,
    "sizePerSec": 608839.280012575
  },
  "responseTimeHistogram": {
    "0.000181505": 1,
    "0.0012068571999999998": 425322,
    "0.0022322094": 32404,
    "0.0032575615999999993": 9991,
    "0.0042829138": 357,
    "0.005308265999999999": 118,
    "0.006333618199999999": 61,
    "0.0073589703999999995": 64,
    "0.008384322599999999": 10,
    "0.009409674799999998": 39,
    "0.010435026999999998": 2
  },
  "latencyPercentiles": {
    "p10": 0.00092462,
    "p25": 0.000966323,
    "p50": 0.001008625,
    "p75": 0.001043926,
    "p90": 0.001184229,
    "p95": 0.001361233,
    "p99": 0.002364052
  },
  "rps": {
    "mean": 46823.60526087642,
    "stddev": 7481.057422659829,
    "max": 56020.34851471436,
    "percentiles": {
      "p10": 36819.352251543,
      "p25": 47604.525256103545,
      "p50": 49041.5541750925,
      "p75": 50202.92181005138,
      "p90": 51534.41722043636,
      "p95": 52416.00784879582,
      "p99": 53626.60996573119
    }
  },
  "details": {
    "DNSDialup": {
      "average": 0.0016659982000000002,
      "fastest": 0.000080502,
      "slowest": 0.008571686
    },
    "DNSLookup": {
      "average": 0.0000149203,
      "fastest": 0.0000039,
      "slowest": 0.000217905
    }
  },
  "statusCodeDistribution": {
    "200": 468369
  },
  "errorDistribution": {}
}