{
  "summary": {
    "successRate": 0.9908144801282884,
    "total": 10.000698455,
    "slowest": 0.016075085,
    "fastest": 0.000161584,
    "average": 0.001355995795990439,
    "requestsPerSec": 36914.22170772771,
    "totalData": 4755101,
    "sizePerRequest": 13,
    "sizePerSec": 475476.890078874
  },
  "responseTimeHistogram": {
    "0.000161584": 1,
    "0.0017529341": 353608,
    "0.0033442842000000004": 11736,
    "0.004935634300000001": 325,
    "0.006526984400000001": 54,
    "0.0081183345": 3,
    "0.0097096846": 0,
    "0.0113010347": 0,
    "0.0128923848": 0,
    "0.0144837349": 0,
    "0.016075085": 50
  },
  "latencyPercentiles": {
    "p10": 0.001135679,
    "p25": 0.001228898,
    "p50": 0.001352021,
    "p75": 0.001446531,
    "p90": 0.001566847,
    "p95": 0.001662503,
    "p99": 0.002161466
  },
  "rps": {
    "mean": 36735.44858653842,
    "stddev": 3607.92056769649,
    "max": 48625.8653285429,
    "percentiles": {
      "p10": 33229.35813791569,
      "p25": 35480.311164356404,
      "p50": 37474.28188518641,
      "p75": 38203.87250896495,
      "p90": 39862.7279887637,
      "p95": 40771.83589767383,
      "p99": 44903.97631239973
    }
  },
  "details": {
    "DNSDialup": {
      "average": 0.00084125752,
      "fastest": 0.000065084,
      "slowest": 0.001504013
    },
    "DNSLookup": {
      "average": 0.000007268979999999999,
      "fastest": 0.000004678,
      "slowest": 0.000024626
    }
  },
  "statusCodeDistribution": {
    "200": 365777
  },
  "errorDistribution": {
    "Connection refused (os error 111)": 3391
  }
}