{
  "summary": {
    "successRate": 0.9677474113053811,
    "total": 10.000845296,
    "slowest": 0.013739312,
    "fastest": 0.000265636,
    "average": 0.0009200033390366152,
    "requestsPerSec": 54192.61911958287,
    "totalData": 6818396,
    "sizePerRequest": 13,
    "sizePerSec": 681781.9692428528
  },
  "responseTimeHistogram": {
    "0.000265636": 1,
    "0.0016130036000000002": 523895,
    "0.0029603712000000003": 433,
    "0.0043077388000000005": 47,
    "0.0056551064": 43,
    "0.007002474": 23,
    "0.008349841600000001": 0,
    "0.009697209200000001": 0,
    "0.0110445768": 0,
    "0.0123919444": 0,
    "0.013739312": 50
  },
  "latencyPercentiles": {
    "p10": 0.000634935,
    "p25": 0.000737866,
    "p50": 0.000957167,
    "p75": 0.001074867,
    "p90": 0.00114083,
    "p95": 0.001187607,
    "p99": 0.001306117
  },
  "rps": {
    "mean": 54232.33369702579,
    "stddev": 8305.321584105448,
    "max": 76991.28857085714,
    "percentiles": {
      "p10": 46521.73030022273,
      "p25": 47855.29679544575,
      "p50": 52027.12694398842,
      "p75": 59914.509233319,
      "p90": 66523.755633139,
      "p95": 69641.75856712187,
      "p99": 73821.54717742813
    }
  },
  "details": {
    "DNSDialup": {
      "average": 0.00047043350000000014,
      "fastest": 0.0000749,
      "slowest": 0.000878961
    },
    "DNSLookup": {
      "average": 0.000006698060000000002,
      "fastest": 0.000004118,
      "slowest": 0.000016942
    }
  },
  "statusCodeDistribution": {
    "200": 524492
  },
  "errorDistribution": {
    "Connection refused (os error 111)": 17480
  }
}