{
  "summary": {
    "successRate": 1,
    "total": 10.000703701,
    "slowest": 0.004996212,
    "fastest": 0.000083472,
    "average": 0.0009005759445464532,
    "requestsPerSec": 55428.09951909403,
    "totalData": 7206160,
    "sizePerRequest": 13,
    "sizePerSec": 720565.2937482223
  },
  "responseTimeHistogram": {
    "0.000083472": 1,
    "0.000574746": 10602,
    "0.00106602": 518929,
    "0.001557294": 23779,
    "0.0020485679999999997": 709,
    "0.0025398419999999996": 167,
    "0.003031116": 79,
    "0.00352239": 15,
    "0.004013664": 13,
    "0.004504938": 17,
    "0.004996212": 9
  },
  "latencyPercentiles": {
    "p10": 0.000748924,
    "p25": 0.000841775,
    "p50": 0.000914847,
    "p75": 0.000976137,
    "p90": 0.001016907,
    "p95": 0.001058614,
    "p99": 0.001175284
  },
  "rps": {
    "mean": 55426.81707406109,
    "stddev": 3911.602222609029,
    "max": 73541.00015960583,
    "percentiles": {
      "p10": 53062.0932615352,
      "p25": 53882.88804668115,
      "p50": 54600.74257009851,
      "p75": 56135.9550792328,
      "p90": 59773.99422745116,
      "p95": 62667.9011264602,
      "p99": 68669.90307418624
    }
  },
  "details": {
    "DNSDialup": {
      "average": 0.0008990882399999998,
      "fastest": 0.000096712,
      "slowest": 0.001324879
    },
    "DNSLookup": {
      "average": 0.0000043853,
      "fastest": 0.000001683,
      "slowest": 0.000033289
    }
  },
  "statusCodeDistribution": {
    "200": 554320
  },
  "errorDistribution": {}
}