{
  "summary": {
    "successRate": 0.4396828338492312,
    "total": 10.000646984,
    "slowest": 0.014598701,
    "fastest": 0.00014906,
    "average": 0.0009124209042679379,
    "requestsPerSec": 65286.47606945667,
    "totalData": 3731936,
    "sizePerRequest": 13,
    "sizePerSec": 373169.45653323346
  },
  "responseTimeHistogram": {
    "0.00014906": 1,
    "0.0015940241": 286494,
    "0.0030389882": 455,
    "0.004483952300000001": 30,
    "0.0059289164": 42,
    "0.0073738805": 0,
    "0.0088188446": 0,
    "0.0102638087": 0,
    "0.0117087728": 0,
    "0.013153736899999999": 0,
    "0.014598700999999999": 50
  },
  "latencyPercentiles": {
    "p10": 0.000625164,
    "p25": 0.000737726,
    "p50": 0.000949172,
    "p75": 0.001056825,
    "p90": 0.001115212,
    "p95": 0.001156954,
    "p99": 0.001278893
  },
  "rps": {
    "mean": 54638.57353736453,
    "stddev": 8196.105557801258,
    "max": 79285.16019055957,
    "percentiles": {
      "p10": 47825.635837774214,
      "p25": 49330.73457405648,
      "p50": 52663.6914684661,
      "p75": 58529.38250296827,
      "p90": 66808.75062220027,
      "p95": 70110.92328184344,
      "p99": 75316.22311445819
    }
  },
  "details": {
    "DNSDialup": {
      "average": 0.0007780568599999999,
      "fastest": 0.000059091,
      "slowest": 0.001106185
    },
    "DNSLookup": {
      "average": 0.000016596540000000002,
      "fastest": 0.000003457,
      "slowest": 0.000426668
    }
  },
  "statusCodeDistribution": {
    "200": 287072
  },
  "errorDistribution": {
    "Connection refused (os error 111)": 365835
  }
}