{
  "summary": {
    "successRate": 1,
    "total": 10.000783424,
    "slowest": 0.015443059,
    "fastest": 0.000116801,
    "average": 0.0009740252846238119,
    "requestsPerSec": 51204.98847831064,
    "totalData": 6657170,
    "sizePerRequest": 13,
    "sizePerSec": 665664.8502180383
  },
  "responseTimeHistogram": {
    "0.000116801": 1,
    "0.0016494268": 471421,
    "0.0031820526": 32201,
    "0.0047146784": 6699,
    "0.0062473042": 584,
    "0.007779929999999999": 116,
    "0.0093125558": 57,
    "0.0108451816": 31,
    "0.0123778074": 485,
    "0.013910433199999999": 445,
    "0.015443058999999999": 50
  },
  "latencyPercentiles": {
    "p10": 0.000737003,
    "p25": 0.000793203,
    "p50": 0.000830003,
    "p75": 0.000862203,
    "p90": 0.001053004,
    "p95": 0.002000808,
    "p99": 0.004034715
  },
  "rps": {
    "mean": 51425.679484175125,
    "stddev": 14979.634456635296,
    "max": 64382.66138486366,
    "percentiles": {
      "p10": 25414.389627406355,
      "p25": 41419.960489563484,
      "p50": 60500.37510232572,
      "p75": 61391.24580863905,
      "p90": 61817.06769238958,
      "p95": 62022.7065128532,
      "p99": 62356.666274051684
    }
  },
  "details": {
    "DNSDialup": {
      "average": 0.001544998,
      "fastest": 0.0000866,
      "slowest": 0.00258381
    },
    "DNSLookup": {
      "average": 0.000010056040000000001,
      "fastest": 0.0000038,
      "slowest": 0.0001063
    }
  },
  "statusCodeDistribution": {
    "200": 512090
  },
  "errorDistribution": {}
}