{
  "summary": {
    "successRate": 0.856713900196017,
    "total": 10.000641567,
    "slowest": 0.019716707,
    "fastest": 0.000126858,
    "average": 0.0009296784953320512,
    "requestsPerSec": 55246.75555047817,
    "totalData": 6153381,
    "sizePerRequest": 13,
    "sizePerSec": 615298.6244707394
  },
  "responseTimeHistogram": {
    "0.000126858": 1,
    "0.0020858429": 473031,
    "0.004044827799999999": 255,
    "0.006003812699999999": 0,
    "0.0079627976": 0,
    "0.0099217825": 0,
    "0.011880767399999999": 0,
    "0.013839752299999999": 0,
    "0.0157987372": 0,
    "0.017757722099999998": 0,
    "0.019716707": 50
  },
  "latencyPercentiles": {
    "p10": 0.000633319,
    "p25": 0.000770036,
    "p50": 0.000967792,
    "p75": 0.001072179,
    "p90": 0.001130375,
    "p95": 0.001172536,
    "p99": 0.001313525
  },
  "rps": {
    "mean": 53746.60189718447,
    "stddev": 6974.409319170269,
    "max": 75272.48690374623,
    "percentiles": {
      "p10": 47354.90908123268,
      "p25": 48619.414143078015,
      "p50": 52309.70624305666,
      "p75": 58008.09212885298,
      "p90": 63154.55922371351,
      "p95": 66922.4659019487,
      "p99": 73543.9107245132
    }
  },
  "details": {
    "DNSDialup": {
      "average": 0.0008828042999999999,
      "fastest": 0.00008748,
      "slowest": 0.001349553
    },
    "DNSLookup": {
      "average": 0.00001046908,
      "fastest": 0.000003967,
      "slowest": 0.000187799
    }
  },
  "statusCodeDistribution": {
    "200": 473337
  },
  "errorDistribution": {
    "Connection refused (os error 111)": 79166
  }
}