{
  "summary": {
    "successRate": 0.6334616844519055,
    "total": 10.000329099,
    "slowest": 0.01436499,
    "fastest": 0.000297884,
    "average": 0.0009663368792040921,
    "requestsPerSec": 51108.118036946216,
    "totalData": 4208893,
    "sizePerRequest": 13,
    "sizePerSec": 420875.4490310599
  },
  "responseTimeHistogram": {
    "0.000297884": 1,
    "0.0017045946": 323269,
    "0.0031113052": 301,
    "0.0045180158000000005": 62,
    "0.0059247264": 78,
    "0.007331437": 0,
    "0.008738147600000001": 0,
    "0.0101448582": 0,
    "0.0115515688": 0,
    "0.0129582794": 0,
    "0.01436499": 50
  },
  "latencyPercentiles": {
    "p10": 0.000658996,
    "p25": 0.000903747,
    "p50": 0.000994406,
    "p75": 0.001069199,
    "p90": 0.001122337,
    "p95": 0.001168594,
    "p99": 0.001307682
  },
  "rps": {
    "mean": 51614.89984982111,
    "stddev": 7272.281960217974,
    "max": 81903.27613104162,
    "percentiles": {
      "p10": 47250.82961552586,
      "p25": 48517.835156206376,
      "p50": 49695.28574087709,
      "p75": 52309.97028033449,
      "p90": 61535.24123265259,
      "p95": 67124.13783996865,
      "p99": 74949.45426864097
    }
  },
  "details": {
    "DNSDialup": {
      "average": 0.0012323760400000004,
      "fastest": 0.000112569,
      "slowest": 0.001763932
    },
    "DNSLookup": {
      "average": 0.000009581500000000003,
      "fastest": 0.000004589,
      "slowest": 0.000036358
    }
  },
  "statusCodeDistribution": {
    "200": 323761
  },
  "errorDistribution": {
    "Connection refused (os error 111)": 187337
  }
}