{
  "summary": {
    "successRate": 1,
    "total": 10.000765093,
    "slowest": 0.015347245,
    "fastest": 0.000116201,
    "average": 0.000938662734346566,
    "requestsPerSec": 53126.43533362113,
    "totalData": 6906965,
    "sizePerRequest": 13,
    "sizePerSec": 690643.6593370747
  },
  "responseTimeHistogram": {
    "0.000116201": 1,
    "0.0016393054000000001": 500826,
    "0.0031624098": 23270,
    "0.0046855142": 5745,
    "0.0062086186": 533,
    "0.007731723": 39,
    "0.0092548274": 11,
    "0.010777931800000001": 70,
    "0.0123010362": 413,
    "0.0138241406": 287,
    "0.015347245": 110
  },
  "latencyPercentiles": {
    "p10": 0.000736707,
    "p25": 0.000793107,
    "p50": 0.000829408,
    "p75": 0.000860609,
    "p90": 0.000921708,
    "p95": 0.001914318,
    "p99": 0.003452832
  },
  "rps": {
    "mean": 53259.084452246345,
    "stddev": 13495.829724961433,
    "max": 63626.75505049855,
    "percentiles": {
      "p10": 32400.988230141033,
      "p25": 46672.36550271256,
      "p50": 60613.3652470351,
      "p75": 61474.82721091234,
      "p90": 61841.464702087476,
      "p95": 62031.41439454342,
      "p99": 62383.44475765228
    }
  },
  "details": {
    "DNSDialup": {
      "average": 0.00151742632,
      "fastest": 0.000090601,
      "slowest": 0.002488224
    },
    "DNSLookup": {
      "average": 0.0000075200600000000025,
      "fastest": 0.0000039,
      "slowest": 0.000039401
    }
  },
  "statusCodeDistribution": {
    "200": 531305
  },
  "errorDistribution": {}
}