{
  "summary": {
    "successRate": 1,
    "total": 10.000565039,
    "slowest": 0.005330484,
    "fastest": 0.000221292,
    "average": 0.0010361032591656803,
    "requestsPerSec": 48166.07842872107,
    "totalData": 6261944,
    "sizePerRequest": 13,
    "sizePerSec": 626159.019573374
  },
  "responseTimeHistogram": {
    "0.000221292": 1,
    "0.0007322112": 15340,
    "0.0012431304": 455212,
    "0.0017540496000000004": 10612,
    "0.0022649688000000003": 401,
    "0.0027758880000000002": 33,
    "0.0032868072000000006": 15,
    "0.0037977264000000005": 22,
    "0.0043086456": 11,
    "0.0048195648": 23,
    "0.005330484": 18
  },
  "latencyPercentiles": {
    "p10": 0.0008949,
    "p25": 0.000969459,
    "p50": 0.001049638,
    "p75": 0.001115649,
    "p90": 0.00116479,
    "p95": 0.001201707,
    "p99": 0.001300709
  },
  "rps": {
    "mean": 48165.47640526747,
    "stddev": 2779.1213413242403,
    "max": 64727.535093431805,
    "percentiles": {
      "p10": 46393.00405523268,
      "p25": 47069.78542299938,
      "p50": 47800.473224682646,
      "p75": 49129.69386516005,
      "p90": 50885.09514461083,
      "p95": 52470.439729374186,
      "p99": 55241.1122229291
    }
  },
  "details": {
    "DNSDialup": {
      "average": 0.00061972686,
      "fastest": 0.000110684,
      "slowest": 0.001060328
    },
    "DNSLookup": {
      "average": 0.000006285919999999998,
      "fastest": 0.000003336,
      "slowest": 0.000033843
    }
  },
  "statusCodeDistribution": {
    "200": 481688
  },
  "errorDistribution": {}
}