{
  "summary": {
    "successRate": 1,
    "total": 10.000423807,
    "slowest": 0.005501877,
    "fastest": 0.000232136,
    "average": 0.0009314737988343325,
    "requestsPerSec": 53579.92924509264,
    "totalData": 6965686,
    "sizePerRequest": 13,
    "sizePerSec": 696539.0801862043
  },
  "responseTimeHistogram": {
    "0.000232136": 1,
    "0.0007591100999999999": 100073,
    "0.0012860842": 430736,
    "0.0018130582999999999": 4573,
    "0.0023400324": 318,
    "0.0028670065": 30,
    "0.0033939805999999998": 45,
    "0.0039209547": 8,
    "0.0044479288": 4,
    "0.0049749029": 25,
    "0.005501877": 9
  },
  "latencyPercentiles": {
    "p10": 0.000610939,
    "p25": 0.000863187,
    "p50": 0.000971508,
    "p75": 0.001052017,
    "p90": 0.001108193,
    "p95": 0.001152916,
    "p99": 0.001279276
  },
  "rps": {
    "mean": 53577.167549814716,
    "stddev": 8190.337084876324,
    "max": 83069.79524196191,
    "percentiles": {
      "p10": 48179.311884280774,
      "p25": 49340.52519220466,
      "p50": 50408.17620618217,
      "p75": 54347.842405668765,
      "p90": 66699.05758570554,
      "p95": 73478.29111919293,
      "p99": 79125.47048894943
    }
  },
  "details": {
    "DNSDialup": {
      "average": 0.00103879906,
      "fastest": 0.000140094,
      "slowest": 0.001693785
    },
    "DNSLookup": {
      "average": 0.0000166987,
      "fastest": 0.000004779,
      "slowest": 0.000150032
    }
  },
  "statusCodeDistribution": {
    "200": 535822
  },
  "errorDistribution": {}
}