{
  "summary": {
    "successRate": 1,
    "total": 10.000813306,
    "slowest": 0.00531007,
    "fastest": 0.000174859,
    "average": 0.0009527267534614147,
    "requestsPerSec": 52394.83869633193,
    "totalData": 6811883,
    "sizePerRequest": 13,
    "sizePerSec": 681132.903052315
  },
  "responseTimeHistogram": {
    "0.000174859": 1,
    "0.0006883801": 87081,
    "0.0012019012": 416581,
    "0.0017154223000000002": 19639,
    "0.0022289434": 495,
    "0.0027424644999999997": 66,
    "0.0032559856": 41,
    "0.0037695067": 28,
    "0.0042830278": 18,
    "0.0047965489": 23,
    "0.00531007": 18
  },
  "latencyPercentiles": {
    "p10": 0.000628051,
    "p25": 0.000838929,
    "p50": 0.001000046,
    "p75": 0.001096647,
    "p90": 0.001150499,
    "p95": 0.001187425,
    "p99": 0.001313756
  },
  "rps": {
    "mean": 52407.289306701416,
    "stddev": 7364.945289733932,
    "max": 80824.2149347969,
    "percentiles": {
      "p10": 46748.17399329272,
      "p25": 47616.46101057256,
      "p50": 49513.150692826945,
      "p75": 55645.77523738906,
      "p90": 63915.71048164332,
      "p95": 68738.07401919458,
      "p99": 74401.84395594291
    }
  },
  "details": {
    "DNSDialup": {
      "average": 0.00064192312,
      "fastest": 0.000081639,
      "slowest": 0.001151338
    },
    "DNSLookup": {
      "average": 0.000014152939999999999,
      "fastest": 0.000002625,
      "slowest": 0.000425727
    }
  },
  "statusCodeDistribution": {
    "200": 523991
  },
  "errorDistribution": {}
}