{
  "summary": {
    "successRate": 0.8150213939198516,
    "total": 10.00014184,
    "slowest": 0.012062533,
    "fastest": 0.000134105,
    "average": 0.0009044108177714453,
    "requestsPerSec": 55201.81701742743,
    "totalData": 5848869,
    "sizePerRequest": 13,
    "sizePerSec": 584878.6040818797
  },
  "responseTimeHistogram": {
    "0.000134105": 1,
    "0.0013269478": 423575,
    "0.0025197906": 23694,
    "0.0037126334": 2277,
    "0.0049054762": 239,
    "0.006098319": 118,
    "0.0072911618": 4,
    "0.008484004600000001": 0,
    "0.0096768474": 2,
    "0.0108696902": 1,
    "0.012062533": 2
  },
  "latencyPercentiles": {
    "p10": 0.000714226,
    "p25": 0.000771627,
    "p50": 0.00083423,
    "p75": 0.000888732,
    "p90": 0.001033037,
    "p95": 0.001610658,
    "p99": 0.002303683
  },
  "rps": {
    "mean": 54868.661940156475,
    "stddev": 11762.283389383405,
    "max": 67610.41876553054,
    "percentiles": {
      "p10": 32968.032832553654,
      "p25": 56418.25694794684,
      "p50": 59136.9073438714,
      "p75": 60926.454266441026,
      "p90": 62629.69273732621,
      "p95": 63981.51885316603,
      "p99": 66508.6884987483
    }
  },
  "details": {
    "DNSDialup": {
      "average": 0.0018818965999999999,
      "fastest": 0.000071702,
      "slowest": 0.002134377
    },
    "DNSLookup": {
      "average": 0.000004578259999999999,
      "fastest": 0.000004,
      "slowest": 0.000012901
    }
  },
  "statusCodeDistribution": {
    "200": 449913
  },
  "errorDistribution": {
    "Connection refused (os error 111)": 102113
  }
}