{
  "summary": {
    "successRate": 0.8176033855104482,
    "total": 10.00072284,
    "slowest": 0.014143505,
    "fastest": 0.000227936,
    "average": 0.0009081367200299536,
    "requestsPerSec": 53589.22635636206,
    "totalData": 5696327,
    "sizePerRequest": 13,
    "sizePerSec": 569591.5276460156
  },
  "responseTimeHistogram": {
    "0.000227936": 1,
    "0.0016194929": 437233,
    "0.0030110498000000003": 802,
    "0.0044026067": 38,
    "0.0057941636": 14,
    "0.0071857205": 40,
    "0.0085772774": 1,
    "0.0099688343": 0,
    "0.0113603912": 0,
    "0.0127519481": 0,
    "0.014143505": 50
  },
  "latencyPercentiles": {
    "p10": 0.000629094,
    "p25": 0.000718781,
    "p50": 0.00093647,
    "p75": 0.001066796,
    "p90": 0.001140273,
    "p95": 0.001194018,
    "p99": 0.001343097
  },
  "rps": {
    "mean": 54921.2100982934,
    "stddev": 8626.81827765827,
    "max": 78544.62724154467,
    "percentiles": {
      "p10": 46510.81726092599,
      "p25": 48275.14025580917,
      "p50": 53471.52258041886,
      "p75": 61143.91355871676,
      "p90": 66825.24243020646,
      "p95": 69622.50895715461,
      "p99": 73021.4098773785
    }
  },
  "details": {
    "DNSDialup": {
      "average": 0.0007430978799999997,
      "fastest": 0.000150663,
      "slowest": 0.001332855
    },
    "DNSLookup": {
      "average": 0.000009469339999999999,
      "fastest": 0.000004629,
      "slowest": 0.000034835
    }
  },
  "statusCodeDistribution": {
    "200": 438179
  },
  "errorDistribution": {
    "Connection refused (os error 111)": 97752
  }
}