{
  "summary": {
    "successRate": 0.9883862262762327,
    "total": 10.000563458,
    "slowest": 0.012774435,
    "fastest": 0.000277478,
    "average": 0.0009280510380919102,
    "requestsPerSec": 53803.76838362741,
    "totalData": 6913647,
    "sizePerRequest": 13,
    "sizePerSec": 691325.7466977417
  },
  "responseTimeHistogram": {
    "0.000277478": 1,
    "0.0015271737000000002": 530885,
    "0.0027768694": 724,
    "0.004026565100000001": 108,
    "0.005276260800000001": 6,
    "0.006525956500000001": 45,
    "0.007775652200000001": 0,
    "0.0090253479": 0,
    "0.0102750436": 0,
    "0.011524739300000001": 0,
    "0.012774435": 50
  },
  "latencyPercentiles": {
    "p10": 0.00064225,
    "p25": 0.000772355,
    "p50": 0.000961698,
    "p75": 0.001070752,
    "p90": 0.001135158,
    "p95": 0.001184264,
    "p99": 0.001312945
  },
  "rps": {
    "mean": 53765.953391304516,
    "stddev": 7257.561651912535,
    "max": 73326.72025687271,
    "percentiles": {
      "p10": 46813.01401789684,
      "p25": 48494.263148708604,
      "p50": 52394.292488045925,
      "p75": 58617.03997352056,
      "p90": 64019.413736694216,
      "p95": 66972.80322688534,
      "p99": 71078.02234512084
    }
  },
  "details": {
    "DNSDialup": {
      "average": 0.0008550339199999996,
      "fastest": 0.000081131,
      "slowest": 0.001874197
    },
    "DNSLookup": {
      "average": 0.00001134728,
      "fastest": 0.000004418,
      "slowest": 0.000037219
    }
  },
  "statusCodeDistribution": {
    "200": 531819
  },
  "errorDistribution": {
    "Connection refused (os error 111)": 6249
  }
}