{
  "summary": {
    "successRate": 1,
    "total": 10.000346258,
    "slowest": 0.005544474,
    "fastest": 0.000259153,
    "average": 0.0010249857682252722,
    "requestsPerSec": 48693.013965437036,
    "totalData": 6330311,
    "sizePerRequest": 13,
    "sizePerSec": 633009.1815506815
  },
  "responseTimeHistogram": {
    "0.000259153": 1,
    "0.0007876851": 30455,
    "0.0013162172": 451257,
    "0.0018447493": 4864,
    "0.0023732814": 216,
    "0.0029018135": 86,
    "0.0034303455999999998": 18,
    "0.0039588777": 0,
    "0.0044874098": 7,
    "0.005015941899999999": 24,
    "0.005544474": 19
  },
  "latencyPercentiles": {
    "p10": 0.000870174,
    "p25": 0.000956801,
    "p50": 0.001042165,
    "p75": 0.001108833,
    "p90": 0.00116267,
    "p95": 0.001209021,
    "p99": 0.001322546
  },
  "rps": {
    "mean": 48690.44837742567,
    "stddev": 3719.57919671789,
    "max": 72390.43782641472,
    "percentiles": {
      "p10": 46114.106305123685,
      "p25": 47028.2451640455,
      "p50": 47913.031632924874,
      "p75": 49623.632317561096,
      "p90": 52703.7735901841,
      "p95": 55236.87867566579,
      "p99": 61427.11112104248
    }
  },
  "details": {
    "DNSDialup": {
      "average": 0.0007259758,
      "fastest": 0.000103503,
      "slowest": 0.001229975
    },
    "DNSLookup": {
      "average": 0.000019487659999999994,
      "fastest": 0.000004138,
      "slowest": 0.000604437
    }
  },
  "statusCodeDistribution": {
    "200": 486947
  },
  "errorDistribution": {}
}