{
  "summary": {
    "successRate": 0.9001881445980283,
    "total": 10.000648728,
    "slowest": 0.014884568,
    "fastest": 0.00021938,
    "average": 0.0008639801507173196,
    "requestsPerSec": 56708.02119188282,
    "totalData": 6636656,
    "sizePerRequest": 13,
    "sizePerSec": 663622.5489471067
  },
  "responseTimeHistogram": {
    "0.00021938": 1,
    "0.0016858988": 510085,
    "0.0031524176": 325,
    "0.0046189364": 1,
    "0.0060854552": 50,
    "0.007551974": 0,
    "0.0090184928": 0,
    "0.0104850116": 0,
    "0.0119515304": 0,
    "0.0134180492": 0,
    "0.014884568": 50
  },
  "latencyPercentiles": {
    "p10": 0.00061048,
    "p25": 0.000680725,
    "p50": 0.0008705,
    "p75": 0.001029103,
    "p90": 0.001109072,
    "p95": 0.001157574,
    "p99": 0.001284752
  },
  "rps": {
    "mean": 57766.67973900713,
    "stddev": 9529.091102901972,
    "max": 79238.51784352429,
    "percentiles": {
      "p10": 47619.76220131288,
      "p25": 49043.16288765794,
      "p50": 57090.934922757166,
      "p75": 66011.1888965188,
      "p90": 69914.01776056112,
      "p95": 71923.52640647936,
      "p99": 75321.54196100534
    }
  },
  "details": {
    "DNSDialup": {
      "average": 0.0008051015399999998,
      "fastest": 0.000068939,
      "slowest": 0.001308833
    },
    "DNSLookup": {
      "average": 0.000008060180000000001,
      "fastest": 0.000005079,
      "slowest": 0.000031799
    }
  },
  "statusCodeDistribution": {
    "200": 510512
  },
  "errorDistribution": {
    "Connection refused (os error 111)": 56605
  }
}