{
  "summary": {
    "successRate": 1,
    "total": 10.000162045,
    "slowest": 0.006209401,
    "fastest": 0.000345123,
    "average": 0.0010381812846912968,
    "requestsPerSec": 48079.02090350577,
    "totalData": 6250374,
    "sizePerRequest": 13,
    "sizePerSec": 625027.271745575
  },
  "responseTimeHistogram": {
    "0.000345123": 1,
    "0.0009315508": 58367,
    "0.0015179786": 421464,
    "0.0021044064": 648,
    "0.0026908342": 209,
    "0.003277262": 59,
    "0.0038636898000000003": 3,
    "0.0044501176": 1,
    "0.0050365454": 13,
    "0.0056229732": 28,
    "0.006209401": 5
  },
  "latencyPercentiles": {
    "p10": 0.000895273,
    "p25": 0.000998551,
    "p50": 0.001051274,
    "p75": 0.001101832,
    "p90": 0.001163311,
    "p95": 0.001221172,
    "p99": 0.001343469
  },
  "rps": {
    "mean": 48075.55496450432,
    "stddev": 3587.694553591027,
    "max": 65560.87327083276,
    "percentiles": {
      "p10": 45266.562844643384,
      "p25": 46300.17417301883,
      "p50": 47312.390583832705,
      "p75": 49395.77697293364,
      "p90": 52333.76381209005,
      "p95": 54522.212349309964,
      "p99": 58715.57724264449
    }
  },
  "details": {
    "DNSDialup": {
      "average": 0.0012364874,
      "fastest": 0.000535474,
      "slowest": 0.002533637
    },
    "DNSLookup": {
      "average": 0.000007498499999999999,
      "fastest": 0.000004087,
      "slowest": 0.00002659
    }
  },
  "statusCodeDistribution": {
    "200": 480798
  },
  "errorDistribution": {}
}