{
  "summary": {
    "successRate": 1,
    "total": 10.000787366,
    "slowest": 0.005729121,
    "fastest": 0.000212101,
    "average": 0.0008241440841220423,
    "requestsPerSec": 60569.130992560684,
    "totalData": 7874607,
    "sizePerRequest": 13,
    "sizePerSec": 787398.7029032889
  },
  "responseTimeHistogram": {
    "0.000212101": 1,
    "0.0007638030000000001": 330948,
    "0.001315505": 239819,
    "0.001867207": 31859,
    "0.0024189090000000003": 2255,
    "0.0029706110000000006": 588,
    "0.0035223130000000004": 88,
    "0.004074015": 59,
    "0.0046257170000000005": 46,
    "0.005177419000000001": 29,
    "0.005729121000000001": 47
  },
  "latencyPercentiles": {
    "p10": 0.000722403,
    "p25": 0.000740703,
    "p50": 0.000760303,
    "p75": 0.000783303,
    "p90": 0.000906703,
    "p95": 0.001582406,
    "p99": 0.001759407
  },
  "rps": {
    "mean": 60564.5061578733,
    "stddev": 10948.37907813584,
    "max": 68050.86270026062,
    "percentiles": {
      "p10": 39707.40543111283,
      "p25": 63719.51728814299,
      "p50": 65145.03891463547,
      "p75": 65642.2138563226,
      "p90": 66099.19801984273,
      "p95": 66491.26211547464,
      "p99": 66960.0162625774
    }
  },
  "details": {
    "DNSDialup": {
      "average": 0.0012357984599999997,
      "fastest": 0.0000662,
      "slowest": 0.002120508
    },
    "DNSLookup": {
      "average": 0.00001045402,
      "fastest": 0.0000031,
      "slowest": 0.0001089
    }
  },
  "statusCodeDistribution": {
    "200": 605739
  },
  "errorDistribution": {}
}