{
  "summary": {
    "successRate": 1,
    "total": 10.000375591,
    "slowest": 0.004658405,
    "fastest": 0.000227547,
    "average": 0.0010054149240168173,
    "requestsPerSec": 49643.33544099984,
    "totalData": 6453876,
    "sizePerRequest": 13,
    "sizePerSec": 645363.360732998
  },
  "responseTimeHistogram": {
    "0.000227547": 1,
    "0.0006706328000000001": 12168,
    "0.0011137186": 418915,
    "0.0015568044": 64595,
    "0.0019998902": 490,
    "0.002442976": 117,
    "0.0028860618": 100,
    "0.0033291476": 22,
    "0.0037722334": 1,
    "0.0042153191999999996": 21,
    "0.004658405": 22
  },
  "latencyPercentiles": {
    "p10": 0.000875172,
    "p25": 0.000938183,
    "p50": 0.001017623,
    "p75": 0.001077955,
    "p90": 0.001129488,
    "p95": 0.001173613,
    "p99": 0.001284994
  },
  "rps": {
    "mean": 49642.6872726791,
    "stddev": 3134.5831325333866,
    "max": 69000.53377771133,
    "percentiles": {
      "p10": 47568.955415846016,
      "p25": 48502.76465758479,
      "p50": 49300.98601971983,
      "p75": 50169.16478213344,
      "p90": 52310.39944824606,
      "p95": 55000.73618686219,
      "p99": 60100.18771525658
    }
  },
  "details": {
    "DNSDialup": {
      "average": 0.0007507686800000001,
      "fastest": 0.000073125,
      "slowest": 0.001677398
    },
    "DNSLookup": {
      "average": 0.00000659148,
      "fastest": 0.000003687,
      "slowest": 0.000031269
    }
  },
  "statusCodeDistribution": {
    "200": 496452
  },
  "errorDistribution": {}
}