{
  "summary": {
    "successRate": 1,
    "total": 10.001019619,
    "slowest": 0.019356719,
    "fastest": 0.000212018,
    "average": 0.0015208655970087956,
    "requestsPerSec": 32819.45366614724,
    "totalData": 4266964,
    "sizePerRequest": 13,
    "sizePerSec": 426652.8976599141
  },
  "responseTimeHistogram": {
    "0.000212018": 1,
    "0.0021264880999999998": 312973,
    "0.0040409582": 9463,
    "0.005955428299999999": 4659,
    "0.0078698984": 214,
    "0.0097843685": 157,
    "0.011698838599999999": 61,
    "0.0136133087": 640,
    "0.0155277788": 10,
    "0.017442248900000002": 0,
    "0.019356719": 50
  },
  "latencyPercentiles": {
    "p10": 0.001176598,
    "p25": 0.001310609,
    "p50": 0.001449121,
    "p75": 0.001500726,
    "p90": 0.001560031,
    "p95": 0.001952764,
    "p99": 0.004432371
  },
  "rps": {
    "mean": 32944.55223530136,
    "stddev": 6631.436093180624,
    "max": 41120.230921947696,
    "percentiles": {
      "p10": 24704.11076403169,
      "p25": 34157.824226604105,
      "p50": 35558.25703757138,
      "p75": 36218.37358091705,
      "p90": 36708.3107615569,
      "p95": 36969.37302848907,
      "p99": 37339.544245932324
    }
  },
  "details": {
    "DNSDialup": {
      "average": 0.0021510358599999995,
      "fastest": 0.000289024,
      "slowest": 0.002229587
    },
    "DNSLookup": {
      "average": 0.000006058420000000001,
      "fastest": 0.0000047,
      "slowest": 0.000049104
    }
  },
  "statusCodeDistribution": {
    "200": 328228
  },
  "errorDistribution": {}
}