{
  "summary": {
    "successRate": 1,
    "total": 10.000614112,
    "slowest": 0.010016647,
    "fastest": 0.000103807,
    "average": 0.0010414585218723907,
    "requestsPerSec": 47927.356723510784,
    "totalData": 6230939,
    "sizePerRequest": 13,
    "sizePerSec": 623055.6374056402
  },
  "responseTimeHistogram": {
    "0.000103807": 1,
    "0.001095091": 418598,
    "0.002086375": 44618,
    "0.003077659": 15275,
    "0.004068943": 433,
    "0.0050602270000000005": 225,
    "0.006051511": 76,
    "0.007042795": 32,
    "0.008034079": 40,
    "0.009025363": 3,
    "0.010016647": 2
  },
  "latencyPercentiles": {
    "p10": 0.000891166,
    "p25": 0.000935669,
    "p50": 0.000978472,
    "p75": 0.001019376,
    "p90": 0.001164586,
    "p95": 0.001486611,
    "p99": 0.002335074
  },
  "rps": {
    "mean": 47902.87706370045,
    "stddev": 8043.002820415163,
    "max": 56758.10537834308,
    "percentiles": {
      "p10": 35323.85773351141,
      "p25": 48918.36884750244,
      "p50": 50352.13964059732,
      "p75": 51778.870641501046,
      "p90": 53109.32068577909,
      "p95": 53730.384532448545,
      "p99": 55917.642016056816
    }
  },
  "details": {
    "DNSDialup": {
      "average": 0.00163723342,
      "fastest": 0.000096107,
      "slowest": 0.002669301
    },
    "DNSLookup": {
      "average": 0.000013398940000000003,
      "fastest": 0.0000039,
      "slowest": 0.000277121
    }
  },
  "statusCodeDistribution": {
    "200": 479303
  },
  "errorDistribution": {}
}