{
  "summary": {
    "successRate": 1,
    "total": 10.000370372,
    "slowest": 0.005389798,
    "fastest": 0.000312015,
    "average": 0.0010236078124360789,
    "requestsPerSec": 48762.89395894386,
    "totalData": 6339411,
    "sizePerRequest": 13,
    "sizePerSec": 633917.6214662702
  },
  "responseTimeHistogram": {
    "0.000312015": 1,
    "0.0008197933000000001": 28099,
    "0.0013275716000000003": 455872,
    "0.0018353499000000003": 3326,
    "0.0023431282000000004": 202,
    "0.0028509065000000004": 81,
    "0.0033586848000000005": 19,
    "0.0038664631000000006": 8,
    "0.0043742414": 12,
    "0.0048820197": 22,
    "0.005389798": 5
  },
  "latencyPercentiles": {
    "p10": 0.000885299,
    "p25": 0.000956503,
    "p50": 0.001038715,
    "p75": 0.001102175,
    "p90": 0.001150233,
    "p95": 0.001188967,
    "p99": 0.001296748
  },
  "rps": {
    "mean": 48761.59646275868,
    "stddev": 3107.1562340338965,
    "max": 62771.86751111793,
    "percentiles": {
      "p10": 46562.04990227653,
      "p25": 47452.241882171824,
      "p50": 48241.89576521561,
      "p75": 49630.77212146436,
      "p90": 52443.71708255909,
      "p95": 54311.47834733646,
      "p99": 58119.08049412403
    }
  },
  "details": {
    "DNSDialup": {
      "average": 0.00111476164,
      "fastest": 0.000087794,
      "slowest": 0.002617264
    },
    "DNSLookup": {
      "average": 0.000024772259999999997,
      "fastest": 0.000003507,
      "slowest": 0.000905426
    }
  },
  "statusCodeDistribution": {
    "200": 487647
  },
  "errorDistribution": {}
}