{
  "summary": {
    "successRate": 1,
    "total": 10.000730956,
    "slowest": 0.017754187,
    "fastest": 0.000153002,
    "average": 0.0015233324344211643,
    "requestsPerSec": 32582.818339343794,
    "totalData": 4236076,
    "sizePerRequest": 13,
    "sizePerSec": 423576.63841146935
  },
  "responseTimeHistogram": {
    "0.000153002": 1,
    "0.0019131205": 287874,
    "0.0036732390000000005": 27337,
    "0.0054333575": 7578,
    "0.007193476000000001": 1724,
    "0.0089535945": 495,
    "0.010713713": 291,
    "0.012473831500000001": 371,
    "0.01423395": 85,
    "0.0159940685": 69,
    "0.017754187": 27
  },
  "latencyPercentiles": {
    "p10": 0.001062311,
    "p25": 0.001178012,
    "p50": 0.001255913,
    "p75": 0.001468115,
    "p90": 0.002233123,
    "p95": 0.003066132,
    "p99": 0.005341055
  },
  "rps": {
    "mean": 32593.757450712517,
    "stddev": 10274.41010334258,
    "max": 45381.798276398695,
    "percentiles": {
      "p10": 16399.376944406828,
      "p25": 27830.596958295733,
      "p50": 37062.61729191472,
      "p75": 40559.19614677756,
      "p90": 42039.97208706356,
      "p95": 42532.29902788244,
      "p99": 43526.640761293645
    }
  },
  "details": {
    "DNSDialup": {
      "average": 0.0019404004399999997,
      "fastest": 0.000094901,
      "slowest": 0.003261035
    },
    "DNSLookup": {
      "average": 0.0000119601,
      "fastest": 0.0000058,
      "slowest": 0.0000429
    }
  },
  "statusCodeDistribution": {
    "200": 325852
  },
  "errorDistribution": {}
}