{
  "summary": {
    "successRate": 1,
    "total": 10.000721026,
    "slowest": 0.010997544,
    "fastest": 0.000053803,
    "average": 0.0006055774675971766,
    "requestsPerSec": 82406.65826568173,
    "totalData": 10713638,
    "sizePerRequest": 13,
    "sizePerSec": 1071286.5574538624
  },
  "responseTimeHistogram": {
    "0.000053803": 1,
    "0.0011481771": 822915,
    "0.0022425512": 1035,
    "0.0033369253": 68,
    "0.0044312994": 57,
    "0.0055256735": 0,
    "0.0066200476": 0,
    "0.0077144217": 0,
    "0.0088087958": 0,
    "0.0099031699": 0,
    "0.010997544": 50
  },
  "latencyPercentiles": {
    "p10": 0.000435862,
    "p25": 0.00051323,
    "p50": 0.000623318,
    "p75": 0.000689498,
    "p90": 0.000735774,
    "p95": 0.000770555,
    "p99": 0.000870072
  },
  "rps": {
    "mean": 82414.29249628619,
    "stddev": 9157.837061134644,
    "max": 112404.28025838804,
    "percentiles": {
      "p10": 73945.34328450522,
      "p25": 76593.22988409808,
      "p50": 81010.24301563403,
      "p75": 87005.1246018399,
      "p90": 94385.86830681779,
      "p95": 99509.89371099342,
      "p99": 105814.39075715175
    }
  },
  "details": {
    "DNSDialup": {
      "average": 0.0005440462600000001,
      "fastest": 0.00006844,
      "slowest": 0.00077758
    },
    "DNSLookup": {
      "average": 0.00000567848,
      "fastest": 0.000003379,
      "slowest": 0.000035684
    }
  },
  "statusCodeDistribution": {
    "200": 824126
  },
  "errorDistribution": {}
}