{
  "summary": {
    "successRate": 1,
    "total": 10.000387699,
    "slowest": 0.007706275,
    "fastest": 0.000203663,
    "average": 0.001030753302481997,
    "requestsPerSec": 48423.822613239674,
    "totalData": 6295341,
    "sizePerRequest": 13,
    "sizePerSec": 629509.6939721158
  },
  "responseTimeHistogram": {
    "0.000203663": 1,
    "0.0009539242": 114316,
    "0.0017041854000000001": 369326,
    "0.0024544466000000005": 499,
    "0.0032047078000000005": 61,
    "0.003954969": 0,
    "0.0047052302": 1,
    "0.0054554914": 14,
    "0.0062057526": 37,
    "0.006956013800000001": 1,
    "0.007706275": 1
  },
  "latencyPercentiles": {
    "p10": 0.000892115,
    "p25": 0.000958569,
    "p50": 0.001042695,
    "p75": 0.001105735,
    "p90": 0.001164073,
    "p95": 0.001217132,
    "p99": 0.001338619
  },
  "rps": {
    "mean": 48422.4989374431,
    "stddev": 3436.5913122462002,
    "max": 75196.28441888507,
    "percentiles": {
      "p10": 46131.38779625691,
      "p25": 47290.96090011439,
      "p50": 48024.007201199594,
      "p75": 48979.20357183797,
      "p90": 51190.79711684876,
      "p95": 54826.87613468559,
      "p99": 59469.52978856762
    }
  },
  "details": {
    "DNSDialup": {
      "average": 0.00073347962,
      "fastest": 0.000122066,
      "slowest": 0.001269261
    },
    "DNSLookup": {
      "average": 0.00001063374,
      "fastest": 0.000004418,
      "slowest": 0.000034665
    }
  },
  "statusCodeDistribution": {
    "200": 484257
  },
  "errorDistribution": {}
}