{
  "summary": {
    "successRate": 1,
    "total": 10.000480353,
    "slowest": 0.01210253,
    "fastest": 0.000114201,
    "average": 0.0008421495083047316,
    "requestsPerSec": 58927.36940613236,
    "totalData": 7660926,
    "sizePerRequest": 13,
    "sizePerSec": 766055.8022797208
  },
  "responseTimeHistogram": {
    "0.000114201": 1,
    "0.0013130339": 559129,
    "0.0025118668": 23574,
    "0.0037106997": 6322,
    "0.0049095326000000005": 239,
    "0.006108365500000001": 18,
    "0.0073071984": 12,
    "0.0085060313": 3,
    "0.0097048642": 2,
    "0.0109036971": 1,
    "0.01210253": 1
  },
  "latencyPercentiles": {
    "p10": 0.000683207,
    "p25": 0.000733208,
    "p50": 0.000767808,
    "p75": 0.000816209,
    "p90": 0.00095121,
    "p95": 0.001359615,
    "p99": 0.002618029
  },
  "rps": {
    "mean": 58911.426307576585,
    "stddev": 12473.72228366232,
    "max": 68129.92947801958,
    "percentiles": {
      "p10": 37200.11055470694,
      "p25": 61472.078790157255,
      "p50": 63920.96462316887,
      "p75": 64996.148802926,
      "p90": 65740.04883775637,
      "p95": 66221.8002166367,
      "p99": 66907.98212226943
    }
  },
  "details": {
    "DNSDialup": {
      "average": 0.0014969401200000002,
      "fastest": 0.000079701,
      "slowest": 0.002363525
    },
    "DNSLookup": {
      "average": 0.000010190099999999994,
      "fastest": 0.0000033,
      "slowest": 0.000182602
    }
  },
  "statusCodeDistribution": {
    "200": 589302
  },
  "errorDistribution": {}
}