{
  "summary": {
    "successRate": 0.6219013570848871,
    "total": 10.000615488,
    "slowest": 0.015592821,
    "fastest": 0.000169888,
    "average": 0.0009385621486376046,
    "requestsPerSec": 58401.00548819341,
    "totalData": 4721847,
    "sizePerRequest": 13,
    "sizePerSec": 472155.63938698254
  },
  "responseTimeHistogram": {
    "0.000169888": 1,
    "0.0017121813": 362385,
    "0.0032544746": 683,
    "0.0047967679": 1,
    "0.0063390612": 99,
    "0.0078813545": 0,
    "0.0094236478": 0,
    "0.0109659411": 0,
    "0.0125082344": 0,
    "0.0140505277": 0,
    "0.015592821": 50
  },
  "latencyPercentiles": {
    "p10": 0.000632743,
    "p25": 0.000781638,
    "p50": 0.000978225,
    "p75": 0.001077652,
    "p90": 0.001133564,
    "p95": 0.001175083,
    "p99": 0.001323956
  },
  "rps": {
    "mean": 53162.90007359178,
    "stddev": 8177.773036893155,
    "max": 78508.63068740357,
    "percentiles": {
      "p10": 46827.43150937801,
      "p25": 48064.890417581344,
      "p50": 50210.05205241974,
      "p75": 57600.927374931955,
      "p90": 64940.960849622,
      "p95": 68727.18847575961,
      "p99": 77242.83887844124
    }
  },
  "details": {
    "DNSDialup": {
      "average": 0.0008204012799999999,
      "fastest": 0.000057798,
      "slowest": 0.001252395
    },
    "DNSLookup": {
      "average": 0.000008401659999999997,
      "fastest": 0.000003416,
      "slowest": 0.000034564
    }
  },
  "statusCodeDistribution": {
    "200": 363219
  },
  "errorDistribution": {
    "Connection refused (os error 111)": 220827
  }
}