{
  "summary": {
    "successRate": 0.6390999156927863,
    "total": 10.002748994,
    "slowest": 0.014719756,
    "fastest": 0.000123416,
    "average": 0.0013986030769155306,
    "requestsPerSec": 42926.39955851721,
    "totalData": 3567434,
    "sizePerRequest": 13,
    "sizePerSec": 356645.3584049617
  },
  "responseTimeHistogram": {
    "0.000123416": 1,
    "0.00158305": 236513,
    "0.003042684": 36963,
    "0.004502318000000001": 829,
    "0.005961952": 31,
    "0.007421586": 30,
    "0.00888122": 0,
    "0.010340854": 1,
    "0.011800488": 0,
    "0.013260122": 0,
    "0.014719755999999999": 50
  },
  "latencyPercentiles": {
    "p10": 0.001143351,
    "p25": 0.001248336,
    "p50": 0.001370895,
    "p75": 0.001489726,
    "p90": 0.001638554,
    "p95": 0.001839964,
    "p99": 0.002537079
  },
  "rps": {
    "mean": 35542.59243953257,
    "stddev": 4112.6405809279595,
    "max": 46756.80484220283,
    "percentiles": {
      "p10": 31756.600477090822,
      "p25": 33682.80669678598,
      "p50": 36746.55053021121,
      "p75": 38004.077837552635,
      "p90": 38611.989644244306,
      "p95": 39312.46461116174,
      "p99": 43670.14298366243
    }
  },
  "details": {
    "DNSDialup": {
      "average": 0.0006478826399999998,
      "fastest": 0.000078586,
      "slowest": 0.000994594
    },
    "DNSLookup": {
      "average": 0.000006849940000000001,
      "fastest": 0.000004138,
      "slowest": 0.000026329
    }
  },
  "statusCodeDistribution": {
    "200": 274418
  },
  "errorDistribution": {
    "Connection refused (os error 111)": 154964
  }
}