{
  "summary": {
    "successRate": 0.7328300715482711,
    "total": 10.000709655,
    "slowest": 0.015154409,
    "fastest": 0.00009748,
    "average": 0.0009131804233738247,
    "requestsPerSec": 57341.830708312875,
    "totalData": 5463224,
    "sizePerRequest": 13,
    "sizePerSec": 546283.632708863
  },
  "responseTimeHistogram": {
    "0.00009748": 1,
    "0.0016031729": 418974,
    "0.0031088658": 1173,
    "0.004614558699999999": 1,
    "0.0061202515999999995": 49,
    "0.0076259445": 0,
    "0.0091316374": 0,
    "0.010637330300000001": 0,
    "0.0121430232": 0,
    "0.0136487161": 0,
    "0.015154409": 50
  },
  "latencyPercentiles": {
    "p10": 0.000624923,
    "p25": 0.0007524,
    "p50": 0.000948564,
    "p75": 0.001052134,
    "p90": 0.001109849,
    "p95": 0.001154737,
    "p99": 0.001322892
  },
  "rps": {
    "mean": 54628.76355743168,
    "stddev": 7944.944760646351,
    "max": 81075.81070535073,
    "percentiles": {
      "p10": 48242.67547072273,
      "p25": 49400.92873745918,
      "p50": 52446.3063220691,
      "p75": 59133.84229794911,
      "p90": 65748.48293131462,
      "p95": 69813.25856092555,
      "p99": 75233.97012368994
    }
  },
  "details": {
    "DNSDialup": {
      "average": 0.00138933996,
      "fastest": 0.000063309,
      "slowest": 0.001950643
    },
    "DNSLookup": {
      "average": 0.000011423080000000001,
      "fastest": 0.000003617,
      "slowest": 0.000144051
    }
  },
  "statusCodeDistribution": {
    "200": 420248
  },
  "errorDistribution": {
    "Connection refused (os error 111)": 153211
  }
}