{
  "summary": {
    "successRate": 0.7193034339484297,
    "total": 10.000661491,
    "slowest": 0.014162296,
    "fastest": 0.000132278,
    "average": 0.0013882102221384072,
    "requestsPerSec": 40912.29368859356,
    "totalData": 3825939,
    "sizePerRequest": 13,
    "sizePerSec": 382568.5934318562
  },
  "responseTimeHistogram": {
    "0.000132278": 1,
    "0.0015352798": 235054,
    "0.0029382816": 58302,
    "0.0043412834": 736,
    "0.005744285199999999": 65,
    "0.007147286999999999": 26,
    "0.0085502888": 69,
    "0.0099532906": 0,
    "0.011356292399999999": 0,
    "0.012759294199999998": 0,
    "0.014162295999999998": 50
  },
  "latencyPercentiles": {
    "p10": 0.001125849,
    "p25": 0.001236454,
    "p50": 0.001368123,
    "p75": 0.001502104,
    "p90": 0.001616067,
    "p95": 0.00175141,
    "p99": 0.00236834
  },
  "rps": {
    "mean": 35867.6359585619,
    "stddev": 4534.369285340325,
    "max": 50032.35931278904,
    "percentiles": {
      "p10": 32307.700565749503,
      "p25": 33477.1648650154,
      "p50": 36445.2415767324,
      "p75": 38662.741897551336,
      "p90": 40569.979157052,
      "p95": 41346.99782191925,
      "p99": 45179.41207396969
    }
  },
  "details": {
    "DNSDialup": {
      "average": 0.0007811123799999997,
      "fastest": 0.000065673,
      "slowest": 0.001281504
    },
    "DNSLookup": {
      "average": 0.000007880500000000002,
      "fastest": 0.000003497,
      "slowest": 0.000057728
    }
  },
  "statusCodeDistribution": {
    "200": 294303
  },
  "errorDistribution": {
    "Connection refused (os error 111)": 114847
  }
}