{
  "summary": {
    "successRate": 1,
    "total": 10.000520519,
    "slowest": 0.005534259,
    "fastest": 0.000272957,
    "average": 0.0010099417429333213,
    "requestsPerSec": 49423.1274323132,
    "totalData": 6425341,
    "sizePerRequest": 13,
    "sizePerSec": 642500.6566200716
  },
  "responseTimeHistogram": {
    "0.000272957": 1,
    "0.0007990871999999999": 34451,
    "0.0013252173999999998": 455345,
    "0.0018513476": 4118,
    "0.0023774777999999996": 200,
    "0.0029036079999999994": 69,
    "0.0034297381999999995": 24,
    "0.0039558684": 2,
    "0.004481998599999999": 24,
    "0.005008128799999999": 19,
    "0.005534258999999999": 4
  },
  "latencyPercentiles": {
    "p10": 0.000855687,
    "p25": 0.000941881,
    "p50": 0.00102597,
    "p75": 0.001092553,
    "p90": 0.001148197,
    "p95": 0.001201937,
    "p99": 0.001317065
  },
  "rps": {
    "mean": 49421.61166678933,
    "stddev": 3669.1927037708733,
    "max": 69163.98781510963,
    "percentiles": {
      "p10": 46874.84971953381,
      "p25": 47737.50521370374,
      "p50": 48635.0825349413,
      "p75": 49935.330726427346,
      "p90": 53952.184800303214,
      "p95": 56297.159571631055,
      "p99": 61881.06399324437
    }
  },
  "details": {
    "DNSDialup": {
      "average": 0.00105802502,
      "fastest": 0.000414454,
      "slowest": 0.001458129
    },
    "DNSLookup": {
      "average": 0.000009595480000000002,
      "fastest": 0.000004738,
      "slowest": 0.000034925
    }
  },
  "statusCodeDistribution": {
    "200": 494257
  },
  "errorDistribution": {}
}