{
  "summary": {
    "successRate": 1,
    "total": 10.000377754,
    "slowest": 0.006427066,
    "fastest": 0.000268298,
    "average": 0.0010285014885592133,
    "requestsPerSec": 48530.66673465183,
    "totalData": 6309225,
    "sizePerRequest": 13,
    "sizePerSec": 630898.6675504738
  },
  "responseTimeHistogram": {
    "0.000268298": 1,
    "0.0008841748": 46842,
    "0.0015000516": 437457,
    "0.0021159284": 793,
    "0.0027318052000000004": 151,
    "0.0033476820000000003": 16,
    "0.0039635588": 18,
    "0.004579435600000001": 9,
    "0.005195312400000001": 21,
    "0.0058111892000000005": 16,
    "0.006427066": 1
  },
  "latencyPercentiles": {
    "p10": 0.000890084,
    "p25": 0.000985239,
    "p50": 0.001043067,
    "p75": 0.001095891,
    "p90": 0.001143105,
    "p95": 0.001181845,
    "p99": 0.001305773
  },
  "rps": {
    "mean": 48532.147600674674,
    "stddev": 3277.421619474521,
    "max": 63006.78001187824,
    "percentiles": {
      "p10": 45893.03895787857,
      "p25": 46757.27231777763,
      "p50": 48120.131909311225,
      "p75": 50175.992292967516,
      "p90": 52422.116891112964,
      "p95": 53858.05359597293,
      "p99": 56616.56217821333
    }
  },
  "details": {
    "DNSDialup": {
      "average": 0.00117316954,
      "fastest": 0.000092422,
      "slowest": 0.002673666
    },
    "DNSLookup": {
      "average": 0.000015157620000000002,
      "fastest": 0.000003997,
      "slowest": 0.000386037
    }
  },
  "statusCodeDistribution": {
    "200": 485325
  },
  "errorDistribution": {}
}