{
  "summary": {
    "successRate": 0.8403034401225224,
    "total": 10.000696344,
    "slowest": 0.014182103,
    "fastest": 0.00016041,
    "average": 0.0008773101982703628,
    "requestsPerSec": 55822.61282584944,
    "totalData": 6098456,
    "sizePerRequest": 13,
    "sizePerSec": 609803.1367244561
  },
  "responseTimeHistogram": {
    "0.00016041": 1,
    "0.0015625793": 468583,
    "0.0029647486000000003": 421,
    "0.0043669178999999995": 7,
    "0.0057690872": 32,
    "0.007171256500000001": 18,
    "0.0085734258": 0,
    "0.0099755951": 0,
    "0.0113777644": 0,
    "0.012779933700000001": 0,
    "0.014182103000000001": 50
  },
  "latencyPercentiles": {
    "p10": 0.00061443,
    "p25": 0.000688622,
    "p50": 0.000895175,
    "p75": 0.001045002,
    "p90": 0.001122925,
    "p95": 0.001172373,
    "p99": 0.001291607
  },
  "rps": {
    "mean": 56885.260635118604,
    "stddev": 9441.796636989302,
    "max": 78794.95580123522,
    "percentiles": {
      "p10": 47176.97128069357,
      "p25": 48529.490846947854,
      "p50": 55591.25861013446,
      "p75": 65122.6561720842,
      "p90": 70047.52023773064,
      "p95": 71751.57520261034,
      "p99": 74405.03870922104
    }
  },
  "details": {
    "DNSDialup": {
      "average": 0.0007894331599999999,
      "fastest": 0.000141738,
      "slowest": 0.002055004
    },
    "DNSLookup": {
      "average": 0.000007822599999999997,
      "fastest": 0.000004298,
      "slowest": 0.000022662
    }
  },
  "statusCodeDistribution": {
    "200": 469112
  },
  "errorDistribution": {
    "Connection refused (os error 111)": 89153
  }
}