{
  "summary": {
    "successRate": 1,
    "total": 10.000891903,
    "slowest": 0.012545356,
    "fastest": 0.0001497,
    "average": 0.0013833201836355566,
    "requestsPerSec": 35902.69782760995,
    "totalData": 4667767,
    "sizePerRequest": 13,
    "sizePerSec": 466735.07175892935
  },
  "responseTimeHistogram": {
    "0.0001497": 1,
    "0.0013892656000000002": 263364,
    "0.0026288312000000004": 72949,
    "0.0038683968000000008": 20631,
    "0.005107962400000001": 1621,
    "0.006347528000000001": 225,
    "0.0075870936000000016": 146,
    "0.0088266592": 80,
    "0.010066224800000002": 36,
    "0.011305790400000001": 3,
    "0.012545356": 3
  },
  "latencyPercentiles": {
    "p10": 0.001039997,
    "p25": 0.001130096,
    "p50": 0.001217296,
    "p75": 0.001413895,
    "p90": 0.001756895,
    "p95": 0.00283659,
    "p99": 0.003409888
  },
  "rps": {
    "mean": 35897.67808928526,
    "stddev": 8666.417456109288,
    "max": 46493.53694550433,
    "percentiles": {
      "p10": 19923.968534146887,
      "p25": 32623.932917188464,
      "p50": 40131.72168141728,
      "p75": 42198.87618679331,
      "p90": 43545.875579925974,
      "p95": 44211.64976971711,
      "p99": 45495.244293931326
    }
  },
  "details": {
    "DNSDialup": {
      "average": 0.0041136735599999995,
      "fastest": 0.002110194,
      "slowest": 0.006293581
    },
    "DNSLookup": {
      "average": 0.000011533979999999999,
      "fastest": 0.0000065,
      "slowest": 0.0000545
    }
  },
  "statusCodeDistribution": {
    "200": 359059
  },
  "errorDistribution": {}
}