{
  "summary": {
    "successRate": 0.18789151976107013,
    "total": 10.000650718,
    "slowest": 0.015534419,
    "fastest": 0.000190703,
    "average": 0.0009640257761238792,
    "requestsPerSec": 71112.47258340655,
    "totalData": 1737099,
    "sizePerRequest": 13,
    "sizePerSec": 173698.59711962796
  },
  "responseTimeHistogram": {
    "0.000190703": 1,
    "0.0017250746": 133181,
    "0.0032594462": 331,
    "0.004793817800000001": 10,
    "0.006328189400000001": 50,
    "0.007862561": 0,
    "0.009396932600000001": 0,
    "0.0109313042": 0,
    "0.012465675800000001": 0,
    "0.014000047400000002": 0,
    "0.015534419": 50
  },
  "latencyPercentiles": {
    "p10": 0.000649069,
    "p25": 0.000812605,
    "p50": 0.000989471,
    "p75": 0.001093865,
    "p90": 0.001164878,
    "p95": 0.00122745,
    "p99": 0.001541079
  },
  "rps": {
    "mean": 51927.36766411442,
    "stddev": 9227.387491095384,
    "max": 114215.55330438734,
    "percentiles": {
      "p10": 45544.03613470177,
      "p25": 47939.228670823664,
      "p50": 50236.66271645093,
      "p75": 56124.24694200238,
      "p90": 62176.4380783336,
      "p95": 65267.823153672696,
      "p99": 70479.15095379823
    }
  },
  "details": {
    "DNSDialup": {
      "average": 0.0008497249,
      "fastest": 0.000061658,
      "slowest": 0.001536332
    },
    "DNSLookup": {
      "average": 0.000017094499999999997,
      "fastest": 0.000003937,
      "slowest": 0.000526962
    }
  },
  "statusCodeDistribution": {
    "200": 133623
  },
  "errorDistribution": {
    "Connection refused (os error 111)": 577548
  }
}