{
  "summary": {
    "successRate": 0.9005550039875653,
    "total": 10.001013909,
    "slowest": 0.011371681,
    "fastest": 0.000111823,
    "average": 0.0010159217776201381,
    "requestsPerSec": 49147.816858615675,
    "totalData": 5754424,
    "sizePerRequest": 13,
    "sizePerSec": 575384.06129218
  },
  "responseTimeHistogram": {
    "0.000111823": 1,
    "0.0012378088": 394710,
    "0.0023637946": 40532,
    "0.0034897804": 6180,
    "0.0046157661999999995": 639,
    "0.005741751999999999": 328,
    "0.0068677378": 172,
    "0.0079937236": 64,
    "0.0091197094": 15,
    "0.0102456952": 4,
    "0.011371681": 3
  },
  "latencyPercentiles": {
    "p10": 0.000784361,
    "p25": 0.000844873,
    "p50": 0.000904602,
    "p75": 0.001027116,
    "p90": 0.001266243,
    "p95": 0.001766799,
    "p99": 0.002557524
  },
  "rps": {
    "mean": 48999.755798579,
    "stddev": 9842.808345623587,
    "max": 59637.23005954613,
    "percentiles": {
      "p10": 33617.72662725192,
      "p25": 47944.60091636745,
      "p50": 52126.542394317505,
      "p75": 55222.382748249314,
      "p90": 57034.06644789018,
      "p95": 57921.92426285969,
      "p99": 58857.50267715954
    }
  },
  "details": {
    "DNSDialup": {
      "average": 0.003260561479999999,
      "fastest": 0.000069108,
      "slowest": 0.005296197
    },
    "DNSLookup": {
      "average": 0.000004978600000000001,
      "fastest": 0.000004001,
      "slowest": 0.000012202
    }
  },
  "statusCodeDistribution": {
    "200": 442648
  },
  "errorDistribution": {
    "Connection refused (os error 111)": 48880
  }
}