{
  "summary": {
    "successRate": 1,
    "total": 10.000591066,
    "slowest": 0.014096872,
    "fastest": 0.000184291,
    "average": 0.0010098124124469634,
    "requestsPerSec": 49422.578799403935,
    "totalData": 6425315,
    "sizePerRequest": 13,
    "sizePerSec": 642493.5243922512
  },
  "responseTimeHistogram": {
    "0.000184291": 1,
    "0.0015755491000000001": 493523,
    "0.0029668072": 623,
    "0.0043580653": 24,
    "0.0057493234": 33,
    "0.0071405815": 1,
    "0.0085318396": 0,
    "0.0099230977": 0,
    "0.0113143558": 0,
    "0.012705613900000001": 0,
    "0.014096872": 50
  },
  "latencyPercentiles": {
    "p10": 0.000855747,
    "p25": 0.000943471,
    "p50": 0.00102345,
    "p75": 0.001090263,
    "p90": 0.001138153,
    "p95": 0.001182546,
    "p99": 0.001315706
  },
  "rps": {
    "mean": 49425.035223373896,
    "stddev": 3747.970616109589,
    "max": 66173.69113323743,
    "percentiles": {
      "p10": 47172.34889391814,
      "p25": 48010.05810717092,
      "p50": 48830.28454247325,
      "p75": 50600.652748420485,
      "p90": 53161.94894951435,
      "p95": 55500.654907726595,
      "p99": 59662.466602530716
    }
  },
  "details": {
    "DNSDialup": {
      "average": 0.0007373091,
      "fastest": 0.000110235,
      "slowest": 0.001218623
    },
    "DNSLookup": {
      "average": 0.000006729580000000001,
      "fastest": 0.000003567,
      "slowest": 0.000035045
    }
  },
  "statusCodeDistribution": {
    "200": 494255
  },
  "errorDistribution": {}
}