{
  "summary": {
    "successRate": 0.9223745855659984,
    "total": 10.000642425,
    "slowest": 0.014591184,
    "fastest": 0.000175221,
    "average": 0.0009389878220260299,
    "requestsPerSec": 52568.32287951741,
    "totalData": 6303804,
    "sizePerRequest": 13,
    "sizePerSec": 630339.905388628
  },
  "responseTimeHistogram": {
    "0.000175221": 1,
    "0.0016168172999999999": 484096,
    "0.0030584136": 699,
    "0.004500009899999999": 12,
    "0.0059416061999999995": 50,
    "0.0073832025": 0,
    "0.008824798799999999": 0,
    "0.010266395099999999": 0,
    "0.0117079914": 0,
    "0.0131495877": 0,
    "0.014591184": 50
  },
  "latencyPercentiles": {
    "p10": 0.000644703,
    "p25": 0.00080678,
    "p50": 0.000973753,
    "p75": 0.001073506,
    "p90": 0.001133652,
    "p95": 0.001182129,
    "p99": 0.001317727
  },
  "rps": {
    "mean": 53143.01440913463,
    "stddev": 7177.984217917831,
    "max": 76408.3337765346,
    "percentiles": {
      "p10": 47111.891041296185,
      "p25": 48358.43633446637,
      "p50": 51045.56664239325,
      "p75": 57286.99029476175,
      "p90": 63544.53840706182,
      "p95": 65919.15610676436,
      "p99": 70521.02462119296
    }
  },
  "details": {
    "DNSDialup": {
      "average": 0.00078609482,
      "fastest": 0.000078417,
      "slowest": 0.001710569
    },
    "DNSLookup": {
      "average": 0.00000834394,
      "fastest": 0.000004248,
      "slowest": 0.000033834
    }
  },
  "statusCodeDistribution": {
    "200": 484908
  },
  "errorDistribution": {
    "Connection refused (os error 111)": 40809
  }
}