{
  "summary": {
    "successRate": 1,
    "total": 10.000729796,
    "slowest": 0.016044569,
    "fastest": 0.001756995,
    "average": 0.0026826104854232435,
    "requestsPerSec": 18620.741065765316,
    "totalData": 2420873,
    "sizePerRequest": 13,
    "sizePerSec": 242069.63385494912
  },
  "responseTimeHistogram": {
    "0.001756995": 1,
    "0.0031857524": 183432,
    "0.0046145097999999996": 2379,
    "0.0060432672": 265,
    "0.0074720246": 60,
    "0.008900782": 17,
    "0.0103295394": 11,
    "0.011758296800000002": 6,
    "0.0131870542": 0,
    "0.0146158116": 5,
    "0.016044569": 45
  },
  "latencyPercentiles": {
    "p10": 0.002345296,
    "p25": 0.002410873,
    "p50": 0.002760264,
    "p75": 0.002892572,
    "p90": 0.002966569,
    "p95": 0.003020077,
    "p99": 0.003282648
  },
  "rps": {
    "mean": 18624.430220325514,
    "stddev": 1192.5039122048834,
    "max": 20574.330879939796,
    "percentiles": {
      "p10": 17800.142401139514,
      "p25": 18304.762899307432,
      "p50": 18760.312528748935,
      "p75": 19200.420489206397,
      "p90": 19487.160789821835,
      "p95": 19695.17381501094,
      "p99": 20141.664402860737
    }
  },
  "details": {
    "DNSDialup": {
      "average": 0.0006174063599999999,
      "fastest": 0.000111008,
      "slowest": 0.000953036
    },
    "DNSLookup": {
      "average": 0.000006335319999999999,
      "fastest": 0.000003767,
      "slowest": 0.000029354
    }
  },
  "statusCodeDistribution": {
    "200": 186221
  },
  "errorDistribution": {}
}