{
  "summary": {
    "successRate": 1,
    "total": 10.000603983,
    "slowest": 0.014504358,
    "fastest": 0.000132299,
    "average": 0.0007693617377977338,
    "requestsPerSec": 64781.18732641351,
    "totalData": 8422063,
    "sizePerRequest": 13,
    "sizePerSec": 842155.4352433756
  },
  "responseTimeHistogram": {
    "0.000132299": 1,
    "0.0015695048999999999": 599840,
    "0.0030067107999999995": 47400,
    "0.004443916699999999": 419,
    "0.005881122599999999": 161,
    "0.0073183284999999995": 23,
    "0.008755534399999999": 4,
    "0.0101927403": 2,
    "0.0116299462": 0,
    "0.0130671521": 0,
    "0.014504358": 1
  },
  "latencyPercentiles": {
    "p10": 0.000603094,
    "p25": 0.000646094,
    "p50": 0.000676793,
    "p75": 0.000706893,
    "p90": 0.000913791,
    "p95": 0.001707384,
    "p99": 0.001904081
  },
  "rps": {
    "mean": 64719.9280880935,
    "stddev": 16890.319094033526,
    "max": 76963.09434474344,
    "percentiles": {
      "p10": 29068.596073014567,
      "p25": 67106.02612114506,
      "p50": 73415.39520837579,
      "p75": 74128.89544343969,
      "p90": 75076.8708764158,
      "p95": 75377.87671347226,
      "p99": 75747.6590306522
    }
  },
  "details": {
    "DNSDialup": {
      "average": 0.0015056292599999997,
      "fastest": 0.000072099,
      "slowest": 0.00297357
    },
    "DNSLookup": {
      "average": 0.000008021919999999997,
      "fastest": 0.000003,
      "slowest": 0.000203698
    }
  },
  "statusCodeDistribution": {
    "200": 647851
  },
  "errorDistribution": {}
}