{
  "summary": {
    "successRate": 0.8342729832152502,
    "total": 10.000702057,
    "slowest": 0.014172405,
    "fastest": 0.000228074,
    "average": 0.0008692457153692026,
    "requestsPerSec": 55832.4802416419,
    "totalData": 6055764,
    "sizePerRequest": 13,
    "sizePerSec": 605533.8880695144
  },
  "responseTimeHistogram": {
    "0.000228074": 1,
    "0.0016225071": 465075,
    "0.0030169402": 610,
    "0.0044113733": 42,
    "0.0058058064": 46,
    "0.0072002395": 4,
    "0.0085946726": 0,
    "0.0099891057": 0,
    "0.0113835388": 0,
    "0.0127779719": 0,
    "0.014172405": 50
  },
  "latencyPercentiles": {
    "p10": 0.000614344,
    "p25": 0.000678999,
    "p50": 0.000869295,
    "p75": 0.001039772,
    "p90": 0.001125144,
    "p95": 0.00117226,
    "p99": 0.001294355
  },
  "rps": {
    "mean": 57378.208325146996,
    "stddev": 9861.32970369973,
    "max": 78893.69190299347,
    "percentiles": {
      "p10": 46930.98908362863,
      "p25": 48255.28125019787,
      "p50": 56118.580862121875,
      "p75": 66105.67458533528,
      "p90": 70432.82980548638,
      "p95": 72094.20925856262,
      "p99": 75813.91072347612
    }
  },
  "details": {
    "DNSDialup": {
      "average": 0.0011257930000000004,
      "fastest": 0.000138387,
      "slowest": 0.001864331
    },
    "DNSLookup": {
      "average": 0.00000789546,
      "fastest": 0.000004699,
      "slowest": 0.000022262
    }
  },
  "statusCodeDistribution": {
    "200": 465828
  },
  "errorDistribution": {
    "Connection refused (os error 111)": 92536
  }
}