{
  "summary": {
    "successRate": 1,
    "total": 10.000467878,
    "slowest": 0.005456145,
    "fastest": 0.000179496,
    "average": 0.0010202183981307257,
    "requestsPerSec": 48926.11085491054,
    "totalData": 6360692,
    "sizePerRequest": 13,
    "sizePerSec": 636039.4411138371
  },
  "responseTimeHistogram": {
    "0.000179496": 1,
    "0.0007071609": 6506,
    "0.0012348257999999998": 472760,
    "0.0017624906999999996": 9663,
    "0.0022901555999999997": 170,
    "0.0028178204999999997": 98,
    "0.0033454853999999993": 37,
    "0.0038731502999999994": 7,
    "0.0044008152": 15,
    "0.0049284800999999994": 16,
    "0.005456145": 11
  },
  "latencyPercentiles": {
    "p10": 0.000896155,
    "p25": 0.000950341,
    "p50": 0.001028817,
    "p75": 0.001086307,
    "p90": 0.001137354,
    "p95": 0.001179672,
    "p99": 0.001285559
  },
  "rps": {
    "mean": 48925.81899368942,
    "stddev": 2464.934126337926,
    "max": 63972.339921983286,
    "percentiles": {
      "p10": 47254.98517374824,
      "p25": 48115.988943124954,
      "p50": 48871.86607906979,
      "p75": 49638.27734921314,
      "p90": 50591.22471116056,
      "p95": 51357.72094256843,
      "p99": 58144.77729299279
    }
  },
  "details": {
    "DNSDialup": {
      "average": 0.0011489024600000004,
      "fastest": 0.000098127,
      "slowest": 0.001653577
    },
    "DNSLookup": {
      "average": 0.000026064399999999997,
      "fastest": 0.00000497,
      "slowest": 0.000746761
    }
  },
  "statusCodeDistribution": {
    "200": 489284
  },
  "errorDistribution": {}
}