{
  "summary": {
    "successRate": 1,
    "total": 10.000354765,
    "slowest": 0.00590371,
    "fastest": 0.000122649,
    "average": 0.0010543147313122367,
    "requestsPerSec": 47343.620414050376,
    "totalData": 6154889,
    "sizePerRequest": 13,
    "sizePerSec": 615467.0653826549
  },
  "responseTimeHistogram": {
    "0.000122649": 1,
    "0.0007007551": 3550,
    "0.0012788612000000001": 463295,
    "0.0018569673": 6208,
    "0.0024350734": 297,
    "0.0030131795": 33,
    "0.0035912856": 22,
    "0.0041693917": 0,
    "0.0047474978": 7,
    "0.0053256039": 21,
    "0.00590371": 19
  },
  "latencyPercentiles": {
    "p10": 0.000969136,
    "p25": 0.001007899,
    "p50": 0.001051388,
    "p75": 0.001096344,
    "p90": 0.001146841,
    "p95": 0.001188733,
    "p99": 0.001308078
  },
  "rps": {
    "mean": 47343.64278135616,
    "stddev": 2291.4308440086234,
    "max": 59117.00796318709,
    "percentiles": {
      "p10": 46028.67809691915,
      "p25": 46692.965694698156,
      "p50": 47360.922943979225,
      "p75": 48081.27432346784,
      "p90": 48810.40637863928,
      "p95": 49419.08468623141,
      "p99": 54344.92725327625
    }
  },
  "details": {
    "DNSDialup": {
      "average": 0.00117544204,
      "fastest": 0.000090099,
      "slowest": 0.002621534
    },
    "DNSLookup": {
      "average": 0.000025338799999999995,
      "fastest": 0.000003026,
      "slowest": 0.000968514
    }
  },
  "statusCodeDistribution": {
    "200": 473453
  },
  "errorDistribution": {}
}