{
  "summary": {
    "successRate": 1,
    "total": 10.000676232,
    "slowest": 0.020677301,
    "fastest": 0.000045201,
    "average": 0.001097390838964816,
    "requestsPerSec": 45488.22394073481,
    "totalData": 5913869,
    "sizePerRequest": 13,
    "sizePerSec": 591346.9112295526
  },
  "responseTimeHistogram": {
    "0.000045201": 1,
    "0.0021084109999999997": 438789,
    "0.0041716209999999995": 10400,
    "0.006234831": 866,
    "0.008298040999999999": 759,
    "0.010361250999999998": 1408,
    "0.012424461": 1082,
    "0.014487670999999999": 710,
    "0.016550881": 675,
    "0.018614091": 190,
    "0.020677301": 33
  },
  "latencyPercentiles": {
    "p10": 0.000792211,
    "p25": 0.000840711,
    "p50": 0.000885213,
    "p75": 0.000963414,
    "p90": 0.001347619,
    "p95": 0.001595622,
    "p99": 0.007870209
  },
  "rps": {
    "mean": 45980.48424712501,
    "stddev": 16467.38654189792,
    "max": 61201.62072377679,
    "percentiles": {
      "p10": 17617.961058265566,
      "p25": 42803.257327883155,
      "p50": 53769.7025582411,
      "p75": 57025.80462758834,
      "p90": 58108.185133081715,
      "p95": 58521.461292914595,
      "p99": 59239.33072451906
    }
  },
  "details": {
    "DNSDialup": {
      "average": 0.0017412414999999999,
      "fastest": 0.000088801,
      "slowest": 0.001955228
    },
    "DNSLookup": {
      "average": 0.000005840279999999999,
      "fastest": 0.000004,
      "slowest": 0.0000452
    }
  },
  "statusCodeDistribution": {
    "200": 454913
  },
  "errorDistribution": {}
}