{
  "summary": {
    "successRate": 1,
    "total": 10.000655386,
    "slowest": 0.006434926,
    "fastest": 0.000191404,
    "average": 0.0009409123660532703,
    "requestsPerSec": 52990.72706193538,
    "totalData": 6889246,
    "sizePerRequest": 13,
    "sizePerSec": 688879.4518051599
  },
  "responseTimeHistogram": {
    "0.000191404": 1,
    "0.0008157562": 51044,
    "0.0014401084": 447783,
    "0.0020644606": 25371,
    "0.0026888128": 4138,
    "0.003313165": 726,
    "0.0039375172": 500,
    "0.0045618694": 289,
    "0.0051862216": 16,
    "0.0058105738": 30,
    "0.006434926": 44
  },
  "latencyPercentiles": {
    "p10": 0.000816716,
    "p25": 0.000840622,
    "p50": 0.000865223,
    "p75": 0.000893318,
    "p90": 0.001042428,
    "p95": 0.001848137,
    "p99": 0.002084841
  },
  "rps": {
    "mean": 52978.904200532525,
    "stddev": 10029.181784833607,
    "max": 59914.022375984365,
    "percentiles": {
      "p10": 32621.132458923876,
      "p25": 55728.191559048915,
      "p50": 57094.222595547486,
      "p75": 57667.072572107354,
      "p90": 58320.46886846277,
      "p95": 58640.05115493885,
      "p99": 59126.19290345585
    }
  },
  "details": {
    "DNSDialup": {
      "average": 0.0017167235999999996,
      "fastest": 0.000097701,
      "slowest": 0.002773554
    },
    "DNSLookup": {
      "average": 0.000009696219999999998,
      "fastest": 0.0000037,
      "slowest": 0.000103402
    }
  },
  "statusCodeDistribution": {
    "200": 529942
  },
  "errorDistribution": {}
}