{
  "summary": {
    "successRate": 0.6648761158159762,
    "total": 10.000675198,
    "slowest": 0.013909734,
    "fastest": 0.000079589,
    "average": 0.0014039439594212156,
    "requestsPerSec": 41939.56824873976,
    "totalData": 3625245,
    "sizePerRequest": 13,
    "sizePerSec": 362500.02407087473
  },
  "responseTimeHistogram": {
    "0.000079589": 1,
    "0.0014626035": 200521,
    "0.0028456180000000003": 77184,
    "0.0042286325": 967,
    "0.005611647": 109,
    "0.0069946615": 30,
    "0.008377676": 1,
    "0.0097606905": 0,
    "0.011143705": 2,
    "0.0125267195": 0,
    "0.013909734": 50
  },
  "latencyPercentiles": {
    "p10": 0.00115985,
    "p25": 0.001252489,
    "p50": 0.001375151,
    "p75": 0.001479898,
    "p90": 0.001644464,
    "p95": 0.001864206,
    "p99": 0.002502488
  },
  "rps": {
    "mean": 35427.092823394625,
    "stddev": 3891.7779529335035,
    "max": 53038.18749499156,
    "percentiles": {
      "p10": 31221.349158552537,
      "p25": 33552.86737212492,
      "p50": 36718.96337207372,
      "p75": 37646.38050183235,
      "p90": 38290.09146622942,
      "p95": 39015.64336242897,
      "p99": 41459.22035034807
    }
  },
  "details": {
    "DNSDialup": {
      "average": 0.00081150716,
      "fastest": 0.000102061,
      "slowest": 0.001337811
    },
    "DNSLookup": {
      "average": 0.00001176936,
      "fastest": 0.000004027,
      "slowest": 0.00028923
    }
  },
  "statusCodeDistribution": {
    "200": 278865
  },
  "errorDistribution": {
    "Connection refused (os error 111)": 140559
  }
}