{
  "summary": {
    "successRate": 0.7262830011183741,
    "total": 10.000436414,
    "slowest": 0.014390866,
    "fastest": 0.000304519,
    "average": 0.0009746380422571963,
    "requestsPerSec": 49534.03826522246,
    "totalData": 4677049,
    "sizePerRequest": 13,
    "sizePerSec": 467684.4895941159
  },
  "responseTimeHistogram": {
    "0.000304519": 1,
    "0.0017131537": 359348,
    "0.0031217884": 324,
    "0.0045304231": 0,
    "0.0059390578": 38,
    "0.007347692499999999": 12,
    "0.0087563272": 0,
    "0.0101649619": 0,
    "0.0115735966": 0,
    "0.012982231299999999": 0,
    "0.014390865999999999": 50
  },
  "latencyPercentiles": {
    "p10": 0.000709778,
    "p25": 0.000910211,
    "p50": 0.000997996,
    "p75": 0.001070878,
    "p90": 0.001125515,
    "p95": 0.001174904,
    "p99": 0.001314365
  },
  "rps": {
    "mean": 51173.08419054086,
    "stddev": 6327.313588231099,
    "max": 77153.13945053538,
    "percentiles": {
      "p10": 47302.22320448231,
      "p25": 48510.89069495834,
      "p50": 49692.39502154945,
      "p75": 52381.106905931694,
      "p90": 58963.96108659174,
      "p95": 63204.17476616798,
      "p99": 71212.14167016155
    }
  },
  "details": {
    "DNSDialup": {
      "average": 0.00099143468,
      "fastest": 0.000146303,
      "slowest": 0.002125088
    },
    "DNSLookup": {
      "average": 0.000008405179999999999,
      "fastest": 0.000004057,
      "slowest": 0.000020619
    }
  },
  "statusCodeDistribution": {
    "200": 359773
  },
  "errorDistribution": {
    "Connection refused (os error 111)": 135589
  }
}