{
  "summary": {
    "successRate": 1,
    "total": 10.000706146,
    "slowest": 0.004625819,
    "fastest": 0.000088096,
    "average": 0.0008576197470169943,
    "requestsPerSec": 58192.69074642001,
    "totalData": 7565584,
    "sizePerRequest": 13,
    "sizePerSec": 756504.9797034602
  },
  "responseTimeHistogram": {
    "0.000088096": 1,
    "0.0005418682999999999": 7574,
    "0.0009956405999999999": 501276,
    "0.0014494128999999998": 71990,
    "0.0019031851999999998": 947,
    "0.0023569575": 53,
    "0.0028107298": 52,
    "0.0032645021": 38,
    "0.0037182744": 25,
    "0.0041720467": 5,
    "0.004625819": 7
  },
  "latencyPercentiles": {
    "p10": 0.000690024,
    "p25": 0.000762841,
    "p50": 0.000860278,
    "p75": 0.000949192,
    "p90": 0.001010413,
    "p95": 0.001060056,
    "p99": 0.001227454
  },
  "rps": {
    "mean": 58196.46255022232,
    "stddev": 5239.795086830276,
    "max": 72726.42645612916,
    "percentiles": {
      "p10": 53635.54205570914,
      "p25": 54666.753572786685,
      "p50": 56300.14106090368,
      "p75": 62830.54931536671,
      "p90": 66322.50985984888,
      "p95": 66823.17375096722,
      "p99": 67691.23450661685
    }
  },
  "details": {
    "DNSDialup": {
      "average": 0.0006775441000000002,
      "fastest": 0.000068876,
      "slowest": 0.001272279
    },
    "DNSLookup": {
      "average": 0.00000641864,
      "fastest": 0.000003286,
      "slowest": 0.000027161
    }
  },
  "statusCodeDistribution": {
    "200": 581968
  },
  "errorDistribution": {}
}