{
  "summary": {
    "successRate": 1,
    "total": 10.000392753,
    "slowest": 0.007564351,
    "fastest": 0.00016103,
    "average": 0.0007594496614638759,
    "requestsPerSec": 65712.11913680726,
    "totalData": 8542911,
    "sizePerRequest": 13,
    "sizePerSec": 854257.5487784945
  },
  "responseTimeHistogram": {
    "0.00016103": 1,
    "0.0009013621": 459764,
    "0.0016416942": 197097,
    "0.0023820263": 150,
    "0.0031223584": 13,
    "0.0038626905000000004": 54,
    "0.0046030226": 17,
    "0.0053433547000000005": 1,
    "0.006083686800000001": 0,
    "0.006824018900000001": 0,
    "0.007564351000000001": 50
  },
  "latencyPercentiles": {
    "p10": 0.000518425,
    "p25": 0.000572778,
    "p50": 0.000766887,
    "p75": 0.000926914,
    "p90": 0.00100863,
    "p95": 0.001067716,
    "p99": 0.001200667
  },
  "rps": {
    "mean": 65699.60751030243,
    "stddev": 11503.601415069443,
    "max": 89478.65173487371,
    "percentiles": {
      "p10": 52956.84384557236,
      "p25": 54730.18917234732,
      "p50": 64959.93135098482,
      "p75": 75302.0933981907,
      "p90": 81899.49150227636,
      "p95": 85101.69100768874,
      "p99": 87912.63366625534
    }
  },
  "details": {
    "DNSDialup": {
      "average": 0.0007964271599999997,
      "fastest": 0.000096151,
      "slowest": 0.001656686
    },
    "DNSLookup": {
      "average": 0.000009996660000000003,
      "fastest": 0.000003847,
      "slowest": 0.0001813
    }
  },
  "statusCodeDistribution": {
    "200": 657147
  },
  "errorDistribution": {}
}