{
  "summary": {
    "successRate": 1,
    "total": 10.000684248,
    "slowest": 0.016797478,
    "fastest": 0.000072601,
    "average": 0.000752622593107866,
    "requestsPerSec": 66259.46620927652,
    "totalData": 8614320,
    "sizePerRequest": 13,
    "sizePerSec": 861373.0607205947
  },
  "responseTimeHistogram": {
    "0.000072601": 1,
    "0.0017450887000000003": 653042,
    "0.0034175764000000004": 8584,
    "0.005090064100000001": 160,
    "0.0067625518000000015": 85,
    "0.008435039500000002": 321,
    "0.010107527200000003": 398,
    "0.011780014900000002": 8,
    "0.013452502600000003": 40,
    "0.015124990300000004": 0,
    "0.016797478": 1
  },
  "latencyPercentiles": {
    "p10": 0.000544909,
    "p25": 0.00062961,
    "p50": 0.000682011,
    "p75": 0.000734012,
    "p90": 0.000826013,
    "p95": 0.001615426,
    "p99": 0.00180513
  },
  "rps": {
    "mean": 66263.93669570361,
    "stddev": 15487.10085503153,
    "max": 76558.39395801058,
    "percentiles": {
      "p10": 30704.502775195655,
      "p25": 69769.55467448098,
      "p50": 73606.14794088493,
      "p75": 74826.46612106527,
      "p90": 75410.82145287796,
      "p95": 75675.84038271896,
      "p99": 76147.4779525039
    }
  },
  "details": {
    "DNSDialup": {
      "average": 0.0014936807399999997,
      "fastest": 0.000077601,
      "slowest": 0.003082251
    },
    "DNSLookup": {
      "average": 0.000008386180000000001,
      "fastest": 0.0000034,
      "slowest": 0.000065801
    }
  },
  "statusCodeDistribution": {
    "200": 662640
  },
  "errorDistribution": {}
}