{
  "summary": {
    "successRate": 1,
    "total": 10.000419913,
    "slowest": 0.004346522,
    "fastest": 0.000071445,
    "average": 0.0007696313721107874,
    "requestsPerSec": 64845.97703312461,
    "totalData": 8430331,
    "sizePerRequest": 13,
    "sizePerSec": 842997.7014306199
  },
  "responseTimeHistogram": {
    "0.000071445": 1,
    "0.0004989527": 40664,
    "0.0009264604000000002": 425452,
    "0.0013539681000000003": 181304,
    "0.0017814758000000003": 856,
    "0.0022089835": 62,
    "0.0026364912000000004": 86,
    "0.0030639989000000004": 23,
    "0.0034915066000000003": 3,
    "0.003919014300000001": 28,
    "0.004346522": 8
  },
  "latencyPercentiles": {
    "p10": 0.000517796,
    "p25": 0.000575122,
    "p50": 0.000788844,
    "p75": 0.000942122,
    "p90": 0.001025192,
    "p95": 0.001086834,
    "p99": 0.001218613
  },
  "rps": {
    "mean": 64851.71029785703,
    "stddev": 12656.671335152712,
    "max": 90199.10021631602,
    "percentiles": {
      "p10": 52362.536577438244,
      "p25": 53761.33092632065,
      "p50": 60333.16132035184,
      "p75": 76743.59035931983,
      "p90": 83905.16016735054,
      "p95": 86819.43887236212,
      "p99": 89300.92872965822
    }
  },
  "details": {
    "DNSDialup": {
      "average": 0.0009496397000000001,
      "fastest": 0.000082035,
      "slowest": 0.001828085
    },
    "DNSLookup": {
      "average": 0.000008052279999999998,
      "fastest": 0.000003797,
      "slowest": 0.000032402
    }
  },
  "statusCodeDistribution": {
    "200": 648487
  },
  "errorDistribution": {}
}