{
  "summary": {
    "successRate": 1,
    "total": 10.00066607,
    "slowest": 0.004325009,
    "fastest": 0.000156641,
    "average": 0.0008795778583564394,
    "requestsPerSec": 56733.72113703623,
    "totalData": 7375875,
    "sizePerRequest": 13,
    "sizePerSec": 737538.374781471
  },
  "responseTimeHistogram": {
    "0.000156641": 1,
    "0.0005734778": 42237,
    "0.0009903146000000002": 371846,
    "0.0014071513999999999": 151865,
    "0.0018239882": 1206,
    "0.002240825": 94,
    "0.0026576618": 52,
    "0.0030744986": 31,
    "0.0034913354": 10,
    "0.003908172200000001": 22,
    "0.004325009": 11
  },
  "latencyPercentiles": {
    "p10": 0.000595837,
    "p25": 0.000776036,
    "p50": 0.00090892,
    "p75": 0.000996919,
    "p90": 0.0010698,
    "p95": 0.001131514,
    "p99": 0.001258018
  },
  "rps": {
    "mean": 56732.54058419895,
    "stddev": 6975.668314403364,
    "max": 81736.21731789371,
    "percentiles": {
      "p10": 50955.81190077307,
      "p25": 52101.94116946015,
      "p50": 53651.82766552557,
      "p75": 61123.89944468551,
      "p90": 67194.0582427297,
      "p95": 70740.06347942459,
      "p99": 75131.85691042608
    }
  },
  "details": {
    "DNSDialup": {
      "average": 0.0008508450799999998,
      "fastest": 0.000108492,
      "slowest": 0.001180635
    },
    "DNSLookup": {
      "average": 0.0000067651799999999995,
      "fastest": 0.000003707,
      "slowest": 0.000033412
    }
  },
  "statusCodeDistribution": {
    "200": 567375
  },
  "errorDistribution": {}
}