{
  "summary": {
    "successRate": 1,
    "total": 10.000406816,
    "slowest": 0.003546537,
    "fastest": 0.00011352,
    "average": 0.0007414412122407464,
    "requestsPerSec": 67311.86164576927,
    "totalData": 8750898,
    "sizePerRequest": 13,
    "sizePerSec": 875054.2013950006
  },
  "responseTimeHistogram": {
    "0.00011352": 1,
    "0.00045682169999999996": 14629,
    "0.0008001233999999999": 368638,
    "0.0011434250999999998": 275011,
    "0.0014867268": 14065,
    "0.0018300285": 580,
    "0.0021733302": 89,
    "0.0025166319": 51,
    "0.0028599336": 36,
    "0.0032032353": 7,
    "0.003546537": 39
  },
  "latencyPercentiles": {
    "p10": 0.000509253,
    "p25": 0.000559891,
    "p50": 0.00070749,
    "p75": 0.000913828,
    "p90": 0.001003261,
    "p95": 0.001065451,
    "p99": 0.001209631
  },
  "rps": {
    "mean": 67318.49492302643,
    "stddev": 12529.254050176862,
    "max": 90891.6622550066,
    "percentiles": {
      "p10": 53145.735250652084,
      "p25": 55200.44712362065,
      "p50": 67375.75055635415,
      "p75": 78442.98499030515,
      "p90": 84537.44549832029,
      "p95": 87119.78490314996,
      "p99": 89622.02013034704
    }
  },
  "details": {
    "DNSDialup": {
      "average": 0.0010798137000000002,
      "fastest": 0.000112814,
      "slowest": 0.001899188
    },
    "DNSLookup": {
      "average": 0.0000110499,
      "fastest": 0.000004288,
      "slowest": 0.000034545
    }
  },
  "statusCodeDistribution": {
    "200": 673146
  },
  "errorDistribution": {}
}