{
  "summary": {
    "successRate": 1,
    "total": 10.00069721,
    "slowest": 0.004178104,
    "fastest": 0.00009641,
    "average": 0.0009011520996547876,
    "requestsPerSec": 55380.33882739661,
    "totalData": 7199946,
    "sizePerRequest": 13,
    "sizePerSec": 719944.404756156
  },
  "responseTimeHistogram": {
    "0.00009641": 1,
    "0.0005045794": 4909,
    "0.0009127488000000001": 265139,
    "0.0013209182": 281771,
    "0.0017290876": 1831,
    "0.002137257": 38,
    "0.0025454264": 37,
    "0.0029535958": 35,
    "0.0033617652": 21,
    "0.0037699346": 25,
    "0.004178104": 35
  },
  "latencyPercentiles": {
    "p10": 0.000741291,
    "p25": 0.000838724,
    "p50": 0.000916312,
    "p75": 0.000980902,
    "p90": 0.001036516,
    "p95": 0.001080377,
    "p99": 0.001199251
  },
  "rps": {
    "mean": 55375.49622947904,
    "stddev": 3725.208257924976,
    "max": 70370.45102418211,
    "percentiles": {
      "p10": 52599.48470677773,
      "p25": 53564.21814112513,
      "p50": 54590.90477462827,
      "p75": 56713.46377630249,
      "p90": 60052.682580627814,
      "p95": 62066.30543409215,
      "p99": 67016.94858629946
    }
  },
  "details": {
    "DNSDialup": {
      "average": 0.00052712338,
      "fastest": 0.00010554,
      "slowest": 0.000792562
    },
    "DNSLookup": {
      "average": 0.0000066391000000000005,
      "fastest": 0.000003476,
      "slowest": 0.000030206
    }
  },
  "statusCodeDistribution": {
    "200": 553842
  },
  "errorDistribution": {}
}