{
  "summary": {
    "successRate": 1,
    "total": 10.000648941,
    "slowest": 0.004750007,
    "fastest": 0.000117142,
    "average": 0.0008961175917213377,
    "requestsPerSec": 55688.98611336626,
    "totalData": 7240038,
    "sizePerRequest": 13,
    "sizePerSec": 723956.8194737614
  },
  "responseTimeHistogram": {
    "0.000117142": 1,
    "0.0005804285": 20946,
    "0.001043715": 489312,
    "0.0015070015": 46093,
    "0.001970288": 415,
    "0.0024335745": 31,
    "0.002896861": 45,
    "0.0033601475": 36,
    "0.003823434": 23,
    "0.0042867205": 19,
    "0.004750007": 5
  },
  "latencyPercentiles": {
    "p10": 0.000716048,
    "p25": 0.000836121,
    "p50": 0.000914021,
    "p75": 0.000978671,
    "p90": 0.001032637,
    "p95": 0.001076248,
    "p99": 0.001194076
  },
  "rps": {
    "mean": 55687.984684968105,
    "stddev": 4203.542382181613,
    "max": 78907.23493227296,
    "percentiles": {
      "p10": 52666.42062252474,
      "p25": 53574.12271369068,
      "p50": 54657.41214571672,
      "p75": 56929.84831947726,
      "p90": 61220.73546310007,
      "p95": 63818.6733438137,
      "p99": 67787.2540536788
    }
  },
  "details": {
    "DNSDialup": {
      "average": 0.0006808435599999999,
      "fastest": 0.000079609,
      "slowest": 0.000981844
    },
    "DNSLookup": {
      "average": 0.000009120279999999998,
      "fastest": 0.000003878,
      "slowest": 0.000048081
    }
  },
  "statusCodeDistribution": {
    "200": 556926
  },
  "errorDistribution": {}
}