{
  "summary": {
    "successRate": 1,
    "total": 10.000784828,
    "slowest": 0.016742964,
    "fastest": 0.0000631,
    "average": 0.0007990302684647159,
    "requestsPerSec": 62433.10007549339,
    "totalData": 8116940,
    "sizePerRequest": 13,
    "sizePerSec": 811630.3009814142
  },
  "responseTimeHistogram": {
    "0.0000631": 1,
    "0.0017310863999999999": 607381,
    "0.0033990728": 15801,
    "0.0050670592": 352,
    "0.0067350456": 189,
    "0.008403032": 351,
    "0.0100710184": 233,
    "0.0117390048": 17,
    "0.0134069912": 46,
    "0.0150749776": 4,
    "0.016742964": 5
  },
  "latencyPercentiles": {
    "p10": 0.000535806,
    "p25": 0.000604006,
    "p50": 0.000730708,
    "p75": 0.000771608,
    "p90": 0.001483214,
    "p95": 0.001675716,
    "p99": 0.001888618
  },
  "rps": {
    "mean": 62437.32347854752,
    "stddev": 16983.777232426797,
    "max": 75469.06047097157,
    "percentiles": {
      "p10": 29886.319910637212,
      "p25": 59538.743133118274,
      "p50": 71570.5322019232,
      "p75": 73127.45550648504,
      "p90": 73872.11475208771,
      "p95": 74341.12117847925,
      "p99": 74985.40408604375
    }
  },
  "details": {
    "DNSDialup": {
      "average": 0.0013219967800000001,
      "fastest": 0.000078501,
      "slowest": 0.002142221
    },
    "DNSLookup": {
      "average": 0.00000602004,
      "fastest": 0.0000033,
      "slowest": 0.0000344
    }
  },
  "statusCodeDistribution": {
    "200": 624380
  },
  "errorDistribution": {}
}