{
  "summary": {
    "successRate": 1,
    "total": 10.000669401,
    "slowest": 0.004791012,
    "fastest": 0.0001399,
    "average": 0.000830653337020482,
    "requestsPerSec": 60087.577731537895,
    "totalData": 7811908,
    "sizePerRequest": 13,
    "sizePerSec": 781138.5105099926
  },
  "responseTimeHistogram": {
    "0.0001399": 1,
    "0.0006050112": 111335,
    "0.0010701224": 428662,
    "0.0015352336000000002": 59831,
    "0.0020003448": 863,
    "0.002465456": 59,
    "0.0029305672000000003": 16,
    "0.0033956784": 74,
    "0.0038607896": 23,
    "0.0043259008": 35,
    "0.004791012": 17
  },
  "latencyPercentiles": {
    "p10": 0.000547285,
    "p25": 0.000644074,
    "p50": 0.000872655,
    "p75": 0.000999859,
    "p90": 0.001070942,
    "p95": 0.001115113,
    "p99": 0.001249804
  },
  "rps": {
    "mean": 60081.947529117664,
    "stddev": 9397.672437457528,
    "max": 85894.87592359497,
    "percentiles": {
      "p10": 50689.527844085365,
      "p25": 52340.8363204975,
      "p50": 58114.54025797162,
      "p75": 66055.74376440786,
      "p90": 73728.54031796266,
      "p95": 78477.18140471839,
      "p99": 84391.82732202118
    }
  },
  "details": {
    "DNSDialup": {
      "average": 0.00058890984,
      "fastest": 0.000056526,
      "slowest": 0.00127343
    },
    "DNSLookup": {
      "average": 0.0000057113600000000015,
      "fastest": 0.000002495,
      "slowest": 0.000037329
    }
  },
  "statusCodeDistribution": {
    "200": 600916
  },
  "errorDistribution": {}
}