{
  "summary": {
    "successRate": 1,
    "total": 10.000883841,
    "slowest": 0.003800691,
    "fastest": 0.00006286,
    "average": 0.0006130667444760899,
    "requestsPerSec": 81366.4085032142,
    "totalData": 10578568,
    "sizePerRequest": 13,
    "sizePerSec": 1057763.3105417846
  },
  "responseTimeHistogram": {
    "0.00006286": 1,
    "0.00043664310000000005": 24977,
    "0.0008104262": 777763,
    "0.0011842093000000002": 10581,
    "0.0015579924000000002": 230,
    "0.0019317755000000001": 53,
    "0.0023055586000000003": 57,
    "0.0026793417000000003": 14,
    "0.0030531248": 44,
    "0.0034269079": 14,
    "0.003800691": 2
  },
  "latencyPercentiles": {
    "p10": 0.000519955,
    "p25": 0.00056639,
    "p50": 0.000616343,
    "p75": 0.000658703,
    "p90": 0.000699933,
    "p95": 0.000744247,
    "p99": 0.000829758
  },
  "rps": {
    "mean": 81360.9268472924,
    "stddev": 3916.570820517678,
    "max": 109915.99277694694,
    "percentiles": {
      "p10": 78814.15502224235,
      "p25": 79915.37571829157,
      "p50": 81175.4850835829,
      "p75": 82675.25101347362,
      "p90": 84748.6033240063,
      "p95": 86814.93216833659,
      "p99": 90619.18408126963
    }
  },
  "details": {
    "DNSDialup": {
      "average": 0.00052427212,
      "fastest": 0.000075761,
      "slowest": 0.001062779
    },
    "DNSLookup": {
      "average": 0.0000055200799999999985,
      "fastest": 0.000002856,
      "slowest": 0.000033525
    }
  },
  "statusCodeDistribution": {
    "200": 813736
  },
  "errorDistribution": {}
}