{
  "summary": {
    "successRate": 1,
    "total": 10.000365306,
    "slowest": 0.016717626,
    "fastest": 0.0000699,
    "average": 0.0007712787524272127,
    "requestsPerSec": 64671.13752454354,
    "totalData": 8407555,
    "sizePerRequest": 13,
    "sizePerSec": 840724.787819066
  },
  "responseTimeHistogram": {
    "0.0000699": 1,
    "0.0017346725999999998": 632516,
    "0.0033994451999999997": 13391,
    "0.0050642178000000005": 160,
    "0.0067289904": 83,
    "0.008393762999999999": 425,
    "0.0100585356": 112,
    "0.0117233082": 18,
    "0.013388080799999999": 25,
    "0.015052853399999998": 1,
    "0.016717626": 3
  },
  "latencyPercentiles": {
    "p10": 0.000508501,
    "p25": 0.000565901,
    "p50": 0.000689401,
    "p75": 0.000734901,
    "p90": 0.001475903,
    "p95": 0.001649702,
    "p99": 0.001821104
  },
  "rps": {
    "mean": 64681.16793190137,
    "stddev": 17707.524928641313,
    "max": 79761.3751268049,
    "percentiles": {
      "p10": 31984.057300992765,
      "p25": 54142.999194684395,
      "p50": 75710.7966571111,
      "p75": 77249.19357900674,
      "p90": 78036.55232111129,
      "p95": 78466.76550833572,
      "p99": 79123.52556644213
    }
  },
  "details": {
    "DNSDialup": {
      "average": 0.0013748106000000002,
      "fastest": 0.0000766,
      "slowest": 0.002249305
    },
    "DNSLookup": {
      "average": 0.00000837002,
      "fastest": 0.0000032,
      "slowest": 0.0000561
    }
  },
  "statusCodeDistribution": {
    "200": 646735
  },
  "errorDistribution": {}
}