{
  "summary": {
    "successRate": 1,
    "total": 10.000808642,
    "slowest": 0.005097335,
    "fastest": 0.000103473,
    "average": 0.0008983502899601806,
    "requestsPerSec": 55548.30813050167,
    "totalData": 7221864,
    "sizePerRequest": 13,
    "sizePerSec": 722128.0056965217
  },
  "responseTimeHistogram": {
    "0.000103473": 1,
    "0.0006028591999999999": 44893,
    "0.0011022453999999999": 466004,
    "0.0016016315999999998": 44207,
    "0.0021010178": 250,
    "0.002600404": 84,
    "0.0030997902": 39,
    "0.0035991763999999996": 0,
    "0.004098562599999999": 7,
    "0.0045979487999999995": 25,
    "0.005097335": 18
  },
  "latencyPercentiles": {
    "p10": 0.000627109,
    "p25": 0.000812314,
    "p50": 0.000924202,
    "p75": 0.001006535,
    "p90": 0.0010834,
    "p95": 0.001141836,
    "p99": 0.00125512
  },
  "rps": {
    "mean": 55549.72615263663,
    "stddev": 6482.3046504078375,
    "max": 82130.19927427154,
    "percentiles": {
      "p10": 50768.029159073376,
      "p25": 51855.20782253609,
      "p50": 53090.84655943425,
      "p75": 57746.07559371388,
      "p90": 65210.924736055385,
      "p95": 69405.08624107599,
      "p99": 75730.80729241465
    }
  },
  "details": {
    "DNSDialup": {
      "average": 0.0005489985799999999,
      "fastest": 0.000085271,
      "slowest": 0.000935342
    },
    "DNSLookup": {
      "average": 0.000006886200000000002,
      "fastest": 0.000003798,
      "slowest": 0.00003212
    }
  },
  "statusCodeDistribution": {
    "200": 555528
  },
  "errorDistribution": {}
}