{
  "summary": {
    "successRate": 1,
    "total": 10.000675789,
    "slowest": 0.024280561,
    "fastest": 0.0000423,
    "average": 0.001025456587103807,
    "requestsPerSec": 48673.11072471764,
    "totalData": 6327932,
    "sizePerRequest": 13,
    "sizePerSec": 632750.4394213293
  },
  "responseTimeHistogram": {
    "0.0000423": 1,
    "0.0024661261": 472668,
    "0.0048899522": 10376,
    "0.0073137783000000005": 2204,
    "0.0097376044": 882,
    "0.0121614305": 162,
    "0.0145852566": 341,
    "0.0170090827": 127,
    "0.0194329088": 0,
    "0.021856734899999997": 2,
    "0.024280561": 1
  },
  "latencyPercentiles": {
    "p10": 0.000644407,
    "p25": 0.000762608,
    "p50": 0.00091481,
    "p75": 0.001016511,
    "p90": 0.001405515,
    "p95": 0.001614318,
    "p99": 0.003901942
  },
  "rps": {
    "mean": 48646.75216876265,
    "stddev": 13709.668308200111,
    "max": 66401.2815447351,
    "percentiles": {
      "p10": 26913.707151051887,
      "p25": 42361.3398137133,
      "p50": 54030.75971150176,
      "p75": 59733.1631405893,
      "p90": 60810.160762700354,
      "p95": 61264.60959611735,
      "p99": 62302.718696591815
    }
  },
  "details": {
    "DNSDialup": {
      "average": 0.0019401608400000001,
      "fastest": 0.000079101,
      "slowest": 0.003929243
    },
    "DNSLookup": {
      "average": 0.00006058664,
      "fastest": 0.000004201,
      "slowest": 0.002745329
    }
  },
  "statusCodeDistribution": {
    "200": 486764
  },
  "errorDistribution": {}
}