{
  "summary": {
    "successRate": 1,
    "total": 10.00041533,
    "slowest": 0.004684917,
    "fastest": 0.000077314,
    "average": 0.0008762312088066839,
    "requestsPerSec": 56956.53442425576,
    "totalData": 7404657,
    "sizePerRequest": 13,
    "sizePerSec": 740434.9475153249
  },
  "responseTimeHistogram": {
    "0.000077314": 1,
    "0.0005380743": 18459,
    "0.0009988346": 409144,
    "0.0014595949": 141547,
    "0.0019203552": 281,
    "0.0023811155000000002": 55,
    "0.0028418758": 50,
    "0.0033026361000000003": 4,
    "0.0037633964": 25,
    "0.0042241567": 19,
    "0.004684917": 4
  },
  "latencyPercentiles": {
    "p10": 0.000582697,
    "p25": 0.000775384,
    "p50": 0.000913341,
    "p75": 0.000998572,
    "p90": 0.001067691,
    "p95": 0.001121846,
    "p99": 0.00122828
  },
  "rps": {
    "mean": 56951.68446739317,
    "stddev": 8704.763343987734,
    "max": 85300.01706000665,
    "percentiles": {
      "p10": 50965.71009001597,
      "p25": 52001.04522100878,
      "p50": 53160.45939046463,
      "p75": 58400.297841513755,
      "p90": 72718.17954488708,
      "p95": 77253.56516126328,
      "p99": 82994.95577332252
    }
  },
  "details": {
    "DNSDialup": {
      "average": 0.0010568622200000004,
      "fastest": 0.000114175,
      "slowest": 0.001706648
    },
    "DNSLookup": {
      "average": 0.000020651580000000003,
      "fastest": 0.000004458,
      "slowest": 0.000624179
    }
  },
  "statusCodeDistribution": {
    "200": 569589
  },
  "errorDistribution": {}
}