{
  "summary": {
    "successRate": 1,
    "total": 10.0006795,
    "slowest": 0.004105567,
    "fastest": 0.000079855,
    "average": 0.0007995974175849976,
    "requestsPerSec": 62447.95666134486,
    "totalData": 8118786,
    "sizePerRequest": 13,
    "sizePerSec": 811823.4365974831
  },
  "responseTimeHistogram": {
    "0.000079855": 1,
    "0.00048242619999999995": 14064,
    "0.0008849973999999999": 449564,
    "0.0012875685999999998": 159340,
    "0.0016901397999999998": 1189,
    "0.002092711": 138,
    "0.0024952821999999998": 122,
    "0.0028978534": 41,
    "0.0033004246": 9,
    "0.0037029958": 19,
    "0.004105567": 35
  },
  "latencyPercentiles": {
    "p10": 0.000613678,
    "p25": 0.000732722,
    "p50": 0.000817359,
    "p75": 0.000886854,
    "p90": 0.000933163,
    "p95": 0.000976668,
    "p99": 0.001074275
  },
  "rps": {
    "mean": 62445.76819562691,
    "stddev": 5102.062375324211,
    "max": 83418.16013346138,
    "percentiles": {
      "p10": 58319.67705903741,
      "p25": 59306.10852917952,
      "p50": 61328.61593219348,
      "p75": 65308.79553017425,
      "p90": 69326.64916394069,
      "p95": 71224.56535259352,
      "p99": 76204.14550551494
    }
  },
  "details": {
    "DNSDialup": {
      "average": 0.0005888220600000003,
      "fastest": 0.000109464,
      "slowest": 0.001024124
    },
    "DNSLookup": {
      "average": 0.000005107260000000001,
      "fastest": 0.000001802,
      "slowest": 0.000043926
    }
  },
  "statusCodeDistribution": {
    "200": 624522
  },
  "errorDistribution": {}
}