{
  "summary": {
    "successRate": 1,
    "total": 10.000278936,
    "slowest": 0.003913647,
    "fastest": 0.000061646,
    "average": 0.0007436046780929951,
    "requestsPerSec": 67115.0279202572,
    "totalData": 8725197,
    "sizePerRequest": 13,
    "sizePerSec": 872495.3629633436
  },
  "responseTimeHistogram": {
    "0.000061646": 1,
    "0.0004468461": 8264,
    "0.0008320462": 400840,
    "0.0012172463": 257415,
    "0.0016024464000000001": 4299,
    "0.0019876465": 188,
    "0.0023728466": 84,
    "0.0027580467": 28,
    "0.0031432468": 4,
    "0.0035284469": 12,
    "0.003913647": 34
  },
  "latencyPercentiles": {
    "p10": 0.000515234,
    "p25": 0.00056637,
    "p50": 0.000710284,
    "p75": 0.000914065,
    "p90": 0.001000394,
    "p95": 0.001059155,
    "p99": 0.001191492
  },
  "rps": {
    "mean": 67119.98714555452,
    "stddev": 11355.2669492334,
    "max": 89449.6177029397,
    "percentiles": {
      "p10": 53397.26846423063,
      "p25": 55552.48607942338,
      "p50": 67206.5526388827,
      "p75": 77108.98319654766,
      "p90": 82575.63200174762,
      "p95": 84785.8689682609,
      "p99": 87873.40938608334
    }
  },
  "details": {
    "DNSDialup": {
      "average": 0.0010747656400000006,
      "fastest": 0.000116887,
      "slowest": 0.001851638
    },
    "DNSLookup": {
      "average": 0.0000112628,
      "fastest": 0.000004649,
      "slowest": 0.000059151
    }
  },
  "statusCodeDistribution": {
    "200": 671169
  },
  "errorDistribution": {}
}