{
  "summary": {
    "successRate": 1,
    "total": 10.000990323,
    "slowest": 0.004204349,
    "fastest": 0.000059681,
    "average": 0.0008436051392236285,
    "requestsPerSec": 59150.04223527235,
    "totalData": 7690267,
    "sizePerRequest": 13,
    "sizePerSec": 768950.5490585405
  },
  "responseTimeHistogram": {
    "0.000059681": 1,
    "0.0004741478": 6627,
    "0.0008886146": 303806,
    "0.0013030814000000001": 278669,
    "0.0017175482": 2281,
    "0.0021320149999999997": 69,
    "0.0025464818": 24,
    "0.0029609486": 34,
    "0.0033754154": 6,
    "0.0037898821999999997": 22,
    "0.004204349": 20
  },
  "latencyPercentiles": {
    "p10": 0.000571656,
    "p25": 0.000685368,
    "p50": 0.000877794,
    "p75": 0.000982229,
    "p90": 0.001053301,
    "p95": 0.001111312,
    "p99": 0.001236658
  },
  "rps": {
    "mean": 59168.27701407714,
    "stddev": 7952.027070766126,
    "max": 84704.9540794348,
    "percentiles": {
      "p10": 51432.449400543774,
      "p25": 52678.353783421495,
      "p50": 57324.01302905775,
      "p75": 64872.14431168899,
      "p90": 70620.31746533637,
      "p95": 74354.99316509975,
      "p99": 79048.89173954385
    }
  },
  "details": {
    "DNSDialup": {
      "average": 0.00098034354,
      "fastest": 0.000131525,
      "slowest": 0.001304237
    },
    "DNSLookup": {
      "average": 0.000007225859999999997,
      "fastest": 0.000004028,
      "slowest": 0.000035246
    }
  },
  "statusCodeDistribution": {
    "200": 591559
  },
  "errorDistribution": {}
}