{
  "summary": {
    "successRate": 1,
    "total": 10.000665533,
    "slowest": 0.005031541,
    "fastest": 0.000122355,
    "average": 0.000882947054509614,
    "requestsPerSec": 56522.038271830286,
    "totalData": 7348354,
    "sizePerRequest": 13,
    "sizePerSec": 734786.4975337937
  },
  "responseTimeHistogram": {
    "0.000122355": 1,
    "0.0006132735999999999": 31297,
    "0.0011041921999999998": 521152,
    "0.0015951107999999997": 12538,
    "0.0020860294": 140,
    "0.002576948": 68,
    "0.003067866599999999": 9,
    "0.0035587851999999993": 15,
    "0.004049703799999999": 30,
    "0.0045406223999999995": 7,
    "0.005031541": 1
  },
  "latencyPercentiles": {
    "p10": 0.000711194,
    "p25": 0.00082467,
    "p50": 0.000900564,
    "p75": 0.0009642,
    "p90": 0.001014409,
    "p95": 0.001054813,
    "p99": 0.001168275
  },
  "rps": {
    "mean": 56521.63265199396,
    "stddev": 3860.099635177906,
    "max": 77633.11052163441,
    "percentiles": {
      "p10": 53628.321848520616,
      "p25": 54393.007339926844,
      "p50": 55522.10890376643,
      "p75": 58117.53965187513,
      "p90": 61300.61300612764,
      "p95": 63157.96005994783,
      "p99": 68381.45121505913
    }
  },
  "details": {
    "DNSDialup": {
      "average": 0.0007598982,
      "fastest": 0.000078877,
      "slowest": 0.00160833
    },
    "DNSLookup": {
      "average": 0.000006960780000000001,
      "fastest": 0.000003176,
      "slowest": 0.000038281
    }
  },
  "statusCodeDistribution": {
    "200": 565258
  },
  "errorDistribution": {}
}