{
  "summary": {
    "successRate": 1,
    "total": 10.000800604,
    "slowest": 0.018195291,
    "fastest": 0.000091999,
    "average": 0.0007047146984823655,
    "requestsPerSec": 70762.33473917584,
    "totalData": 9199840,
    "sizePerRequest": 13,
    "sizePerSec": 919910.351609286
  },
  "responseTimeHistogram": {
    "0.000091999": 1,
    "0.0019023281999999999": 703739,
    "0.0037126574": 3166,
    "0.005522986599999999": 149,
    "0.007333315799999999": 212,
    "0.009143645": 322,
    "0.0109539742": 57,
    "0.0127643034": 29,
    "0.0145746326": 3,
    "0.016384961799999997": 0,
    "0.018195291": 2
  },
  "latencyPercentiles": {
    "p10": 0.000558997,
    "p25": 0.000606496,
    "p50": 0.000625897,
    "p75": 0.000658196,
    "p90": 0.000748495,
    "p95": 0.001499791,
    "p99": 0.001733689
  },
  "rps": {
    "mean": 70762.00362203021,
    "stddev": 17349.674946163115,
    "max": 82327.77511951145,
    "percentiles": {
      "p10": 33432.29559754765,
      "p25": 76130.37050113089,
      "p50": 79187.92730367575,
      "p75": 79811.74467469915,
      "p90": 80336.6335048785,
      "p95": 80959.13472161574,
      "p99": 81709.98163528209
    }
  },
  "details": {
    "DNSDialup": {
      "average": 0.0014981790199999998,
      "fastest": 0.000066999,
      "slowest": 0.001593391
    },
    "DNSLookup": {
      "average": 0.000005581979999999999,
      "fastest": 0.0000029,
      "slowest": 0.0000697
    }
  },
  "statusCodeDistribution": {
    "200": 707680
  },
  "errorDistribution": {}
}