{
  "summary": {
    "successRate": 1,
    "total": 10.000579363,
    "slowest": 0.004432994,
    "fastest": 0.000136466,
    "average": 0.0008921512860324767,
    "requestsPerSec": 55935.85928327581,
    "totalData": 7272083,
    "sizePerRequest": 13,
    "sizePerSec": 727166.1706825854
  },
  "responseTimeHistogram": {
    "0.000136466": 1,
    "0.0005661188": 18413,
    "0.0009957715999999999": 430585,
    "0.0014254244": 108938,
    "0.0018550772": 1195,
    "0.00228473": 116,
    "0.0027143828": 56,
    "0.0031440356": 17,
    "0.0035736884": 49,
    "0.0040033412": 20,
    "0.004432994": 1
  },
  "latencyPercentiles": {
    "p10": 0.000686446,
    "p25": 0.000824344,
    "p50": 0.000908602,
    "p75": 0.000978934,
    "p90": 0.001045099,
    "p95": 0.001098798,
    "p99": 0.001222609
  },
  "rps": {
    "mean": 55967.26495326962,
    "stddev": 4639.809175762295,
    "max": 88360.03769825042,
    "percentiles": {
      "p10": 52533.93526796702,
      "p25": 53515.235414626826,
      "p50": 54830.79845949716,
      "p75": 57627.7592916558,
      "p90": 61961.87512850062,
      "p95": 64823.04061338516,
      "p99": 70637.42370708496
    }
  },
  "details": {
    "DNSDialup": {
      "average": 0.0007368762800000001,
      "fastest": 0.00006904,
      "slowest": 0.001625383
    },
    "DNSLookup": {
      "average": 0.000006353280000000001,
      "fastest": 0.000003186,
      "slowest": 0.000030357
    }
  },
  "statusCodeDistribution": {
    "200": 559391
  },
  "errorDistribution": {}
}