{
  "summary": {
    "successRate": 1,
    "total": 10.000357146,
    "slowest": 0.004388683,
    "fastest": 0.000126645,
    "average": 0.0008147855732624609,
    "requestsPerSec": 61249.512498160926,
    "totalData": 7962721,
    "sizePerRequest": 13,
    "sizePerSec": 796243.6624760921
  },
  "responseTimeHistogram": {
    "0.000126645": 1,
    "0.0005528487999999999": 44502,
    "0.0009790526": 425360,
    "0.0014052563999999998": 142093,
    "0.0018314602": 359,
    "0.002257664": 44,
    "0.0026838677999999998": 22,
    "0.0031100716": 58,
    "0.0035362754": 49,
    "0.0039624792": 8,
    "0.004388683": 21
  },
  "latencyPercentiles": {
    "p10": 0.00056338,
    "p25": 0.000614142,
    "p50": 0.000852419,
    "p75": 0.000971721,
    "p90": 0.00104495,
    "p95": 0.00109416,
    "p99": 0.001211305
  },
  "rps": {
    "mean": 61239.28996148462,
    "stddev": 9842.064249327048,
    "max": 85019.48614463859,
    "percentiles": {
      "p10": 51116.40128483935,
      "p25": 52610.453697150064,
      "p50": 59015.9461086383,
      "p75": 69148.4177220861,
      "p90": 75980.19730931433,
      "p95": 78720.30196586646,
      "p99": 82158.73066765019
    }
  },
  "details": {
    "DNSDialup": {
      "average": 0.0007926059,
      "fastest": 0.000078263,
      "slowest": 0.001710147
    },
    "DNSLookup": {
      "average": 0.000007313280000000001,
      "fastest": 0.000004128,
      "slowest": 0.000029214
    }
  },
  "statusCodeDistribution": {
    "200": 612517
  },
  "errorDistribution": {}
}