{
  "summary": {
    "successRate": 1,
    "total": 10.000746911,
    "slowest": 0.012256456,
    "fastest": 0.000100568,
    "average": 0.0008326832587326844,
    "requestsPerSec": 59928.42388009913,
    "totalData": 7791277,
    "sizePerRequest": 13,
    "sizePerSec": 779069.5104412887
  },
  "responseTimeHistogram": {
    "0.000100568": 1,
    "0.0013161568": 596078,
    "0.0025317456": 3157,
    "0.0037473344": 56,
    "0.004962923199999999": 34,
    "0.006178512": 1,
    "0.007394100799999999": 1,
    "0.0086096896": 0,
    "0.0098252784": 0,
    "0.0110408672": 0,
    "0.012256456": 1
  },
  "latencyPercentiles": {
    "p10": 0.000602181,
    "p25": 0.000715071,
    "p50": 0.000828141,
    "p75": 0.000955569,
    "p90": 0.001039761,
    "p95": 0.001100168,
    "p99": 0.001250428
  },
  "rps": {
    "mean": 59926.981171090454,
    "stddev": 7090.646048891204,
    "max": 82606.55419426161,
    "percentiles": {
      "p10": 52008.742669642015,
      "p25": 53922.65786985676,
      "p50": 59473.396118154145,
      "p75": 65395.67387086804,
      "p90": 68004.23666394583,
      "p95": 71106.73311463832,
      "p99": 76412.40264429033
    }
  },
  "details": {
    "DNSDialup": {
      "average": 0.00086101752,
      "fastest": 0.000176087,
      "slowest": 0.001339544
    },
    "DNSLookup": {
      "average": 0.0000074744200000000005,
      "fastest": 0.000004008,
      "slowest": 0.000034644
    }
  },
  "statusCodeDistribution": {
    "200": 599329
  },
  "errorDistribution": {}
}