{
  "summary": {
    "successRate": 1,
    "total": 10.000116263,
    "slowest": 0.005089136,
    "fastest": 0.000141844,
    "average": 0.0007715381669255973,
    "requestsPerSec": 64687.34792548681,
    "totalData": 8409453,
    "sizePerRequest": 13,
    "sizePerSec": 840935.5230313286
  },
  "responseTimeHistogram": {
    "0.000141844": 1,
    "0.0006365732": 243255,
    "0.0011313024": 388897,
    "0.0016260316": 14507,
    "0.0021207608": 137,
    "0.0026154900000000003": 16,
    "0.0031102192": 11,
    "0.0036049484": 29,
    "0.0040996776000000006": 15,
    "0.004594406800000001": 12,
    "0.005089136000000001": 1
  },
  "latencyPercentiles": {
    "p10": 0.000528091,
    "p25": 0.000580582,
    "p50": 0.000796197,
    "p75": 0.000938984,
    "p90": 0.001013473,
    "p95": 0.001065926,
    "p99": 0.001194075
  },
  "rps": {
    "mean": 64677.48454845741,
    "stddev": 11016.203806440786,
    "max": 89354.97117827955,
    "percentiles": {
      "p10": 52890.50631469337,
      "p25": 54545.29229509455,
      "p50": 63200.82060747923,
      "p75": 74006.17549357955,
      "p90": 80738.79499099217,
      "p95": 84157.04467775383,
      "p99": 87443.42440455822
    }
  },
  "details": {
    "DNSDialup": {
      "average": 0.0011486646399999998,
      "fastest": 0.000086409,
      "slowest": 0.002547563
    },
    "DNSLookup": {
      "average": 0.0000071727800000000005,
      "fastest": 0.000004137,
      "slowest": 0.000035526
    }
  },
  "statusCodeDistribution": {
    "200": 646881
  },
  "errorDistribution": {}
}