{
  "summary": {
    "successRate": 1,
    "total": 10.000218172,
    "slowest": 0.004706742,
    "fastest": 0.000108592,
    "average": 0.0007772075354746309,
    "requestsPerSec": 64214.8990107053,
    "totalData": 8348119,
    "sizePerRequest": 13,
    "sizePerSec": 834793.687139169
  },
  "responseTimeHistogram": {
    "0.000108592": 1,
    "0.0005684069999999999": 133280,
    "0.0010282219999999999": 450983,
    "0.001488037": 57538,
    "0.001947852": 198,
    "0.0024076669999999996": 88,
    "0.0028674819999999998": 28,
    "0.0033272969999999995": 10,
    "0.0037871119999999996": 25,
    "0.004246927": 11,
    "0.004706742": 1
  },
  "latencyPercentiles": {
    "p10": 0.000528349,
    "p25": 0.000583299,
    "p50": 0.000807387,
    "p75": 0.000940498,
    "p90": 0.001019519,
    "p95": 0.001079652,
    "p99": 0.001210836
  },
  "rps": {
    "mean": 64210.78977519123,
    "stddev": 11820.822960902407,
    "max": 88964.48145615503,
    "percentiles": {
      "p10": 52749.54237019959,
      "p25": 54135.78730049227,
      "p50": 59726.476747143104,
      "p75": 74455.22343922612,
      "p90": 82514.11816561544,
      "p95": 85272.84859455496,
      "p99": 88047.02473258869
    }
  },
  "details": {
    "DNSDialup": {
      "average": 0.00085495092,
      "fastest": 0.000096352,
      "slowest": 0.001607049
    },
    "DNSLookup": {
      "average": 0.000007322679999999999,
      "fastest": 0.000003727,
      "slowest": 0.000026811
    }
  },
  "statusCodeDistribution": {
    "200": 642163
  },
  "errorDistribution": {}
}