{
  "summary": {
    "successRate": 1,
    "total": 10.000648586,
    "slowest": 0.004585448,
    "fastest": 0.000141593,
    "average": 0.0008717683690618161,
    "requestsPerSec": 57238.18761128499,
    "totalData": 7441447,
    "sizePerRequest": 13,
    "sizePerSec": 744096.4389467048
  },
  "responseTimeHistogram": {
    "0.000141593": 1,
    "0.0005859785": 51088,
    "0.001030364": 432127,
    "0.0014747495": 88592,
    "0.001919135": 460,
    "0.0023635205": 13,
    "0.002807906": 73,
    "0.0032522915": 15,
    "0.003696677": 0,
    "0.0041410625": 33,
    "0.004585448": 17
  },
  "latencyPercentiles": {
    "p10": 0.000595318,
    "p25": 0.000756113,
    "p50": 0.000901009,
    "p75": 0.000991977,
    "p90": 0.001067357,
    "p95": 0.00113333,
    "p99": 0.001259025
  },
  "rps": {
    "mean": 57242.26379574061,
    "stddev": 7216.2267161392165,
    "max": 87224.29196530988,
    "percentiles": {
      "p10": 51236.808523245294,
      "p25": 52319.732462991924,
      "p50": 54111.49328117343,
      "p75": 61434.40003696151,
      "p90": 68504.06914170671,
      "p95": 71431.16905572999,
      "p99": 77530.36088932457
    }
  },
  "details": {
    "DNSDialup": {
      "average": 0.00057006022,
      "fastest": 0.000089399,
      "slowest": 0.000964204
    },
    "DNSLookup": {
      "average": 0.000007070200000000002,
      "fastest": 0.000003967,
      "slowest": 0.000028162
    }
  },
  "statusCodeDistribution": {
    "200": 572419
  },
  "errorDistribution": {}
}