{
  "summary": {
    "successRate": 1,
    "total": 10.000587163,
    "slowest": 0.004613592,
    "fastest": 0.000112169,
    "average": 0.0008325924597765401,
    "requestsPerSec": 59940.38052263512,
    "totalData": 7792707,
    "sizePerRequest": 13,
    "sizePerSec": 779224.9467942565
  },
  "responseTimeHistogram": {
    "0.000112169": 1,
    "0.0005623113": 61202,
    "0.0010124536": 462914,
    "0.0014625959": 74173,
    "0.0019127382": 948,
    "0.0023628805": 62,
    "0.0028130228": 61,
    "0.0032631651": 15,
    "0.0037133074": 45,
    "0.004163449699999999": 12,
    "0.004613592": 6
  },
  "latencyPercentiles": {
    "p10": 0.00056071,
    "p25": 0.000697564,
    "p50": 0.000866535,
    "p75": 0.00096021,
    "p90": 0.001028507,
    "p95": 0.001079272,
    "p99": 0.001223003
  },
  "rps": {
    "mean": 59931.12820385768,
    "stddev": 7989.398731131886,
    "max": 91204.16803048558,
    "percentiles": {
      "p10": 53019.58013094363,
      "p25": 54491.59747730385,
      "p50": 57218.161044315064,
      "p75": 64226.840396610554,
      "p90": 70831.69718449003,
      "p95": 75768.60847497261,
      "p99": 84666.8190536004
    }
  },
  "details": {
    "DNSDialup": {
      "average": 0.00073727036,
      "fastest": 0.000083977,
      "slowest": 0.001347392
    },
    "DNSLookup": {
      "average": 0.000006247259999999999,
      "fastest": 0.000003216,
      "slowest": 0.000035657
    }
  },
  "statusCodeDistribution": {
    "200": 599439
  },
  "errorDistribution": {}
}