{
  "summary": {
    "successRate": 1,
    "total": 10.00044312,
    "slowest": 0.005383726,
    "fastest": 0.000105386,
    "average": 0.0007340696066897834,
    "requestsPerSec": 67987.08735618507,
    "totalData": 8838713,
    "sizePerRequest": 13,
    "sizePerSec": 883832.135630406
  },
  "responseTimeHistogram": {
    "0.000105386": 1,
    "0.00063322": 313204,
    "0.0011610540000000001": 355036,
    "0.0016888880000000002": 11431,
    "0.002216722": 89,
    "0.002744556": 76,
    "0.00327239": 20,
    "0.003800224": 13,
    "0.004328058": 26,
    "0.004855892": 4,
    "0.005383726": 1
  },
  "latencyPercentiles": {
    "p10": 0.000513116,
    "p25": 0.000559845,
    "p50": 0.000667125,
    "p75": 0.000908261,
    "p90": 0.001000977,
    "p95": 0.001062931,
    "p99": 0.001205025
  },
  "rps": {
    "mean": 67972.03496671266,
    "stddev": 11995.971551133245,
    "max": 89944.87492197467,
    "percentiles": {
      "p10": 53139.09157219321,
      "p25": 55681.566451895815,
      "p50": 68065.01570299998,
      "p75": 78783.96103074249,
      "p90": 83828.34725335758,
      "p95": 86341.64257421,
      "p99": 88917.37295084856
    }
  },
  "details": {
    "DNSDialup": {
      "average": 0.00086189672,
      "fastest": 0.000094644,
      "slowest": 0.001844533
    },
    "DNSLookup": {
      "average": 0.00002797358,
      "fastest": 0.000004117,
      "slowest": 0.001053747
    }
  },
  "statusCodeDistribution": {
    "200": 679901
  },
  "errorDistribution": {}
}