{
  "summary": {
    "successRate": 1,
    "total": 10.000412878,
    "slowest": 0.004661239,
    "fastest": 0.000125604,
    "average": 0.0007615394348860443,
    "requestsPerSec": 65530.094406568154,
    "totalData": 8519264,
    "sizePerRequest": 13,
    "sizePerSec": 851891.2272853861
  },
  "responseTimeHistogram": {
    "0.000125604": 1,
    "0.0005791675000000001": 171085,
    "0.001032731": 427732,
    "0.0014862945000000002": 56037,
    "0.0019398580000000003": 286,
    "0.0023934215000000003": 65,
    "0.0028469850000000002": 64,
    "0.0033005485000000005": 2,
    "0.0037541120000000004": 31,
    "0.0042076755": 21,
    "0.004661239": 4
  },
  "latencyPercentiles": {
    "p10": 0.000519609,
    "p25": 0.000575272,
    "p50": 0.000760505,
    "p75": 0.000930118,
    "p90": 0.001018998,
    "p95": 0.00108416,
    "p99": 0.001219031
  },
  "rps": {
    "mean": 65520.62488749049,
    "stddev": 11645.40852702064,
    "max": 89849.26435164417,
    "percentiles": {
      "p10": 52607.394129877786,
      "p25": 54554.832068895405,
      "p50": 64101.08741484941,
      "p75": 75433.46002389818,
      "p90": 81883.18480633236,
      "p95": 84869.2872861406,
      "p99": 88073.16600435512
    }
  },
  "details": {
    "DNSDialup": {
      "average": 0.00091162926,
      "fastest": 0.000092038,
      "slowest": 0.001330079
    },
    "DNSLookup": {
      "average": 0.000007680279999999997,
      "fastest": 0.000003988,
      "slowest": 0.000036859
    }
  },
  "statusCodeDistribution": {
    "200": 655328
  },
  "errorDistribution": {}
}