{
  "summary": {
    "successRate": 1,
    "total": 10.000661198,
    "slowest": 0.004454177,
    "fastest": 0.000107779,
    "average": 0.0008522045208055078,
    "requestsPerSec": 58557.52818794772,
    "totalData": 7612982,
    "sizePerRequest": 13,
    "sizePerSec": 761247.8664433204
  },
  "responseTimeHistogram": {
    "0.000107779": 1,
    "0.0005424188000000001": 33597,
    "0.0009770586": 403337,
    "0.0014116984000000002": 147732,
    "0.0018463382000000002": 761,
    "0.0022809780000000003": 60,
    "0.0027156178000000007": 57,
    "0.0031502576000000007": 17,
    "0.0035848974000000007": 7,
    "0.0040195372": 28,
    "0.004454177": 17
  },
  "latencyPercentiles": {
    "p10": 0.000575919,
    "p25": 0.000723224,
    "p50": 0.00088508,
    "p75": 0.000978418,
    "p90": 0.001047431,
    "p95": 0.001103938,
    "p99": 0.00122922
  },
  "rps": {
    "mean": 58554.46261374352,
    "stddev": 7790.676963026644,
    "max": 85407.55002741932,
    "percentiles": {
      "p10": 51915.538320619635,
      "p25": 53009.213001220305,
      "p50": 55420.92139782723,
      "p75": 63564.29332145279,
      "p90": 69226.4652776657,
      "p95": 74501.8401954611,
      "p99": 80158.34726097007
    }
  },
  "details": {
    "DNSDialup": {
      "average": 0.0006231745000000003,
      "fastest": 0.000073681,
      "slowest": 0.001048527
    },
    "DNSLookup": {
      "average": 0.000006390560000000001,
      "fastest": 0.000003808,
      "slowest": 0.000028543
    }
  },
  "statusCodeDistribution": {
    "200": 585614
  },
  "errorDistribution": {}
}