{
  "summary": {
    "successRate": 1,
    "total": 10.000729384,
    "slowest": 0.005955533,
    "fastest": 0.000060132,
    "average": 0.0009175857369721931,
    "requestsPerSec": 54373.93405224853,
    "totalData": 7069127,
    "sizePerRequest": 13,
    "sizePerSec": 706861.1426792309
  },
  "responseTimeHistogram": {
    "0.000060132": 1,
    "0.0006496720999999999": 68200,
    "0.0012392122": 465585,
    "0.0018287523": 9651,
    "0.0024182924": 179,
    "0.0030078325": 53,
    "0.0035973726": 67,
    "0.0041869127": 35,
    "0.0047764528": 6,
    "0.0053659929": 1,
    "0.005955533": 1
  },
  "latencyPercentiles": {
    "p10": 0.000623661,
    "p25": 0.000804349,
    "p50": 0.000953855,
    "p75": 0.001046327,
    "p90": 0.001111467,
    "p95": 0.001158387,
    "p99": 0.001324732
  },
  "rps": {
    "mean": 54370.879797569585,
    "stddev": 6628.896095569583,
    "max": 83401.4596160871,
    "percentiles": {
      "p10": 48913.73035754218,
      "p25": 50141.750729310865,
      "p50": 52288.34639005938,
      "p75": 57036.08102485406,
      "p90": 63652.872428887444,
      "p95": 67568.39949080617,
      "p99": 76895.56580918765
    }
  },
  "details": {
    "DNSDialup": {
      "average": 0.0007553621999999999,
      "fastest": 0.000113962,
      "slowest": 0.001673436
    },
    "DNSLookup": {
      "average": 0.00000649628,
      "fastest": 0.000003216,
      "slowest": 0.000030347
    }
  },
  "statusCodeDistribution": {
    "200": 543779
  },
  "errorDistribution": {}
}