{
  "summary": {
    "successRate": 1,
    "total": 10.000636589,
    "slowest": 0.00422873,
    "fastest": 0.000111697,
    "average": 0.0008955161524430617,
    "requestsPerSec": 55724.15266173812,
    "totalData": 7244601,
    "sizePerRequest": 13,
    "sizePerSec": 724413.9846025956
  },
  "responseTimeHistogram": {
    "0.000111697": 1,
    "0.0005234003": 10448,
    "0.0009351036": 296402,
    "0.0013468069000000002": 249130,
    "0.0017585102": 1150,
    "0.0021702135": 42,
    "0.0025819168000000003": 25,
    "0.0029936201000000003": 34,
    "0.0034053234": 1,
    "0.0038170267": 31,
    "0.00422873": 13
  },
  "latencyPercentiles": {
    "p10": 0.000649939,
    "p25": 0.000824573,
    "p50": 0.000918535,
    "p75": 0.000993342,
    "p90": 0.001060435,
    "p95": 0.001118737,
    "p99": 0.001239193
  },
  "rps": {
    "mean": 55725.95543727497,
    "stddev": 5943.078338543792,
    "max": 85499.42728398526,
    "percentiles": {
      "p10": 51872.543530965224,
      "p25": 52702.972447647364,
      "p50": 53720.56423198727,
      "p75": 56001.46345147674,
      "p90": 63848.89562459664,
      "p95": 69441.59551571547,
      "p99": 76732.23521202343
    }
  },
  "details": {
    "DNSDialup": {
      "average": 0.0008231908599999999,
      "fastest": 0.000082195,
      "slowest": 0.001869069
    },
    "DNSLookup": {
      "average": 0.000007999200000000001,
      "fastest": 0.000003907,
      "slowest": 0.000033413
    }
  },
  "statusCodeDistribution": {
    "200": 557277
  },
  "errorDistribution": {}
}