{
  "summary": {
    "successRate": 1,
    "total": 10.000461793,
    "slowest": 0.005323545,
    "fastest": 0.000133989,
    "average": 0.0008471012774436826,
    "requestsPerSec": 58915.179338258786,
    "totalData": 7659327,
    "sizePerRequest": 13,
    "sizePerSec": 765897.3313973643
  },
  "responseTimeHistogram": {
    "0.000133989": 1,
    "0.0006529445999999999": 163242,
    "0.0011719001999999999": 408337,
    "0.0016908557999999998": 17283,
    "0.0022098114": 205,
    "0.002728767": 44,
    "0.0032477226": 19,
    "0.0037666782": 15,
    "0.0042856338": 23,
    "0.0048045894": 8,
    "0.005323545": 2
  },
  "latencyPercentiles": {
    "p10": 0.000565635,
    "p25": 0.000630406,
    "p50": 0.000909213,
    "p75": 0.000987135,
    "p90": 0.001061752,
    "p95": 0.001127123,
    "p99": 0.001249107
  },
  "rps": {
    "mean": 58907.71382583978,
    "stddev": 10604.462571738028,
    "max": 86936.94664808351,
    "percentiles": {
      "p10": 50422.506521845884,
      "p25": 51634.51306999903,
      "p50": 53310.65146816508,
      "p75": 66279.63105608815,
      "p90": 77791.59291418568,
      "p95": 80496.06400278078,
      "p99": 84202.31289719458
    }
  },
  "details": {
    "DNSDialup": {
      "average": 0.0012681079799999999,
      "fastest": 0.00009753,
      "slowest": 0.002919401
    },
    "DNSLookup": {
      "average": 0.000013694299999999999,
      "fastest": 0.000003716,
      "slowest": 0.000352196
    }
  },
  "statusCodeDistribution": {
    "200": 589179
  },
  "errorDistribution": {}
}