{
  "summary": {
    "successRate": 1,
    "total": 10.000651006,
    "slowest": 0.004740835,
    "fastest": 0.000191516,
    "average": 0.0008682497604642932,
    "requestsPerSec": 57474.95834572672,
    "totalData": 7472231,
    "sizePerRequest": 13,
    "sizePerSec": 747174.4584944473
  },
  "responseTimeHistogram": {
    "0.000191516": 1,
    "0.0006464479": 85566,
    "0.0011013798": 457471,
    "0.0015563117000000001": 31440,
    "0.0020112436": 171,
    "0.0024661755": 53,
    "0.0029211074": 40,
    "0.0033760393": 7,
    "0.0038309712": 22,
    "0.0042859031": 15,
    "0.004740835": 1
  },
  "latencyPercentiles": {
    "p10": 0.000596733,
    "p25": 0.000763311,
    "p50": 0.000897562,
    "p75": 0.000984822,
    "p90": 0.001052006,
    "p95": 0.001109576,
    "p99": 0.001229564
  },
  "rps": {
    "mean": 57475.16859242504,
    "stddev": 6640.023395288105,
    "max": 83916.77858908918,
    "percentiles": {
      "p10": 52001.944872734,
      "p25": 52865.7757196819,
      "p50": 54620.43896826234,
      "p75": 61252.72634683943,
      "p90": 67414.11651599882,
      "p95": 70932.5871919791,
      "p99": 75656.99998378838
    }
  },
  "details": {
    "DNSDialup": {
      "average": 0.0008375627399999999,
      "fastest": 0.000103912,
      "slowest": 0.001665167
    },
    "DNSLookup": {
      "average": 0.0000252775,
      "fastest": 0.000003667,
      "slowest": 0.000926389
    }
  },
  "statusCodeDistribution": {
    "200": 574787
  },
  "errorDistribution": {}
}