{
  "summary": {
    "successRate": 1,
    "total": 10.00058413,
    "slowest": 0.004490129,
    "fastest": 0.000112899,
    "average": 0.0008842530067905983,
    "requestsPerSec": 56442.50302407086,
    "totalData": 7337954,
    "sizePerRequest": 13,
    "sizePerSec": 733752.5393129211
  },
  "responseTimeHistogram": {
    "0.000112899": 1,
    "0.000550622": 12694,
    "0.000988345": 460751,
    "0.001426068": 90257,
    "0.001863791": 595,
    "0.002301514": 35,
    "0.002739237": 73,
    "0.00317696": 14,
    "0.003614683": 19,
    "0.004052406": 7,
    "0.004490129": 12
  },
  "latencyPercentiles": {
    "p10": 0.000721659,
    "p25": 0.000824815,
    "p50": 0.000900066,
    "p75": 0.000962505,
    "p90": 0.001015292,
    "p95": 0.001057661,
    "p99": 0.00117163
  },
  "rps": {
    "mean": 56442.72242066438,
    "stddev": 3844.3148596378637,
    "max": 74046.5752958624,
    "percentiles": {
      "p10": 53577.62326057947,
      "p25": 54508.75748801479,
      "p50": 55527.562229161376,
      "p75": 57817.71993458672,
      "p90": 61096.425006402365,
      "p95": 63410.38471667775,
      "p99": 69518.89489207989
    }
  },
  "details": {
    "DNSDialup": {
      "average": 0.0008043686199999999,
      "fastest": 0.000115284,
      "slowest": 0.001290668
    },
    "DNSLookup": {
      "average": 0.00000680218,
      "fastest": 0.000003337,
      "slowest": 0.000031188
    }
  },
  "statusCodeDistribution": {
    "200": 564458
  },
  "errorDistribution": {}
}