{
  "summary": {
    "successRate": 1,
    "total": 10.00016964,
    "slowest": 0.006121297,
    "fastest": 0.000089077,
    "average": 0.0008008574440320788,
    "requestsPerSec": 62323.94273663542,
    "totalData": 8102250,
    "sizePerRequest": 13,
    "sizePerSec": 810211.2555762605
  },
  "responseTimeHistogram": {
    "0.000089077": 1,
    "0.0006922990000000001": 202957,
    "0.001295521": 415892,
    "0.001898743": 3226,
    "0.002501965": 589,
    "0.003105187": 205,
    "0.003708409": 217,
    "0.004311631": 78,
    "0.004914853": 33,
    "0.005518075000000001": 24,
    "0.006121297": 28
  },
  "latencyPercentiles": {
    "p10": 0.000530952,
    "p25": 0.000640186,
    "p50": 0.000816198,
    "p75": 0.000943004,
    "p90": 0.001030275,
    "p95": 0.001104898,
    "p99": 0.001260718
  },
  "rps": {
    "mean": 62324.391514618,
    "stddev": 9166.524048000245,
    "max": 89331.50490837649,
    "percentiles": {
      "p10": 52621.57126190311,
      "p25": 54919.93044275674,
      "p50": 61435.84078756562,
      "p75": 69001.24892260612,
      "p90": 74582.43622775098,
      "p95": 77372.13404057115,
      "p99": 84870.65482013607
    }
  },
  "details": {
    "DNSDialup": {
      "average": 0.0007938371000000001,
      "fastest": 0.000115366,
      "slowest": 0.001137599
    },
    "DNSLookup": {
      "average": 0.000006339860000000002,
      "fastest": 0.000003657,
      "slowest": 0.000022793
    }
  },
  "statusCodeDistribution": {
    "200": 623250
  },
  "errorDistribution": {}
}