{
  "summary": {
    "successRate": 1,
    "total": 10.000697476,
    "slowest": 0.004333506,
    "fastest": 0.000113071,
    "average": 0.0009283881477076726,
    "requestsPerSec": 53754.45075607045,
    "totalData": 6988566,
    "sizePerRequest": 13,
    "sizePerSec": 698807.8598289159
  },
  "responseTimeHistogram": {
    "0.000113071": 1,
    "0.0005351145": 6555,
    "0.0009571579999999999": 282976,
    "0.0013792015": 246428,
    "0.001801245": 1419,
    "0.0022232885": 67,
    "0.0026453320000000002": 61,
    "0.0030673755": 14,
    "0.003489419": 26,
    "0.0039114625": 19,
    "0.004333506": 16
  },
  "latencyPercentiles": {
    "p10": 0.000760719,
    "p25": 0.000867013,
    "p50": 0.000945954,
    "p75": 0.001011447,
    "p90": 0.001064801,
    "p95": 0.001104456,
    "p99": 0.001215728
  },
  "rps": {
    "mean": 53756.067654827435,
    "stddev": 3565.735044472933,
    "max": 74333.71262586831,
    "percentiles": {
      "p10": 51208.58255843621,
      "p25": 51956.61461573935,
      "p50": 52902.1636984957,
      "p75": 55158.26561152014,
      "p90": 58240.337257592095,
      "p95": 60341.074169188905,
      "p99": 63831.55832243637
    }
  },
  "details": {
    "DNSDialup": {
      "average": 0.00078703112,
      "fastest": 0.000099917,
      "slowest": 0.00112597
    },
    "DNSLookup": {
      "average": 0.000009767099999999995,
      "fastest": 0.000003236,
      "slowest": 0.000163535
    }
  },
  "statusCodeDistribution": {
    "200": 537582
  },
  "errorDistribution": {}
}