{
  "summary": {
    "successRate": 1,
    "total": 10.000416482,
    "slowest": 0.004770831,
    "fastest": 0.000204912,
    "average": 0.0008771506316744063,
    "requestsPerSec": 56895.930386912056,
    "totalData": 7396779,
    "sizePerRequest": 13,
    "sizePerSec": 739647.0950298568
  },
  "responseTimeHistogram": {
    "0.000204912": 1,
    "0.0006615039": 111821,
    "0.0011180958": 426886,
    "0.0015746877": 30022,
    "0.0020312795999999998": 117,
    "0.0024878714999999997": 54,
    "0.0029444633999999997": 18,
    "0.0034010552999999997": 22,
    "0.0038576471999999997": 22,
    "0.0043142391": 16,
    "0.004770831": 4
  },
  "latencyPercentiles": {
    "p10": 0.00057915,
    "p25": 0.00077816,
    "p50": 0.000926617,
    "p75": 0.000989865,
    "p90": 0.001064003,
    "p95": 0.001123575,
    "p99": 0.001234601
  },
  "rps": {
    "mean": 56876.10117456675,
    "stddev": 9091.517856257977,
    "max": 86810.37383967818,
    "percentiles": {
      "p10": 50907.23609283,
      "p25": 51832.13566344729,
      "p50": 52931.05995602528,
      "p75": 57035.144775546185,
      "p90": 72542.26796146516,
      "p95": 78438.16097674523,
      "p99": 84236.13401618548
    }
  },
  "details": {
    "DNSDialup": {
      "average": 0.0010568962,
      "fastest": 0.000087379,
      "slowest": 0.002359714
    },
    "DNSLookup": {
      "average": 0.000021692640000000002,
      "fastest": 0.000004158,
      "slowest": 0.00072465
    }
  },
  "statusCodeDistribution": {
    "200": 568983
  },
  "errorDistribution": {}
}