{
  "summary": {
    "successRate": 1,
    "total": 10.000200696,
    "slowest": 0.004922415,
    "fastest": 0.000197587,
    "average": 0.0008827892487790328,
    "requestsPerSec": 56531.3654381082,
    "totalData": 7349225,
    "sizePerRequest": 13,
    "sizePerSec": 734907.7506954066
  },
  "responseTimeHistogram": {
    "0.000197587": 1,
    "0.0006700698": 131792,
    "0.0011425526": 405947,
    "0.0016150354": 27264,
    "0.0020875182": 170,
    "0.002560001": 55,
    "0.0030324838": 29,
    "0.0035049666": 11,
    "0.0039774494": 23,
    "0.0044499322": 30,
    "0.004922415": 3
  },
  "latencyPercentiles": {
    "p10": 0.000590131,
    "p25": 0.000703798,
    "p50": 0.000940459,
    "p75": 0.001009628,
    "p90": 0.001078256,
    "p95": 0.001140302,
    "p99": 0.001259896
  },
  "rps": {
    "mean": 56525.859607792256,
    "stddev": 9600.465983479457,
    "max": 84120.74417551344,
    "percentiles": {
      "p10": 49544.123996831135,
      "p25": 50524.35053152608,
      "p50": 51827.04853662403,
      "p75": 61038.61302660092,
      "p90": 73357.34343535984,
      "p95": 77709.49610042402,
      "p99": 82403.81529665095
    }
  },
  "details": {
    "DNSDialup": {
      "average": 0.0010879885200000001,
      "fastest": 0.000095088,
      "slowest": 0.0024318
    },
    "DNSLookup": {
      "average": 0.0000072952999999999986,
      "fastest": 0.000003226,
      "slowest": 0.000030938
    }
  },
  "statusCodeDistribution": {
    "200": 565325
  },
  "errorDistribution": {}
}