{
  "summary": {
    "successRate": 1,
    "total": 10.000629257,
    "slowest": 0.00441721,
    "fastest": 0.00010705,
    "average": 0.0008463912605670733,
    "requestsPerSec": 58955.39019080347,
    "totalData": 7664683,
    "sizePerRequest": 13,
    "sizePerSec": 766420.0724804451
  },
  "responseTimeHistogram": {
    "0.00010705": 1,
    "0.000538066": 29892,
    "0.0009690820000000001": 416389,
    "0.0014000980000000002": 142492,
    "0.0018311140000000002": 617,
    "0.0022621300000000002": 100,
    "0.0026931460000000004": 34,
    "0.003124162": 21,
    "0.0035551780000000004": 7,
    "0.003986194": 17,
    "0.00441721": 21
  },
  "latencyPercentiles": {
    "p10": 0.000578992,
    "p25": 0.000727417,
    "p50": 0.000876226,
    "p75": 0.000966757,
    "p90": 0.001034297,
    "p95": 0.001094935,
    "p99": 0.001221714
  },
  "rps": {
    "mean": 58955.84210608542,
    "stddev": 7258.448171751095,
    "max": 83420.63826589743,
    "percentiles": {
      "p10": 52723.88281211905,
      "p25": 53716.09334156198,
      "p50": 55915.074704137216,
      "p75": 63506.66184882773,
      "p90": 70107.83104472954,
      "p95": 72923.17498501053,
      "p99": 76958.16498109492
    }
  },
  "details": {
    "DNSDialup": {
      "average": 0.0007966358,
      "fastest": 0.000134465,
      "slowest": 0.001133372
    },
    "DNSLookup": {
      "average": 0.000007489900000000001,
      "fastest": 0.000003937,
      "slowest": 0.000034795
    }
  },
  "statusCodeDistribution": {
    "200": 589591
  },
  "errorDistribution": {}
}