{
  "summary": {
    "successRate": 1,
    "total": 10.000366381,
    "slowest": 0.006052508,
    "fastest": 0.000079619,
    "average": 0.0007912689442682093,
    "requestsPerSec": 63076.5889936248,
    "totalData": 8200257,
    "sizePerRequest": 13,
    "sizePerSec": 819995.6569171224
  },
  "responseTimeHistogram": {
    "0.000079619": 1,
    "0.0006769078999999999": 227800,
    "0.0012741967999999998": 400581,
    "0.0018714856999999998": 2158,
    "0.0024687745999999997": 117,
    "0.0030660634999999997": 38,
    "0.0036633523999999996": 19,
    "0.0042606413000000004": 22,
    "0.0048579302": 2,
    "0.0054552190999999995": 14,
    "0.006052508": 37
  },
  "latencyPercentiles": {
    "p10": 0.00053267,
    "p25": 0.000590221,
    "p50": 0.000830564,
    "p75": 0.000946681,
    "p90": 0.001021962,
    "p95": 0.001080832,
    "p99": 0.001209393
  },
  "rps": {
    "mean": 63063.251852890724,
    "stddev": 11467.278264983039,
    "max": 88534.8473159028,
    "percentiles": {
      "p10": 52877.83087927143,
      "p25": 54050.84563048734,
      "p50": 56957.954718927096,
      "p75": 72732.59875075861,
      "p90": 81107.63222819196,
      "p95": 84301.72689384557,
      "p99": 87457.12547162158
    }
  },
  "details": {
    "DNSDialup": {
      "average": 0.0008324438599999999,
      "fastest": 0.000087226,
      "slowest": 0.001709375
    },
    "DNSLookup": {
      "average": 0.00002537246,
      "fastest": 0.000003888,
      "slowest": 0.000935427
    }
  },
  "statusCodeDistribution": {
    "200": 630789
  },
  "errorDistribution": {}
}