{
  "summary": {
    "successRate": 1,
    "total": 10.000156368,
    "slowest": 0.004197837,
    "fastest": 0.000121395,
    "average": 0.0007726135449145651,
    "requestsPerSec": 64598.289889460655,
    "totalData": 8397909,
    "sizePerRequest": 13,
    "sizePerSec": 839777.7685629885
  },
  "responseTimeHistogram": {
    "0.000121395": 1,
    "0.0005290392000000001": 79348,
    "0.0009366834000000001": 412356,
    "0.0013443276000000002": 153700,
    "0.0017519718000000002": 380,
    "0.002159616": 78,
    "0.0025672602": 41,
    "0.0029749044": 32,
    "0.0033825486": 33,
    "0.0037901928000000002": 14,
    "0.004197837": 10
  },
  "latencyPercentiles": {
    "p10": 0.000520583,
    "p25": 0.000574154,
    "p50": 0.000812111,
    "p75": 0.000932171,
    "p90": 0.001005309,
    "p95": 0.001063019,
    "p99": 0.001189451
  },
  "rps": {
    "mean": 64590.87627315105,
    "stddev": 11771.641143264578,
    "max": 91197.94846892892,
    "percentiles": {
      "p10": 53463.2553966788,
      "p25": 54735.682191220614,
      "p50": 59619.30473087124,
      "p75": 75027.41906579833,
      "p90": 82838.5199117584,
      "p95": 86022.3313972313,
      "p99": 89334.6529118633
    }
  },
  "details": {
    "DNSDialup": {
      "average": 0.0007551847799999999,
      "fastest": 0.000137921,
      "slowest": 0.001162518
    },
    "DNSLookup": {
      "average": 0.000007423999999999999,
      "fastest": 0.000003616,
      "slowest": 0.000036638
    }
  },
  "statusCodeDistribution": {
    "200": 645993
  },
  "errorDistribution": {}
}