{
  "summary": {
    "successRate": 1,
    "total": 10.000636016,
    "slowest": 0.004661406,
    "fastest": 0.000093899,
    "average": 0.0008278333318086636,
    "requestsPerSec": 60294.765156464426,
    "totalData": 7838818,
    "sizePerRequest": 13,
    "sizePerSec": 783831.9470340376
  },
  "responseTimeHistogram": {
    "0.000093899": 1,
    "0.0005506497000000001": 53462,
    "0.0010074004": 458937,
    "0.0014641511000000002": 89235,
    "0.0019209018": 1055,
    "0.0023776525000000002": 103,
    "0.0028344032000000006": 54,
    "0.0032911539000000005": 54,
    "0.0037479046000000005": 36,
    "0.0042046553": 34,
    "0.004661406": 15
  },
  "latencyPercentiles": {
    "p10": 0.000561251,
    "p25": 0.000668692,
    "p50": 0.000866989,
    "p75": 0.000968757,
    "p90": 0.001034115,
    "p95": 0.001082527,
    "p99": 0.00121252
  },
  "rps": {
    "mean": 60304.818094931325,
    "stddev": 7901.022161811177,
    "max": 87109.0854776107,
    "percentiles": {
      "p10": 52886.32105322427,
      "p25": 54209.91368330978,
      "p50": 59034.33262388584,
      "p75": 64508.39424454004,
      "p90": 71596.22532683943,
      "p95": 74747.51809529908,
      "p99": 83652.27854162718
    }
  },
  "details": {
    "DNSDialup": {
      "average": 0.0008014183199999998,
      "fastest": 0.000086021,
      "slowest": 0.001315673
    },
    "DNSLookup": {
      "average": 0.000006923879999999999,
      "fastest": 0.000003276,
      "slowest": 0.000026069
    }
  },
  "statusCodeDistribution": {
    "200": 602986
  },
  "errorDistribution": {}
}