{
  "summary": {
    "successRate": 1,
    "total": 10.000815908,
    "slowest": 0.005337007,
    "fastest": 0.000137632,
    "average": 0.0009402959305576853,
    "requestsPerSec": 53064.170451881495,
    "totalData": 6898905,
    "sizePerRequest": 13,
    "sizePerSec": 689834.2158744595
  },
  "responseTimeHistogram": {
    "0.000137632": 1,
    "0.0006575694999999999": 25493,
    "0.001177507": 489937,
    "0.0016974445": 14726,
    "0.002217382": 323,
    "0.0027373195": 98,
    "0.003257257": 51,
    "0.0037771945": 27,
    "0.004297132": 28,
    "0.0048170695": 0,
    "0.005337007": 1
  },
  "latencyPercentiles": {
    "p10": 0.000743336,
    "p25": 0.000859974,
    "p50": 0.000955488,
    "p75": 0.001035666,
    "p90": 0.001094696,
    "p95": 0.001139668,
    "p99": 0.001281247
  },
  "rps": {
    "mean": 53072.049558629325,
    "stddev": 4298.279134436555,
    "max": 78813.16968065298,
    "percentiles": {
      "p10": 49570.375061478284,
      "p25": 50553.5006493723,
      "p50": 51805.86964550415,
      "p75": 55065.9028725537,
      "p90": 59634.935474896345,
      "p95": 61299.75854146691,
      "p99": 63160.51408855262
    }
  },
  "details": {
    "DNSDialup": {
      "average": 0.0006634953800000001,
      "fastest": 0.000083354,
      "slowest": 0.001526705
    },
    "DNSLookup": {
      "average": 0.00000757908,
      "fastest": 0.000003647,
      "slowest": 0.000032169
    }
  },
  "statusCodeDistribution": {
    "200": 530685
  },
  "errorDistribution": {}
}