{
  "summary": {
    "successRate": 1,
    "total": 10.000579359,
    "slowest": 0.011829087,
    "fastest": 0.0000722,
    "average": 0.0008909413509248695,
    "requestsPerSec": 55966.85750974,
    "totalData": 7276113,
    "sizePerRequest": 13,
    "sizePerSec": 727569.14762662
  },
  "responseTimeHistogram": {
    "0.0000722": 1,
    "0.0012478887": 437719,
    "0.0024235774000000002": 121253,
    "0.0035992661000000003": 373,
    "0.0047749548": 309,
    "0.0059506435": 31,
    "0.0071263322": 5,
    "0.0083020209": 5,
    "0.0094777096": 3,
    "0.0106533983": 1,
    "0.011829087": 1
  },
  "latencyPercentiles": {
    "p10": 0.0005469,
    "p25": 0.0006204,
    "p50": 0.000678399,
    "p75": 0.001077699,
    "p90": 0.001640599,
    "p95": 0.001713898,
    "p99": 0.001839898
  },
  "rps": {
    "mean": 55973.52067476199,
    "stddev": 14925.013543263185,
    "max": 80140.96004468146,
    "percentiles": {
      "p10": 31926.21461482067,
      "p25": 45066.63803943098,
      "p50": 58129.71009483137,
      "p75": 68240.33686311914,
      "p90": 75212.96113126565,
      "p95": 77251.84371231821,
      "p99": 78611.87039242861
    }
  },
  "details": {
    "DNSDialup": {
      "average": 0.0014689843199999996,
      "fastest": 0.000086,
      "slowest": 0.002353598
    },
    "DNSLookup": {
      "average": 0.000008869999999999998,
      "fastest": 0.0000032,
      "slowest": 0.0001439
    }
  },
  "statusCodeDistribution": {
    "200": 559701
  },
  "errorDistribution": {}
}