{
  "summary": {
    "successRate": 1,
    "total": 10.000580677,
    "slowest": 0.004642953,
    "fastest": 0.000100556,
    "average": 0.0008598507198968163,
    "requestsPerSec": 58034.53006831835,
    "totalData": 7544927,
    "sizePerRequest": 13,
    "sizePerSec": 754448.8908881386
  },
  "responseTimeHistogram": {
    "0.000100556": 1,
    "0.0005547957": 38020,
    "0.0010090354": 442756,
    "0.0014632751": 98949,
    "0.0019175148": 485,
    "0.0023717545": 35,
    "0.0028259942": 70,
    "0.0032802339": 22,
    "0.0037344736": 8,
    "0.0041887133": 14,
    "0.004642953": 19
  },
  "latencyPercentiles": {
    "p10": 0.000584032,
    "p25": 0.000745693,
    "p50": 0.000889404,
    "p75": 0.000979801,
    "p90": 0.001051685,
    "p95": 0.001114442,
    "p99": 0.001246298
  },
  "rps": {
    "mean": 58031.24843905855,
    "stddev": 7576.139475600686,
    "max": 83262.24923933338,
    "percentiles": {
      "p10": 51730.241499179676,
      "p25": 52965.40167799456,
      "p50": 54587.04450116023,
      "p75": 62904.10857430223,
      "p90": 69546.4222368435,
      "p95": 72674.30948144977,
      "p99": 79213.68812530253
    }
  },
  "details": {
    "DNSDialup": {
      "average": 0.0007999922999999999,
      "fastest": 0.000149039,
      "slowest": 0.00129485
    },
    "DNSLookup": {
      "average": 0.00000838266,
      "fastest": 0.000003687,
      "slowest": 0.000033733
    }
  },
  "statusCodeDistribution": {
    "200": 580379
  },
  "errorDistribution": {}
}