{
  "summary": {
    "successRate": 1,
    "total": 10.00014682,
    "slowest": 0.006759003,
    "fastest": 0.000122258,
    "average": 0.0007841004911572548,
    "requestsPerSec": 63649.96549120666,
    "totalData": 8274617,
    "sizePerRequest": 13,
    "sizePerSec": 827449.5513856866
  },
  "responseTimeHistogram": {
    "0.000122258": 1,
    "0.0007859325": 284336,
    "0.0014496070000000001": 351822,
    "0.0021132815": 213,
    "0.002776956": 56,
    "0.0034406305000000002": 58,
    "0.004104305": 21,
    "0.0047679795": 0,
    "0.005431654": 0,
    "0.0060953285": 0,
    "0.006759003": 2
  },
  "latencyPercentiles": {
    "p10": 0.000522319,
    "p25": 0.00058021,
    "p50": 0.000827648,
    "p75": 0.000946456,
    "p90": 0.001021604,
    "p95": 0.001080121,
    "p99": 0.001202438
  },
  "rps": {
    "mean": 63649.16886654501,
    "stddev": 12005.051999101865,
    "max": 89734.94527976766,
    "percentiles": {
      "p10": 52571.379999732846,
      "p25": 53924.73527607019,
      "p50": 57412.62503625105,
      "p75": 73722.72134272012,
      "p90": 83193.63066348413,
      "p95": 85982.95635629272,
      "p99": 88706.8836541718
    }
  },
  "details": {
    "DNSDialup": {
      "average": 0.0007299483400000001,
      "fastest": 0.00008604,
      "slowest": 0.001450795
    },
    "DNSLookup": {
      "average": 0.000006672680000000001,
      "fastest": 0.000003827,
      "slowest": 0.000023674
    }
  },
  "statusCodeDistribution": {
    "200": 636509
  },
  "errorDistribution": {}
}