{
  "summary": {
    "successRate": 1,
    "total": 10.000389892,
    "slowest": 0.0046379,
    "fastest": 0.000186148,
    "average": 0.00091140659887867,
    "requestsPerSec": 54755.3651321178,
    "totalData": 7118475,
    "sizePerRequest": 13,
    "sizePerSec": 711819.7467175314
  },
  "responseTimeHistogram": {
    "0.000186148": 1,
    "0.0006313232000000001": 54242,
    "0.0010764984": 439697,
    "0.0015216736000000003": 53305,
    "0.0019668488000000005": 177,
    "0.0024120240000000005": 72,
    "0.002857199200000001": 31,
    "0.003302374400000001": 0,
    "0.003747549600000001": 34,
    "0.0041927248": 15,
    "0.0046379": 1
  },
  "latencyPercentiles": {
    "p10": 0.000632745,
    "p25": 0.000846022,
    "p50": 0.000939858,
    "p75": 0.001013835,
    "p90": 0.001075151,
    "p95": 0.00112248,
    "p99": 0.001225916
  },
  "rps": {
    "mean": 54746.17695211575,
    "stddev": 6777.57435799477,
    "max": 83038.42187779755,
    "percentiles": {
      "p10": 50599.825952820676,
      "p25": 51512.53299927365,
      "p50": 52405.02564195943,
      "p75": 53940.81249100592,
      "p90": 65134.4105090742,
      "p95": 71622.50379069702,
      "p99": 79243.47296926602
    }
  },
  "details": {
    "DNSDialup": {
      "average": 0.0009483202000000001,
      "fastest": 0.000101641,
      "slowest": 0.00163181
    },
    "DNSLookup": {
      "average": 0.000013052440000000002,
      "fastest": 0.000004629,
      "slowest": 0.000072375
    }
  },
  "statusCodeDistribution": {
    "200": 547575
  },
  "errorDistribution": {}
}