{
  "summary": {
    "successRate": 1,
    "total": 10.000617093,
    "slowest": 0.004130161,
    "fastest": 0.000133761,
    "average": 0.00091489563302254,
    "requestsPerSec": 54546.034002423934,
    "totalData": 7091422,
    "sizePerRequest": 13,
    "sizePerSec": 709098.4420315111
  },
  "responseTimeHistogram": {
    "0.000133761": 1,
    "0.0005334010000000001": 6045,
    "0.0009330410000000001": 276317,
    "0.001332681": 260973,
    "0.0017323210000000002": 1815,
    "0.0021319610000000004": 161,
    "0.002531601": 49,
    "0.0029312410000000002": 60,
    "0.0033308810000000004": 11,
    "0.0037305210000000005": 34,
    "0.004130161": 28
  },
  "latencyPercentiles": {
    "p10": 0.000759226,
    "p25": 0.00085229,
    "p50": 0.000928115,
    "p75": 0.000991381,
    "p90": 0.001049353,
    "p95": 0.001098395,
    "p99": 0.00120921
  },
  "rps": {
    "mean": 54540.759373303394,
    "stddev": 3600.1234862513834,
    "max": 74181.96365163564,
    "percentiles": {
      "p10": 52014.772195307196,
      "p25": 52916.025794798814,
      "p50": 53911.650307634125,
      "p75": 55671.62184297379,
      "p90": 58523.087357963996,
      "p95": 60819.25537625848,
      "p99": 65824.13771129785
    }
  },
  "details": {
    "DNSDialup": {
      "average": 0.0007977863,
      "fastest": 0.000098462,
      "slowest": 0.001360857
    },
    "DNSLookup": {
      "average": 0.000007840680000000001,
      "fastest": 0.000003486,
      "slowest": 0.000030397
    }
  },
  "statusCodeDistribution": {
    "200": 545494
  },
  "errorDistribution": {}
}