{
  "summary": {
    "successRate": 1,
    "total": 10.000899379,
    "slowest": 0.013934733,
    "fastest": 0.000091901,
    "average": 0.0014221800131054847,
    "requestsPerSec": 35043.24828384017,
    "totalData": 4556032,
    "sizePerRequest": 13,
    "sizePerSec": 455562.22768992226
  },
  "responseTimeHistogram": {
    "0.000091901": 1,
    "0.0014761841999999998": 256950,
    "0.0028604674": 66255,
    "0.0042447506": 25370,
    "0.0056290338": 1381,
    "0.007013317": 286,
    "0.008397600199999999": 149,
    "0.0097818834": 40,
    "0.0111661666": 17,
    "0.012550449799999999": 7,
    "0.013934733": 8
  },
  "latencyPercentiles": {
    "p10": 0.000867608,
    "p25": 0.00097441,
    "p50": 0.001140011,
    "p75": 0.001527004,
    "p90": 0.002716226,
    "p95": 0.003047408,
    "p99": 0.003813236
  },
  "rps": {
    "mean": 35023.38859170926,
    "stddev": 11416.056107878467,
    "max": 54453.5863402715,
    "percentiles": {
      "p10": 17124.848709516547,
      "p25": 24943.156649635308,
      "p50": 37730.95825124379,
      "p75": 44414.07270613801,
      "p90": 48742.94873963752,
      "p95": 50400.01008000169,
      "p99": 52671.28344538692
    }
  },
  "details": {
    "DNSDialup": {
      "average": 0.0022268578200000002,
      "fastest": 0.000100801,
      "slowest": 0.002485624
    },
    "DNSLookup": {
      "average": 0.00001314014,
      "fastest": 0.0000048,
      "slowest": 0.000106401
    }
  },
  "statusCodeDistribution": {
    "200": 350464
  },
  "errorDistribution": {}
}