{
  "summary": {
    "successRate": 1,
    "total": 10.000631873,
    "slowest": 0.004759445,
    "fastest": 0.000095088,
    "average": 0.0008930391220370999,
    "requestsPerSec": 55882.768918715505,
    "totalData": 7265219,
    "sizePerRequest": 13,
    "sizePerSec": 726475.9959433016
  },
  "responseTimeHistogram": {
    "0.000095088": 1,
    "0.0005615237": 16112,
    "0.0010279593999999999": 482961,
    "0.0014943950999999997": 59264,
    "0.0019608308": 356,
    "0.0024272665": 59,
    "0.0028937022": 42,
    "0.0033601379": 28,
    "0.0038265736": 29,
    "0.0042930093": 10,
    "0.004759445": 1
  },
  "latencyPercentiles": {
    "p10": 0.000714077,
    "p25": 0.000830917,
    "p50": 0.000909604,
    "p75": 0.000975493,
    "p90": 0.001032364,
    "p95": 0.001079424,
    "p99": 0.001195139
  },
  "rps": {
    "mean": 55883.38467825802,
    "stddev": 4003.0221587835795,
    "max": 79729.14954872277,
    "percentiles": {
      "p10": 52958.455543228665,
      "p25": 53889.3643307122,
      "p50": 54867.81662134235,
      "p75": 57134.686468155065,
      "p90": 60935.16027901794,
      "p95": 63702.841146716775,
      "p99": 67382.49639033528
    }
  },
  "details": {
    "DNSDialup": {
      "average": 0.0007107643000000001,
      "fastest": 0.000072405,
      "slowest": 0.001535785
    },
    "DNSLookup": {
      "average": 0.0000064679599999999995,
      "fastest": 0.000002946,
      "slowest": 0.000030878
    }
  },
  "statusCodeDistribution": {
    "200": 558863
  },
  "errorDistribution": {}
}