{
  "summary": {
    "successRate": 1,
    "total": 10.000252966,
    "slowest": 0.016870984,
    "fastest": 0.000066101,
    "average": 0.00095175887920832,
    "requestsPerSec": 52397.974509398024,
    "totalData": 6811909,
    "sizePerRequest": 13,
    "sizePerSec": 681173.6686221743
  },
  "responseTimeHistogram": {
    "0.000066101": 1,
    "0.0017465893": 464492,
    "0.0034270776": 58007,
    "0.0051075659": 620,
    "0.0067880542": 338,
    "0.0084685425": 243,
    "0.010149030800000002": 203,
    "0.011829519100000001": 36,
    "0.013510007400000001": 47,
    "0.0151904957": 1,
    "0.016870984": 5
  },
  "latencyPercentiles": {
    "p10": 0.000609906,
    "p25": 0.000725108,
    "p50": 0.000811009,
    "p75": 0.000896909,
    "p90": 0.00187922,
    "p95": 0.002055523,
    "p99": 0.002333426
  },
  "rps": {
    "mean": 52370.04920451289,
    "stddev": 15596.271646036354,
    "max": 68439.12951234198,
    "percentiles": {
      "p10": 24762.875416970346,
      "p25": 40160.20306605215,
      "p50": 60923.09594566975,
      "p75": 64315.371373751965,
      "p90": 65484.60765744968,
      "p95": 66003.24075912115,
      "p99": 66994.85400822309
    }
  },
  "details": {
    "DNSDialup": {
      "average": 0.0017160027000000001,
      "fastest": 0.000161302,
      "slowest": 0.002087322
    },
    "DNSLookup": {
      "average": 0.000009572060000000003,
      "fastest": 0.0000042,
      "slowest": 0.0000733
    }
  },
  "statusCodeDistribution": {
    "200": 523993
  },
  "errorDistribution": {}
}