{
  "summary": {
    "successRate": 1,
    "total": 10.000665446,
    "slowest": 0.017310929,
    "fastest": 0.000111101,
    "average": 0.0012438169784425707,
    "requestsPerSec": 40043.83529899757,
    "totalData": 5206045,
    "sizePerRequest": 13,
    "sizePerSec": 520569.85888696834
  },
  "responseTimeHistogram": {
    "0.000111101": 1,
    "0.0018310838": 355292,
    "0.0035510666": 39438,
    "0.005271049399999999": 3762,
    "0.0069910321999999995": 1191,
    "0.008711015": 440,
    "0.0104309978": 243,
    "0.0121509806": 35,
    "0.0138709634": 33,
    "0.0155909462": 29,
    "0.017310929": 1
  },
  "latencyPercentiles": {
    "p10": 0.000827911,
    "p25": 0.000914412,
    "p50": 0.001029714,
    "p75": 0.001192224,
    "p90": 0.002129828,
    "p95": 0.002762854,
    "p99": 0.004137081
  },
  "rps": {
    "mean": 40000.168426816774,
    "stddev": 12414.66702766079,
    "max": 58276.17785120879,
    "percentiles": {
      "p10": 18407.37031107254,
      "p25": 31781.37621379552,
      "p50": 45270.47707871821,
      "p75": 49484.1006480513,
      "p90": 51924.233039559585,
      "p95": 52917.29337147699,
      "p99": 55043.30807479424
    }
  },
  "details": {
    "DNSDialup": {
      "average": 0.00238798476,
      "fastest": 0.000134403,
      "slowest": 0.004027478
    },
    "DNSLookup": {
      "average": 0.000011612239999999996,
      "fastest": 0.0000063,
      "slowest": 0.000062902
    }
  },
  "statusCodeDistribution": {
    "200": 400465
  },
  "errorDistribution": {}
}