{
  "summary": {
    "successRate": 1,
    "total": 10.000596897,
    "slowest": 0.00402642,
    "fastest": 0.000175455,
    "average": 0.0008769014346049663,
    "requestsPerSec": 56909.203106739325,
    "totalData": 7398638,
    "sizePerRequest": 13,
    "sizePerSec": 739819.6403876112
  },
  "responseTimeHistogram": {
    "0.000175455": 1,
    "0.0005605515": 18765,
    "0.000945648": 377405,
    "0.0013307445": 171122,
    "0.0017158409999999999": 1654,
    "0.0021009375": 17,
    "0.0024860340000000002": 36,
    "0.0028711305": 53,
    "0.003256227": 14,
    "0.0036413235": 21,
    "0.004026419999999999": 38
  },
  "latencyPercentiles": {
    "p10": 0.000687852,
    "p25": 0.000814474,
    "p50": 0.000893675,
    "p75": 0.000959544,
    "p90": 0.00101642,
    "p95": 0.001065122,
    "p99": 0.001192737
  },
  "rps": {
    "mean": 56895.89199659965,
    "stddev": 4271.473331426351,
    "max": 82305.47446552795,
    "percentiles": {
      "p10": 53795.00736250049,
      "p25": 54757.642472729895,
      "p50": 55871.23582567772,
      "p75": 58407.13735218484,
      "p90": 61921.8769991458,
      "p95": 65105.02090922846,
      "p99": 70021.45457368247
    }
  },
  "details": {
    "DNSDialup": {
      "average": 0.0007701455,
      "fastest": 0.000099546,
      "slowest": 0.001019052
    },
    "DNSLookup": {
      "average": 0.000006498259999999999,
      "fastest": 0.000003577,
      "slowest": 0.000028844
    }
  },
  "statusCodeDistribution": {
    "200": 569126
  },
  "errorDistribution": {}
}