{
  "summary": {
    "successRate": 1,
    "total": 10.00106996,
    "slowest": 0.037261891,
    "fastest": 0.000733804,
    "average": 0.007508752471547251,
    "requestsPerSec": 6654.188028497702,
    "totalData": 865137,
    "sizePerRequest": 13,
    "sizePerSec": 86504.44437047013
  },
  "responseTimeHistogram": {
    "0.000733804": 1,
    "0.0043866127000000005": 103,
    "0.0080394214": 57068,
    "0.011692230100000001": 6672,
    "0.0153450388": 1874,
    "0.0189978475": 573,
    "0.022650656200000004": 167,
    "0.026303464900000004": 51,
    "0.029956273600000003": 16,
    "0.0336090823": 11,
    "0.037261891": 13
  },
  "latencyPercentiles": {
    "p10": 0.006721937,
    "p25": 0.006786835,
    "p50": 0.006870335,
    "p75": 0.007081737,
    "p90": 0.00968565,
    "p95": 0.011406558,
    "p99": 0.015844381
  },
  "rps": {
    "mean": 6661.891847459093,
    "stddev": 1298.4972180028678,
    "max": 11631.577406342507,
    "percentiles": {
      "p10": 4609.701577940455,
      "p25": 6861.789730342744,
      "p50": 7250.4420503883,
      "p75": 7340.260595339921,
      "p90": 7425.43061476926,
      "p95": 7446.727470202956,
      "p99": 7497.27489254776
    }
  },
  "details": {
    "DNSDialup": {
      "average": 0.00141697324,
      "fastest": 0.0000728,
      "slowest": 0.001595908
    },
    "DNSLookup": {
      "average": 0.000004832,
      "fastest": 0.0000037,
      "slowest": 0.0000476
    }
  },
  "statusCodeDistribution": {
    "200": 66549
  },
  "errorDistribution": {}
}