{
  "summary": {
    "successRate": 1,
    "total": 10.000685745,
    "slowest": 0.353146983,
    "fastest": 0.00127943,
    "average": 0.007908252783038975,
    "requestsPerSec": 6314.0670160114105,
    "totalData": 820885,
    "sizePerRequest": 13,
    "sizePerSec": 82082.87120814834
  },
  "responseTimeHistogram": {
    "0.00127943": 1,
    "0.036466185299999995": 63105,
    "0.07165294059999999": 7,
    "0.10683969589999999": 6,
    "0.1420264512": 5,
    "0.17721320649999997": 4,
    "0.21239996179999998": 4,
    "0.2475867171": 3,
    "0.2827734724": 4,
    "0.3179602277": 2,
    "0.35314698299999997": 4
  },
  "latencyPercentiles": {
    "p10": 0.006477953,
    "p25": 0.007302199,
    "p50": 0.007510476,
    "p75": 0.008115195,
    "p90": 0.009246478,
    "p95": 0.010351203,
    "p99": 0.011898241
  },
  "rps": {
    "mean": 6311.6457869528285,
    "stddev": 997.1980198827965,
    "max": 8325.532743818514,
    "percentiles": {
      "p10": 4854.724395273197,
      "p25": 5865.803166501994,
      "p50": 6590.760706614631,
      "p75": 6795.135980812867,
      "p90": 7261.43244462441,
      "p95": 7978.05408999497,
      "p99": 8237.02460188269
    }
  },
  "details": {
    "DNSDialup": {
      "average": 0.0007955998399999999,
      "fastest": 0.000107942,
      "slowest": 0.001851674
    },
    "DNSLookup": {
      "average": 0.000007970400000000002,
      "fastest": 0.000003727,
      "slowest": 0.000040456
    }
  },
  "statusCodeDistribution": {
    "200": 63145
  },
  "errorDistribution": {}
}