{
  "summary": {
    "successRate": 1,
    "total": 10.000214981,
    "slowest": 0.080837224,
    "fastest": 0.0061105,
    "average": 0.0077866950751887725,
    "requestsPerSec": 6413.062131348995,
    "totalData": 833716,
    "sizePerRequest": 13,
    "sizePerSec": 83369.80770753694
  },
  "responseTimeHistogram": {
    "0.0061105": 1,
    "0.0135831724": 63443,
    "0.0210558448": 637,
    "0.0285285172": 1,
    "0.0360011896": 0,
    "0.043473861999999995": 0,
    "0.0509465344": 0,
    "0.0584192068": 0,
    "0.0658918792": 9,
    "0.07336455160000001": 14,
    "0.080837224": 27
  },
  "latencyPercentiles": {
    "p10": 0.006287198,
    "p25": 0.006898394,
    "p50": 0.007539752,
    "p75": 0.007903964,
    "p90": 0.00924774,
    "p95": 0.010744863,
    "p99": 0.013715639
  },
  "rps": {
    "mean": 6444.067870495181,
    "stddev": 998.1460388002986,
    "max": 7966.448143968485,
    "percentiles": {
      "p10": 5040.095471504545,
      "p25": 6147.576710923388,
      "p50": 6588.481995503262,
      "p75": 6774.6039713133,
      "p90": 7764.600701375262,
      "p95": 7864.518147527283,
      "p99": 7934.084828422396
    }
  },
  "details": {
    "DNSDialup": {
      "average": 0.0009333185999999998,
      "fastest": 0.000114215,
      "slowest": 0.002114787
    },
    "DNSLookup": {
      "average": 0.000007830039999999999,
      "fastest": 0.000004308,
      "slowest": 0.0000266
    }
  },
  "statusCodeDistribution": {
    "200": 64132
  },
  "errorDistribution": {}
}