{
  "summary": {
    "successRate": 1,
    "total": 10.000592379,
    "slowest": 0.370966969,
    "fastest": 0.001329972,
    "average": 0.007940404332755703,
    "requestsPerSec": 6289.227439373869,
    "totalData": 817648,
    "sizePerRequest": 13,
    "sizePerSec": 81759.9567118603
  },
  "responseTimeHistogram": {
    "0.001329972": 1,
    "0.0382936717": 62856,
    "0.0752573714": 7,
    "0.1122210711": 6,
    "0.1491847708": 5,
    "0.1861484705": 4,
    "0.22311217020000002": 4,
    "0.2600758699": 3,
    "0.2970395696": 4,
    "0.3340032693": 3,
    "0.370966969": 3
  },
  "latencyPercentiles": {
    "p10": 0.006395026,
    "p25": 0.007130795,
    "p50": 0.00775882,
    "p75": 0.008016516,
    "p90": 0.009421207,
    "p95": 0.010573525,
    "p99": 0.012539242
  },
  "rps": {
    "mean": 6289.74811533207,
    "stddev": 1034.7779703173608,
    "max": 8090.627160134435,
    "percentiles": {
      "p10": 4811.852555213957,
      "p25": 6124.079882096369,
      "p50": 6406.171705821228,
      "p75": 6641.992001833897,
      "p90": 7657.458505643214,
      "p95": 7813.829697181063,
      "p99": 7962.2665166127435
    }
  },
  "details": {
    "DNSDialup": {
      "average": 0.0007163043799999999,
      "fastest": 0.00007616,
      "slowest": 0.00138779
    },
    "DNSLookup": {
      "average": 0.000008169080000000001,
      "fastest": 0.000003506,
      "slowest": 0.000034264
    }
  },
  "statusCodeDistribution": {
    "200": 62896
  },
  "errorDistribution": {}
}