{
  "summary": {
    "successRate": 1,
    "total": 10.000702138,
    "slowest": 0.064191725,
    "fastest": 0.000391904,
    "average": 0.007697325767617715,
    "requestsPerSec": 6490.144302305987,
    "totalData": 843778,
    "sizePerRequest": 13,
    "sizePerSec": 84371.87592997783
  },
  "responseTimeHistogram": {
    "0.000391904": 1,
    "0.006771886100000001": 1422,
    "0.013151868200000002": 61778,
    "0.0195318503": 1523,
    "0.0259118324": 121,
    "0.0322918145": 11,
    "0.0386717966": 0,
    "0.0450517787": 4,
    "0.051431760800000004": 10,
    "0.057811742900000004": 15,
    "0.064191725": 21
  },
  "latencyPercentiles": {
    "p10": 0.006842363,
    "p25": 0.006892863,
    "p50": 0.006969964,
    "p75": 0.007178666,
    "p90": 0.010298795,
    "p95": 0.011924335,
    "p99": 0.015873179
  },
  "rps": {
    "mean": 6506.140820106217,
    "stddev": 1341.7687046664712,
    "max": 10110.906634987165,
    "percentiles": {
      "p10": 4250.6632299717385,
      "p25": 6671.645466333701,
      "p50": 7145.811080254701,
      "p75": 7233.351537268384,
      "p90": 7294.100460632824,
      "p95": 7315.734682154292,
      "p99": 7369.779868554178
    }
  },
  "details": {
    "DNSDialup": {
      "average": 0.0020076847,
      "fastest": 0.000071501,
      "slowest": 0.003910244
    },
    "DNSLookup": {
      "average": 0.00000493608,
      "fastest": 0.0000032,
      "slowest": 0.0000501
    }
  },
  "statusCodeDistribution": {
    "200": 64906
  },
  "errorDistribution": {}
}