{
  "summary": {
    "successRate": 1,
    "total": 10.000576491,
    "slowest": 0.137239352,
    "fastest": 0.006333963,
    "average": 0.008222504332471745,
    "requestsPerSec": 6073.249882610192,
    "totalData": 789568,
    "sizePerRequest": 13,
    "sizePerSec": 78952.2484739325
  },
  "responseTimeHistogram": {
    "0.006333963": 1,
    "0.019424501900000002": 60675,
    "0.0325150408": 10,
    "0.045605579699999996": 0,
    "0.0586961186": 0,
    "0.0717866575": 0,
    "0.0848771964": 0,
    "0.0979677353": 0,
    "0.1110582742": 0,
    "0.1241488131": 13,
    "0.137239352": 37
  },
  "latencyPercentiles": {
    "p10": 0.006790675,
    "p25": 0.007673149,
    "p50": 0.007843411,
    "p75": 0.008134083,
    "p90": 0.009696198,
    "p95": 0.010932075,
    "p99": 0.013697952
  },
  "rps": {
    "mean": 6137.089980369449,
    "stddev": 870.6781212224041,
    "max": 7700.029543797655,
    "percentiles": {
      "p10": 4790.856680605506,
      "p25": 6016.0942553521245,
      "p50": 6331.731472273762,
      "p75": 6464.625568887048,
      "p90": 7076.750186472705,
      "p95": 7424.167148903241,
      "p99": 7588.270557257139
    }
  },
  "details": {
    "DNSDialup": {
      "average": 0.0007823250000000001,
      "fastest": 0.00009607,
      "slowest": 0.001127653
    },
    "DNSLookup": {
      "average": 0.000007665499999999998,
      "fastest": 0.000004178,
      "slowest": 0.000027953
    }
  },
  "statusCodeDistribution": {
    "200": 60736
  },
  "errorDistribution": {}
}