{
  "summary": {
    "successRate": 1,
    "total": 10.000362806,
    "slowest": 0.035716096,
    "fastest": 0.006038034,
    "average": 0.007738257052497836,
    "requestsPerSec": 6453.365868014289,
    "totalData": 838968,
    "sizePerRequest": 13,
    "sizePerSec": 83893.75628418576
  },
  "responseTimeHistogram": {
    "0.006038034": 1,
    "0.0090058402": 57324,
    "0.0119736464": 5602,
    "0.014941452600000002": 1396,
    "0.0179092588": 144,
    "0.020877065": 26,
    "0.023844871200000003": 10,
    "0.026812677400000002": 6,
    "0.0297804836": 9,
    "0.0327482898": 10,
    "0.035716095999999996": 8
  },
  "latencyPercentiles": {
    "p10": 0.006267818,
    "p25": 0.006896524,
    "p50": 0.007522871,
    "p75": 0.007959214,
    "p90": 0.00924594,
    "p95": 0.010601746,
    "p99": 0.013544394
  },
  "rps": {
    "mean": 6454.309819672365,
    "stddev": 1007.2665170683356,
    "max": 8047.752142110301,
    "percentiles": {
      "p10": 4960.7021276550595,
      "p25": 6109.150897128616,
      "p50": 6592.934666350518,
      "p75": 6848.9978611558245,
      "p90": 7764.078492615046,
      "p95": 7895.146782418905,
      "p99": 8024.372426370407
    }
  },
  "details": {
    "DNSDialup": {
      "average": 0.0008792359199999999,
      "fastest": 0.000114017,
      "slowest": 0.001773482
    },
    "DNSLookup": {
      "average": 0.00002462428,
      "fastest": 0.000003828,
      "slowest": 0.000886433
    }
  },
  "statusCodeDistribution": {
    "200": 64536
  },
  "errorDistribution": {}
}