{
  "summary": {
    "successRate": 1,
    "total": 10.000265743,
    "slowest": 0.075306399,
    "fastest": 0.006154766,
    "average": 0.007888227572204825,
    "requestsPerSec": 6330.431773206929,
    "totalData": 822978,
    "sizePerRequest": 13,
    "sizePerSec": 82295.61305169007
  },
  "responseTimeHistogram": {
    "0.006154766": 1,
    "0.013069929299999998": 62527,
    "0.019985092599999997": 725,
    "0.026900255899999996": 3,
    "0.033815419199999995": 0,
    "0.040730582499999994": 0,
    "0.04764574579999999": 0,
    "0.05456090909999999": 0,
    "0.06147607239999999": 9,
    "0.0683912357": 14,
    "0.075306399": 27
  },
  "latencyPercentiles": {
    "p10": 0.006356755,
    "p25": 0.007384868,
    "p50": 0.007613143,
    "p75": 0.008034914,
    "p90": 0.009268921,
    "p95": 0.010650269,
    "p99": 0.01360477
  },
  "rps": {
    "mean": 6357.424433372042,
    "stddev": 937.2703786427348,
    "max": 7913.888874974985,
    "percentiles": {
      "p10": 5041.908850557424,
      "p25": 6070.238732372269,
      "p50": 6522.746774827809,
      "p75": 6658.827410760498,
      "p90": 7667.46835428986,
      "p95": 7803.963633129534,
      "p99": 7866.740640924671
    }
  },
  "details": {
    "DNSDialup": {
      "average": 0.0009517568599999999,
      "fastest": 0.000104186,
      "slowest": 0.002324453
    },
    "DNSLookup": {
      "average": 0.000010820920000000003,
      "fastest": 0.00000507,
      "slowest": 0.00004227
    }
  },
  "statusCodeDistribution": {
    "200": 63306
  },
  "errorDistribution": {}
}