{
  "summary": {
    "successRate": 1,
    "total": 10.00044624,
    "slowest": 0.032290364,
    "fastest": 0.003305017,
    "average": 0.0077787260630986545,
    "requestsPerSec": 6419.813522241383,
    "totalData": 834613,
    "sizePerRequest": 13,
    "sizePerSec": 83457.57578913798
  },
  "responseTimeHistogram": {
    "0.003305017": 1,
    "0.0062035517000000005": 2295,
    "0.0091020864": 54487,
    "0.0120006211": 5618,
    "0.014899155800000001": 1523,
    "0.0177976905": 210,
    "0.0206962252": 29,
    "0.0235947599": 9,
    "0.0264932946": 9,
    "0.029391829300000002": 10,
    "0.032290364": 10
  },
  "latencyPercentiles": {
    "p10": 0.006284059,
    "p25": 0.006775456,
    "p50": 0.007559891,
    "p75": 0.00802386,
    "p90": 0.009455629,
    "p95": 0.010880744,
    "p99": 0.013976513
  },
  "rps": {
    "mean": 6419.635021474149,
    "stddev": 1032.8794991222019,
    "max": 7956.511921574767,
    "percentiles": {
      "p10": 4935.829681239359,
      "p25": 6068.336140107246,
      "p50": 6553.2464379573785,
      "p75": 6901.542494747697,
      "p90": 7760.963141573266,
      "p95": 7853.940075041162,
      "p99": 7919.014345344636
    }
  },
  "details": {
    "DNSDialup": {
      "average": 0.00077984602,
      "fastest": 0.000073274,
      "slowest": 0.001806912
    },
    "DNSLookup": {
      "average": 0.000008327919999999998,
      "fastest": 0.000003968,
      "slowest": 0.00003228
    }
  },
  "statusCodeDistribution": {
    "200": 64201
  },
  "errorDistribution": {}
}