{
  "summary": {
    "successRate": 1,
    "total": 10.000628497,
    "slowest": 0.340380657,
    "fastest": 0.001317789,
    "average": 0.007565531775601396,
    "requestsPerSec": 6600.785142634021,
    "totalData": 858156,
    "sizePerRequest": 13,
    "sizePerSec": 85810.20685424228
  },
  "responseTimeHistogram": {
    "0.001317789": 1,
    "0.0352240758": 65971,
    "0.0691303626": 8,
    "0.1030366494": 6,
    "0.1369429362": 4,
    "0.170849223": 5,
    "0.2047555098": 4,
    "0.2386617966": 3,
    "0.2725680834": 4,
    "0.3064743702": 3,
    "0.340380657": 3
  },
  "latencyPercentiles": {
    "p10": 0.0066323,
    "p25": 0.007120967,
    "p50": 0.007200876,
    "p75": 0.007639134,
    "p90": 0.008786244,
    "p95": 0.009571241,
    "p99": 0.011281497
  },
  "rps": {
    "mean": 6598.907584765504,
    "stddev": 917.9468811000879,
    "max": 8525.78539587685,
    "percentiles": {
      "p10": 5351.433159236591,
      "p25": 6334.632703918492,
      "p50": 6904.76705117176,
      "p75": 7005.847079973401,
      "p90": 7182.841870140805,
      "p95": 7866.819982247163,
      "p99": 8395.044496265251
    }
  },
  "details": {
    "DNSDialup": {
      "average": 0.00049744264,
      "fastest": 0.000081613,
      "slowest": 0.000909367
    },
    "DNSLookup": {
      "average": 0.000006708119999999999,
      "fastest": 0.000003517,
      "slowest": 0.000032841
    }
  },
  "statusCodeDistribution": {
    "200": 66012
  },
  "errorDistribution": {}
}