{
  "summary": {
    "successRate": 1,
    "total": 10.000709567,
    "slowest": 0.368018093,
    "fastest": 0.001365567,
    "average": 0.007708277207429271,
    "requestsPerSec": 6479.340247397868,
    "totalData": 842374,
    "sizePerRequest": 13,
    "sizePerSec": 84231.42321617228
  },
  "responseTimeHistogram": {
    "0.001365567": 1,
    "0.038030819599999995": 64758,
    "0.07469607219999999": 7,
    "0.11136132479999998": 6,
    "0.1480265774": 5,
    "0.18469183": 4,
    "0.22135708259999998": 4,
    "0.2580223352": 3,
    "0.2946875878": 4,
    "0.33135284039999996": 3,
    "0.368018093": 3
  },
  "latencyPercentiles": {
    "p10": 0.006289213,
    "p25": 0.007141949,
    "p50": 0.007465432,
    "p75": 0.007679655,
    "p90": 0.009196797,
    "p95": 0.010251281,
    "p99": 0.012161197
  },
  "rps": {
    "mean": 6479.332993104282,
    "stddev": 1054.577559878769,
    "max": 8228.316929882614,
    "percentiles": {
      "p10": 4866.422777778444,
      "p25": 6358.1843810898845,
      "p50": 6667.049180195324,
      "p75": 6851.005047477793,
      "p90": 7774.840615767076,
      "p95": 7963.052243973027,
      "p99": 8160.190380263588
    }
  },
  "details": {
    "DNSDialup": {
      "average": 0.0006613427999999999,
      "fastest": 0.00009081,
      "slowest": 0.001153068
    },
    "DNSLookup": {
      "average": 0.00000759154,
      "fastest": 0.000003957,
      "slowest": 0.000033062
    }
  },
  "statusCodeDistribution": {
    "200": 64798
  },
  "errorDistribution": {}
}