{
  "summary": {
    "successRate": 1,
    "total": 10.00079502,
    "slowest": 0.063682372,
    "fastest": 0.000313202,
    "average": 0.0063742827572846735,
    "requestsPerSec": 7837.776881062402,
    "totalData": 1018992,
    "sizePerRequest": 13,
    "sizePerSec": 101891.09945381123
  },
  "responseTimeHistogram": {
    "0.000313202": 1,
    "0.006650119": 66484,
    "0.012987036": 11114,
    "0.019323952999999998": 688,
    "0.02566087": 47,
    "0.031997787": 0,
    "0.038334704": 0,
    "0.044671621": 1,
    "0.051008538": 9,
    "0.057345455": 15,
    "0.063682372": 25
  },
  "latencyPercentiles": {
    "p10": 0.005742742,
    "p25": 0.005784442,
    "p50": 0.005847343,
    "p75": 0.006014945,
    "p90": 0.008125761,
    "p95": 0.00947877,
    "p99": 0.012994296
  },
  "rps": {
    "mean": 7853.928928427438,
    "stddev": 1393.6055528846614,
    "max": 10101.743560939542,
    "percentiles": {
      "p10": 5806.344011466968,
      "p25": 7801.502569394804,
      "p50": 8514.327058140581,
      "p75": 8613.028066252507,
      "p90": 8683.996827715748,
      "p95": 8717.895223525704,
      "p99": 8788.96808725631
    }
  },
  "details": {
    "DNSDialup": {
      "average": 0.00125913132,
      "fastest": 0.000070801,
      "slowest": 0.00139601
    },
    "DNSLookup": {
      "average": 0.000003914060000000003,
      "fastest": 0.0000028,
      "slowest": 0.0000429
    }
  },
  "statusCodeDistribution": {
    "200": 78384
  },
  "errorDistribution": {}
}