{
  "summary": {
    "successRate": 1,
    "total": 10.000218599,
    "slowest": 0.034485003,
    "fastest": 0.006076179,
    "average": 0.0080197985116594,
    "requestsPerSec": 6226.663885750124,
    "totalData": 809484,
    "sizePerRequest": 13,
    "sizePerSec": 80946.63051475161
  },
  "responseTimeHistogram": {
    "0.006076179": 1,
    "0.0089170614": 53630,
    "0.0117579438": 7014,
    "0.014598826200000001": 1285,
    "0.0174397086": 252,
    "0.020280591": 41,
    "0.023121473400000002": 11,
    "0.0259623558": 9,
    "0.0288032382": 5,
    "0.0316441206": 9,
    "0.034485003": 11
  },
  "latencyPercentiles": {
    "p10": 0.006525036,
    "p25": 0.007444025,
    "p50": 0.007686954,
    "p75": 0.00820589,
    "p90": 0.009516412,
    "p95": 0.010734179,
    "p99": 0.013508878
  },
  "rps": {
    "mean": 6228.2805663540275,
    "stddev": 908.9296693836192,
    "max": 7958.91186562921,
    "percentiles": {
      "p10": 4942.271245966749,
      "p25": 5954.104350825441,
      "p50": 6407.000288515276,
      "p75": 6673.022214794487,
      "p90": 7239.734559153874,
      "p95": 7765.648462406289,
      "p99": 7877.1233391886935
    }
  },
  "details": {
    "DNSDialup": {
      "average": 0.0013393383600000001,
      "fastest": 0.000115027,
      "slowest": 0.002901804
    },
    "DNSLookup": {
      "average": 0.000006738339999999999,
      "fastest": 0.000003005,
      "slowest": 0.000041778
    }
  },
  "statusCodeDistribution": {
    "200": 62268
  },
  "errorDistribution": {}
}