{
  "summary": {
    "successRate": 1,
    "total": 10.000421039,
    "slowest": 0.03426326,
    "fastest": 0.005493519,
    "average": 0.00790424370024059,
    "requestsPerSec": 6318.133981918638,
    "totalData": 821392,
    "sizePerRequest": 13,
    "sizePerSec": 82135.7417649423
  },
  "responseTimeHistogram": {
    "0.005493519": 1,
    "0.0083704931": 50749,
    "0.0112474672": 10046,
    "0.014124441299999999": 1974,
    "0.017001415399999997": 322,
    "0.019878389499999996": 40,
    "0.0227553636": 14,
    "0.025632337699999997": 8,
    "0.028509311799999996": 9,
    "0.0313862859": 10,
    "0.03426326": 11
  },
  "latencyPercentiles": {
    "p10": 0.006294134,
    "p25": 0.007367024,
    "p50": 0.007601291,
    "p75": 0.008158618,
    "p90": 0.009448833,
    "p95": 0.010551031,
    "p99": 0.013613981
  },
  "rps": {
    "mean": 6318.644964887961,
    "stddev": 965.2456817170957,
    "max": 8076.67021501674,
    "percentiles": {
      "p10": 5001.530968629673,
      "p25": 6012.602414661568,
      "p50": 6429.944250374324,
      "p75": 6734.993003146398,
      "p90": 7694.72981879913,
      "p95": 7893.971414512556,
      "p99": 7999.152697345004
    }
  },
  "details": {
    "DNSDialup": {
      "average": 0.0011071823600000003,
      "fastest": 0.000119893,
      "slowest": 0.002088556
    },
    "DNSLookup": {
      "average": 0.000010952700000000006,
      "fastest": 0.000004378,
      "slowest": 0.000122568
    }
  },
  "statusCodeDistribution": {
    "200": 63184
  },
  "errorDistribution": {}
}