{
  "summary": {
    "successRate": 1,
    "total": 10.000451689,
    "slowest": 0.036263007,
    "fastest": 0.006154951,
    "average": 0.007861656738508234,
    "requestsPerSec": 6352.113082039408,
    "totalData": 825812,
    "sizePerRequest": 13,
    "sizePerSec": 82577.47006651231
  },
  "responseTimeHistogram": {
    "0.006154951": 1,
    "0.0091657566": 56698,
    "0.012176562200000001": 5330,
    "0.0151873678": 1350,
    "0.0181981734": 79,
    "0.021208979": 25,
    "0.024219784600000002": 6,
    "0.0272305902": 5,
    "0.0302413958": 9,
    "0.0332522014": 10,
    "0.036263007": 11
  },
  "latencyPercentiles": {
    "p10": 0.006423248,
    "p25": 0.007391076,
    "p50": 0.007556756,
    "p75": 0.007981506,
    "p90": 0.00930833,
    "p95": 0.010690612,
    "p99": 0.013648444
  },
  "rps": {
    "mean": 6354.013832466751,
    "stddev": 948.065956354686,
    "max": 7904.611550378294,
    "percentiles": {
      "p10": 4946.833652925629,
      "p25": 6073.350895439712,
      "p50": 6575.954909586691,
      "p75": 6714.5443745698285,
      "p90": 7534.805527171972,
      "p95": 7741.796442016646,
      "p99": 7867.51984203641
    }
  },
  "details": {
    "DNSDialup": {
      "average": 0.0005348101000000001,
      "fastest": 0.000078126,
      "slowest": 0.000991858
    },
    "DNSLookup": {
      "average": 0.000007027619999999999,
      "fastest": 0.000003897,
      "slowest": 0.0000377
    }
  },
  "statusCodeDistribution": {
    "200": 63524
  },
  "errorDistribution": {}
}