{
  "summary": {
    "successRate": 1,
    "total": 10.000727625,
    "slowest": 0.360087256,
    "fastest": 0.001373396,
    "average": 0.007754658385189612,
    "requestsPerSec": 6443.631145288791,
    "totalData": 837733,
    "sizePerRequest": 13,
    "sizePerSec": 83767.20488875429
  },
  "responseTimeHistogram": {
    "0.001373396": 1,
    "0.037244782": 64401,
    "0.073116168": 7,
    "0.10898755399999999": 6,
    "0.14485894": 4,
    "0.180730326": 5,
    "0.21660171199999997": 4,
    "0.252473098": 3,
    "0.288344484": 4,
    "0.32421587": 3,
    "0.360087256": 3
  },
  "latencyPercentiles": {
    "p10": 0.006111075,
    "p25": 0.006273327,
    "p50": 0.007805282,
    "p75": 0.008434721,
    "p90": 0.009291071,
    "p95": 0.010483534,
    "p99": 0.012281336
  },
  "rps": {
    "mean": 6443.1736389489415,
    "stddev": 1205.564464138029,
    "max": 8186.40008513868,
    "percentiles": {
      "p10": 4748.604339718924,
      "p25": 5839.052164782607,
      "p50": 6225.203358316652,
      "p75": 7715.531364637356,
      "p90": 8000.436682062859,
      "p95": 8059.604593677599,
      "p99": 8145.30418185925
    }
  },
  "details": {
    "DNSDialup": {
      "average": 0.0006174941799999999,
      "fastest": 0.000075192,
      "slowest": 0.001018848
    },
    "DNSLookup": {
      "average": 0.000005963720000000001,
      "fastest": 0.000003106,
      "slowest": 0.000026089
    }
  },
  "statusCodeDistribution": {
    "200": 64441
  },
  "errorDistribution": {}
}