{
  "summary": {
    "successRate": 1,
    "total": 10.000662464,
    "slowest": 0.35503807,
    "fastest": 0.001342957,
    "average": 0.007749446790178609,
    "requestsPerSec": 6442.673196094383,
    "totalData": 837603,
    "sizePerRequest": 13,
    "sizePerSec": 83754.75154922697
  },
  "responseTimeHistogram": {
    "0.001342957": 1,
    "0.0367124683": 64391,
    "0.07208197960000001": 7,
    "0.10745149090000002": 5,
    "0.14282100220000002": 5,
    "0.1781905135": 5,
    "0.21356002480000003": 3,
    "0.24892953610000004": 4,
    "0.2842990474": 4,
    "0.3196685587": 2,
    "0.35503807": 4
  },
  "latencyPercentiles": {
    "p10": 0.006298336,
    "p25": 0.007272493,
    "p50": 0.007494004,
    "p75": 0.007749595,
    "p90": 0.009061104,
    "p95": 0.010093871,
    "p99": 0.012125012
  },
  "rps": {
    "mean": 6441.031669716462,
    "stddev": 1000.0273108518871,
    "max": 8332.293469800714,
    "percentiles": {
      "p10": 5020.009758898745,
      "p25": 6245.2757510849415,
      "p50": 6623.20771985034,
      "p75": 6805.169125211797,
      "p90": 7660.52658661397,
      "p95": 7986.60589947014,
      "p99": 8182.483525175509
    }
  },
  "details": {
    "DNSDialup": {
      "average": 0.00066250568,
      "fastest": 0.000074599,
      "slowest": 0.001073457
    },
    "DNSLookup": {
      "average": 0.000006681980000000003,
      "fastest": 0.000003386,
      "slowest": 0.000029936
    }
  },
  "statusCodeDistribution": {
    "200": 64431
  },
  "errorDistribution": {}
}