{
  "summary": {
    "successRate": 1,
    "total": 10.000726915,
    "slowest": 0.357841341,
    "fastest": 0.001350429,
    "average": 0.007727320271334895,
    "requestsPerSec": 6463.130185372131,
    "totalData": 840268,
    "sizePerRequest": 13,
    "sizePerSec": 84020.69240983769
  },
  "responseTimeHistogram": {
    "0.001350429": 1,
    "0.0369995202": 64596,
    "0.0726486114": 7,
    "0.10829770259999999": 6,
    "0.14394679379999997": 5,
    "0.17959588499999996": 4,
    "0.21524497619999997": 4,
    "0.2508940674": 3,
    "0.28654315859999996": 4,
    "0.32219224979999994": 3,
    "0.3578413409999999": 3
  },
  "latencyPercentiles": {
    "p10": 0.006392257,
    "p25": 0.007312767,
    "p50": 0.007471555,
    "p75": 0.00769788,
    "p90": 0.008981444,
    "p95": 0.01007256,
    "p99": 0.011357278
  },
  "rps": {
    "mean": 6461.2632401704805,
    "stddev": 959.8605570505497,
    "max": 8252.145306189706,
    "percentiles": {
      "p10": 5043.294667401519,
      "p25": 6372.122872735199,
      "p50": 6671.403363053705,
      "p75": 6808.520863861186,
      "p90": 7433.25713575111,
      "p95": 7945.235403244878,
      "p99": 8176.226963984723
    }
  },
  "details": {
    "DNSDialup": {
      "average": 0.0007547300400000001,
      "fastest": 0.000086202,
      "slowest": 0.001600308
    },
    "DNSLookup": {
      "average": 0.000006444620000000001,
      "fastest": 0.000003557,
      "slowest": 0.000029706
    }
  },
  "statusCodeDistribution": {
    "200": 64636
  },
  "errorDistribution": {}
}