{
  "summary": {
    "successRate": 1,
    "total": 10.0004582,
    "slowest": 0.058831158,
    "fastest": 0.003859204,
    "average": 0.013485509113700164,
    "requestsPerSec": 3703.4303088232496,
    "totalData": 481468,
    "sizePerRequest": 13,
    "sizePerSec": 48144.59401470224
  },
  "responseTimeHistogram": {
    "0.003859204": 1,
    "0.0093563994": 349,
    "0.0148535948": 28934,
    "0.0203507902": 5543,
    "0.0258479856": 1632,
    "0.031345181": 404,
    "0.036842376399999995": 115,
    "0.042339571799999996": 26,
    "0.0478367672": 18,
    "0.0533339626": 13,
    "0.058831158": 1
  },
  "latencyPercentiles": {
    "p10": 0.01102391,
    "p25": 0.011471694,
    "p50": 0.012163693,
    "p75": 0.013863814,
    "p90": 0.01829079,
    "p95": 0.02112192,
    "p99": 0.028007327
  },
  "rps": {
    "mean": 3704.080089448584,
    "stddev": 897.6007331478469,
    "max": 6595.499876973864,
    "percentiles": {
      "p10": 2414.9704015190173,
      "p25": 3232.8097865234354,
      "p50": 4032.294647834584,
      "p75": 4321.56026415783,
      "p90": 4472.676975441841,
      "p95": 4556.826358789731,
      "p99": 4747.517906728599
    }
  },
  "details": {
    "DNSDialup": {
      "average": 0.0023928843600000004,
      "fastest": 0.0001165,
      "slowest": 0.002844602
    },
    "DNSLookup": {
      "average": 0.000007794000000000004,
      "fastest": 0.0000054,
      "slowest": 0.0000389
    }
  },
  "statusCodeDistribution": {
    "200": 37036
  },
  "errorDistribution": {}
}