{
  "summary": {
    "successRate": 1,
    "total": 10.000624125,
    "slowest": 0.348917449,
    "fastest": 0.001285418,
    "average": 0.007658807030884414,
    "requestsPerSec": 6520.693027246437,
    "totalData": 847743,
    "sizePerRequest": 13,
    "sizePerSec": 84769.00935420368
  },
  "responseTimeHistogram": {
    "0.001285418": 1,
    "0.0360486211": 65171,
    "0.0708118242": 7,
    "0.1055750273": 6,
    "0.1403382304": 5,
    "0.17510143350000001": 4,
    "0.20986463660000002": 4,
    "0.24462783970000002": 3,
    "0.2793910428": 4,
    "0.3141542459": 3,
    "0.348917449": 3
  },
  "latencyPercentiles": {
    "p10": 0.00676645,
    "p25": 0.0072225,
    "p50": 0.007350829,
    "p75": 0.007584947,
    "p90": 0.008725316,
    "p95": 0.009723838,
    "p99": 0.011909637
  },
  "rps": {
    "mean": 6518.621722780668,
    "stddev": 900.0707059172604,
    "max": 8385.484140978362,
    "percentiles": {
      "p10": 5232.087871708395,
      "p25": 6466.9412489503975,
      "p50": 6772.622834656324,
      "p75": 6891.17926014486,
      "p90": 7152.116759615979,
      "p95": 7609.208664325317,
      "p99": 8147.581878168236
    }
  },
  "details": {
    "DNSDialup": {
      "average": 0.0008223652399999998,
      "fastest": 0.000154298,
      "slowest": 0.001190252
    },
    "DNSLookup": {
      "average": 0.00000798374,
      "fastest": 0.000003937,
      "slowest": 0.000035647
    }
  },
  "statusCodeDistribution": {
    "200": 65211
  },
  "errorDistribution": {}
}