{
  "summary": {
    "successRate": 1,
    "total": 10.000264097,
    "slowest": 0.06927699,
    "fastest": 0.00630163,
    "average": 0.008481780273193674,
    "requestsPerSec": 5887.24451963841,
    "totalData": 765362,
    "sizePerRequest": 13,
    "sizePerSec": 76534.17875529932
  },
  "responseTimeHistogram": {
    "0.00630163": 1,
    "0.012599165999999998": 57034,
    "0.018896701999999998": 1769,
    "0.025194237999999997": 20,
    "0.031491774": 0,
    "0.03778931": 0,
    "0.044086846": 0,
    "0.050384382": 5,
    "0.056681918": 12,
    "0.06297945399999999": 12,
    "0.06927699": 21
  },
  "latencyPercentiles": {
    "p10": 0.006868536,
    "p25": 0.007658807,
    "p50": 0.008167197,
    "p75": 0.008651541,
    "p90": 0.010449052,
    "p95": 0.011846678,
    "p99": 0.014329885
  },
  "rps": {
    "mean": 5908.900595080358,
    "stddev": 995.1635793326153,
    "max": 7664.420991316077,
    "percentiles": {
      "p10": 4347.826966193517,
      "p25": 5629.014190744747,
      "p50": 6073.124672241075,
      "p75": 6323.635218994283,
      "p90": 7191.691185943949,
      "p95": 7318.428534893088,
      "p99": 7462.7189286927205
    }
  },
  "details": {
    "DNSDialup": {
      "average": 0.0012809137599999998,
      "fastest": 0.000102511,
      "slowest": 0.002744002
    },
    "DNSLookup": {
      "average": 0.000007954719999999998,
      "fastest": 0.000003587,
      "slowest": 0.000063645
    }
  },
  "statusCodeDistribution": {
    "200": 58874
  },
  "errorDistribution": {}
}