{
  "summary": {
    "successRate": 1,
    "total": 10.000649659,
    "slowest": 0.367517078,
    "fastest": 0.001328192,
    "average": 0.008016756923640013,
    "requestsPerSec": 6229.2953082239355,
    "totalData": 809861,
    "sizePerRequest": 13,
    "sizePerSec": 80980.83900691116
  },
  "responseTimeHistogram": {
    "0.001328192": 1,
    "0.037947080599999995": 62257,
    "0.0745659692": 7,
    "0.1111848578": 6,
    "0.1478037464": 5,
    "0.184422635": 4,
    "0.22104152359999998": 4,
    "0.25766041219999997": 4,
    "0.2942793008": 3,
    "0.3308981894": 3,
    "0.367517078": 3
  },
  "latencyPercentiles": {
    "p10": 0.006467246,
    "p25": 0.007317786,
    "p50": 0.007626815,
    "p75": 0.008320575,
    "p90": 0.009297949,
    "p95": 0.010293713,
    "p99": 0.012198039
  },
  "rps": {
    "mean": 6228.390452240798,
    "stddev": 1014.163224535047,
    "max": 8184.492609454681,
    "percentiles": {
      "p10": 4871.413459897994,
      "p25": 5591.354911354584,
      "p50": 6472.753752175097,
      "p75": 6775.326727491075,
      "p90": 7387.813023156574,
      "p95": 7812.232393481643,
      "p99": 8053.989407529255
    }
  },
  "details": {
    "DNSDialup": {
      "average": 0.00085142452,
      "fastest": 0.000118059,
      "slowest": 0.001285174
    },
    "DNSLookup": {
      "average": 0.000007017520000000001,
      "fastest": 0.000003607,
      "slowest": 0.000032801
    }
  },
  "statusCodeDistribution": {
    "200": 62297
  },
  "errorDistribution": {}
}