{
  "summary": {
    "successRate": 1,
    "total": 10.000682412,
    "slowest": 0.354638398,
    "fastest": 0.001283066,
    "average": 0.007755495281612548,
    "requestsPerSec": 6439.260577131104,
    "totalData": 837161,
    "sizePerRequest": 13,
    "sizePerSec": 83710.38750270435
  },
  "responseTimeHistogram": {
    "0.001283066": 1,
    "0.036618599200000004": 64357,
    "0.07195413240000001": 7,
    "0.10728966560000001": 6,
    "0.14262519880000002": 5,
    "0.177960732": 4,
    "0.21329626520000003": 4,
    "0.24863179840000005": 3,
    "0.28396733160000004": 4,
    "0.31930286480000003": 3,
    "0.354638398": 3
  },
  "latencyPercentiles": {
    "p10": 0.006393802,
    "p25": 0.007341173,
    "p50": 0.007553037,
    "p75": 0.007770306,
    "p90": 0.009020529,
    "p95": 0.009952414,
    "p99": 0.011445117
  },
  "rps": {
    "mean": 6438.256536606411,
    "stddev": 938.78558615232,
    "max": 8203.568552319877,
    "percentiles": {
      "p10": 5107.313161716107,
      "p25": 6331.837746556888,
      "p50": 6584.031333506304,
      "p75": 6733.671725462923,
      "p90": 7558.882180408958,
      "p95": 7895.383336550881,
      "p99": 8078.371513400143
    }
  },
  "details": {
    "DNSDialup": {
      "average": 0.0007112706800000003,
      "fastest": 0.000143262,
      "slowest": 0.001793507
    },
    "DNSLookup": {
      "average": 0.000007475600000000001,
      "fastest": 0.000002505,
      "slowest": 0.000030918
    }
  },
  "statusCodeDistribution": {
    "200": 64397
  },
  "errorDistribution": {}
}