{
  "summary": {
    "successRate": 1,
    "total": 10.000690683,
    "slowest": 0.368299269,
    "fastest": 0.00138559,
    "average": 0.007836466524683844,
    "requestsPerSec": 6372.159885749363,
    "totalData": 828438,
    "sizePerRequest": 13,
    "sizePerSec": 82838.07851474172
  },
  "responseTimeHistogram": {
    "0.00138559": 1,
    "0.0380769579": 63687,
    "0.07476832580000001": 7,
    "0.11145969370000001": 4,
    "0.1481510616": 5,
    "0.1848424295": 5,
    "0.2215337974": 4,
    "0.2582251653": 3,
    "0.2949165332": 4,
    "0.3316079011": 3,
    "0.368299269": 3
  },
  "latencyPercentiles": {
    "p10": 0.005974271,
    "p25": 0.006235499,
    "p50": 0.007817721,
    "p75": 0.008030561,
    "p90": 0.009555684,
    "p95": 0.010756788,
    "p99": 0.012830569
  },
  "rps": {
    "mean": 6365.861033503095,
    "stddev": 1213.5671284988127,
    "max": 8337.529722539723,
    "percentiles": {
      "p10": 4816.848855611956,
      "p25": 5948.910754440837,
      "p50": 6364.339655311629,
      "p75": 6853.226267126202,
      "p90": 8160.731346608265,
      "p95": 8233.816283476026,
      "p99": 8283.87841084897
    }
  },
  "details": {
    "DNSDialup": {
      "average": 0.0007782465399999998,
      "fastest": 0.000077877,
      "slowest": 0.001811189
    },
    "DNSLookup": {
      "average": 0.00000722476,
      "fastest": 0.000003266,
      "slowest": 0.000031319
    }
  },
  "statusCodeDistribution": {
    "200": 63726
  },
  "errorDistribution": {}
}