{
  "summary": {
    "successRate": 1,
    "total": 10.001040636,
    "slowest": 0.138562797,
    "fastest": 0.000928204,
    "average": 0.013488964148644247,
    "requestsPerSec": 3702.4147133962306,
    "totalData": 481364,
    "sizePerRequest": 13,
    "sizePerSec": 48131.391274151
  },
  "responseTimeHistogram": {
    "0.000928204": 1,
    "0.0146916633": 28819,
    "0.028455122599999997": 7998,
    "0.042218581899999996": 158,
    "0.0559820412": 2,
    "0.0697455005": 0,
    "0.08350895979999999": 0,
    "0.0972724191": 0,
    "0.1110358784": 7,
    "0.1247993377": 19,
    "0.138562797": 24
  },
  "latencyPercentiles": {
    "p10": 0.010850751,
    "p25": 0.011339353,
    "p50": 0.012218757,
    "p75": 0.014226467,
    "p90": 0.017795676,
    "p95": 0.020341988,
    "p99": 0.025932212
  },
  "rps": {
    "mean": 3756.2720852955354,
    "stddev": 1072.8820418323962,
    "max": 17437.021215868663,
    "percentiles": {
      "p10": 2428.2537031375346,
      "p25": 3289.493296732223,
      "p50": 4041.242496170172,
      "p75": 4354.851091437394,
      "p90": 4558.648378989901,
      "p95": 4680.530397704346,
      "p99": 4869.9114751549105
    }
  },
  "details": {
    "DNSDialup": {
      "average": 0.0027176257000000002,
      "fastest": 0.000102301,
      "slowest": 0.004858521
    },
    "DNSLookup": {
      "average": 0.000007166020000000003,
      "fastest": 0.000005,
      "slowest": 0.0000272
    }
  },
  "statusCodeDistribution": {
    "200": 37028
  },
  "errorDistribution": {}
}