{
  "summary": {
    "successRate": 1,
    "total": 10.000686726,
    "slowest": 0.368307134,
    "fastest": 0.001321276,
    "average": 0.007931394733677457,
    "requestsPerSec": 6296.0676326658895,
    "totalData": 818545,
    "sizePerRequest": 13,
    "sizePerSec": 81848.87922465656
  },
  "responseTimeHistogram": {
    "0.001321276": 1,
    "0.038019861800000006": 62925,
    "0.0747184476": 7,
    "0.1114170334": 6,
    "0.14811561920000002": 4,
    "0.18481420500000004": 5,
    "0.22151279080000003": 4,
    "0.2582113766": 3,
    "0.2949099624": 4,
    "0.3316085482": 2,
    "0.36830713400000004": 4
  },
  "latencyPercentiles": {
    "p10": 0.006475783,
    "p25": 0.007269161,
    "p50": 0.00749766,
    "p75": 0.008178514,
    "p90": 0.009168324,
    "p95": 0.010331475,
    "p99": 0.011902742
  },
  "rps": {
    "mean": 6295.292991178702,
    "stddev": 1014.7932419821201,
    "max": 8371.89532548692,
    "percentiles": {
      "p10": 4839.960651119987,
      "p25": 5760.288329716493,
      "p50": 6571.2334852263675,
      "p75": 6828.727774876905,
      "p90": 7375.501534104368,
      "p95": 7827.004731725298,
      "p99": 8155.355289563725
    }
  },
  "details": {
    "DNSDialup": {
      "average": 0.0007524476000000002,
      "fastest": 0.000081823,
      "slowest": 0.001663178
    },
    "DNSLookup": {
      "average": 0.000008500919999999998,
      "fastest": 0.000004038,
      "slowest": 0.000036238
    }
  },
  "statusCodeDistribution": {
    "200": 62965
  },
  "errorDistribution": {}
}