{
  "summary": {
    "successRate": 1,
    "total": 10.000682993,
    "slowest": 0.344982059,
    "fastest": 0.001294774,
    "average": 0.007385031962364401,
    "requestsPerSec": 6761.738178015658,
    "totalData": 879086,
    "sizePerRequest": 13,
    "sizePerSec": 87902.59631420356
  },
  "responseTimeHistogram": {
    "0.001294774": 1,
    "0.0356635025": 67582,
    "0.070032231": 7,
    "0.1044009595": 5,
    "0.138769688": 5,
    "0.1731384165": 5,
    "0.207507145": 4,
    "0.2418758735": 3,
    "0.276244602": 4,
    "0.3106133305": 3,
    "0.344982059": 3
  },
  "latencyPercentiles": {
    "p10": 0.005792381,
    "p25": 0.005958104,
    "p50": 0.007414531,
    "p75": 0.007567778,
    "p90": 0.008753879,
    "p95": 0.009801717,
    "p99": 0.012211733
  },
  "rps": {
    "mean": 6757.96990410289,
    "stddev": 1191.471857710797,
    "max": 8524.670396126552,
    "percentiles": {
      "p10": 5316.328454255218,
      "p25": 6346.3128526733835,
      "p50": 6720.062747332132,
      "p75": 7473.285277415777,
      "p90": 8433.857721824295,
      "p95": 8466.407110814484,
      "p99": 8502.802420265383
    }
  },
  "details": {
    "DNSDialup": {
      "average": 0.0008118153600000001,
      "fastest": 0.000097142,
      "slowest": 0.0018362
    },
    "DNSLookup": {
      "average": 0.000007659419999999998,
      "fastest": 0.000004509,
      "slowest": 0.000045355
    }
  },
  "statusCodeDistribution": {
    "200": 67622
  },
  "errorDistribution": {}
}