{
  "summary": {
    "successRate": 1,
    "total": 10.000349049,
    "slowest": 0.036105037,
    "fastest": 0.005896915,
    "average": 0.008076602362292592,
    "requestsPerSec": 6183.184176574635,
    "totalData": 803842,
    "sizePerRequest": 13,
    "sizePerSec": 80381.39429547025
  },
  "responseTimeHistogram": {
    "0.005896915": 1,
    "0.0089177272": 52163,
    "0.0119385394": 7881,
    "0.0149593516": 1492,
    "0.0179801638": 213,
    "0.021000976": 40,
    "0.024021788199999998": 7,
    "0.0270426004": 7,
    "0.0300634126": 9,
    "0.0330842248": 10,
    "0.036105037": 11
  },
  "latencyPercentiles": {
    "p10": 0.006401657,
    "p25": 0.00749614,
    "p50": 0.007785021,
    "p75": 0.008305542,
    "p90": 0.009810852,
    "p95": 0.011150883,
    "p99": 0.013955397
  },
  "rps": {
    "mean": 6186.713426381093,
    "stddev": 973.8601080795163,
    "max": 7920.256685753949,
    "percentiles": {
      "p10": 4735.003990500169,
      "p25": 5889.881356464226,
      "p50": 6307.485724057216,
      "p75": 6605.011883016902,
      "p90": 7602.548495896573,
      "p95": 7754.880513909502,
      "p99": 7859.596965913491
    }
  },
  "details": {
    "DNSDialup": {
      "average": 0.00112945476,
      "fastest": 0.000093716,
      "slowest": 0.002488717
    },
    "DNSLookup": {
      "average": 0.000010550320000000003,
      "fastest": 0.000003687,
      "slowest": 0.000189373
    }
  },
  "statusCodeDistribution": {
    "200": 61834
  },
  "errorDistribution": {}
}