{
  "summary": {
    "successRate": 1,
    "total": 10.000528995,
    "slowest": 0.032221171,
    "fastest": 0.006092537,
    "average": 0.007760902608311338,
    "requestsPerSec": 6434.359625592986,
    "totalData": 836511,
    "sizePerRequest": 13,
    "sizePerSec": 83646.67513270881
  },
  "responseTimeHistogram": {
    "0.006092537": 1,
    "0.0087054004": 56477,
    "0.011318263799999999": 5767,
    "0.013931127199999999": 1559,
    "0.0165439906": 467,
    "0.019156854": 26,
    "0.0217697174": 14,
    "0.024382580799999998": 8,
    "0.026995444199999996": 8,
    "0.029608307599999995": 10,
    "0.032221171": 10
  },
  "latencyPercentiles": {
    "p10": 0.006324487,
    "p25": 0.007315853,
    "p50": 0.007504336,
    "p75": 0.007861263,
    "p90": 0.009059551,
    "p95": 0.010404453,
    "p99": 0.013709486
  },
  "rps": {
    "mean": 6432.912055149329,
    "stddev": 957.5066410403742,
    "max": 8009.975623641271,
    "percentiles": {
      "p10": 5055.383240009232,
      "p25": 6174.005332316145,
      "p50": 6612.8037105444755,
      "p75": 6766.743777246764,
      "p90": 7722.016240503127,
      "p95": 7826.217044477238,
      "p99": 7940.726397547456
    }
  },
  "details": {
    "DNSDialup": {
      "average": 0.0011095406000000004,
      "fastest": 0.000106479,
      "slowest": 0.002408246
    },
    "DNSLookup": {
      "average": 0.000010808300000000001,
      "fastest": 0.000004728,
      "slowest": 0.000035977
    }
  },
  "statusCodeDistribution": {
    "200": 64347
  },
  "errorDistribution": {}
}