{
  "summary": {
    "successRate": 1,
    "total": 10.000399408,
    "slowest": 0.031847326,
    "fastest": 0.006098316,
    "average": 0.00775786815289372,
    "requestsPerSec": 6436.242931308329,
    "totalData": 836745,
    "sizePerRequest": 13,
    "sizePerSec": 83671.15810700828
  },
  "responseTimeHistogram": {
    "0.006098316": 1,
    "0.008673217": 55168,
    "0.011248118000000001": 6739,
    "0.013823019": 1888,
    "0.01639792": 481,
    "0.018972821": 38,
    "0.021547722000000002": 16,
    "0.024122623": 6,
    "0.026697524": 8,
    "0.029272425": 9,
    "0.031847326": 11
  },
  "latencyPercentiles": {
    "p10": 0.00629309,
    "p25": 0.006733339,
    "p50": 0.007565928,
    "p75": 0.007966197,
    "p90": 0.009379693,
    "p95": 0.010674358,
    "p99": 0.013585825
  },
  "rps": {
    "mean": 6435.066550533693,
    "stddev": 1013.5726680728624,
    "max": 7975.205389300485,
    "percentiles": {
      "p10": 4935.154586667204,
      "p25": 6122.906405152234,
      "p50": 6559.561474141365,
      "p75": 6910.953169679048,
      "p90": 7753.952778830535,
      "p95": 7825.292126682079,
      "p99": 7880.3575823391075
    }
  },
  "details": {
    "DNSDialup": {
      "average": 0.0013847989800000002,
      "fastest": 0.000093906,
      "slowest": 0.002818792
    },
    "DNSLookup": {
      "average": 0.00002777116,
      "fastest": 0.000004498,
      "slowest": 0.001021474
    }
  },
  "statusCodeDistribution": {
    "200": 64365
  },
  "errorDistribution": {}
}