{
  "summary": {
    "successRate": 1,
    "total": 10.000733684,
    "slowest": 0.373968169,
    "fastest": 0.001420785,
    "average": 0.008590802031159849,
    "requestsPerSec": 5814.773379380792,
    "totalData": 755976,
    "sizePerRequest": 13,
    "sizePerSec": 75592.0539319503
  },
  "responseTimeHistogram": {
    "0.001420785": 1,
    "0.0386755234": 58112,
    "0.0759302618": 7,
    "0.1131850002": 6,
    "0.1504397386": 4,
    "0.187694477": 5,
    "0.2249492154": 4,
    "0.2622039538": 3,
    "0.2994586922": 4,
    "0.3367134306": 2,
    "0.37396816899999996": 4
  },
  "latencyPercentiles": {
    "p10": 0.006275623,
    "p25": 0.007843921,
    "p50": 0.008766167,
    "p75": 0.008993781,
    "p90": 0.010018287,
    "p95": 0.01107257,
    "p99": 0.012597461
  },
  "rps": {
    "mean": 5811.629477090982,
    "stddev": 1044.3744304569661,
    "max": 8267.034905941879,
    "percentiles": {
      "p10": 4543.014166732882,
      "p25": 5511.295399922877,
      "p50": 5664.127552915968,
      "p75": 6115.864552649705,
      "p90": 7651.789607601066,
      "p95": 7889.246309956808,
      "p99": 8113.498427333627
    }
  },
  "details": {
    "DNSDialup": {
      "average": 0.00079730194,
      "fastest": 0.000086804,
      "slowest": 0.001414052
    },
    "DNSLookup": {
      "average": 0.000009129380000000001,
      "fastest": 0.000003106,
      "slowest": 0.000035216
    }
  },
  "statusCodeDistribution": {
    "200": 58152
  },
  "errorDistribution": {}
}