{
  "summary": {
    "successRate": 1,
    "total": 10.000756726,
    "slowest": 0.347334509,
    "fastest": 0.001315447,
    "average": 0.007573761045600014,
    "requestsPerSec": 6593.801029932182,
    "totalData": 857259,
    "sizePerRequest": 13,
    "sizePerSec": 85719.41338911836
  },
  "responseTimeHistogram": {
    "0.001315447": 1,
    "0.035917353199999995": 65903,
    "0.07051925939999999": 7,
    "0.10512116559999998": 6,
    "0.1397230718": 4,
    "0.174324978": 5,
    "0.20892688419999997": 3,
    "0.24352879039999997": 4,
    "0.2781306966": 4,
    "0.3127326028": 3,
    "0.347334509": 3
  },
  "latencyPercentiles": {
    "p10": 0.006458166,
    "p25": 0.007142753,
    "p50": 0.007272466,
    "p75": 0.007519669,
    "p90": 0.008662275,
    "p95": 0.009744227,
    "p99": 0.011318393
  },
  "rps": {
    "mean": 6592.2060726198,
    "stddev": 922.9848250741654,
    "max": 8415.99038172545,
    "percentiles": {
      "p10": 5271.928612409294,
      "p25": 6488.880137913056,
      "p50": 6837.157902050311,
      "p75": 6970.346831325765,
      "p90": 7394.295756636597,
      "p95": 7877.545772833588,
      "p99": 8224.989162071875
    }
  },
  "details": {
    "DNSDialup": {
      "average": 0.0008883352999999997,
      "fastest": 0.000149587,
      "slowest": 0.001347752
    },
    "DNSLookup": {
      "average": 0.00000691738,
      "fastest": 0.000004218,
      "slowest": 0.000032141
    }
  },
  "statusCodeDistribution": {
    "200": 65943
  },
  "errorDistribution": {}
}