{
  "summary": {
    "successRate": 1,
    "total": 10.000664568,
    "slowest": 0.076243993,
    "fastest": 0.000685413,
    "average": 0.009864152219378676,
    "requestsPerSec": 5063.963465192786,
    "totalData": 658359,
    "sizePerRequest": 13,
    "sizePerSec": 65831.52504750622
  },
  "responseTimeHistogram": {
    "0.000685413": 1,
    "0.008241271": 27721,
    "0.015797129": 20773,
    "0.023352987000000002": 1832,
    "0.030908845": 235,
    "0.038464703": 31,
    "0.04602056100000001": 1,
    "0.05357641900000001": 6,
    "0.061132277000000006": 11,
    "0.068688135": 18,
    "0.076243993": 14
  },
  "latencyPercentiles": {
    "p10": 0.007892848,
    "p25": 0.008012246,
    "p50": 0.00818985,
    "p75": 0.011765416,
    "p90": 0.013708551,
    "p95": 0.015244278,
    "p99": 0.020681079
  },
  "rps": {
    "mean": 5080.684613584122,
    "stddev": 1478.715812678905,
    "max": 8069.146250620202,
    "percentiles": {
      "p10": 3334.889278138744,
      "p25": 3763.000148485832,
      "p50": 6002.831535635313,
      "p75": 6203.360360306558,
      "p90": 6314.087993129579,
      "p95": 6359.79350659038,
      "p99": 6451.299442910092
    }
  },
  "details": {
    "DNSDialup": {
      "average": 0.0022181445400000005,
      "fastest": 0.000134402,
      "slowest": 0.004220977
    },
    "DNSLookup": {
      "average": 0.00009121968000000002,
      "fastest": 0.0000068,
      "slowest": 0.004143276
    }
  },
  "statusCodeDistribution": {
    "200": 50643
  },
  "errorDistribution": {}
}