{
  "summary": {
    "successRate": 1,
    "total": 10.000689325,
    "slowest": 0.261845823,
    "fastest": 0.000983119,
    "average": 0.004995690794495607,
    "requestsPerSec": 9998.610770763045,
    "totalData": 1299909,
    "sizePerRequest": 13,
    "sizePerSec": 129981.94001991958
  },
  "responseTimeHistogram": {
    "0.000983119": 1,
    "0.0270693894": 99953,
    "0.0531556598": 8,
    "0.0792419302": 5,
    "0.1053282006": 4,
    "0.131414471": 5,
    "0.1575007414": 4,
    "0.1835870118": 3,
    "0.2096732822": 3,
    "0.2357595526": 4,
    "0.261845823": 3
  },
  "latencyPercentiles": {
    "p10": 0.003618859,
    "p25": 0.003857222,
    "p50": 0.005067879,
    "p75": 0.005178913,
    "p90": 0.006379844,
    "p95": 0.007025813,
    "p99": 0.008352416
  },
  "rps": {
    "mean": 9992.712268625648,
    "stddev": 2094.858214884915,
    "max": 14082.937233957553,
    "percentiles": {
      "p10": 7657.443074971227,
      "p25": 9374.694755402614,
      "p50": 9824.878557482534,
      "p75": 10758.987223351402,
      "p90": 13511.833663922998,
      "p95": 13824.249115373663,
      "p99": 13980.908917998542
    }
  },
  "details": {
    "DNSDialup": {
      "average": 0.00086868038,
      "fastest": 0.000074771,
      "slowest": 0.001114413
    },
    "DNSLookup": {
      "average": 0.00000405278,
      "fastest": 0.000001963,
      "slowest": 0.000030465
    }
  },
  "statusCodeDistribution": {
    "200": 99993
  },
  "errorDistribution": {}
}