{
  "summary": {
    "successRate": 1,
    "total": 10.000631994,
    "slowest": 0.3645425,
    "fastest": 0.001383173,
    "average": 0.00788073560380604,
    "requestsPerSec": 6336.899511752997,
    "totalData": 823849,
    "sizePerRequest": 13,
    "sizePerSec": 82379.69365278895
  },
  "responseTimeHistogram": {
    "0.001383173": 1,
    "0.0376991057": 63333,
    "0.0740150384": 7,
    "0.1103309711": 6,
    "0.14664690379999998": 5,
    "0.18296283649999998": 4,
    "0.21927876919999997": 4,
    "0.2555947019": 3,
    "0.2919106346": 4,
    "0.3282265673": 2,
    "0.3645425": 4
  },
  "latencyPercentiles": {
    "p10": 0.006545905,
    "p25": 0.00735109,
    "p50": 0.00761347,
    "p75": 0.007982877,
    "p90": 0.009148796,
    "p95": 0.010208466,
    "p99": 0.011979283
  },
  "rps": {
    "mean": 6336.116872685422,
    "stddev": 975.8106306277986,
    "max": 8261.958908442184,
    "percentiles": {
      "p10": 4964.800074087444,
      "p25": 6154.096353173329,
      "p50": 6510.4251437827215,
      "p75": 6747.225857947294,
      "p90": 7418.335900845997,
      "p95": 7716.909291640188,
      "p99": 8080.69870569392
    }
  },
  "details": {
    "DNSDialup": {
      "average": 0.0009027759600000003,
      "fastest": 0.000120868,
      "slowest": 0.00145316
    },
    "DNSLookup": {
      "average": 0.000008409839999999998,
      "fastest": 0.000003336,
      "slowest": 0.000051717
    }
  },
  "statusCodeDistribution": {
    "200": 63373
  },
  "errorDistribution": {}
}