{
  "summary": {
    "successRate": 1,
    "total": 10.000377779,
    "slowest": 0.066191567,
    "fastest": 0.001206238,
    "average": 0.00800949939197396,
    "requestsPerSec": 6234.364478802156,
    "totalData": 810498,
    "sizePerRequest": 13,
    "sizePerSec": 81046.73822442803
  },
  "responseTimeHistogram": {
    "0.001206238": 1,
    "0.007704770900000001": 28668,
    "0.014203303800000002": 33292,
    "0.020701836700000004": 333,
    "0.027200369600000003": 2,
    "0.0336989025": 0,
    "0.04019743540000001": 0,
    "0.04669596830000001": 1,
    "0.05319450120000001": 12,
    "0.05969303410000001": 16,
    "0.066191567": 21
  },
  "latencyPercentiles": {
    "p10": 0.006361622,
    "p25": 0.007416024,
    "p50": 0.007787306,
    "p75": 0.008259875,
    "p90": 0.009399669,
    "p95": 0.010767937,
    "p99": 0.013625654
  },
  "rps": {
    "mean": 6255.090538487677,
    "stddev": 943.0937999794329,
    "max": 8000.511232667603,
    "percentiles": {
      "p10": 4920.333277268298,
      "p25": 5975.7213531265015,
      "p50": 6306.714759204173,
      "p75": 6661.002795804405,
      "p90": 7630.463863929985,
      "p95": 7809.301659206168,
      "p99": 7911.886026377246
    }
  },
  "details": {
    "DNSDialup": {
      "average": 0.0011125829200000002,
      "fastest": 0.00012289,
      "slowest": 0.002328208
    },
    "DNSLookup": {
      "average": 0.0000116203,
      "fastest": 0.000004608,
      "slowest": 0.00011197
    }
  },
  "statusCodeDistribution": {
    "200": 62346
  },
  "errorDistribution": {}
}