{
  "summary": {
    "successRate": 1,
    "total": 10.000651592,
    "slowest": 0.344031565,
    "fastest": 0.001401123,
    "average": 0.0074594413829507785,
    "requestsPerSec": 6695.463728939793,
    "totalData": 870467,
    "sizePerRequest": 13,
    "sizePerSec": 87041.02847621731
  },
  "responseTimeHistogram": {
    "0.001401123": 1,
    "0.03566416719999999": 66919,
    "0.0699272114": 7,
    "0.10419025559999999": 5,
    "0.13845329979999998": 5,
    "0.17271634399999997": 5,
    "0.20697938819999998": 3,
    "0.24124243239999998": 4,
    "0.27550547659999997": 4,
    "0.30976852079999995": 2,
    "0.34403156499999993": 4
  },
  "latencyPercentiles": {
    "p10": 0.006163725,
    "p25": 0.007121,
    "p50": 0.007243203,
    "p75": 0.007434889,
    "p90": 0.008454513,
    "p95": 0.009473702,
    "p99": 0.010690331
  },
  "rps": {
    "mean": 6693.77745438557,
    "stddev": 939.6953831194256,
    "max": 8527.946934900438,
    "percentiles": {
      "p10": 5420.427966878806,
      "p25": 6588.741118630524,
      "p50": 6882.977041425033,
      "p75": 7002.138453084034,
      "p90": 7685.039573909506,
      "p95": 8231.808531345925,
      "p99": 8420.850868835509
    }
  },
  "details": {
    "DNSDialup": {
      "average": 0.0007196516999999999,
      "fastest": 0.000091875,
      "slowest": 0.001218674
    },
    "DNSLookup": {
      "average": 0.00000700132,
      "fastest": 0.000003366,
      "slowest": 0.000030708
    }
  },
  "statusCodeDistribution": {
    "200": 66959
  },
  "errorDistribution": {}
}