{
  "summary": {
    "successRate": 1,
    "total": 10.000810412,
    "slowest": 0.031932596,
    "fastest": 0.0001941,
    "average": 0.0064136446562688045,
    "requestsPerSec": 7789.468732106588,
    "totalData": 1012713,
    "sizePerRequest": 13,
    "sizePerSec": 101263.09351738564
  },
  "responseTimeHistogram": {
    "0.0001941": 1,
    "0.0033679495999999996": 278,
    "0.006541799199999999": 65658,
    "0.009715648799999997": 8640,
    "0.012889498399999998": 2526,
    "0.016063347999999998": 606,
    "0.019237197599999995": 94,
    "0.022411047199999996": 63,
    "0.025584896799999996": 10,
    "0.028758746399999997": 12,
    "0.031932596": 13
  },
  "latencyPercentiles": {
    "p10": 0.0058085,
    "p25": 0.0058534,
    "p50": 0.0059168,
    "p75": 0.006031299,
    "p90": 0.008181999,
    "p95": 0.009535299,
    "p99": 0.012964098
  },
  "rps": {
    "mean": 7779.062670523177,
    "stddev": 1333.934422736235,
    "max": 12208.959674545547,
    "percentiles": {
      "p10": 5713.9466008634,
      "p25": 7844.084539520404,
      "p50": 8417.9310348975,
      "p75": 8514.476312626804,
      "p90": 8587.7678461646,
      "p95": 8612.74772791213,
      "p99": 8648.171178280292
    }
  },
  "details": {
    "DNSDialup": {
      "average": 0.00128553,
      "fastest": 0.0000732,
      "slowest": 0.0027463
    },
    "DNSLookup": {
      "average": 0.000004634000000000002,
      "fastest": 0.0000031,
      "slowest": 0.0000485
    }
  },
  "statusCodeDistribution": {
    "200": 77901
  },
  "errorDistribution": {}
}