{
  "summary": {
    "successRate": 1,
    "total": 10.000586621,
    "slowest": 0.051615831,
    "fastest": 0.003626581,
    "average": 0.013150966040345427,
    "requestsPerSec": 3796.9772613401974,
    "totalData": 493636,
    "sizePerRequest": 13,
    "sizePerSec": 49360.70439742257
  },
  "responseTimeHistogram": {
    "0.003626581": 1,
    "0.008425506000000001": 300,
    "0.013224431000000002": 26876,
    "0.018023356": 7262,
    "0.022822281000000003": 2380,
    "0.027621206000000006": 754,
    "0.032420131000000005": 288,
    "0.037219056": 72,
    "0.042017981": 14,
    "0.046816906000000005": 12,
    "0.05161583100000001": 13
  },
  "latencyPercentiles": {
    "p10": 0.010786944,
    "p25": 0.011149142,
    "p50": 0.011738039,
    "p75": 0.013843128,
    "p90": 0.017720808,
    "p95": 0.020714293,
    "p99": 0.027948155
  },
  "rps": {
    "mean": 3813.8185263552873,
    "stddev": 1088.3112137107182,
    "max": 13892.109905301104,
    "percentiles": {
      "p10": 2410.1527905406624,
      "p25": 3307.989456134361,
      "p50": 4204.310258877509,
      "p75": 4454.320888669362,
      "p90": 4613.799834292648,
      "p95": 4704.069961330642,
      "p99": 5178.369453668552
    }
  },
  "details": {
    "DNSDialup": {
      "average": 0.00233150986,
      "fastest": 0.000112599,
      "slowest": 0.006310167
    },
    "DNSLookup": {
      "average": 0.00004882976,
      "fastest": 0.0000051,
      "slowest": 0.00206069
    }
  },
  "statusCodeDistribution": {
    "200": 37972
  },
  "errorDistribution": {}
}