{
  "summary": {
    "successRate": 1,
    "total": 10.000639755,
    "slowest": 0.065570993,
    "fastest": 0.000656105,
    "average": 0.00877961522560064,
    "requestsPerSec": 5689.336021883332,
    "totalData": 739661,
    "sizePerRequest": 13,
    "sizePerSec": 73961.36828448332
  },
  "responseTimeHistogram": {
    "0.000656105": 1,
    "0.007147593799999998": 670,
    "0.013639082599999998": 53608,
    "0.020130571399999995": 2337,
    "0.026622060199999995": 226,
    "0.03311354899999999": 3,
    "0.039605037799999986": 2,
    "0.046096526599999986": 6,
    "0.052588015399999986": 9,
    "0.05907950419999999": 15,
    "0.065570993": 20
  },
  "latencyPercentiles": {
    "p10": 0.007753559,
    "p25": 0.007885959,
    "p50": 0.00804936,
    "p75": 0.008283262,
    "p90": 0.011292885,
    "p95": 0.013373901,
    "p99": 0.018015135
  },
  "rps": {
    "mean": 5705.490852471556,
    "stddev": 1222.6244497654154,
    "max": 9494.302156166095,
    "percentiles": {
      "p10": 3740.028023928902,
      "p25": 5897.0512450476035,
      "p50": 6190.270234724903,
      "p75": 6326.269835491655,
      "p90": 6411.685296452804,
      "p95": 6484.050148454272,
      "p99": 6679.164800801331
    }
  },
  "details": {
    "DNSDialup": {
      "average": 0.00233532554,
      "fastest": 0.000126001,
      "slowest": 0.004825336
    },
    "DNSLookup": {
      "average": 0.000009772080000000001,
      "fastest": 0.0000071,
      "slowest": 0.0000604
    }
  },
  "statusCodeDistribution": {
    "200": 56897
  },
  "errorDistribution": {}
}