{
  "summary": {
    "successRate": 1,
    "total": 10.000720612,
    "slowest": 0.047985771,
    "fastest": 0.000840522,
    "average": 0.00951034361553102,
    "requestsPerSec": 5251.021605081912,
    "totalData": 682682,
    "sizePerRequest": 13,
    "sizePerSec": 68263.28086606486
  },
  "responseTimeHistogram": {
    "0.000840522": 1,
    "0.0055550469": 301,
    "0.0102695718": 40713,
    "0.014984096700000001": 8659,
    "0.0196986216": 2163,
    "0.0244131465": 462,
    "0.029127671400000003": 127,
    "0.0338421963": 33,
    "0.038556721200000005": 23,
    "0.04327124610000001": 16,
    "0.047985771": 16
  },
  "latencyPercentiles": {
    "p10": 0.008002912,
    "p25": 0.008121115,
    "p50": 0.008253619,
    "p75": 0.009105242,
    "p90": 0.013702364,
    "p95": 0.015132902,
    "p99": 0.020609648
  },
  "rps": {
    "mean": 5372.489063820849,
    "stddev": 3437.05138635539,
    "max": 104326.96069482493,
    "percentiles": {
      "p10": 3316.495252437226,
      "p25": 4309.1077300983225,
      "p50": 6011.476826266469,
      "p75": 6123.106768010288,
      "p90": 6207.222102916261,
      "p95": 6249.834933794772,
      "p99": 6513.926517766314
    }
  },
  "details": {
    "DNSDialup": {
      "average": 0.0012232303400000002,
      "fastest": 0.000060002,
      "slowest": 0.001619543
    },
    "DNSLookup": {
      "average": 0.000006032079999999998,
      "fastest": 0.0000041,
      "slowest": 0.000042101
    }
  },
  "statusCodeDistribution": {
    "200": 52514
  },
  "errorDistribution": {}
}