{
  "summary": {
    "successRate": 1,
    "total": 10.000647443,
    "slowest": 0.354089396,
    "fastest": 0.001276155,
    "average": 0.0076630751976740925,
    "requestsPerSec": 6517.3780369211645,
    "totalData": 847314,
    "sizePerRequest": 13,
    "sizePerSec": 84725.91447997514
  },
  "responseTimeHistogram": {
    "0.001276155": 1,
    "0.0365574791": 65138,
    "0.0718388032": 7,
    "0.10712012729999999": 6,
    "0.1424014514": 5,
    "0.1776827755": 4,
    "0.21296409959999998": 4,
    "0.24824542369999997": 3,
    "0.2835267478": 4,
    "0.3188080719": 2,
    "0.354089396": 4
  },
  "latencyPercentiles": {
    "p10": 0.00634155,
    "p25": 0.007295291,
    "p50": 0.007421618,
    "p75": 0.007613127,
    "p90": 0.00885559,
    "p95": 0.009821862,
    "p99": 0.011169604
  },
  "rps": {
    "mean": 6515.043435688733,
    "stddev": 934.8349620590833,
    "max": 8308.057153828284,
    "percentiles": {
      "p10": 5187.132412844774,
      "p25": 6451.106959555046,
      "p50": 6710.020072974591,
      "p75": 6827.489405049669,
      "p90": 7485.884807811603,
      "p95": 7980.257449166321,
      "p99": 8231.746553759189
    }
  },
  "details": {
    "DNSDialup": {
      "average": 0.0007130451000000001,
      "fastest": 0.000075611,
      "slowest": 0.001613075
    },
    "DNSLookup": {
      "average": 0.000006769039999999999,
      "fastest": 0.000003276,
      "slowest": 0.000030698
    }
  },
  "statusCodeDistribution": {
    "200": 65178
  },
  "errorDistribution": {}
}