{
  "summary": {
    "successRate": 1,
    "total": 10.000629281,
    "slowest": 0.3536987,
    "fastest": 0.001303097,
    "average": 0.00791147558528588,
    "requestsPerSec": 6311.902803949162,
    "totalData": 820599,
    "sizePerRequest": 13,
    "sizePerSec": 82054.73645133912
  },
  "responseTimeHistogram": {
    "0.001303097": 1,
    "0.0365426573": 63083,
    "0.0717822176": 7,
    "0.1070217779": 6,
    "0.1422613382": 4,
    "0.1775008985": 5,
    "0.2127404588": 4,
    "0.2479800191": 3,
    "0.2832195794": 3,
    "0.31845913969999995": 3,
    "0.3536987": 4
  },
  "latencyPercentiles": {
    "p10": 0.006779157,
    "p25": 0.007519401,
    "p50": 0.007678416,
    "p75": 0.007933319,
    "p90": 0.008893965,
    "p95": 0.009931699,
    "p99": 0.011628788
  },
  "rps": {
    "mean": 6310.724606409779,
    "stddev": 859.059418625126,
    "max": 8318.441985882731,
    "percentiles": {
      "p10": 5074.91796902618,
      "p25": 6219.70963787162,
      "p50": 6480.922745679172,
      "p75": 6610.1922554384455,
      "p90": 7092.920809058965,
      "p95": 7537.667988237346,
      "p99": 8168.605668427604
    }
  },
  "details": {
    "DNSDialup": {
      "average": 0.0007917282,
      "fastest": 0.00009563,
      "slowest": 0.001241547
    },
    "DNSLookup": {
      "average": 0.000006210879999999999,
      "fastest": 0.000003307,
      "slowest": 0.000028754
    }
  },
  "statusCodeDistribution": {
    "200": 63123
  },
  "errorDistribution": {}
}