{
  "summary": {
    "successRate": 1,
    "total": 10.000615118,
    "slowest": 0.333265167,
    "fastest": 0.001286507,
    "average": 0.006678512445126381,
    "requestsPerSec": 7478.5399815443625,
    "totalData": 972270,
    "sizePerRequest": 13,
    "sizePerSec": 97221.01976007671
  },
  "responseTimeHistogram": {
    "0.001286507": 1,
    "0.034484373": 74750,
    "0.067682239": 8,
    "0.10088010500000001": 5,
    "0.134077971": 5,
    "0.16727583699999998": 5,
    "0.200473703": 3,
    "0.233671569": 4,
    "0.266869435": 3,
    "0.300067301": 3,
    "0.333265167": 3
  },
  "latencyPercentiles": {
    "p10": 0.004751493,
    "p25": 0.00644949,
    "p50": 0.006541459,
    "p75": 0.006705756,
    "p90": 0.008240186,
    "p95": 0.008749052,
    "p99": 0.010989265
  },
  "rps": {
    "mean": 7469.998699519901,
    "stddev": 1445.3249987130562,
    "max": 11022.271601998586,
    "percentiles": {
      "p10": 5810.486184416992,
      "p25": 7020.668849091597,
      "p50": 7617.677582598211,
      "p75": 7707.383673559741,
      "p90": 9295.515136230646,
      "p95": 10524.51686203042,
      "p99": 10803.532755210825
    }
  },
  "details": {
    "DNSDialup": {
      "average": 0.0005651853399999999,
      "fastest": 0.000056295,
      "slowest": 0.00138802
    },
    "DNSLookup": {
      "average": 0.000005525419999999999,
      "fastest": 0.000001793,
      "slowest": 0.000047251
    }
  },
  "statusCodeDistribution": {
    "200": 74790
  },
  "errorDistribution": {}
}