{
  "summary": {
    "successRate": 1,
    "total": 10.000773338,
    "slowest": 0.034625943,
    "fastest": 0.00091308,
    "average": 0.006386080157161408,
    "requestsPerSec": 7823.195002602308,
    "totalData": 1017094,
    "sizePerRequest": 13,
    "sizePerSec": 101701.53503383
  },
  "responseTimeHistogram": {
    "0.00091308": 1,
    "0.0042843663": 349,
    "0.007655652600000001": 68406,
    "0.011026938900000002": 7603,
    "0.014398225200000002": 1222,
    "0.0177695115": 497,
    "0.021140797800000003": 92,
    "0.0245120841": 33,
    "0.027883370400000003": 8,
    "0.0312546567": 13,
    "0.034625943": 14
  },
  "latencyPercentiles": {
    "p10": 0.00577037,
    "p25": 0.005821469,
    "p50": 0.005885871,
    "p75": 0.006027764,
    "p90": 0.00797022,
    "p95": 0.00935679,
    "p99": 0.013755799
  },
  "rps": {
    "mean": 7820.261689851611,
    "stddev": 1412.8848596987507,
    "max": 10542.604276278724,
    "percentiles": {
      "p10": 5641.190279060522,
      "p25": 7972.971022691177,
      "p50": 8464.604400163587,
      "p75": 8562.181990487488,
      "p90": 8640.97897870796,
      "p95": 8678.211513443726,
      "p99": 8741.98249674238
    }
  },
  "details": {
    "DNSDialup": {
      "average": 0.0012725061400000002,
      "fastest": 0.000065599,
      "slowest": 0.002692241
    },
    "DNSLookup": {
      "average": 0.000004289960000000002,
      "fastest": 0.0000029,
      "slowest": 0.000033799
    }
  },
  "statusCodeDistribution": {
    "200": 78238
  },
  "errorDistribution": {}
}