{
  "summary": {
    "successRate": 1,
    "total": 10.000662737,
    "slowest": 0.34562674,
    "fastest": 0.001304895,
    "average": 0.007703082487398539,
    "requestsPerSec": 6482.970349567943,
    "totalData": 842842,
    "sizePerRequest": 13,
    "sizePerSec": 84278.61454438326
  },
  "responseTimeHistogram": {
    "0.001304895": 1,
    "0.035737079500000005": 64793,
    "0.07016926400000001": 8,
    "0.10460144850000001": 6,
    "0.13903363300000002": 4,
    "0.17346581750000004": 5,
    "0.20789800200000003": 4,
    "0.24233018650000002": 3,
    "0.276762371": 4,
    "0.3111945555": 2,
    "0.34562674000000004": 4
  },
  "latencyPercentiles": {
    "p10": 0.006448315,
    "p25": 0.00728659,
    "p50": 0.007453373,
    "p75": 0.007674756,
    "p90": 0.008844008,
    "p95": 0.009916101,
    "p99": 0.011423779
  },
  "rps": {
    "mean": 6480.868815820319,
    "stddev": 909.0980265592711,
    "max": 8315.068567257538,
    "percentiles": {
      "p10": 5118.948299023462,
      "p25": 6378.283221288197,
      "p50": 6673.928440116844,
      "p75": 6814.586622665982,
      "p90": 7350.6770376326485,
      "p95": 7860.048411851803,
      "p99": 8203.693302726078
    }
  },
  "details": {
    "DNSDialup": {
      "average": 0.0005405008799999999,
      "fastest": 0.000082645,
      "slowest": 0.000773783
    },
    "DNSLookup": {
      "average": 0.000006960420000000001,
      "fastest": 0.000003978,
      "slowest": 0.00003235
    }
  },
  "statusCodeDistribution": {
    "200": 64834
  },
  "errorDistribution": {}
}