{
  "summary": {
    "successRate": 1,
    "total": 10.000688491,
    "slowest": 0.368280052,
    "fastest": 0.001384486,
    "average": 0.007994876187229962,
    "requestsPerSec": 6250.169681442585,
    "totalData": 812578,
    "sizePerRequest": 13,
    "sizePerSec": 81252.20585875362
  },
  "responseTimeHistogram": {
    "0.001384486": 1,
    "0.038074042599999997": 62466,
    "0.0747635992": 7,
    "0.1114531558": 6,
    "0.1481427124": 5,
    "0.184832269": 4,
    "0.22152182559999997": 4,
    "0.2582113822": 3,
    "0.2949009388": 4,
    "0.3315904954": 3,
    "0.368280052": 3
  },
  "latencyPercentiles": {
    "p10": 0.006117293,
    "p25": 0.006394836,
    "p50": 0.008061463,
    "p75": 0.008632156,
    "p90": 0.009613688,
    "p95": 0.01069767,
    "p99": 0.012733113
  },
  "rps": {
    "mean": 6249.139087849718,
    "stddev": 1197.750574087533,
    "max": 8317.737575388988,
    "percentiles": {
      "p10": 4658.097657219575,
      "p25": 5712.743989291003,
      "p50": 6060.516683289522,
      "p75": 7307.122252059241,
      "p90": 7944.227899987488,
      "p95": 8053.989110604708,
      "p99": 8158.218680145353
    }
  },
  "details": {
    "DNSDialup": {
      "average": 0.0007017594800000001,
      "fastest": 0.00007061,
      "slowest": 0.001504477
    },
    "DNSLookup": {
      "average": 0.0000062719399999999994,
      "fastest": 0.000003116,
      "slowest": 0.000034485
    }
  },
  "statusCodeDistribution": {
    "200": 62506
  },
  "errorDistribution": {}
}