{
  "summary": {
    "successRate": 1,
    "total": 10.000651941,
    "slowest": 0.331130856,
    "fastest": 0.001259406,
    "average": 0.006520714060835443,
    "requestsPerSec": 7659.500645748952,
    "totalData": 995800,
    "sizePerRequest": 13,
    "sizePerSec": 99573.50839473637
  },
  "responseTimeHistogram": {
    "0.001259406": 1,
    "0.03424655099999999": 76560,
    "0.067233696": 8,
    "0.10022084099999999": 4,
    "0.13320798599999997": 5,
    "0.16619513099999997": 5,
    "0.19918227599999996": 4,
    "0.23216942099999996": 3,
    "0.265156566": 4,
    "0.298143711": 3,
    "0.331130856": 3
  },
  "latencyPercentiles": {
    "p10": 0.004745015,
    "p25": 0.006329978,
    "p50": 0.006450008,
    "p75": 0.006592622,
    "p90": 0.007912098,
    "p95": 0.008454901,
    "p99": 0.010552091
  },
  "rps": {
    "mean": 7654.700514635898,
    "stddev": 1446.6015392744723,
    "max": 11008.496357488933,
    "percentiles": {
      "p10": 6041.552833741946,
      "p25": 7287.512826528741,
      "p50": 7724.605184895159,
      "p75": 7825.405177909105,
      "p90": 9931.426011327661,
      "p95": 10560.98121774736,
      "p99": 10806.716374226786
    }
  },
  "details": {
    "DNSDialup": {
      "average": 0.00063337124,
      "fastest": 0.000063925,
      "slowest": 0.001422095
    },
    "DNSLookup": {
      "average": 0.000004803939999999999,
      "fastest": 0.000002824,
      "slowest": 0.00002657
    }
  },
  "statusCodeDistribution": {
    "200": 76600
  },
  "errorDistribution": {}
}