{
  "summary": {
    "successRate": 1,
    "total": 10.000403054,
    "slowest": 0.034229349,
    "fastest": 0.00600111,
    "average": 0.00789278100728638,
    "requestsPerSec": 6326.744998012157,
    "totalData": 822510,
    "sizePerRequest": 13,
    "sizePerSec": 82247.68497415805
  },
  "responseTimeHistogram": {
    "0.00600111": 1,
    "0.008823933899999999": 54765,
    "0.0116467578": 6611,
    "0.014469581699999998": 1522,
    "0.017292405599999998": 295,
    "0.020115229499999998": 30,
    "0.0229380534": 11,
    "0.0257608773": 5,
    "0.0285837012": 11,
    "0.0314065251": 10,
    "0.034229349": 9
  },
  "latencyPercentiles": {
    "p10": 0.006300219,
    "p25": 0.00731802,
    "p50": 0.007643309,
    "p75": 0.008175465,
    "p90": 0.009549239,
    "p95": 0.010842386,
    "p99": 0.01369438
  },
  "rps": {
    "mean": 6327.678870871904,
    "stddev": 993.7453182670375,
    "max": 8080.546075223271,
    "percentiles": {
      "p10": 4881.834186467742,
      "p25": 6031.3630880581295,
      "p50": 6419.839229169951,
      "p75": 6739.638509931833,
      "p90": 7751.8927202479745,
      "p95": 7861.4553549466655,
      "p99": 7964.621755072064
    }
  },
  "details": {
    "DNSDialup": {
      "average": 0.0008739172599999999,
      "fastest": 0.000096643,
      "slowest": 0.001941512
    },
    "DNSLookup": {
      "average": 0.0000424857,
      "fastest": 0.000003737,
      "slowest": 0.001790533
    }
  },
  "statusCodeDistribution": {
    "200": 63270
  },
  "errorDistribution": {}
}