{
  "summary": {
    "successRate": 1,
    "total": 10.000662971,
    "slowest": 0.053710574,
    "fastest": 0.001002305,
    "average": 0.013714229982891141,
    "requestsPerSec": 3641.158601744064,
    "totalData": 473382,
    "sizePerRequest": 13,
    "sizePerSec": 47335.06182267283
  },
  "responseTimeHistogram": {
    "0.001002305": 1,
    "0.006273131899999999": 95,
    "0.011543958799999999": 8002,
    "0.016814785699999998": 22625,
    "0.022085612599999995": 4023,
    "0.027356439499999993": 1304,
    "0.0326272664": 239,
    "0.0378980933": 76,
    "0.043168920199999995": 14,
    "0.04843974709999999": 19,
    "0.05371057399999999": 16
  },
  "latencyPercentiles": {
    "p10": 0.011200958,
    "p25": 0.011616161,
    "p50": 0.012264063,
    "p75": 0.014388874,
    "p90": 0.018485294,
    "p95": 0.021724511,
    "p99": 0.027340439
  },
  "rps": {
    "mean": 3666.5700654144503,
    "stddev": 1028.7660744290845,
    "max": 9252.391648829442,
    "percentiles": {
      "p10": 2233.2871448946494,
      "p25": 3221.405920199154,
      "p50": 4041.852983458266,
      "p75": 4273.743443111089,
      "p90": 4424.800564685247,
      "p95": 4516.91494307876,
      "p99": 5034.459870923908
    }
  },
  "details": {
    "DNSDialup": {
      "average": 0.0017515829799999991,
      "fastest": 0.000090901,
      "slowest": 0.002220111
    },
    "DNSLookup": {
      "average": 0.00000768202,
      "fastest": 0.0000058,
      "slowest": 0.0000374
    }
  },
  "statusCodeDistribution": {
    "200": 36414
  },
  "errorDistribution": {}
}