{
  "summary": {
    "successRate": 1,
    "total": 10.000606328,
    "slowest": 0.360482524,
    "fastest": 0.001333446,
    "average": 0.00791189075351689,
    "requestsPerSec": 6312.017284718379,
    "totalData": 820612,
    "sizePerRequest": 13,
    "sizePerSec": 82056.22470133893
  },
  "responseTimeHistogram": {
    "0.001333446": 1,
    "0.0372483538": 63084,
    "0.0731632616": 7,
    "0.1090781694": 6,
    "0.1449930772": 5,
    "0.180907985": 4,
    "0.21682289279999997": 4,
    "0.2527378006": 3,
    "0.2886527084": 4,
    "0.3245676162": 3,
    "0.360482524": 3
  },
  "latencyPercentiles": {
    "p10": 0.006613816,
    "p25": 0.007447337,
    "p50": 0.007613066,
    "p75": 0.007946989,
    "p90": 0.009077258,
    "p95": 0.010060302,
    "p99": 0.011719269
  },
  "rps": {
    "mean": 6311.4410462242695,
    "stddev": 928.2346906545725,
    "max": 8181.090147432265,
    "percentiles": {
      "p10": 5018.161227297578,
      "p25": 6143.4130426065,
      "p50": 6514.759839893154,
      "p75": 6680.457425090464,
      "p90": 7205.705477597152,
      "p95": 7786.46794791499,
      "p99": 8014.33684718574
    }
  },
  "details": {
    "DNSDialup": {
      "average": 0.00069183366,
      "fastest": 0.000073778,
      "slowest": 0.001526118
    },
    "DNSLookup": {
      "average": 0.00003624758000000001,
      "fastest": 0.000003487,
      "slowest": 0.001442254
    }
  },
  "statusCodeDistribution": {
    "200": 63124
  },
  "errorDistribution": {}
}