{
  "summary": {
    "successRate": 1,
    "total": 10.000648441,
    "slowest": 0.349035694,
    "fastest": 0.001331355,
    "average": 0.007994384109606407,
    "requestsPerSec": 6246.494951656706,
    "totalData": 812097,
    "sizePerRequest": 13,
    "sizePerSec": 81204.43437153718
  },
  "responseTimeHistogram": {
    "0.001331355": 1,
    "0.0361017889": 62429,
    "0.07087222280000001": 7,
    "0.1056426567": 6,
    "0.1404130906": 4,
    "0.17518352450000002": 5,
    "0.2099539584": 3,
    "0.2447243923": 4,
    "0.2794948262": 3,
    "0.3142652601": 3,
    "0.349035694": 4
  },
  "latencyPercentiles": {
    "p10": 0.006843789,
    "p25": 0.007340575,
    "p50": 0.007577805,
    "p75": 0.008198453,
    "p90": 0.009245068,
    "p95": 0.010326946,
    "p99": 0.011913713
  },
  "rps": {
    "mean": 6244.9458882718955,
    "stddev": 931.8775576591784,
    "max": 8266.09236813849,
    "percentiles": {
      "p10": 4906.549149362825,
      "p25": 5858.62846679325,
      "p50": 6503.020002489076,
      "p75": 6774.727274253212,
      "p90": 7043.608388253385,
      "p95": 7528.406937899006,
      "p99": 8004.076202452443
    }
  },
  "details": {
    "DNSDialup": {
      "average": 0.0008493688199999998,
      "fastest": 0.000157918,
      "slowest": 0.001161465
    },
    "DNSLookup": {
      "average": 0.00000870878,
      "fastest": 0.000004248,
      "slowest": 0.000032361
    }
  },
  "statusCodeDistribution": {
    "200": 62469
  },
  "errorDistribution": {}
}