{
  "summary": {
    "successRate": 1,
    "total": 10.000764641,
    "slowest": 0.355112315,
    "fastest": 0.001315997,
    "average": 0.0077454157897649985,
    "requestsPerSec": 6448.00695895109,
    "totalData": 838305,
    "sizePerRequest": 13,
    "sizePerSec": 83824.09046636417
  },
  "responseTimeHistogram": {
    "0.001315997": 1,
    "0.0366956288": 64445,
    "0.0720752606": 7,
    "0.10745489239999999": 6,
    "0.1428345242": 5,
    "0.178214156": 4,
    "0.2135937878": 4,
    "0.2489734196": 3,
    "0.2843530514": 3,
    "0.3197326832": 3,
    "0.355112315": 4
  },
  "latencyPercentiles": {
    "p10": 0.00635918,
    "p25": 0.007332701,
    "p50": 0.007547,
    "p75": 0.00772324,
    "p90": 0.009003751,
    "p95": 0.010134208,
    "p99": 0.011369749
  },
  "rps": {
    "mean": 6447.328003662957,
    "stddev": 965.2667160577544,
    "max": 8241.589533262611,
    "percentiles": {
      "p10": 5004.033751607251,
      "p25": 6403.737861789927,
      "p50": 6593.882760764851,
      "p75": 6739.187024711385,
      "p90": 7610.775599934876,
      "p95": 7887.5901106609945,
      "p99": 8036.999129191025
    }
  },
  "details": {
    "DNSDialup": {
      "average": 0.0007911385800000002,
      "fastest": 0.000075488,
      "slowest": 0.001721141
    },
    "DNSLookup": {
      "average": 0.000006824400000000001,
      "fastest": 0.000003466,
      "slowest": 0.000035315
    }
  },
  "statusCodeDistribution": {
    "200": 64485
  },
  "errorDistribution": {}
}