{
  "summary": {
    "successRate": 1,
    "total": 10.000545984,
    "slowest": 0.097859143,
    "fastest": 0.00486183,
    "average": 0.007823290233006975,
    "requestsPerSec": 6383.15149014168,
    "totalData": 829855,
    "sizePerRequest": 13,
    "sizePerSec": 82980.96937184184
  },
  "responseTimeHistogram": {
    "0.00486183": 1,
    "0.0141615613": 63375,
    "0.0234612926": 408,
    "0.0327610239": 1,
    "0.042060755199999994": 0,
    "0.0513604865": 0,
    "0.06066021779999999": 0,
    "0.06995994909999999": 0,
    "0.07925968039999999": 5,
    "0.0885594117": 16,
    "0.097859143": 29
  },
  "latencyPercentiles": {
    "p10": 0.006276681,
    "p25": 0.007197322,
    "p50": 0.007523742,
    "p75": 0.007907,
    "p90": 0.009400828,
    "p95": 0.01103365,
    "p99": 0.013346948
  },
  "rps": {
    "mean": 6423.548837271789,
    "stddev": 999.1903567916237,
    "max": 8019.2277022623375,
    "percentiles": {
      "p10": 4962.165513334906,
      "p25": 6139.443468507763,
      "p50": 6603.655783841911,
      "p75": 6768.705087060269,
      "p90": 7768.486981226489,
      "p95": 7861.28025181901,
      "p99": 7958.111723426649
    }
  },
  "details": {
    "DNSDialup": {
      "average": 0.00099324602,
      "fastest": 0.000119064,
      "slowest": 0.001417927
    },
    "DNSLookup": {
      "average": 0.00000787788,
      "fastest": 0.000004438,
      "slowest": 0.000033403
    }
  },
  "statusCodeDistribution": {
    "200": 63835
  },
  "errorDistribution": {}
}