{
  "summary": {
    "successRate": 1,
    "total": 10.006641962,
    "slowest": 0.043743863,
    "fastest": 0.000260819,
    "average": 0.00867435347566276,
    "requestsPerSec": 5752.7790260314705,
    "totalData": 748358,
    "sizePerRequest": 13,
    "sizePerSec": 74786.12733840912
  },
  "responseTimeHistogram": {
    "0.000260819": 1,
    "0.0046091234": 171,
    "0.0089574278": 47880,
    "0.013305732200000002": 6317,
    "0.0176540366": 2206,
    "0.022002340999999998": 632,
    "0.0263506454": 243,
    "0.0306989498": 43,
    "0.0350472542": 22,
    "0.039395558600000005": 23,
    "0.043743863": 28
  },
  "latencyPercentiles": {
    "p10": 0.007552036,
    "p25": 0.007707348,
    "p50": 0.007851457,
    "p75": 0.008121476,
    "p90": 0.0112765,
    "p95": 0.013542761,
    "p99": 0.019954243
  },
  "rps": {
    "mean": 5768.831702740974,
    "stddev": 1403.3645968415915,
    "max": 12599.038215489538,
    "percentiles": {
      "p10": 3516.384240731205,
      "p25": 5935.968406965174,
      "p50": 6331.018190522868,
      "p75": 6460.235233315569,
      "p90": 6602.568399107177,
      "p95": 6686.25198194152,
      "p99": 7001.32395035864
    }
  },
  "details": {
    "DNSDialup": {
      "average": 0.00196211986,
      "fastest": 0.000096707,
      "slowest": 0.002217161
    },
    "DNSLookup": {
      "average": 0.000006360459999999999,
      "fastest": 0.0000049,
      "slowest": 0.000055504
    }
  },
  "statusCodeDistribution": {
    "200": 57566
  },
  "errorDistribution": {}
}