{
  "summary": {
    "successRate": 1,
    "total": 10.000648503,
    "slowest": 0.350378898,
    "fastest": 0.001329906,
    "average": 0.007540709743684549,
    "requestsPerSec": 6622.270543768555,
    "totalData": 860951,
    "sizePerRequest": 13,
    "sizePerSec": 86089.51706899122
  },
  "responseTimeHistogram": {
    "0.001329906": 1,
    "0.0362348052": 66187,
    "0.0711397044": 7,
    "0.1060446036": 6,
    "0.1409495028": 5,
    "0.175854402": 4,
    "0.21075930119999997": 4,
    "0.24566420039999998": 4,
    "0.2805690996": 3,
    "0.3154739988": 3,
    "0.350378898": 3
  },
  "latencyPercentiles": {
    "p10": 0.006214858,
    "p25": 0.007134624,
    "p50": 0.007274064,
    "p75": 0.007521725,
    "p90": 0.008602578,
    "p95": 0.009746099,
    "p99": 0.011584447
  },
  "rps": {
    "mean": 6620.637346252852,
    "stddev": 949.7084771529588,
    "max": 8408.24175857128,
    "percentiles": {
      "p10": 5262.170438866997,
      "p25": 6513.26817860661,
      "p50": 6840.6237280718215,
      "p75": 6980.660837916338,
      "p90": 7490.589693636573,
      "p95": 8141.912121025186,
      "p99": 8382.283851196844
    }
  },
  "details": {
    "DNSDialup": {
      "average": 0.0008375027399999997,
      "fastest": 0.000124793,
      "slowest": 0.001811476
    },
    "DNSLookup": {
      "average": 0.000007322860000000001,
      "fastest": 0.000003547,
      "slowest": 0.000031148
    }
  },
  "statusCodeDistribution": {
    "200": 66227
  },
  "errorDistribution": {}
}