{
  "summary": {
    "successRate": 1,
    "total": 10.00037602,
    "slowest": 0.032522938,
    "fastest": 0.006084511,
    "average": 0.007707642281189708,
    "requestsPerSec": 6478.65638956244,
    "totalData": 842257,
    "sizePerRequest": 13,
    "sizePerSec": 84222.53306431172
  },
  "responseTimeHistogram": {
    "0.006084511": 1,
    "0.0087283537": 56549,
    "0.0113721964": 6099,
    "0.014016039100000002": 1704,
    "0.0166598818": 358,
    "0.0193037245": 32,
    "0.021947567200000004": 11,
    "0.024591409900000003": 3,
    "0.027235252600000003": 8,
    "0.029879095300000002": 13,
    "0.032522938": 11
  },
  "latencyPercentiles": {
    "p10": 0.006276838,
    "p25": 0.006724929,
    "p50": 0.007524494,
    "p75": 0.007932366,
    "p90": 0.009233227,
    "p95": 0.010619891,
    "p99": 0.013617434
  },
  "rps": {
    "mean": 6480.318066030136,
    "stddev": 1009.8387071758106,
    "max": 8006.162343155009,
    "percentiles": {
      "p10": 4942.239841251276,
      "p25": 6146.541613094414,
      "p50": 6608.938589441746,
      "p75": 6970.3066955141385,
      "p90": 7778.062973419993,
      "p95": 7878.402712432264,
      "p99": 7952.0645522425675
    }
  },
  "details": {
    "DNSDialup": {
      "average": 0.0005131800800000003,
      "fastest": 0.000090641,
      "slowest": 0.00171368
    },
    "DNSLookup": {
      "average": 0.00003246756,
      "fastest": 0.000003948,
      "slowest": 0.001211458
    }
  },
  "statusCodeDistribution": {
    "200": 64789
  },
  "errorDistribution": {}
}