{
  "summary": {
    "successRate": 1,
    "total": 10.000633872,
    "slowest": 0.360498297,
    "fastest": 0.00136307,
    "average": 0.00802630656677206,
    "requestsPerSec": 6221.505636177939,
    "totalData": 808847,
    "sizePerRequest": 13,
    "sizePerSec": 80879.5732703132
  },
  "responseTimeHistogram": {
    "0.00136307": 1,
    "0.0372765927": 62179,
    "0.07319011539999999": 7,
    "0.10910363809999998": 6,
    "0.1450171608": 5,
    "0.1809306835": 4,
    "0.21684420619999997": 4,
    "0.25275772890000003": 3,
    "0.2886712516": 4,
    "0.3245847743": 2,
    "0.360498297": 4
  },
  "latencyPercentiles": {
    "p10": 0.00637257,
    "p25": 0.007198424,
    "p50": 0.007757343,
    "p75": 0.008349428,
    "p90": 0.009576182,
    "p95": 0.010638021,
    "p99": 0.012097191
  },
  "rps": {
    "mean": 6221.653319962583,
    "stddev": 1056.566104325551,
    "max": 8127.959367427842,
    "percentiles": {
      "p10": 4709.748708852456,
      "p25": 5890.514230721153,
      "p50": 6310.7320308914395,
      "p75": 6724.529739584091,
      "p90": 7657.1491325508205,
      "p95": 7882.011541892002,
      "p99": 8032.247062280745
    }
  },
  "details": {
    "DNSDialup": {
      "average": 0.00083500552,
      "fastest": 0.000140824,
      "slowest": 0.001323334
    },
    "DNSLookup": {
      "average": 0.0000068451799999999996,
      "fastest": 0.000003767,
      "slowest": 0.000033302
    }
  },
  "statusCodeDistribution": {
    "200": 62219
  },
  "errorDistribution": {}
}