{
  "summary": {
    "successRate": 1,
    "total": 10.000758102,
    "slowest": 0.096484906,
    "fastest": 0.001032375,
    "average": 0.010432899051178671,
    "requestsPerSec": 4784.837260530311,
    "totalData": 622076,
    "sizePerRequest": 13,
    "sizePerSec": 62202.884386894046
  },
  "responseTimeHistogram": {
    "0.001032375": 1,
    "0.0105776281": 31921,
    "0.020122881199999998": 15277,
    "0.0296681343": 583,
    "0.0392133874": 20,
    "0.0487586405": 0,
    "0.058303893600000004": 0,
    "0.0678491467": 0,
    "0.0773943998": 10,
    "0.0869396529": 16,
    "0.096484906": 24
  },
  "latencyPercentiles": {
    "p10": 0.008048084,
    "p25": 0.008297302,
    "p50": 0.008901846,
    "p75": 0.012740325,
    "p90": 0.013667993,
    "p95": 0.016032563,
    "p99": 0.021330047
  },
  "rps": {
    "mean": 4814.974294814294,
    "stddev": 1312.849929133529,
    "max": 8911.167506570377,
    "percentiles": {
      "p10": 3287.106008244271,
      "p25": 3784.1558417655306,
      "p50": 5326.494705963586,
      "p75": 5927.073091761444,
      "p90": 6150.793870865689,
      "p95": 6228.762556858789,
      "p99": 6398.32259679042
    }
  },
  "details": {
    "DNSDialup": {
      "average": 0.00158010254,
      "fastest": 0.000084006,
      "slowest": 0.001755227
    },
    "DNSLookup": {
      "average": 0.00000482616,
      "fastest": 0.0000036,
      "slowest": 0.000041003
    }
  },
  "statusCodeDistribution": {
    "200": 47852
  },
  "errorDistribution": {}
}