{
  "summary": {
    "successRate": 1,
    "total": 10.000631174,
    "slowest": 0.367282079,
    "fastest": 0.001393141,
    "average": 0.008226669753354603,
    "requestsPerSec": 6073.516655419853,
    "totalData": 789607,
    "sizePerRequest": 13,
    "sizePerSec": 78955.71652045808
  },
  "responseTimeHistogram": {
    "0.001393141": 1,
    "0.0379820348": 60699,
    "0.0745709286": 7,
    "0.11115982240000001": 6,
    "0.1477487162": 5,
    "0.18433760999999999": 4,
    "0.2209265038": 4,
    "0.2575153976": 3,
    "0.2941042914": 4,
    "0.3306931852": 3,
    "0.367282079": 3
  },
  "latencyPercentiles": {
    "p10": 0.006106422,
    "p25": 0.007203673,
    "p50": 0.008271174,
    "p75": 0.008695604,
    "p90": 0.009689407,
    "p95": 0.010720708,
    "p99": 0.012351864
  },
  "rps": {
    "mean": 6072.863910625225,
    "stddev": 1106.6539499682995,
    "max": 8238.982746866786,
    "percentiles": {
      "p10": 4714.724083312412,
      "p25": 5688.731121412788,
      "p50": 5975.943484995417,
      "p75": 6275.525319669488,
      "p90": 7946.077715455856,
      "p95": 8075.654345035093,
      "p99": 8176.850125908816
    }
  },
  "details": {
    "DNSDialup": {
      "average": 0.0007658287999999999,
      "fastest": 0.000076953,
      "slowest": 0.001615025
    },
    "DNSLookup": {
      "average": 0.000006241340000000001,
      "fastest": 0.000003456,
      "slowest": 0.000025427
    }
  },
  "statusCodeDistribution": {
    "200": 60739
  },
  "errorDistribution": {}
}