{
  "summary": {
    "successRate": 1,
    "total": 10.000267936,
    "slowest": 0.357813666,
    "fastest": 0.000396003,
    "average": 0.007824918899132362,
    "requestsPerSec": 6384.428938164802,
    "totalData": 829998,
    "sizePerRequest": 13,
    "sizePerSec": 82997.57619614243
  },
  "responseTimeHistogram": {
    "0.000396003": 1,
    "0.0361377693": 63805,
    "0.0718795356": 7,
    "0.1076213019": 5,
    "0.1433630682": 8,
    "0.1791048345": 4,
    "0.21484660079999998": 4,
    "0.2505883671": 2,
    "0.28633013339999996": 4,
    "0.32207189969999994": 3,
    "0.357813666": 3
  },
  "latencyPercentiles": {
    "p10": 0.006775553,
    "p25": 0.006868453,
    "p50": 0.007012755,
    "p75": 0.007290657,
    "p90": 0.010820684,
    "p95": 0.012186194,
    "p99": 0.01549832
  },
  "rps": {
    "mean": 6382.301519925571,
    "stddev": 1456.4439315322365,
    "max": 11554.15905637955,
    "percentiles": {
      "p10": 3905.0464915811094,
      "p25": 6187.317905205968,
      "p50": 7072.152933084519,
      "p75": 7247.9254575027,
      "p90": 7349.626885620102,
      "p95": 7393.8448975937645,
      "p99": 7462.478105441963
    }
  },
  "details": {
    "DNSDialup": {
      "average": 0.0015246258199999995,
      "fastest": 0.0000713,
      "slowest": 0.003276425
    },
    "DNSLookup": {
      "average": 0.00000449402,
      "fastest": 0.0000032,
      "slowest": 0.0000333
    }
  },
  "statusCodeDistribution": {
    "200": 63846
  },
  "errorDistribution": {}
}