{
  "summary": {
    "successRate": 1,
    "total": 10.000706201,
    "slowest": 0.353528135,
    "fastest": 0.001320617,
    "average": 0.007613649294689745,
    "requestsPerSec": 6560.336708365621,
    "totalData": 852904,
    "sizePerRequest": 13,
    "sizePerSec": 85284.37720875308
  },
  "responseTimeHistogram": {
    "0.001320617": 1,
    "0.0365413688": 65568,
    "0.07176212059999999": 7,
    "0.10698287239999998": 6,
    "0.1422036242": 5,
    "0.177424376": 4,
    "0.21264512779999997": 4,
    "0.24786587959999998": 3,
    "0.2830866314": 4,
    "0.3183073832": 2,
    "0.353528135": 4
  },
  "latencyPercentiles": {
    "p10": 0.006549898,
    "p25": 0.007201563,
    "p50": 0.007389439,
    "p75": 0.007577544,
    "p90": 0.00854239,
    "p95": 0.009486768,
    "p99": 0.011190888
  },
  "rps": {
    "mean": 6559.528868500349,
    "stddev": 896.6567520401255,
    "max": 8353.267113730615,
    "percentiles": {
      "p10": 5415.420952704917,
      "p25": 6505.039454065024,
      "p50": 6737.416241094761,
      "p75": 6910.392539340057,
      "p90": 7307.771083770401,
      "p95": 7889.579069715755,
      "p99": 8204.449272840977
    }
  },
  "details": {
    "DNSDialup": {
      "average": 0.00073450382,
      "fastest": 0.000073047,
      "slowest": 0.001141112
    },
    "DNSLookup": {
      "average": 0.000006882859999999997,
      "fastest": 0.000003206,
      "slowest": 0.000040606
    }
  },
  "statusCodeDistribution": {
    "200": 65608
  },
  "errorDistribution": {}
}