{
  "summary": {
    "successRate": 1,
    "total": 10.000372298,
    "slowest": 0.034869551,
    "fastest": 0.006167974,
    "average": 0.007944969480152775,
    "requestsPerSec": 6285.266000803843,
    "totalData": 817115,
    "sizePerRequest": 13,
    "sizePerSec": 81708.45801044996
  },
  "responseTimeHistogram": {
    "0.006167974": 1,
    "0.0090381317": 54323,
    "0.011908289399999999": 6950,
    "0.014778447099999998": 1215,
    "0.0176486048": 294,
    "0.0205187625": 24,
    "0.023388920199999996": 14,
    "0.026259077899999997": 8,
    "0.029129235599999997": 5,
    "0.0319993933": 10,
    "0.034869551": 11
  },
  "latencyPercentiles": {
    "p10": 0.006406901,
    "p25": 0.007406972,
    "p50": 0.007638853,
    "p75": 0.00815381,
    "p90": 0.009764254,
    "p95": 0.010958124,
    "p99": 0.013752265
  },
  "rps": {
    "mean": 6285.99066450585,
    "stddev": 981.6084143412814,
    "max": 7864.338943328946,
    "percentiles": {
      "p10": 4703.823267551625,
      "p25": 5986.211016576335,
      "p50": 6500.300313874662,
      "p75": 6641.278200527763,
      "p90": 7601.796304466996,
      "p95": 7752.070658613993,
      "p99": 7841.053403303454
    }
  },
  "details": {
    "DNSDialup": {
      "average": 0.0016876017199999999,
      "fastest": 0.000070212,
      "slowest": 0.00358899
    },
    "DNSLookup": {
      "average": 0.000008419879999999999,
      "fastest": 0.000003156,
      "slowest": 0.000095581
    }
  },
  "statusCodeDistribution": {
    "200": 62855
  },
  "errorDistribution": {}
}