{
  "summary": {
    "successRate": 1,
    "total": 10.000777966,
    "slowest": 0.033126125,
    "fastest": 0.000145198,
    "average": 0.006349200743618365,
    "requestsPerSec": 7865.788068431956,
    "totalData": 1022632,
    "sizePerRequest": 13,
    "sizePerSec": 102255.24488961542
  },
  "responseTimeHistogram": {
    "0.000145198": 1,
    "0.0034432907": 311,
    "0.0067413834": 62287,
    "0.0100394761": 13598,
    "0.0133375688": 1788,
    "0.0166356615": 539,
    "0.0199337542": 96,
    "0.0232318469": 9,
    "0.0265299396": 8,
    "0.0298280323": 12,
    "0.033126125": 15
  },
  "latencyPercentiles": {
    "p10": 0.005577253,
    "p25": 0.005613953,
    "p50": 0.005667853,
    "p75": 0.005928351,
    "p90": 0.00861623,
    "p95": 0.009179825,
    "p99": 0.013000091
  },
  "rps": {
    "mean": 7849.029105489498,
    "stddev": 1551.2273614955361,
    "max": 10178.765321813318,
    "percentiles": {
      "p10": 5742.194217328112,
      "p25": 6665.106762387104,
      "p50": 8782.71827553453,
      "p75": 8878.828010845047,
      "p90": 8945.158739380042,
      "p95": 8971.66837850798,
      "p99": 9003.767176186524
    }
  },
  "details": {
    "DNSDialup": {
      "average": 0.0011601603399999999,
      "fastest": 0.000066599,
      "slowest": 0.001342789
    },
    "DNSLookup": {
      "average": 0.000004589940000000003,
      "fastest": 0.000002899,
      "slowest": 0.000050799
    }
  },
  "statusCodeDistribution": {
    "200": 78664
  },
  "errorDistribution": {}
}