{
  "summary": {
    "successRate": 1,
    "total": 10.000454895,
    "slowest": 0.031450075,
    "fastest": 0.004253092,
    "average": 0.007846471655600389,
    "requestsPerSec": 6364.41048614919,
    "totalData": 827411,
    "sizePerRequest": 13,
    "sizePerSec": 82737.33631993947
  },
  "responseTimeHistogram": {
    "0.004253092": 1,
    "0.0069727903": 14482,
    "0.0096924886": 43359,
    "0.0124121869": 4513,
    "0.0151318852": 1067,
    "0.0178515835": 160,
    "0.0205712818": 24,
    "0.0232909801": 10,
    "0.0260106784": 10,
    "0.0287303767": 9,
    "0.031450075": 12
  },
  "latencyPercentiles": {
    "p10": 0.006379874,
    "p25": 0.007181553,
    "p50": 0.007592138,
    "p75": 0.008014405,
    "p90": 0.009451191,
    "p95": 0.010786299,
    "p99": 0.013682471
  },
  "rps": {
    "mean": 6364.410833504805,
    "stddev": 981.9225155872748,
    "max": 7971.784323476662,
    "percentiles": {
      "p10": 4903.112005189698,
      "p25": 6052.296074692699,
      "p50": 6531.843389709611,
      "p75": 6737.876297820561,
      "p90": 7644.861576704349,
      "p95": 7748.624946124515,
      "p99": 7861.512403803095
    }
  },
  "details": {
    "DNSDialup": {
      "average": 0.0009884761,
      "fastest": 0.000102189,
      "slowest": 0.001519124
    },
    "DNSLookup": {
      "average": 0.000008668420000000001,
      "fastest": 0.000003677,
      "slowest": 0.000033622
    }
  },
  "statusCodeDistribution": {
    "200": 63647
  },
  "errorDistribution": {}
}