{
  "summary": {
    "successRate": 1,
    "total": 10.000421223,
    "slowest": 0.005527646,
    "fastest": 0.000037058,
    "average": 0.0006370914105470817,
    "requestsPerSec": 78312.20130996277,
    "totalData": 10181015,
    "sizePerRequest": 13,
    "sizePerSec": 1018058.6170295159
  },
  "responseTimeHistogram": {
    "0.000037058": 1,
    "0.0005861167999999999": 394387,
    "0.0011351755999999998": 359042,
    "0.0016842343999999997": 26253,
    "0.0022332931999999995": 3279,
    "0.0027823519999999997": 129,
    "0.0033314107999999993": 44,
    "0.003880469599999999": 4,
    "0.0044295283999999996": 2,
    "0.0049785872": 13,
    "0.005527646": 1
  },
  "latencyPercentiles": {
    "p10": 0.000377977,
    "p25": 0.000467546,
    "p50": 0.000584398,
    "p75": 0.000760198,
    "p90": 0.000965903,
    "p95": 0.001074455,
    "p99": 0.001499628
  },
  "rps": {
    "mean": 78320.53469151158,
    "stddev": 15203.567577261032,
    "max": 100534.68366158777,
    "percentiles": {
      "p10": 56333.214063014035,
      "p25": 64474.61888651113,
      "p50": 81544.37644966356,
      "p75": 92171.8591154617,
      "p90": 95481.27119335918,
      "p95": 96707.21929403195,
      "p99": 98559.74691859045
    }
  },
  "details": {
    "DNSDialup": {
      "average": 0.0013010397200000003,
      "fastest": 0.000095899,
      "slowest": 0.002840992
    },
    "DNSLookup": {
      "average": 0.000011315599999999999,
      "fastest": 0.000004158,
      "slowest": 0.000106178
    }
  },
  "statusCodeDistribution": {
    "200": 783155
  },
  "errorDistribution": {}
}