{
  "summary": {
    "successRate": 1,
    "total": 10.000517929,
    "slowest": 0.004307571,
    "fastest": 0.000034172,
    "average": 0.0006058012479398325,
    "requestsPerSec": 82367.33395690909,
    "totalData": 10708308,
    "sizePerRequest": 13,
    "sizePerSec": 1070775.3414398183
  },
  "responseTimeHistogram": {
    "0.000034172": 1,
    "0.0004615119": 220237,
    "0.0008888517999999999": 506355,
    "0.0013161917": 82720,
    "0.0017435316": 12363,
    "0.0021708714999999997": 1870,
    "0.0025982113999999997": 79,
    "0.0030255512999999997": 48,
    "0.0034528911999999997": 13,
    "0.0038802310999999996": 18,
    "0.004307571": 12
  },
  "latencyPercentiles": {
    "p10": 0.00035353,
    "p25": 0.000453483,
    "p50": 0.000563442,
    "p75": 0.000702701,
    "p90": 0.000917001,
    "p95": 0.001024001,
    "p99": 0.001463838
  },
  "rps": {
    "mean": 82362.5445475607,
    "stddev": 15196.795944330699,
    "max": 101656.49051177663,
    "percentiles": {
      "p10": 58604.80296915063,
      "p25": 69609.17503011922,
      "p50": 87426.87502138628,
      "p75": 95433.12483762766,
      "p90": 98172.04846637096,
      "p95": 98853.539317269,
      "p99": 100168.41502745936
    }
  },
  "details": {
    "DNSDialup": {
      "average": 0.0006302445400000001,
      "fastest": 0.000114213,
      "slowest": 0.00108332
    },
    "DNSLookup": {
      "average": 0.000008435399999999997,
      "fastest": 0.000004469,
      "slowest": 0.000035115
    }
  },
  "statusCodeDistribution": {
    "200": 823716
  },
  "errorDistribution": {}
}