{
  "summary": {
    "successRate": 1,
    "total": 10.000875323,
    "slowest": 0.005271366,
    "fastest": 0.000040346,
    "average": 0.0006774673406122068,
    "requestsPerSec": 73635.65450179945,
    "totalData": 9573473,
    "sizePerRequest": 13,
    "sizePerSec": 957263.5085233928
  },
  "responseTimeHistogram": {
    "0.000040346": 1,
    "0.000563448": 282248,
    "0.00108655": 406355,
    "0.0016096519999999998": 41385,
    "0.002132754": 6265,
    "0.0026558560000000003": 84,
    "0.003178958": 46,
    "0.00370206": 19,
    "0.004225162": 1,
    "0.004748264": 3,
    "0.005271366": 14
  },
  "latencyPercentiles": {
    "p10": 0.000385341,
    "p25": 0.000477242,
    "p50": 0.000615885,
    "p75": 0.000838967,
    "p90": 0.001001159,
    "p95": 0.001156551,
    "p99": 0.001578144
  },
  "rps": {
    "mean": 73633.64633046687,
    "stddev": 11703.380819899909,
    "max": 105205.68110677552,
    "percentiles": {
      "p10": 58107.97041983812,
      "p25": 64355.99615225094,
      "p50": 74584.78052001153,
      "p75": 80868.86792792432,
      "p90": 89203.47001498341,
      "p95": 93014.42653755579,
      "p99": 99864.05441035554
    }
  },
  "details": {
    "DNSDialup": {
      "average": 0.0007620717800000002,
      "fastest": 0.000105259,
      "slowest": 0.001064893
    },
    "DNSLookup": {
      "average": 0.000007682120000000002,
      "fastest": 0.000003377,
      "slowest": 0.000041126
    }
  },
  "statusCodeDistribution": {
    "200": 736421
  },
  "errorDistribution": {}
}