{
  "summary": {
    "successRate": 1,
    "total": 10.000665117,
    "slowest": 0.00513996,
    "fastest": 0.000043791,
    "average": 0.0006358820540161881,
    "requestsPerSec": 78478.68024956284,
    "totalData": 10202907,
    "sizePerRequest": 13,
    "sizePerSec": 1020222.843244317
  },
  "responseTimeHistogram": {
    "0.000043791": 1,
    "0.0005534079": 284902,
    "0.0010630248000000001": 471682,
    "0.0015726417000000003": 26869,
    "0.0020822586000000002": 1226,
    "0.0025918755": 72,
    "0.0031014924000000005": 61,
    "0.0036111093000000005": 22,
    "0.0041207262": 1,
    "0.0046303431": 0,
    "0.00513996": 3
  },
  "latencyPercentiles": {
    "p10": 0.000397282,
    "p25": 0.000503757,
    "p50": 0.000617855,
    "p75": 0.000747014,
    "p90": 0.000872842,
    "p95": 0.000997621,
    "p99": 0.001327055
  },
  "rps": {
    "mean": 78479.39559591521,
    "stddev": 6450.228479124604,
    "max": 96520.50585154974,
    "percentiles": {
      "p10": 70529.32609378721,
      "p25": 74309.7108571069,
      "p50": 78769.88106354768,
      "p75": 82941.3877524892,
      "p90": 86358.30913032278,
      "p95": 88417.78493463468,
      "p99": 91226.78418384245
    }
  },
  "details": {
    "DNSDialup": {
      "average": 0.00069407922,
      "fastest": 0.000101964,
      "slowest": 0.000982538
    },
    "DNSLookup": {
      "average": 0.000005106739999999999,
      "fastest": 0.000002674,
      "slowest": 0.000032779
    }
  },
  "statusCodeDistribution": {
    "200": 784839
  },
  "errorDistribution": {}
}