{
  "summary": {
    "successRate": 1,
    "total": 10.000503314,
    "slowest": 0.00763253,
    "fastest": 0.000030901,
    "average": 0.000856865250769628,
    "requestsPerSec": 58109.775253657805,
    "totalData": 7554651,
    "sizePerRequest": 13,
    "sizePerSec": 755427.0782975514
  },
  "responseTimeHistogram": {
    "0.000030901": 1,
    "0.0007910639": 331773,
    "0.0015512268000000002": 237654,
    "0.0023113897000000003": 8200,
    "0.0030715526": 3215,
    "0.0038317155": 158,
    "0.004591878400000001": 118,
    "0.005352041300000001": 3,
    "0.0061122042000000005": 4,
    "0.0068723671": 0,
    "0.00763253": 1
  },
  "latencyPercentiles": {
    "p10": 0.000504515,
    "p25": 0.000598418,
    "p50": 0.000709421,
    "p75": 0.001190736,
    "p90": 0.001289539,
    "p95": 0.001383942,
    "p99": 0.001883156
  },
  "rps": {
    "mean": 58139.98587438994,
    "stddev": 14049.503810718203,
    "max": 85071.60799164469,
    "percentiles": {
      "p10": 39259.277583223164,
      "p25": 45558.76625258871,
      "p50": 58630.170705001954,
      "p75": 69228.75856805996,
      "p90": 77840.48483616849,
      "p95": 80812.93815139362,
      "p99": 83012.46017027207
    }
  },
  "details": {
    "DNSDialup": {
      "average": 0.0013893318400000003,
      "fastest": 0.000070402,
      "slowest": 0.002222867
    },
    "DNSLookup": {
      "average": 0.000008984240000000002,
      "fastest": 0.000003,
      "slowest": 0.000141104
    }
  },
  "statusCodeDistribution": {
    "200": 581127
  },
  "errorDistribution": {}
}