{
  "summary": {
    "successRate": 1,
    "total": 10.000572039,
    "slowest": 0.004643729,
    "fastest": 0.000034563,
    "average": 0.0006304721062552293,
    "requestsPerSec": 79136.97305650698,
    "totalData": 10288395,
    "sizePerRequest": 13,
    "sizePerSec": 1028780.6497345907
  },
  "responseTimeHistogram": {
    "0.000034563": 1,
    "0.0004954796": 258363,
    "0.0009563962000000002": 460488,
    "0.0014173128000000003": 62264,
    "0.0018782294000000003": 9726,
    "0.0023391460000000003": 455,
    "0.0028000626000000005": 79,
    "0.0032609792000000003": 25,
    "0.0037218958000000005": 13,
    "0.0041828124": 0,
    "0.004643729": 1
  },
  "latencyPercentiles": {
    "p10": 0.000372557,
    "p25": 0.000460445,
    "p50": 0.000577054,
    "p75": 0.000771459,
    "p90": 0.000943038,
    "p95": 0.001059425,
    "p99": 0.001489239
  },
  "rps": {
    "mean": 79119.53504297034,
    "stddev": 15412.518112272255,
    "max": 101598.6288497819,
    "percentiles": {
      "p10": 58026.29751803481,
      "p25": 63204.14619198936,
      "p50": 82226.45164783664,
      "p75": 93424.80066198102,
      "p90": 97323.23067467853,
      "p95": 98538.20326140367,
      "p99": 100034.45186522305
    }
  },
  "details": {
    "DNSDialup": {
      "average": 0.0007656762599999998,
      "fastest": 0.000075282,
      "slowest": 0.00185094
    },
    "DNSLookup": {
      "average": 0.000008007100000000002,
      "fastest": 0.000004107,
      "slowest": 0.000055153
    }
  },
  "statusCodeDistribution": {
    "200": 791415
  },
  "errorDistribution": {}
}