{
  "summary": {
    "successRate": 1,
    "total": 10.00046977,
    "slowest": 0.004962224,
    "fastest": 0.000036468,
    "average": 0.0006444878538975437,
    "requestsPerSec": 77409.16354972392,
    "totalData": 10063664,
    "sizePerRequest": 13,
    "sizePerSec": 1006319.1261464109
  },
  "responseTimeHistogram": {
    "0.000036468": 1,
    "0.0005290436000000001": 293990,
    "0.0010216192000000002": 422978,
    "0.0015141948000000002": 48306,
    "0.0020067704000000003": 8478,
    "0.0024993460000000004": 275,
    "0.0029919216000000005": 61,
    "0.0034844972000000005": 19,
    "0.0039770728": 8,
    "0.0044696484": 10,
    "0.004962224": 2
  },
  "latencyPercentiles": {
    "p10": 0.000379831,
    "p25": 0.000469315,
    "p50": 0.000586083,
    "p75": 0.000786719,
    "p90": 0.000974849,
    "p95": 0.001087579,
    "p99": 0.001551793
  },
  "rps": {
    "mean": 77388.89003524557,
    "stddev": 16210.923792913281,
    "max": 100694.50178993004,
    "percentiles": {
      "p10": 55232.13958202436,
      "p25": 60538.936860095004,
      "p50": 81171.27649789464,
      "p75": 92219.75347119175,
      "p90": 96265.19106787094,
      "p95": 97822.12736521402,
      "p99": 99235.58558057477
    }
  },
  "details": {
    "DNSDialup": {
      "average": 0.0013158104799999998,
      "fastest": 0.000094725,
      "slowest": 0.003049086
    },
    "DNSLookup": {
      "average": 0.00004969058,
      "fastest": 0.000004088,
      "slowest": 0.001266863
    }
  },
  "statusCodeDistribution": {
    "200": 774128
  },
  "errorDistribution": {}
}