{
  "summary": {
    "successRate": 1,
    "total": 10.001074922,
    "slowest": 0.020692681,
    "fastest": 0.000029401,
    "average": 0.0008085120149725153,
    "requestsPerSec": 61652.972786318656,
    "totalData": 8015748,
    "sizePerRequest": 13,
    "sizePerSec": 801488.6462221425
  },
  "responseTimeHistogram": {
    "0.000029401": 1,
    "0.002095729": 610047,
    "0.004162057": 5714,
    "0.006228385": 200,
    "0.008294713": 258,
    "0.010361041": 300,
    "0.012427369": 41,
    "0.014493697000000002": 31,
    "0.016560025": 2,
    "0.018626353": 1,
    "0.020692680999999997": 1
  },
  "latencyPercentiles": {
    "p10": 0.000488413,
    "p25": 0.000565616,
    "p50": 0.000725219,
    "p75": 0.00077462,
    "p90": 0.001359138,
    "p95": 0.001521843,
    "p99": 0.002137456
  },
  "rps": {
    "mean": 61669.06189690248,
    "stddev": 16814.291065728474,
    "max": 79427.29916272168,
    "percentiles": {
      "p10": 35502.5526335382,
      "p25": 45905.289875212824,
      "p50": 71433.1306860141,
      "p75": 75431.20588987753,
      "p90": 76523.46555368016,
      "p95": 77100.5236627503,
      "p99": 77917.43012911735
    }
  },
  "details": {
    "DNSDialup": {
      "average": 0.0015419025800000002,
      "fastest": 0.000085003,
      "slowest": 0.002575668
    },
    "DNSLookup": {
      "average": 0.000008542259999999998,
      "fastest": 0.0000038,
      "slowest": 0.000109503
    }
  },
  "statusCodeDistribution": {
    "200": 616596
  },
  "errorDistribution": {}
}