{
  "summary": {
    "successRate": 1,
    "total": 10.000728954,
    "slowest": 0.016781909,
    "fastest": 0.0000278,
    "average": 0.0007527011983741446,
    "requestsPerSec": 66224.57253329536,
    "totalData": 8609822,
    "sizePerRequest": 13,
    "sizePerSec": 860919.4429328396
  },
  "responseTimeHistogram": {
    "0.0000278": 2,
    "0.0017032108999999998": 656634,
    "0.0033786218": 4450,
    "0.005054032699999999": 470,
    "0.006729443599999999": 119,
    "0.0084048545": 310,
    "0.010080265399999998": 248,
    "0.011755676299999998": 16,
    "0.013431087199999999": 39,
    "0.015106498099999999": 0,
    "0.016781909": 6
  },
  "latencyPercentiles": {
    "p10": 0.0004707,
    "p25": 0.000543201,
    "p50": 0.0006818,
    "p75": 0.000727801,
    "p90": 0.0012204,
    "p95": 0.001279301,
    "p99": 0.001566601
  },
  "rps": {
    "mean": 66243.3913602977,
    "stddev": 17851.559528928927,
    "max": 83987.13871591346,
    "percentiles": {
      "p10": 39162.898074541474,
      "p25": 41586.06235604633,
      "p50": 77915.52671699828,
      "p75": 79996.74385113239,
      "p90": 81060.89350223944,
      "p95": 81624.74821806989,
      "p99": 82513.08964603547
    }
  },
  "details": {
    "DNSDialup": {
      "average": 0.0019678208999999998,
      "fastest": 0.00007,
      "slowest": 0.002637701
    },
    "DNSLookup": {
      "average": 0.000008459999999999999,
      "fastest": 0.0000028,
      "slowest": 0.000043
    }
  },
  "statusCodeDistribution": {
    "200": 662294
  },
  "errorDistribution": {}
}