{
  "summary": {
    "successRate": 1,
    "total": 10.000466846,
    "slowest": 0.004798798,
    "fastest": 0.000045035,
    "average": 0.0006304980013379368,
    "requestsPerSec": 79146.30508640555,
    "totalData": 10289500,
    "sizePerRequest": 13,
    "sizePerSec": 1028901.9661232723
  },
  "responseTimeHistogram": {
    "0.000045035": 1,
    "0.0005204113": 292836,
    "0.0009957876": 439442,
    "0.0014711638999999998": 50111,
    "0.0019465402": 8477,
    "0.0024219165000000003": 497,
    "0.0028972928": 85,
    "0.0033726691": 32,
    "0.0038480454": 18,
    "0.0043234217": 0,
    "0.004798798": 1
  },
  "latencyPercentiles": {
    "p10": 0.000337662,
    "p25": 0.00043844,
    "p50": 0.000604047,
    "p75": 0.000763549,
    "p90": 0.000953823,
    "p95": 0.001057268,
    "p99": 0.001504997
  },
  "rps": {
    "mean": 79134.21747510345,
    "stddev": 15491.558290869769,
    "max": 97705.4031087898,
    "percentiles": {
      "p10": 55516.32335232094,
      "p25": 63644.81103855518,
      "p50": 85412.88880492304,
      "p75": 92454.06713846278,
      "p90": 95203.17978620785,
      "p95": 95872.47959457358,
      "p99": 96877.32425431849
    }
  },
  "details": {
    "DNSDialup": {
      "average": 0.00052970336,
      "fastest": 0.000093898,
      "slowest": 0.000923882
    },
    "DNSLookup": {
      "average": 0.000012206639999999997,
      "fastest": 0.000004588,
      "slowest": 0.000075361
    }
  },
  "statusCodeDistribution": {
    "200": 791500
  },
  "errorDistribution": {}
}