{
  "summary": {
    "successRate": 1,
    "total": 10.000677916,
    "slowest": 0.009090765,
    "fastest": 0.000034066,
    "average": 0.0006922471833034945,
    "requestsPerSec": 72071.21417707698,
    "totalData": 9369893,
    "sizePerRequest": 13,
    "sizePerSec": 936925.7843020009
  },
  "responseTimeHistogram": {
    "0.000034066": 1,
    "0.0009397359000000001": 604138,
    "0.0018454058": 114155,
    "0.0027510757": 2276,
    "0.0036567456000000005": 88,
    "0.004562415500000001": 66,
    "0.0054680854": 23,
    "0.006373755300000001": 12,
    "0.007279425200000001": 1,
    "0.0081850951": 0,
    "0.009090765": 1
  },
  "latencyPercentiles": {
    "p10": 0.000414269,
    "p25": 0.000503402,
    "p50": 0.000632734,
    "p75": 0.00084454,
    "p90": 0.001019237,
    "p95": 0.001198896,
    "p99": 0.001605629
  },
  "rps": {
    "mean": 72052.75927265426,
    "stddev": 9118.746281719887,
    "max": 94717.24801086176,
    "percentiles": {
      "p10": 61322.9402305844,
      "p25": 66205.21697109526,
      "p50": 72352.0790264819,
      "p75": 78352.36288411413,
      "p90": 83237.70668111356,
      "p95": 86034.92697158859,
      "p99": 90724.91005616599
    }
  },
  "details": {
    "DNSDialup": {
      "average": 0.0007751955399999999,
      "fastest": 0.000094595,
      "slowest": 0.001976942
    },
    "DNSLookup": {
      "average": 0.00002525348,
      "fastest": 0.000002695,
      "slowest": 0.000907269
    }
  },
  "statusCodeDistribution": {
    "200": 720761
  },
  "errorDistribution": {}
}