{
  "summary": {
    "successRate": 1,
    "total": 10.000138076,
    "slowest": 0.004988698,
    "fastest": 0.000033313,
    "average": 0.0006372532910328305,
    "requestsPerSec": 78299.01887846693,
    "totalData": 10179013,
    "sizePerRequest": 13,
    "sizePerSec": 1017887.24542007
  },
  "responseTimeHistogram": {
    "0.000033313": 1,
    "0.0005288515": 220878,
    "0.00102439": 501465,
    "0.0015199285": 55666,
    "0.002015467": 4630,
    "0.0025110055": 244,
    "0.003006544": 77,
    "0.0035020825": 24,
    "0.003997621": 1,
    "0.0044931595": 3,
    "0.004988698": 12
  },
  "latencyPercentiles": {
    "p10": 0.000399906,
    "p25": 0.000514101,
    "p50": 0.000583275,
    "p75": 0.000709172,
    "p90": 0.000957786,
    "p95": 0.001119227,
    "p99": 0.001412195
  },
  "rps": {
    "mean": 78294.79391296995,
    "stddev": 13634.069596756994,
    "max": 100345.35610095762,
    "percentiles": {
      "p10": 58208.894319052386,
      "p25": 68333.4218766391,
      "p50": 79704.20041136227,
      "p75": 89940.0546531049,
      "p90": 96236.94536332387,
      "p95": 97955.09702221338,
      "p99": 99541.60839230921
    }
  },
  "details": {
    "DNSDialup": {
      "average": 0.0007781696400000001,
      "fastest": 0.000124331,
      "slowest": 0.001374704
    },
    "DNSLookup": {
      "average": 0.0000067977399999999996,
      "fastest": 0.000003857,
      "slowest": 0.000025458
    }
  },
  "statusCodeDistribution": {
    "200": 783001
  },
  "errorDistribution": {}
}