{
  "summary": {
    "successRate": 1,
    "total": 10.000195006,
    "slowest": 0.004598845,
    "fastest": 0.000044989,
    "average": 0.0006319417326219332,
    "requestsPerSec": 78934.26073455512,
    "totalData": 10261654,
    "sizePerRequest": 13,
    "sizePerSec": 1026145.3895492165
  },
  "responseTimeHistogram": {
    "0.000044989": 1,
    "0.0005003746": 261912,
    "0.0009557602": 448442,
    "0.0014111458000000002": 67474,
    "0.0018665314000000002": 10540,
    "0.002321917": 875,
    "0.0027773026000000004": 50,
    "0.0032326882": 40,
    "0.0036880738000000003": 1,
    "0.0041434594": 20,
    "0.004598845": 3
  },
  "latencyPercentiles": {
    "p10": 0.000353147,
    "p25": 0.00045723,
    "p50": 0.000586831,
    "p75": 0.000768239,
    "p90": 0.000955868,
    "p95": 0.00106117,
    "p99": 0.00150772
  },
  "rps": {
    "mean": 78907.50695509248,
    "stddev": 15794.100198718994,
    "max": 101329.67726447263,
    "percentiles": {
      "p10": 56837.222105328714,
      "p25": 62926.152108816575,
      "p50": 82178.33238643232,
      "p75": 93449.0607569,
      "p90": 97410.47162570308,
      "p95": 98551.59175828475,
      "p99": 100008.62074310398
    }
  },
  "details": {
    "DNSDialup": {
      "average": 0.0008515505799999999,
      "fastest": 0.000081339,
      "slowest": 0.00144668
    },
    "DNSLookup": {
      "average": 0.000009627360000000001,
      "fastest": 0.000003656,
      "slowest": 0.00004294
    }
  },
  "statusCodeDistribution": {
    "200": 789358
  },
  "errorDistribution": {}
}