{
  "summary": {
    "successRate": 1,
    "total": 10.000476734,
    "slowest": 0.003331082,
    "fastest": 0.000037244,
    "average": 0.000631500848755286,
    "requestsPerSec": 79009.23336121428,
    "totalData": 10271690,
    "sizePerRequest": 13,
    "sizePerSec": 1027120.0336957857
  },
  "responseTimeHistogram": {
    "0.000037244": 1,
    "0.00036662779999999996": 87440,
    "0.0006960116": 454812,
    "0.0010253954": 198810,
    "0.0013547792": 35053,
    "0.001684163": 10012,
    "0.0020135468": 3755,
    "0.0023429306": 168,
    "0.0026723144": 25,
    "0.0030016982": 13,
    "0.003331082": 41
  },
  "latencyPercentiles": {
    "p10": 0.000357144,
    "p25": 0.000460348,
    "p50": 0.000582018,
    "p75": 0.00076784,
    "p90": 0.000956224,
    "p95": 0.001061693,
    "p99": 0.001516014
  },
  "rps": {
    "mean": 78987.43341407755,
    "stddev": 16705.688123782176,
    "max": 100768.70398144901,
    "percentiles": {
      "p10": 55878.166668562095,
      "p25": 60514.89963994108,
      "p50": 84069.07114885307,
      "p75": 94540.72814568148,
      "p90": 97741.09035438823,
      "p95": 98848.98955922492,
      "p99": 100103.30942948138
    }
  },
  "details": {
    "DNSDialup": {
      "average": 0.0008871795799999997,
      "fastest": 0.000117372,
      "slowest": 0.001840027
    },
    "DNSLookup": {
      "average": 0.00000933846,
      "fastest": 0.000005139,
      "slowest": 0.000036419
    }
  },
  "statusCodeDistribution": {
    "200": 790130
  },
  "errorDistribution": {}
}