{
  "summary": {
    "successRate": 1,
    "total": 10.002600532,
    "slowest": 0.003936937,
    "fastest": 0.00005488,
    "average": 0.0006833267532008419,
    "requestsPerSec": 73001.11582622581,
    "totalData": 9492613,
    "sizePerRequest": 13,
    "sizePerSec": 949014.5057409356
  },
  "responseTimeHistogram": {
    "0.00005488": 1,
    "0.00044308569999999993": 121926,
    "0.0008312913999999999": 423767,
    "0.0012194970999999998": 154728,
    "0.0016077027999999998": 23438,
    "0.0019959085": 5835,
    "0.0023841141999999997": 385,
    "0.0027723199": 48,
    "0.0031605255999999997": 36,
    "0.0035487312999999995": 27,
    "0.003936937": 10
  },
  "latencyPercentiles": {
    "p10": 0.000392435,
    "p25": 0.000504676,
    "p50": 0.000621127,
    "p75": 0.000834261,
    "p90": 0.001001506,
    "p95": 0.001170062,
    "p99": 0.001575653
  },
  "rps": {
    "mean": 73000.32195071253,
    "stddev": 11225.812274108015,
    "max": 103264.54588612348,
    "percentiles": {
      "p10": 57617.078305334406,
      "p25": 64932.44920990103,
      "p50": 74442.23678182033,
      "p75": 79430.93040429235,
      "p90": 87434.1605265193,
      "p95": 92955.57975383328,
      "p99": 97816.67774355537
    }
  },
  "details": {
    "DNSDialup": {
      "average": 0.0007368615199999999,
      "fastest": 0.000068434,
      "slowest": 0.001324402
    },
    "DNSLookup": {
      "average": 0.00000635166,
      "fastest": 0.000002725,
      "slowest": 0.000030838
    }
  },
  "statusCodeDistribution": {
    "200": 730201
  },
  "errorDistribution": {}
}