{
  "summary": {
    "successRate": 1,
    "total": 10.000702547,
    "slowest": 0.005394779,
    "fastest": 0.000032281,
    "average": 0.0006313265700171665,
    "requestsPerSec": 79005.04952394721,
    "totalData": 10271378,
    "sizePerRequest": 13,
    "sizePerSec": 1027065.6438113138
  },
  "responseTimeHistogram": {
    "0.000032281": 1,
    "0.0005685308": 378622,
    "0.0011047805999999999": 374447,
    "0.0016410304": 32769,
    "0.0021772802": 3983,
    "0.00271353": 153,
    "0.0032497798": 74,
    "0.0037860295999999996": 36,
    "0.0043222794": 19,
    "0.0048585292": 1,
    "0.005394779000000001": 1
  },
  "latencyPercentiles": {
    "p10": 0.000376655,
    "p25": 0.000466477,
    "p50": 0.000578217,
    "p75": 0.00073975,
    "p90": 0.000965046,
    "p95": 0.001091293,
    "p99": 0.001500719
  },
  "rps": {
    "mean": 79014.80469993856,
    "stddev": 12357.001242730805,
    "max": 98335.39090718761,
    "percentiles": {
      "p10": 60762.968664424945,
      "p25": 70424.97269531511,
      "p50": 81752.17349574514,
      "p75": 88600.43414213363,
      "p90": 93119.85315269092,
      "p95": 94618.65879951481,
      "p99": 96708.60706603016
    }
  },
  "details": {
    "DNSDialup": {
      "average": 0.0007822418399999999,
      "fastest": 0.000078148,
      "slowest": 0.001848862
    },
    "DNSLookup": {
      "average": 0.000007410560000000002,
      "fastest": 0.000004028,
      "slowest": 0.000034505
    }
  },
  "statusCodeDistribution": {
    "200": 790106
  },
  "errorDistribution": {}
}