{
  "summary": {
    "successRate": 1,
    "total": 10.000226992,
    "slowest": 0.006556521,
    "fastest": 0.000033426,
    "average": 0.0006310265934241436,
    "requestsPerSec": 79066.10526266342,
    "totalData": 10278827,
    "sizePerRequest": 13,
    "sizePerSec": 1027859.3684146245
  },
  "responseTimeHistogram": {
    "0.000033426": 1,
    "0.0006857355000000001": 539374,
    "0.0013380450000000002": 236702,
    "0.0019903545000000003": 14313,
    "0.0026426640000000003": 228,
    "0.0032949735000000003": 26,
    "0.003947283": 33,
    "0.0045995925": 0,
    "0.005251902": 0,
    "0.0059042115": 0,
    "0.006556521": 2
  },
  "latencyPercentiles": {
    "p10": 0.000370466,
    "p25": 0.000462123,
    "p50": 0.000577265,
    "p75": 0.000764138,
    "p90": 0.000953586,
    "p95": 0.001059922,
    "p99": 0.001505077
  },
  "rps": {
    "mean": 79043.6808856141,
    "stddev": 16604.427874371995,
    "max": 101766.01163745516,
    "percentiles": {
      "p10": 56242.308738739055,
      "p25": 61725.869311828625,
      "p50": 82126.8695881422,
      "p75": 94766.39333516978,
      "p90": 98525.699086895,
      "p95": 99461.13698803859,
      "p99": 100867.84447421631
    }
  },
  "details": {
    "DNSDialup": {
      "average": 0.00082764062,
      "fastest": 0.0001294,
      "slowest": 0.001724646
    },
    "DNSLookup": {
      "average": 0.000008878980000000001,
      "fastest": 0.000003256,
      "slowest": 0.00003248
    }
  },
  "statusCodeDistribution": {
    "200": 790679
  },
  "errorDistribution": {}
}