{
  "summary": {
    "successRate": 1,
    "total": 10.000937848,
    "slowest": 0.018714657,
    "fastest": 0.000031201,
    "average": 0.0009474284134003428,
    "requestsPerSec": 52599.76694137736,
    "totalData": 6838611,
    "sizePerRequest": 13,
    "sizePerSec": 683796.9702379056
  },
  "responseTimeHistogram": {
    "0.000031201": 1,
    "0.0018995465999999998": 514845,
    "0.0037678921999999993": 9957,
    "0.005636237799999999": 574,
    "0.007504583399999999": 267,
    "0.009372928999999999": 305,
    "0.011241274599999998": 49,
    "0.013109620199999998": 45,
    "0.014977965799999998": 1,
    "0.0168463114": 2,
    "0.018714657": 1
  },
  "latencyPercentiles": {
    "p10": 0.000546814,
    "p25": 0.000667216,
    "p50": 0.000796619,
    "p75": 0.001197729,
    "p90": 0.001500636,
    "p95": 0.00164714,
    "p99": 0.00248696
  },
  "rps": {
    "mean": 52578.12754192317,
    "stddev": 14851.926855046057,
    "max": 73404.4755069721,
    "percentiles": {
      "p10": 32655.298804523296,
      "p25": 37373.46502019496,
      "p50": 55184.94579070443,
      "p75": 67094.16130883938,
      "p90": 69727.20299082925,
      "p95": 70582.27069472229,
      "p99": 71890.14046070958
    }
  },
  "details": {
    "DNSDialup": {
      "average": 0.00193357128,
      "fastest": 0.000137803,
      "slowest": 0.002166652
    },
    "DNSLookup": {
      "average": 0.00001051626,
      "fastest": 0.0000052,
      "slowest": 0.000095602
    }
  },
  "statusCodeDistribution": {
    "200": 526047
  },
  "errorDistribution": {}
}