{
  "summary": {
    "successRate": 1,
    "total": 10.002152969,
    "slowest": 0.003914132,
    "fastest": 0.000039975,
    "average": 0.0006213063063300736,
    "requestsPerSec": 80285.3148206036,
    "totalData": 10439338,
    "sizePerRequest": 13,
    "sizePerSec": 1043709.0926678467
  },
  "responseTimeHistogram": {
    "0.000039975": 1,
    "0.0004273907": 146865,
    "0.0008148064000000001": 509325,
    "0.0012022221": 123990,
    "0.0015896378000000001": 18002,
    "0.0019770535": 4380,
    "0.0023644691999999998": 280,
    "0.0027518849": 63,
    "0.0031393006": 29,
    "0.0035267163": 48,
    "0.003914132000000001": 43
  },
  "latencyPercentiles": {
    "p10": 0.000369493,
    "p25": 0.000459642,
    "p50": 0.000570959,
    "p75": 0.000729087,
    "p90": 0.00094484,
    "p95": 0.001068472,
    "p99": 0.001474624
  },
  "rps": {
    "mean": 80294.49693255774,
    "stddev": 12216.71906676247,
    "max": 98912.4629703309,
    "percentiles": {
      "p10": 60213.00600930047,
      "p25": 73225.53374361692,
      "p50": 83278.18155683669,
      "p75": 89943.21544889783,
      "p90": 93526.61767538515,
      "p95": 95055.2156616489,
      "p99": 97432.7763859773
    }
  },
  "details": {
    "DNSDialup": {
      "average": 0.00083805446,
      "fastest": 0.000138771,
      "slowest": 0.00124355
    },
    "DNSLookup": {
      "average": 0.000006979540000000001,
      "fastest": 0.000003627,
      "slowest": 0.000033954
    }
  },
  "statusCodeDistribution": {
    "200": 803026
  },
  "errorDistribution": {}
}