{
  "summary": {
    "successRate": 1,
    "total": 10.000613155,
    "slowest": 0.004540155,
    "fastest": 0.000042657,
    "average": 0.0006695643288189216,
    "requestsPerSec": 74497.53214656767,
    "totalData": 9685273,
    "sizePerRequest": 13,
    "sizePerSec": 968467.9179053797
  },
  "responseTimeHistogram": {
    "0.000042657": 1,
    "0.0004924068": 201628,
    "0.0009421566": 446962,
    "0.0013919064": 82007,
    "0.0018416562": 13142,
    "0.002291406": 1114,
    "0.0027411558": 89,
    "0.0031909056": 38,
    "0.0036406554": 16,
    "0.004090405199999999": 13,
    "0.004540155": 11
  },
  "latencyPercentiles": {
    "p10": 0.000379253,
    "p25": 0.000478261,
    "p50": 0.000618671,
    "p75": 0.000821247,
    "p90": 0.000980348,
    "p95": 0.001150893,
    "p99": 0.00154122
  },
  "rps": {
    "mean": 74497.08442374617,
    "stddev": 11292.88187979872,
    "max": 102927.55370612825,
    "percentiles": {
      "p10": 59174.5243960268,
      "p25": 66460.54555700185,
      "p50": 75556.49260748671,
      "p75": 81034.52070582133,
      "p90": 89954.58695768798,
      "p95": 93671.72443940364,
      "p99": 99334.55849289821
    }
  },
  "details": {
    "DNSDialup": {
      "average": 0.0005256182599999999,
      "fastest": 0.000078964,
      "slowest": 0.00085301
    },
    "DNSLookup": {
      "average": 0.000006289140000000002,
      "fastest": 0.000002986,
      "slowest": 0.000025157
    }
  },
  "statusCodeDistribution": {
    "200": 745021
  },
  "errorDistribution": {}
}