{
  "summary": {
    "successRate": 1,
    "total": 10.000966351,
    "slowest": 0.016193385,
    "fastest": 0.000026301,
    "average": 0.0009500670206413496,
    "requestsPerSec": 52447.83169853903,
    "totalData": 6818877,
    "sizePerRequest": 13,
    "sizePerSec": 681821.8120810073
  },
  "responseTimeHistogram": {
    "0.000026301": 1,
    "0.0016430094000000003": 496248,
    "0.0032597178000000004": 26644,
    "0.0048764262000000015": 877,
    "0.006493134600000001": 313,
    "0.008109843": 89,
    "0.009726551400000002": 300,
    "0.011343259800000002": 23,
    "0.012959968200000001": 33,
    "0.014576676600000001": 0,
    "0.016193385": 1
  },
  "latencyPercentiles": {
    "p10": 0.00053643,
    "p25": 0.000653536,
    "p50": 0.000798445,
    "p75": 0.001226969,
    "p90": 0.001540787,
    "p95": 0.00165819,
    "p99": 0.002548239
  },
  "rps": {
    "mean": 52421.89307683648,
    "stddev": 15531.067512744017,
    "max": 85550.46591790489,
    "percentiles": {
      "p10": 31628.909948276345,
      "p25": 35927.81171904971,
      "p50": 54886.39667700748,
      "p75": 66800.30746222852,
      "p90": 70707.36063624987,
      "p95": 72560.10785709147,
      "p99": 76217.83497337178
    }
  },
  "details": {
    "DNSDialup": {
      "average": 0.00196769546,
      "fastest": 0.000088504,
      "slowest": 0.002704248
    },
    "DNSLookup": {
      "average": 0.00001563082,
      "fastest": 0.0000043,
      "slowest": 0.000231413
    }
  },
  "statusCodeDistribution": {
    "200": 524529
  },
  "errorDistribution": {}
}