{
  "summary": {
    "successRate": 1,
    "total": 10.000390397,
    "slowest": 0.005296766,
    "fastest": 0.000033532,
    "average": 0.0006378873926337407,
    "requestsPerSec": 78221.24626601215,
    "totalData": 10169159,
    "sizePerRequest": 13,
    "sizePerSec": 1016876.2014581579
  },
  "responseTimeHistogram": {
    "0.000033532": 1,
    "0.0005598553999999999": 350064,
    "0.0010861787999999998": 394660,
    "0.0016125021999999997": 32395,
    "0.0021388256": 4947,
    "0.0026651489999999995": 114,
    "0.0031914723999999996": 42,
    "0.0037177957999999997": 4,
    "0.004244119199999999": 2,
    "0.004770442599999999": 13,
    "0.005296765999999999": 1
  },
  "latencyPercentiles": {
    "p10": 0.000379665,
    "p25": 0.000469572,
    "p50": 0.000585387,
    "p75": 0.000761572,
    "p90": 0.000964368,
    "p95": 0.001078339,
    "p99": 0.00151815
  },
  "rps": {
    "mean": 78225.41250241188,
    "stddev": 15213.398802328884,
    "max": 99621.55810517247,
    "percentiles": {
      "p10": 56025.165822965086,
      "p25": 62421.38556669181,
      "p50": 82083.08815442005,
      "p75": 92076.73675241448,
      "p90": 95593.65677601752,
      "p95": 96852.82352995384,
      "p99": 97911.66127885127
    }
  },
  "details": {
    "DNSDialup": {
      "average": 0.00124313518,
      "fastest": 0.000093461,
      "slowest": 0.002866681
    },
    "DNSLookup": {
      "average": 0.000010829440000000003,
      "fastest": 0.000004038,
      "slowest": 0.000195755
    }
  },
  "statusCodeDistribution": {
    "200": 782243
  },
  "errorDistribution": {}
}