{
  "summary": {
    "successRate": 1,
    "total": 10.000239173,
    "slowest": 0.00452163,
    "fastest": 0.000050182,
    "average": 0.0006329718967240326,
    "requestsPerSec": 78829.61460845852,
    "totalData": 10248095,
    "sizePerRequest": 13,
    "sizePerSec": 1024784.9899099608
  },
  "responseTimeHistogram": {
    "0.000050182": 1,
    "0.0004973267999999999": 255273,
    "0.0009444715999999999": 437389,
    "0.0013916164": 82450,
    "0.0018387611999999998": 10943,
    "0.002285906": 2117,
    "0.0027330508": 62,
    "0.0031801956": 49,
    "0.0036273404": 20,
    "0.0040744852": 9,
    "0.00452163": 2
  },
  "latencyPercentiles": {
    "p10": 0.000339184,
    "p25": 0.000448474,
    "p50": 0.00059641,
    "p75": 0.000755005,
    "p90": 0.00097834,
    "p95": 0.001084639,
    "p99": 0.001538182
  },
  "rps": {
    "mean": 78824.75442628795,
    "stddev": 15789.727450158762,
    "max": 97907.57804654379,
    "percentiles": {
      "p10": 54245.39392934467,
      "p25": 63173.68578710392,
      "p50": 85310.57632581853,
      "p75": 92379.14205353642,
      "p90": 95126.11744308608,
      "p95": 96173.1204234581,
      "p99": 97212.77375847315
    }
  },
  "details": {
    "DNSDialup": {
      "average": 0.0008329752799999999,
      "fastest": 0.000090879,
      "slowest": 0.001423754
    },
    "DNSLookup": {
      "average": 0.000010508780000000004,
      "fastest": 0.000004238,
      "slowest": 0.000191744
    }
  },
  "statusCodeDistribution": {
    "200": 788315
  },
  "errorDistribution": {}
}