{
  "summary": {
    "successRate": 1,
    "total": 10.000646623,
    "slowest": 0.005368468,
    "fastest": 0.000059851,
    "average": 0.0006963596532815976,
    "requestsPerSec": 71637.3677630345,
    "totalData": 9313460,
    "sizePerRequest": 13,
    "sizePerSec": 931285.7809194485
  },
  "responseTimeHistogram": {
    "0.000059851": 1,
    "0.0005907127000000001": 300155,
    "0.0011215744000000003": 372186,
    "0.0016524361000000004": 37461,
    "0.0021832978000000005": 6400,
    "0.002714159500000001": 144,
    "0.0032450212000000008": 53,
    "0.0037758829000000007": 16,
    "0.004306744600000001": 1,
    "0.004837606300000001": 0,
    "0.005368468000000001": 3
  },
  "latencyPercentiles": {
    "p10": 0.000380057,
    "p25": 0.000472418,
    "p50": 0.000659248,
    "p75": 0.000875469,
    "p90": 0.001017215,
    "p95": 0.00119317,
    "p99": 0.001634979
  },
  "rps": {
    "mean": 71641.92447443157,
    "stddev": 11640.438110726802,
    "max": 98440.62644652312,
    "percentiles": {
      "p10": 56800.482804099585,
      "p25": 62302.95563418641,
      "p50": 71126.72230957198,
      "p75": 80548.75065176368,
      "p90": 87786.68278030786,
      "p95": 91028.03764814732,
      "p99": 95389.19903557135
    }
  },
  "details": {
    "DNSDialup": {
      "average": 0.0006003666000000002,
      "fastest": 0.00007016,
      "slowest": 0.000868384
    },
    "DNSLookup": {
      "average": 0.00000619104,
      "fastest": 0.000003236,
      "slowest": 0.000028574
    }
  },
  "statusCodeDistribution": {
    "200": 716420
  },
  "errorDistribution": {}
}