{
  "summary": {
    "successRate": 1,
    "total": 10.00027421,
    "slowest": 0.003819923,
    "fastest": 0.000035057,
    "average": 0.0006165433097674323,
    "requestsPerSec": 80931.08078883369,
    "totalData": 10521329,
    "sizePerRequest": 13,
    "sizePerSec": 1052104.0502548378
  },
  "responseTimeHistogram": {
    "0.000035057": 1,
    "0.00041354360000000004": 130348,
    "0.0007920302000000001": 514500,
    "0.0011705168": 140449,
    "0.0015490034": 18081,
    "0.0019274900000000002": 5466,
    "0.0023059765999999997": 371,
    "0.0026844632": 50,
    "0.0030629498": 39,
    "0.0034414364": 16,
    "0.0038199230000000002": 12
  },
  "latencyPercentiles": {
    "p10": 0.000366495,
    "p25": 0.000457545,
    "p50": 0.000566948,
    "p75": 0.000727637,
    "p90": 0.000933634,
    "p95": 0.001038198,
    "p99": 0.001471748
  },
  "rps": {
    "mean": 80894.62198995982,
    "stddev": 15506.214924087897,
    "max": 101060.75504574753,
    "percentiles": {
      "p10": 57198.69062079497,
      "p25": 65934.0285521359,
      "p50": 86152.93236164303,
      "p75": 94229.78603536336,
      "p90": 97685.33839252967,
      "p95": 98735.47494517185,
      "p99": 99907.78281627082
    }
  },
  "details": {
    "DNSDialup": {
      "average": 0.00077803986,
      "fastest": 0.000072856,
      "slowest": 0.001885556
    },
    "DNSLookup": {
      "average": 0.000007327820000000002,
      "fastest": 0.000003867,
      "slowest": 0.000028433
    }
  },
  "statusCodeDistribution": {
    "200": 809333
  },
  "errorDistribution": {}
}