{
  "summary": {
    "successRate": 1,
    "total": 10.000590108,
    "slowest": 0.00468959,
    "fastest": 0.000043631,
    "average": 0.0006640572138506728,
    "requestsPerSec": 75190.56294472817,
    "totalData": 9775350,
    "sizePerRequest": 13,
    "sizePerSec": 977477.3182814663
  },
  "responseTimeHistogram": {
    "0.000043631": 1,
    "0.0005082269000000001": 216275,
    "0.0009728228000000002": 457898,
    "0.0014374187000000002": 66711,
    "0.0019020146000000003": 10009,
    "0.0023666105000000005": 868,
    "0.0028312064000000007": 80,
    "0.0032958023000000006": 44,
    "0.003760398200000001": 44,
    "0.004224994100000001": 19,
    "0.00468959": 1
  },
  "latencyPercentiles": {
    "p10": 0.000407981,
    "p25": 0.000491848,
    "p50": 0.000607647,
    "p75": 0.000791858,
    "p90": 0.000977928,
    "p95": 0.001129245,
    "p99": 0.001524228
  },
  "rps": {
    "mean": 75192.8197723875,
    "stddev": 8395.11431184772,
    "max": 96338.4101241157,
    "percentiles": {
      "p10": 64633.37096097678,
      "p25": 69712.06018641165,
      "p50": 75962.04579900963,
      "p75": 81131.55774000256,
      "p90": 85508.17326508168,
      "p95": 87829.52828740972,
      "p99": 91122.90829914995
    }
  },
  "details": {
    "DNSDialup": {
      "average": 0.0006909293800000002,
      "fastest": 0.000067213,
      "slowest": 0.001552954
    },
    "DNSLookup": {
      "average": 0.000006870159999999998,
      "fastest": 0.000003677,
      "slowest": 0.000030887
    }
  },
  "statusCodeDistribution": {
    "200": 751950
  },
  "errorDistribution": {}
}