{
  "summary": {
    "successRate": 1,
    "total": 10.000357503,
    "slowest": 0.004963014,
    "fastest": 0.000040109,
    "average": 0.0006449997944187571,
    "requestsPerSec": 77352.53462368144,
    "totalData": 10056189,
    "sizePerRequest": 13,
    "sizePerSec": 1005582.9501078587
  },
  "responseTimeHistogram": {
    "0.000040109": 1,
    "0.0005323995": 295897,
    "0.00102469": 421212,
    "0.0015169805": 47678,
    "0.002009271": 8361,
    "0.0025015615": 310,
    "0.002993852": 60,
    "0.0034861425": 24,
    "0.003978433": 0,
    "0.0044707235": 4,
    "0.004963014": 6
  },
  "latencyPercentiles": {
    "p10": 0.00037893,
    "p25": 0.000471738,
    "p50": 0.000588858,
    "p75": 0.000778757,
    "p90": 0.00097653,
    "p95": 0.001091997,
    "p99": 0.00155033
  },
  "rps": {
    "mean": 77363.64063760849,
    "stddev": 15551.771587514231,
    "max": 98806.25624796955,
    "percentiles": {
      "p10": 55743.803480774055,
      "p25": 61164.03962904092,
      "p50": 80984.58029566205,
      "p75": 91834.34604542016,
      "p90": 95538.52181513284,
      "p95": 96648.1210994955,
      "p99": 98035.68036712168
    }
  },
  "details": {
    "DNSDialup": {
      "average": 0.0011825283800000002,
      "fastest": 0.000094207,
      "slowest": 0.002265186
    },
    "DNSLookup": {
      "average": 0.000016298659999999998,
      "fastest": 0.000003867,
      "slowest": 0.000396754
    }
  },
  "statusCodeDistribution": {
    "200": 773553
  },
  "errorDistribution": {}
}