{
  "summary": {
    "successRate": 1,
    "total": 10.001073789,
    "slowest": 0.016318612,
    "fastest": 0.000027899,
    "average": 0.0007525662261541866,
    "requestsPerSec": 66233.08796387084,
    "totalData": 8611226,
    "sizePerRequest": 13,
    "sizePerSec": 861030.143530321
  },
  "responseTimeHistogram": {
    "0.000027899": 1,
    "0.0016569703": 656683,
    "0.0032860415999999997": 4776,
    "0.004915112899999999": 226,
    "0.006544184199999999": 35,
    "0.008173255499999999": 126,
    "0.009802326799999999": 524,
    "0.011431398099999998": 7,
    "0.013060469399999998": 21,
    "0.014689540699999998": 0,
    "0.016318612": 3
  },
  "latencyPercentiles": {
    "p10": 0.000472798,
    "p25": 0.000548798,
    "p50": 0.000684696,
    "p75": 0.000738196,
    "p90": 0.001212593,
    "p95": 0.001265293,
    "p99": 0.001536091
  },
  "rps": {
    "mean": 66260.46404559346,
    "stddev": 17030.454027178603,
    "max": 86898.65511430937,
    "percentiles": {
      "p10": 39817.734819089,
      "p25": 44624.78460537631,
      "p50": 77137.4425145995,
      "p75": 79582.7009141253,
      "p90": 80603.6594061337,
      "p95": 81044.2015075027,
      "p99": 81985.03126991399
    }
  },
  "details": {
    "DNSDialup": {
      "average": 0.0013188268399999998,
      "fastest": 0.000074899,
      "slowest": 0.002209088
    },
    "DNSLookup": {
      "average": 0.000013923899999999997,
      "fastest": 0.0000029,
      "slowest": 0.000400197
    }
  },
  "statusCodeDistribution": {
    "200": 662402
  },
  "errorDistribution": {}
}