{
  "summary": {
    "successRate": 1,
    "total": 10.000631888,
    "slowest": 0.003794909,
    "fastest": 0.000042065,
    "average": 0.0006857748783360998,
    "requestsPerSec": 72737.60379810113,
    "totalData": 9456486,
    "sizePerRequest": 13,
    "sizePerSec": 945588.8493753147
  },
  "responseTimeHistogram": {
    "0.000042065": 1,
    "0.0004173494": 129258,
    "0.0007926338": 354220,
    "0.0011679182": 206888,
    "0.0015432026": 27795,
    "0.001918487": 8604,
    "0.0022937714": 539,
    "0.0026690558": 60,
    "0.0030443402": 28,
    "0.0034196246000000002": 15,
    "0.003794909": 14
  },
  "latencyPercentiles": {
    "p10": 0.000372273,
    "p25": 0.000458204,
    "p50": 0.0006583,
    "p75": 0.000864925,
    "p90": 0.000994355,
    "p95": 0.001174695,
    "p99": 0.001596802
  },
  "rps": {
    "mean": 72754.27554708607,
    "stddev": 12025.752618638431,
    "max": 102501.21976452727,
    "percentiles": {
      "p10": 57353.924159492744,
      "p25": 63000.44100308009,
      "p50": 71980.49829753253,
      "p75": 81896.97420716828,
      "p90": 88708.3651988382,
      "p95": 93897.62536108779,
      "p99": 99456.21265137965
    }
  },
  "details": {
    "DNSDialup": {
      "average": 0.0006982999199999999,
      "fastest": 0.000072766,
      "slowest": 0.00161681
    },
    "DNSLookup": {
      "average": 0.000006375300000000001,
      "fastest": 0.000003156,
      "slowest": 0.000025458
    }
  },
  "statusCodeDistribution": {
    "200": 727422
  },
  "errorDistribution": {}
}