{
  "summary": {
    "successRate": 1,
    "total": 10.000240373,
    "slowest": 0.009123141,
    "fastest": 0.000046407,
    "average": 0.0006818371695543831,
    "requestsPerSec": 73181.84090613558,
    "totalData": 9513868,
    "sizePerRequest": 13,
    "sizePerSec": 951363.9317797626
  },
  "responseTimeHistogram": {
    "0.000046407": 1,
    "0.0009540804": 626886,
    "0.0018617538": 102871,
    "0.0027694271999999997": 1936,
    "0.0036771005999999998": 83,
    "0.004584774": 8,
    "0.005492447399999999": 1,
    "0.0064001208": 0,
    "0.0073077941999999995": 0,
    "0.0082154676": 6,
    "0.009123141": 44
  },
  "latencyPercentiles": {
    "p10": 0.000401603,
    "p25": 0.0005342,
    "p50": 0.000615885,
    "p75": 0.000808737,
    "p90": 0.00101452,
    "p95": 0.001170856,
    "p99": 0.001579214
  },
  "rps": {
    "mean": 73179.56598181328,
    "stddev": 14461.837887362653,
    "max": 98094.94206230048,
    "percentiles": {
      "p10": 54422.333635710944,
      "p25": 59610.05025447451,
      "p50": 76378.02779319309,
      "p75": 84743.55818890962,
      "p90": 93236.01326821765,
      "p95": 95510.27690579514,
      "p99": 97074.05142271813
    }
  },
  "details": {
    "DNSDialup": {
      "average": 0.0009131514599999999,
      "fastest": 0.000460785,
      "slowest": 0.001192059
    },
    "DNSLookup": {
      "average": 0.000007421660000000001,
      "fastest": 0.000004128,
      "slowest": 0.000036288
    }
  },
  "statusCodeDistribution": {
    "200": 731836
  },
  "errorDistribution": {}
}