{
  "summary": {
    "successRate": 1,
    "total": 10.001943445,
    "slowest": 0.009353194,
    "fastest": 0.000051978,
    "average": 0.0006697927936793362,
    "requestsPerSec": 74465.22809247898,
    "totalData": 9682361,
    "sizePerRequest": 13,
    "sizePerSec": 968047.9652022268
  },
  "responseTimeHistogram": {
    "0.000051978": 1,
    "0.0009820996000000002": 667822,
    "0.0019122212000000003": 76246,
    "0.0028423428": 668,
    "0.0037724644000000002": 9,
    "0.004702586000000001": 1,
    "0.005632707600000001": 0,
    "0.006562829200000001": 10,
    "0.007492950800000001": 15,
    "0.0084230724": 16,
    "0.009353194": 9
  },
  "latencyPercentiles": {
    "p10": 0.000394636,
    "p25": 0.000512072,
    "p50": 0.000608723,
    "p75": 0.000794046,
    "p90": 0.000987746,
    "p95": 0.001154047,
    "p99": 0.001514197
  },
  "rps": {
    "mean": 74468.1466598173,
    "stddev": 10438.62497857421,
    "max": 103029.87312938027,
    "percentiles": {
      "p10": 59892.911874187186,
      "p25": 67304.60481680627,
      "p50": 76334.62538608056,
      "p75": 79625.8016626568,
      "p90": 87320.48538587181,
      "p95": 91352.5349476131,
      "p99": 97235.18941504824
    }
  },
  "details": {
    "DNSDialup": {
      "average": 0.0006408650399999999,
      "fastest": 0.000122138,
      "slowest": 0.000987889
    },
    "DNSLookup": {
      "average": 0.000006723960000000002,
      "fastest": 0.000003356,
      "slowest": 0.000038382
    }
  },
  "statusCodeDistribution": {
    "200": 744797
  },
  "errorDistribution": {}
}