{
  "summary": {
    "successRate": 1,
    "total": 10.000617522,
    "slowest": 0.004996108,
    "fastest": 0.000032579,
    "average": 0.0006987998640354475,
    "requestsPerSec": 71386.99169621138,
    "totalData": 9280882,
    "sizePerRequest": 13,
    "sizePerSec": 928030.8920507479
  },
  "responseTimeHistogram": {
    "0.000032579": 1,
    "0.0005289319": 247925,
    "0.0010252848": 403520,
    "0.0015216377": 51263,
    "0.0020179906": 10840,
    "0.0025143435000000002": 295,
    "0.0030106964": 37,
    "0.0035070493": 27,
    "0.0040034022": 3,
    "0.0044997551": 0,
    "0.004996108": 3
  },
  "latencyPercentiles": {
    "p10": 0.000390182,
    "p25": 0.000469252,
    "p50": 0.000663087,
    "p75": 0.000881844,
    "p90": 0.001006317,
    "p95": 0.001179727,
    "p99": 0.001628662
  },
  "rps": {
    "mean": 71398.1198652247,
    "stddev": 11356.708670210888,
    "max": 100007.8885101267,
    "percentiles": {
      "p10": 56951.244730005375,
      "p25": 62635.846494951176,
      "p50": 70904.48170634198,
      "p75": 79527.41309929076,
      "p90": 87804.79590597142,
      "p95": 91149.96841268326,
      "p99": 95784.18471995888
    }
  },
  "details": {
    "DNSDialup": {
      "average": 0.00076636722,
      "fastest": 0.000091075,
      "slowest": 0.001103366
    },
    "DNSLookup": {
      "average": 0.000006235920000000001,
      "fastest": 0.000002775,
      "slowest": 0.000025698
    }
  },
  "statusCodeDistribution": {
    "200": 713914
  },
  "errorDistribution": {}
}