{
  "summary": {
    "successRate": 1,
    "total": 10.000766987,
    "slowest": 0.01667292,
    "fastest": 0.0000269,
    "average": 0.0007408386756951306,
    "requestsPerSec": 67267.04070542504,
    "totalData": 8745386,
    "sizePerRequest": 13,
    "sizePerSec": 874471.5291705256
  },
  "responseTimeHistogram": {
    "0.0000269": 2,
    "0.0016915020000000001": 667616,
    "0.003356104": 4205,
    "0.005020706": 228,
    "0.006685308": 126,
    "0.00834991": 271,
    "0.010014512": 220,
    "0.011679114": 16,
    "0.013343716": 33,
    "0.015008318": 3,
    "0.01667292": 2
  },
  "latencyPercentiles": {
    "p10": 0.000464,
    "p25": 0.0005402,
    "p50": 0.000663901,
    "p75": 0.000764901,
    "p90": 0.001176502,
    "p95": 0.001217601,
    "p99": 0.001448901
  },
  "rps": {
    "mean": 67285.80238365561,
    "stddev": 18154.313403009743,
    "max": 88644.2157348088,
    "percentiles": {
      "p10": 41328.88062177565,
      "p25": 42760.240626993946,
      "p50": 79804.69251592005,
      "p75": 82226.5301846481,
      "p90": 83149.87125459923,
      "p95": 83695.44924189452,
      "p99": 84666.04046127407
    }
  },
  "details": {
    "DNSDialup": {
      "average": 0.0012316953200000001,
      "fastest": 0.0000747,
      "slowest": 0.002038103
    },
    "DNSLookup": {
      "average": 0.00000916802,
      "fastest": 0.000003,
      "slowest": 0.000144
    }
  },
  "statusCodeDistribution": {
    "200": 672722
  },
  "errorDistribution": {}
}