{
  "summary": {
    "successRate": 1,
    "total": 10.00202837,
    "slowest": 0.003876383,
    "fastest": 0.000048521,
    "average": 0.0006920784065953621,
    "requestsPerSec": 72078.17987822804,
    "totalData": 9372064,
    "sizePerRequest": 13,
    "sizePerSec": 937016.3384169645
  },
  "responseTimeHistogram": {
    "0.000048521": 1,
    "0.0004313072": 135242,
    "0.0008140934": 357969,
    "0.0011968795999999999": 193334,
    "0.0015796658": 26395,
    "0.001962452": 7568,
    "0.0023452382": 334,
    "0.0027280244": 40,
    "0.0031108106": 22,
    "0.0034935968": 16,
    "0.003876383": 7
  },
  "latencyPercentiles": {
    "p10": 0.000380782,
    "p25": 0.000466531,
    "p50": 0.000670138,
    "p75": 0.000862381,
    "p90": 0.000994131,
    "p95": 0.001180125,
    "p99": 0.001599762
  },
  "rps": {
    "mean": 72083.14165727345,
    "stddev": 11779.651873975476,
    "max": 102376.13713318642,
    "percentiles": {
      "p10": 57620.322757983486,
      "p25": 62040.32000396876,
      "p50": 71303.40830291541,
      "p75": 81032.05148583991,
      "p90": 88637.3251776325,
      "p95": 92327.8091361104,
      "p99": 97581.44587191123
    }
  },
  "details": {
    "DNSDialup": {
      "average": 0.0007902762400000004,
      "fastest": 0.000099455,
      "slowest": 0.001112188
    },
    "DNSLookup": {
      "average": 0.000007967720000000001,
      "fastest": 0.000003346,
      "slowest": 0.000035235
    }
  },
  "statusCodeDistribution": {
    "200": 720928
  },
  "errorDistribution": {}
}