{
  "summary": {
    "successRate": 1,
    "total": 10.000250988,
    "slowest": 0.00410318,
    "fastest": 0.000037088,
    "average": 0.000626435582518014,
    "requestsPerSec": 79647.90093326406,
    "totalData": 10354487,
    "sizePerRequest": 13,
    "sizePerSec": 1035422.7121324327
  },
  "responseTimeHistogram": {
    "0.000037088": 1,
    "0.00044369719999999996": 183409,
    "0.0008503063999999999": 477081,
    "0.0012569156": 118409,
    "0.0016635247999999998": 13617,
    "0.0020701339999999995": 3822,
    "0.0024767431999999996": 75,
    "0.0028833523999999993": 55,
    "0.0032899615999999994": 6,
    "0.0036965707999999996": 0,
    "0.00410318": 24
  },
  "latencyPercentiles": {
    "p10": 0.000347711,
    "p25": 0.00045614,
    "p50": 0.000587885,
    "p75": 0.000747964,
    "p90": 0.000953256,
    "p95": 0.001053783,
    "p99": 0.0014907
  },
  "rps": {
    "mean": 79598.72689539808,
    "stddev": 15219.94942590733,
    "max": 99038.94211204317,
    "percentiles": {
      "p10": 55742.04622546751,
      "p25": 65830.4399954539,
      "p50": 84966.7983217856,
      "p75": 92744.91636299378,
      "p90": 95632.0845643695,
      "p95": 96574.50723233038,
      "p99": 97874.09844631041
    }
  },
  "details": {
    "DNSDialup": {
      "average": 0.00080418616,
      "fastest": 0.00006964,
      "slowest": 0.001370817
    },
    "DNSLookup": {
      "average": 0.000009101580000000001,
      "fastest": 0.000004829,
      "slowest": 0.000039384
    }
  },
  "statusCodeDistribution": {
    "200": 796499
  },
  "errorDistribution": {}
}