{
  "summary": {
    "successRate": 1,
    "total": 10.000442426,
    "slowest": 0.0126279,
    "fastest": 0.000036306,
    "average": 0.0006378014917046578,
    "requestsPerSec": 78233.33875368687,
    "totalData": 10170784,
    "sizePerRequest": 13,
    "sizePerSec": 1017033.4037979292
  },
  "responseTimeHistogram": {
    "0.000036306": 1,
    "0.0012954654": 768509,
    "0.0025546247999999995": 13802,
    "0.0038137841999999994": 48,
    "0.005072943599999999": 6,
    "0.006332102999999999": 1,
    "0.007591262399999999": 0,
    "0.0088504218": 0,
    "0.010109581199999999": 0,
    "0.011368740599999998": 0,
    "0.012627899999999997": 1
  },
  "latencyPercentiles": {
    "p10": 0.000400185,
    "p25": 0.000501587,
    "p50": 0.000581843,
    "p75": 0.000743926,
    "p90": 0.000940103,
    "p95": 0.001098138,
    "p99": 0.001455844
  },
  "rps": {
    "mean": 78231.62420540539,
    "stddev": 14923.675285028283,
    "max": 102991.07772032062,
    "percentiles": {
      "p10": 58077.96249266884,
      "p25": 62526.25927535399,
      "p50": 80514.24165748816,
      "p75": 91696.74857436509,
      "p90": 98761.76560821003,
      "p95": 100145.02857666773,
      "p99": 101976.62523620452
    }
  },
  "details": {
    "DNSDialup": {
      "average": 0.0006884759200000003,
      "fastest": 0.000092502,
      "slowest": 0.001366437
    },
    "DNSLookup": {
      "average": 0.000023842739999999997,
      "fastest": 0.000003817,
      "slowest": 0.000872182
    }
  },
  "statusCodeDistribution": {
    "200": 782368
  },
  "errorDistribution": {}
}