{
  "summary": {
    "successRate": 1,
    "total": 10.000678941,
    "slowest": 0.005404774,
    "fastest": 0.000034957,
    "average": 0.0006402739395669957,
    "requestsPerSec": 77900.81099454826,
    "totalData": 10127793,
    "sizePerRequest": 13,
    "sizePerSec": 1012710.5429291272
  },
  "responseTimeHistogram": {
    "0.000034957": 1,
    "0.0005719386999999999": 369489,
    "0.0011089204": 370893,
    "0.0016459021": 34035,
    "0.0021828838": 4334,
    "0.0027198655": 143,
    "0.0032568472": 76,
    "0.0037938289": 12,
    "0.0043308106": 12,
    "0.0048677923": 32,
    "0.005404774": 34
  },
  "latencyPercentiles": {
    "p10": 0.000378183,
    "p25": 0.00046995,
    "p50": 0.000583994,
    "p75": 0.000755954,
    "p90": 0.000983591,
    "p95": 0.001107662,
    "p99": 0.001528464
  },
  "rps": {
    "mean": 77869.80806146345,
    "stddev": 12393.999131978382,
    "max": 98922.3762415055,
    "percentiles": {
      "p10": 59830.25017448819,
      "p25": 69299.16710813179,
      "p50": 80034.6006549644,
      "p75": 87825.10919872441,
      "p90": 92382.7749663693,
      "p95": 94515.85976126423,
      "p99": 97415.68112133144
    }
  },
  "details": {
    "DNSDialup": {
      "average": 0.0008239626599999999,
      "fastest": 0.000142738,
      "slowest": 0.001305026
    },
    "DNSLookup": {
      "average": 0.000006625100000000001,
      "fastest": 0.000003867,
      "slowest": 0.00003235
    }
  },
  "statusCodeDistribution": {
    "200": 779061
  },
  "errorDistribution": {}
}