{
  "summary": {
    "successRate": 1,
    "total": 10.000987162,
    "slowest": 0.016556538,
    "fastest": 0.0000258,
    "average": 0.0008923011818927041,
    "requestsPerSec": 55864.785240687226,
    "totalData": 7263139,
    "sizePerRequest": 13,
    "sizePerSec": 726242.2081289339
  },
  "responseTimeHistogram": {
    "0.0000258": 1,
    "0.0016788738": 539614,
    "0.0033319476": 17394,
    "0.0049850214": 750,
    "0.0066380952": 244,
    "0.008291169": 225,
    "0.0099442428": 365,
    "0.0115973166": 57,
    "0.0132503904": 51,
    "0.0149034642": 0,
    "0.016556538": 2
  },
  "latencyPercentiles": {
    "p10": 0.000550009,
    "p25": 0.000634711,
    "p50": 0.000803492,
    "p75": 0.000864615,
    "p90": 0.001503025,
    "p95": 0.001598727,
    "p99": 0.002458541
  },
  "rps": {
    "mean": 55884.230769344955,
    "stddev": 15826.675180119575,
    "max": 75136.305862993,
    "percentiles": {
      "p10": 31621.546901984722,
      "p25": 37023.072778955175,
      "p50": 65022.744956186274,
      "p75": 67734.52622038075,
      "p90": 69913.48356652749,
      "p95": 70917.67164472384,
      "p99": 72688.71489910071
    }
  },
  "details": {
    "DNSDialup": {
      "average": 0.00152510174,
      "fastest": 0.000107402,
      "slowest": 0.002483441
    },
    "DNSLookup": {
      "average": 0.000009940219999999998,
      "fastest": 0.0000032,
      "slowest": 0.000103602
    }
  },
  "statusCodeDistribution": {
    "200": 558703
  },
  "errorDistribution": {}
}