{
  "summary": {
    "successRate": 1,
    "total": 10.000651037,
    "slowest": 0.005706991,
    "fastest": 0.000039807,
    "average": 0.0006832234002683621,
    "requestsPerSec": 73031.7453631594,
    "totalData": 9494745,
    "sizePerRequest": 13,
    "sizePerSec": 949412.6897210721
  },
  "responseTimeHistogram": {
    "0.000039807": 1,
    "0.0006065253999999999": 354443,
    "0.0011732437999999999": 335826,
    "0.0017399621999999997": 35120,
    "0.0023066806": 4514,
    "0.002873399": 279,
    "0.0034401173999999996": 82,
    "0.0040068358": 57,
    "0.0045735542": 20,
    "0.0051402726": 18,
    "0.005706991": 5
  },
  "latencyPercentiles": {
    "p10": 0.000407037,
    "p25": 0.000491265,
    "p50": 0.000614549,
    "p75": 0.000829978,
    "p90": 0.001027744,
    "p95": 0.001199519,
    "p99": 0.001626083
  },
  "rps": {
    "mean": 73024.0414239393,
    "stddev": 10555.532717709237,
    "max": 99586.43520315453,
    "percentiles": {
      "p10": 60023.252705461106,
      "p25": 66510.95435418018,
      "p50": 73395.5534070446,
      "p75": 80153.67864807085,
      "p90": 86608.05454907211,
      "p95": 90392.5179848065,
      "p99": 94655.56281536483
    }
  },
  "details": {
    "DNSDialup": {
      "average": 0.0007635071600000001,
      "fastest": 0.000078597,
      "slowest": 0.001493629
    },
    "DNSLookup": {
      "average": 0.000006522460000000001,
      "fastest": 0.000003486,
      "slowest": 0.000033572
    }
  },
  "statusCodeDistribution": {
    "200": 730365
  },
  "errorDistribution": {}
}