{
  "summary": {
    "successRate": 1,
    "total": 10.000103184,
    "slowest": 0.003670154,
    "fastest": 0.000035046,
    "average": 0.0006219865240268008,
    "requestsPerSec": 80220.07225720643,
    "totalData": 10428717,
    "sizePerRequest": 13,
    "sizePerSec": 1042860.9393436834
  },
  "responseTimeHistogram": {
    "0.000035046": 1,
    "0.0003985568": 109850,
    "0.0007620675999999999": 502531,
    "0.0011255784": 160467,
    "0.0014890892": 21401,
    "0.0018525999999999998": 7006,
    "0.0022161108": 796,
    "0.0025796216": 70,
    "0.0029431324": 50,
    "0.0033066432": 24,
    "0.0036701539999999997": 13
  },
  "latencyPercentiles": {
    "p10": 0.000368819,
    "p25": 0.000456852,
    "p50": 0.000568546,
    "p75": 0.00074327,
    "p90": 0.000945909,
    "p95": 0.001056079,
    "p99": 0.001487081
  },
  "rps": {
    "mean": 80200.50901358746,
    "stddev": 16117.362719780442,
    "max": 101146.79050528942,
    "percentiles": {
      "p10": 57322.76860369072,
      "p25": 62564.87978033238,
      "p50": 85244.35293769283,
      "p75": 94606.51838911639,
      "p90": 97831.96341827311,
      "p95": 99086.60981225655,
      "p99": 100557.03595079691
    }
  },
  "details": {
    "DNSDialup": {
      "average": 0.0008035612999999999,
      "fastest": 0.00008813,
      "slowest": 0.001661658
    },
    "DNSLookup": {
      "average": 0.000007523459999999997,
      "fastest": 0.000003907,
      "slowest": 0.000029366
    }
  },
  "statusCodeDistribution": {
    "200": 802209
  },
  "errorDistribution": {}
}