{
  "summary": {
    "successRate": 1,
    "total": 10.000770767,
    "slowest": 0.016546718,
    "fastest": 0.0000281,
    "average": 0.0007615846186794562,
    "requestsPerSec": 65446.455603175404,
    "totalData": 8508695,
    "sizePerRequest": 13,
    "sizePerSec": 850803.9228412803
  },
  "responseTimeHistogram": {
    "0.0000281": 1,
    "0.0016799618": 648103,
    "0.0033318236": 5391,
    "0.0049836854": 336,
    "0.0066355471999999995": 75,
    "0.008287408999999999": 216,
    "0.0099392708": 310,
    "0.0115911326": 19,
    "0.0132429944": 56,
    "0.014894856199999999": 1,
    "0.016546718": 7
  },
  "latencyPercentiles": {
    "p10": 0.000478301,
    "p25": 0.0005552,
    "p50": 0.0006913,
    "p75": 0.000749301,
    "p90": 0.001215001,
    "p95": 0.001266301,
    "p99": 0.001663602
  },
  "rps": {
    "mean": 65465.802748362854,
    "stddev": 17134.693873069573,
    "max": 83537.51669874837,
    "percentiles": {
      "p10": 39800.76019451983,
      "p25": 41825.05320687185,
      "p50": 76744.45038566548,
      "p75": 78956.78572028813,
      "p90": 79860.98736247196,
      "p95": 80298.35208469223,
      "p99": 81268.01436794414
    }
  },
  "details": {
    "DNSDialup": {
      "average": 0.0019258116,
      "fastest": 0.0001801,
      "slowest": 0.002358902
    },
    "DNSLookup": {
      "average": 0.00000768804,
      "fastest": 0.000003001,
      "slowest": 0.0000559
    }
  },
  "statusCodeDistribution": {
    "200": 654515
  },
  "errorDistribution": {}
}