{
  "summary": {
    "successRate": 1,
    "total": 10.000716674,
    "slowest": 0.016264246,
    "fastest": 0.000036601,
    "average": 0.0011356398455082265,
    "requestsPerSec": 43913.75281551147,
    "totalData": 5709197,
    "sizePerRequest": 13,
    "sizePerSec": 570878.7866016491
  },
  "responseTimeHistogram": {
    "0.000036601": 1,
    "0.0016593654999999998": 378292,
    "0.0032821299999999994": 55753,
    "0.004904894499999999": 4001,
    "0.006527658999999999": 918,
    "0.0081504235": 124,
    "0.009773187999999999": 20,
    "0.011395952499999999": 52,
    "0.013018716999999999": 7,
    "0.0146414815": 0,
    "0.016264246": 1
  },
  "latencyPercentiles": {
    "p10": 0.000646217,
    "p25": 0.000803922,
    "p50": 0.000970027,
    "p75": 0.001330237,
    "p90": 0.001766848,
    "p95": 0.002064556,
    "p99": 0.003416394
  },
  "rps": {
    "mean": 43898.98639362434,
    "stddev": 11888.52879943203,
    "max": 67911.05591990316,
    "percentiles": {
      "p10": 28657.39503076761,
      "p25": 36069.350540283405,
      "p50": 44438.74768585953,
      "p75": 51211.88696447883,
      "p90": 61104.91603166082,
      "p95": 63830.60081155182,
      "p99": 66640.8241688854
    }
  },
  "details": {
    "DNSDialup": {
      "average": 0.0025622901799999993,
      "fastest": 0.000099103,
      "slowest": 0.004577426
    },
    "DNSLookup": {
      "average": 0.00001271238,
      "fastest": 0.0000052,
      "slowest": 0.000095703
    }
  },
  "statusCodeDistribution": {
    "200": 439169
  },
  "errorDistribution": {}
}