{
  "summary": {
    "successRate": 1,
    "total": 10.000481159,
    "slowest": 0.004170401,
    "fastest": 0.000039597,
    "average": 0.0006382380805335351,
    "requestsPerSec": 78183.53812869775,
    "totalData": 10164349,
    "sizePerRequest": 13,
    "sizePerSec": 1016385.9956730709
  },
  "responseTimeHistogram": {
    "0.000039597": 1,
    "0.0004526774": 170387,
    "0.0008657578": 473821,
    "0.0012788381999999999": 119161,
    "0.0016919186": 14745,
    "0.002104999": 3575,
    "0.0025180794": 106,
    "0.0029311598000000003": 34,
    "0.0033442402": 18,
    "0.0037573206": 14,
    "0.004170401": 11
  },
  "latencyPercentiles": {
    "p10": 0.000368446,
    "p25": 0.000469456,
    "p50": 0.000588429,
    "p75": 0.000774426,
    "p90": 0.000956379,
    "p95": 0.001061617,
    "p99": 0.001518256
  },
  "rps": {
    "mean": 78189.7020057901,
    "stddev": 15913.88691296535,
    "max": 100446.87833757687,
    "percentiles": {
      "p10": 56594.047988947175,
      "p25": 61806.319230338566,
      "p50": 82537.6536776167,
      "p75": 93302.35121925251,
      "p90": 96685.89050963773,
      "p95": 97717.68447050209,
      "p99": 99074.0685959504
    }
  },
  "details": {
    "DNSDialup": {
      "average": 0.0011763452999999998,
      "fastest": 0.000093896,
      "slowest": 0.002619401
    },
    "DNSLookup": {
      "average": 0.000007045719999999999,
      "fastest": 0.000003567,
      "slowest": 0.000033594
    }
  },
  "statusCodeDistribution": {
    "200": 781873
  },
  "errorDistribution": {}
}