{
  "summary": {
    "successRate": 1,
    "total": 10.000881047,
    "slowest": 0.016726097,
    "fastest": 0.0000276,
    "average": 0.0007734081741733311,
    "requestsPerSec": 64454.82122731221,
    "totalData": 8379865,
    "sizePerRequest": 13,
    "sizePerSec": 837912.6759550588
  },
  "responseTimeHistogram": {
    "0.0000276": 2,
    "0.0016974497": 636578,
    "0.0033672994": 7125,
    "0.0050371491": 226,
    "0.0067069988": 106,
    "0.008376848499999999": 281,
    "0.010046698199999999": 229,
    "0.011716547899999999": 14,
    "0.013386397599999999": 41,
    "0.015056247299999999": 1,
    "0.016726097": 2
  },
  "latencyPercentiles": {
    "p10": 0.000468597,
    "p25": 0.000552697,
    "p50": 0.000682296,
    "p75": 0.000784796,
    "p90": 0.001268892,
    "p95": 0.001338392,
    "p99": 0.001885389
  },
  "rps": {
    "mean": 64468.39338206313,
    "stddev": 18464.422313093593,
    "max": 84622.53498106034,
    "percentiles": {
      "p10": 38066.20466279868,
      "p25": 40462.55916271985,
      "p50": 76764.19021585319,
      "p75": 79992.3646423997,
      "p90": 81039.40946483184,
      "p95": 81725.02420241432,
      "p99": 82748.47746358895
    }
  },
  "details": {
    "DNSDialup": {
      "average": 0.00136208556,
      "fastest": 0.0000703,
      "slowest": 0.00317518
    },
    "DNSLookup": {
      "average": 0.00006643353999999999,
      "fastest": 0.0000031,
      "slowest": 0.00308718
    }
  },
  "statusCodeDistribution": {
    "200": 644605
  },
  "errorDistribution": {}
}