{
  "summary": {
    "successRate": 1,
    "total": 10.000710181,
    "slowest": 0.004214802,
    "fastest": 0.000037551,
    "average": 0.0006692259258253744,
    "requestsPerSec": 74525.60733296587,
    "totalData": 9689017,
    "sizePerRequest": 13,
    "sizePerSec": 968832.8953285562
  },
  "responseTimeHistogram": {
    "0.000037551": 1,
    "0.0004552761": 157644,
    "0.0008730012": 436821,
    "0.0012907263000000002": 127381,
    "0.0017084514": 18809,
    "0.0021261764999999998": 4234,
    "0.0025439016": 307,
    "0.0029616267": 61,
    "0.0033793518": 23,
    "0.0037970769": 18,
    "0.004214802": 10
  },
  "latencyPercentiles": {
    "p10": 0.000380842,
    "p25": 0.000476285,
    "p50": 0.000610358,
    "p75": 0.000813393,
    "p90": 0.001026232,
    "p95": 0.001160832,
    "p99": 0.001592466
  },
  "rps": {
    "mean": 74528.3259912598,
    "stddev": 11426.506903296131,
    "max": 94172.83326925227,
    "percentiles": {
      "p10": 56729.87962759431,
      "p25": 68476.96811215398,
      "p50": 77129.36314855075,
      "p75": 83118.06986838764,
      "p90": 86914.54856313064,
      "p95": 88841.51565028046,
      "p99": 92384.12394896848
    }
  },
  "details": {
    "DNSDialup": {
      "average": 0.0009182043799999998,
      "fastest": 0.000132507,
      "slowest": 0.001288902
    },
    "DNSLookup": {
      "average": 0.00000789528,
      "fastest": 0.000003957,
      "slowest": 0.000035306
    }
  },
  "statusCodeDistribution": {
    "200": 745309
  },
  "errorDistribution": {}
}