{
  "summary": {
    "successRate": 1,
    "total": 10.000675112,
    "slowest": 0.004422018,
    "fastest": 0.000059612,
    "average": 0.0006930849681454865,
    "requestsPerSec": 71969.24127015876,
    "totalData": 9356633,
    "sizePerRequest": 13,
    "sizePerSec": 935600.1365120639
  },
  "responseTimeHistogram": {
    "0.000059612": 1,
    "0.0004958526": 218710,
    "0.0009320932": 366389,
    "0.0013683337999999998": 113814,
    "0.0018045744": 17706,
    "0.002240815": 2897,
    "0.0026770556": 103,
    "0.0031132962000000003": 38,
    "0.0035495368": 53,
    "0.0039857773999999995": 16,
    "0.004422018": 14
  },
  "latencyPercentiles": {
    "p10": 0.00037321,
    "p25": 0.000462705,
    "p50": 0.000658111,
    "p75": 0.0008775,
    "p90": 0.001015471,
    "p95": 0.001188242,
    "p99": 0.001629268
  },
  "rps": {
    "mean": 71980.66926479488,
    "stddev": 11914.027486146362,
    "max": 103505.38227987793,
    "percentiles": {
      "p10": 56870.99401771409,
      "p25": 62648.19525661035,
      "p50": 71026.64273568305,
      "p75": 80515.19321696024,
      "p90": 88625.69258827585,
      "p95": 92536.10209896736,
      "p99": 98306.21002931315
    }
  },
  "details": {
    "DNSDialup": {
      "average": 0.0005023661,
      "fastest": 0.000067838,
      "slowest": 0.000891645
    },
    "DNSLookup": {
      "average": 0.00000591594,
      "fastest": 0.000003307,
      "slowest": 0.000030166
    }
  },
  "statusCodeDistribution": {
    "200": 719741
  },
  "errorDistribution": {}
}