{
  "summary": {
    "successRate": 1,
    "total": 10.000727523,
    "slowest": 0.016695277,
    "fastest": 0.0000275,
    "average": 0.0007288420234170282,
    "requestsPerSec": 68398.2238718974,
    "totalData": 8892416,
    "sizePerRequest": 13,
    "sizePerSec": 889176.9103346663
  },
  "responseTimeHistogram": {
    "0.0000275": 1,
    "0.0016942777000000001": 678881,
    "0.0033610554000000005": 4078,
    "0.0050278331": 350,
    "0.0066946108": 53,
    "0.0083613885": 326,
    "0.0100281662": 288,
    "0.011694943900000001": 16,
    "0.013361721600000001": 31,
    "0.015028499300000001": 1,
    "0.016695277": 7
  },
  "latencyPercentiles": {
    "p10": 0.000462797,
    "p25": 0.000527796,
    "p50": 0.000667996,
    "p75": 0.000706095,
    "p90": 0.001163492,
    "p95": 0.001204092,
    "p99": 0.00149579
  },
  "rps": {
    "mean": 68415.99553961011,
    "stddev": 17609.09175895138,
    "max": 85330.85331756997,
    "percentiles": {
      "p10": 41532.66959790577,
      "p25": 44273.78669290161,
      "p50": 79844.44141609046,
      "p75": 81975.19584715622,
      "p90": 82902.51725283651,
      "p95": 83229.00104391553,
      "p99": 83807.25770851692
    }
  },
  "details": {
    "DNSDialup": {
      "average": 0.00128449748,
      "fastest": 0.000066099,
      "slowest": 0.002114986
    },
    "DNSLookup": {
      "average": 0.000010081879999999996,
      "fastest": 0.000003,
      "slowest": 0.000198499
    }
  },
  "statusCodeDistribution": {
    "200": 684032
  },
  "errorDistribution": {}
}