{
  "summary": {
    "successRate": 1,
    "total": 10.000485256,
    "slowest": 0.006331239,
    "fastest": 0.000033523,
    "average": 0.0006246399361561428,
    "requestsPerSec": 79878.52384670323,
    "totalData": 10384712,
    "sizePerRequest": 13,
    "sizePerSec": 1038420.810007142
  },
  "responseTimeHistogram": {
    "0.000033523": 1,
    "0.0006632946": 537572,
    "0.0012930662": 246072,
    "0.0019228377999999998": 14763,
    "0.0025526094": 335,
    "0.003182381": 53,
    "0.0038121526": 23,
    "0.0044419242": 2,
    "0.0050716958": 0,
    "0.005701467399999999": 1,
    "0.006331239": 2
  },
  "latencyPercentiles": {
    "p10": 0.000381018,
    "p25": 0.000466887,
    "p50": 0.000576548,
    "p75": 0.000733075,
    "p90": 0.000938153,
    "p95": 0.001050988,
    "p99": 0.001456423
  },
  "rps": {
    "mean": 79868.38056057472,
    "stddev": 13922.925115634309,
    "max": 101881.28966319111,
    "percentiles": {
      "p10": 59885.37517886629,
      "p25": 66745.8542708121,
      "p50": 81680.13638180388,
      "p75": 92588.82157000293,
      "p90": 96941.2291047334,
      "p95": 98328.41691249177,
      "p99": 100214.38076363888
    }
  },
  "details": {
    "DNSDialup": {
      "average": 0.0009226969000000002,
      "fastest": 0.000096052,
      "slowest": 0.001817714
    },
    "DNSLookup": {
      "average": 0.00000773252,
      "fastest": 0.000004008,
      "slowest": 0.000028764
    }
  },
  "statusCodeDistribution": {
    "200": 798824
  },
  "errorDistribution": {}
}