{
  "summary": {
    "successRate": 1,
    "total": 10.000689232,
    "slowest": 0.004258951,
    "fastest": 0.000044631,
    "average": 0.0006264674534986514,
    "requestsPerSec": 79632.01150694452,
    "totalData": 10352875,
    "sizePerRequest": 13,
    "sizePerSec": 1035216.1495902786
  },
  "responseTimeHistogram": {
    "0.000044631": 1,
    "0.00046606300000000007": 202930,
    "0.0008874950000000001": 480879,
    "0.0013089270000000003": 96207,
    "0.0017303590000000003": 13674,
    "0.002151791": 2466,
    "0.0025732230000000004": 112,
    "0.002994655": 56,
    "0.0034160870000000004": 9,
    "0.0038375190000000006": 28,
    "0.004258951": 13
  },
  "latencyPercentiles": {
    "p10": 0.000374832,
    "p25": 0.000463959,
    "p50": 0.000574361,
    "p75": 0.000730731,
    "p90": 0.000958375,
    "p95": 0.001079481,
    "p99": 0.00148601
  },
  "rps": {
    "mean": 79644.18473954158,
    "stddev": 12461.700140866194,
    "max": 98275.41207412185,
    "percentiles": {
      "p10": 60048.374970869685,
      "p25": 71614.89894385825,
      "p50": 82801.97056659526,
      "p75": 89515.45931983346,
      "p90": 93239.74699008212,
      "p95": 95051.69861887816,
      "p99": 96823.81829884087
    }
  },
  "details": {
    "DNSDialup": {
      "average": 0.0005459143,
      "fastest": 0.000076984,
      "slowest": 0.001038854
    },
    "DNSLookup": {
      "average": 0.000008236260000000002,
      "fastest": 0.000003517,
      "slowest": 0.000034685
    }
  },
  "statusCodeDistribution": {
    "200": 796375
  },
  "errorDistribution": {}
}