{
  "summary": {
    "successRate": 1,
    "total": 10.000682032,
    "slowest": 0.005197554,
    "fastest": 0.000042079,
    "average": 0.0006889265217327739,
    "requestsPerSec": 72417.96086333164,
    "totalData": 9414977,
    "sizePerRequest": 13,
    "sizePerSec": 941433.4912233114
  },
  "responseTimeHistogram": {
    "0.000042079": 1,
    "0.0005576264999999999": 256661,
    "0.0010731739999999999": 412891,
    "0.0015887214999999997": 47634,
    "0.0021042689999999998": 6582,
    "0.0026198165": 277,
    "0.0031353639999999994": 73,
    "0.0036509114999999995": 29,
    "0.004166459": 33,
    "0.0046820065": 2,
    "0.005197554": 46
  },
  "latencyPercentiles": {
    "p10": 0.00041073,
    "p25": 0.00050146,
    "p50": 0.000634209,
    "p75": 0.000840426,
    "p90": 0.001008846,
    "p95": 0.001189502,
    "p99": 0.00158194
  },
  "rps": {
    "mean": 72404.16439770388,
    "stddev": 9444.579140876274,
    "max": 94622.7189148107,
    "percentiles": {
      "p10": 60300.639186775996,
      "p25": 66390.54751040933,
      "p50": 72760.85718094879,
      "p75": 78772.30509884993,
      "p90": 84162.64225462907,
      "p95": 86927.39951632752,
      "p99": 90890.80648561791
    }
  },
  "details": {
    "DNSDialup": {
      "average": 0.00076367842,
      "fastest": 0.000096029,
      "slowest": 0.001101548
    },
    "DNSLookup": {
      "average": 0.00000601692,
      "fastest": 0.000002695,
      "slowest": 0.000029105
    }
  },
  "statusCodeDistribution": {
    "200": 724229
  },
  "errorDistribution": {}
}