{
  "summary": {
    "successRate": 1,
    "total": 10.000604085,
    "slowest": 0.003194053,
    "fastest": 0.00004316,
    "average": 0.0006439459890699064,
    "requestsPerSec": 77542.51577293592,
    "totalData": 10081136,
    "sizePerRequest": 13,
    "sizePerSec": 1008052.705048167
  },
  "responseTimeHistogram": {
    "0.00004316": 1,
    "0.0003582493": 51244,
    "0.0006733386": 419173,
    "0.0009884279": 258771,
    "0.0013035172": 36707,
    "0.0016186065": 8572,
    "0.0019336957999999999": 837,
    "0.0022487851": 98,
    "0.0025638744": 37,
    "0.0028789637": 16,
    "0.003194053": 16
  },
  "latencyPercentiles": {
    "p10": 0.000402135,
    "p25": 0.000514054,
    "p50": 0.000623074,
    "p75": 0.000752798,
    "p90": 0.000892554,
    "p95": 0.001025279,
    "p99": 0.00133867
  },
  "rps": {
    "mean": 77542.32762019162,
    "stddev": 5825.375478007263,
    "max": 94003.67888463421,
    "percentiles": {
      "p10": 70041.60471320957,
      "p25": 74004.56041745297,
      "p50": 77854.85216408834,
      "p75": 81467.02877873908,
      "p90": 84318.61663601262,
      "p95": 86222.5989431842,
      "p99": 90319.68065841732
    }
  },
  "details": {
    "DNSDialup": {
      "average": 0.0006304423599999999,
      "fastest": 0.000084026,
      "slowest": 0.001426227
    },
    "DNSLookup": {
      "average": 0.000004614819999999999,
      "fastest": 0.000002684,
      "slowest": 0.000030025
    }
  },
  "statusCodeDistribution": {
    "200": 775472
  },
  "errorDistribution": {}
}