{
  "summary": {
    "successRate": 1,
    "total": 10.000379583,
    "slowest": 0.005741263,
    "fastest": 0.000040847,
    "average": 0.0006216799408336469,
    "requestsPerSec": 80260.45344962981,
    "totalData": 10434255,
    "sizePerRequest": 13,
    "sizePerSec": 1043385.8948451877
  },
  "responseTimeHistogram": {
    "0.000040847": 1,
    "0.0006108886": 477270,
    "0.0011809301999999998": 301230,
    "0.0017509717999999999": 21864,
    "0.0023210134": 2146,
    "0.002891055": 83,
    "0.0034610965999999996": 36,
    "0.0040311382": 3,
    "0.0046011798": 0,
    "0.005171221399999999": 1,
    "0.005741263": 1
  },
  "latencyPercentiles": {
    "p10": 0.000369344,
    "p25": 0.000457673,
    "p50": 0.000568322,
    "p75": 0.000743118,
    "p90": 0.000942692,
    "p95": 0.001050895,
    "p99": 0.001496153
  },
  "rps": {
    "mean": 80274.61322545561,
    "stddev": 16391.174559213316,
    "max": 101583.18647140238,
    "percentiles": {
      "p10": 56610.3789168101,
      "p25": 62874.6510732209,
      "p50": 85722.209616013,
      "p75": 95022.47778285354,
      "p90": 98438.39897937245,
      "p95": 99407.05846288404,
      "p99": 100481.9209487931
    }
  },
  "details": {
    "DNSDialup": {
      "average": 0.0008546146799999997,
      "fastest": 0.000083817,
      "slowest": 0.001916218
    },
    "DNSLookup": {
      "average": 0.000008143459999999998,
      "fastest": 0.000003747,
      "slowest": 0.000030357
    }
  },
  "statusCodeDistribution": {
    "200": 802635
  },
  "errorDistribution": {}
}