{
  "summary": {
    "successRate": 1,
    "total": 10.000795488,
    "slowest": 0.004099475,
    "fastest": 0.000033753,
    "average": 0.0006271626072456289,
    "requestsPerSec": 79533.97316787527,
    "totalData": 10340239,
    "sizePerRequest": 13,
    "sizePerSec": 1033941.6511823784
  },
  "responseTimeHistogram": {
    "0.000033753": 1,
    "0.00044032519999999994": 165127,
    "0.0008468973999999999": 490753,
    "0.0012534695999999999": 119112,
    "0.0016600418": 16594,
    "0.002066614": 3564,
    "0.0024731861999999997": 155,
    "0.0028797583999999998": 42,
    "0.0032863306": 27,
    "0.0036929028": 19,
    "0.004099475": 9
  },
  "latencyPercentiles": {
    "p10": 0.000372205,
    "p25": 0.000459968,
    "p50": 0.000572079,
    "p75": 0.00074551,
    "p90": 0.000954649,
    "p95": 0.001073901,
    "p99": 0.001495579
  },
  "rps": {
    "mean": 79514.06917053561,
    "stddev": 13411.518817602651,
    "max": 100523.7537630175,
    "percentiles": {
      "p10": 57930.23958506609,
      "p25": 69526.12791887393,
      "p50": 83196.15334707225,
      "p75": 90206.61856252447,
      "p90": 94478.88512503417,
      "p95": 96434.19556575255,
      "p99": 98488.5023699933
    }
  },
  "details": {
    "DNSDialup": {
      "average": 0.0008539864600000003,
      "fastest": 0.000107691,
      "slowest": 0.001251514
    },
    "DNSLookup": {
      "average": 0.000007228039999999998,
      "fastest": 0.000004087,
      "slowest": 0.000035025
    }
  },
  "statusCodeDistribution": {
    "200": 795403
  },
  "errorDistribution": {}
}