{
  "summary": {
    "successRate": 1,
    "total": 10.000502321,
    "slowest": 0.005105517,
    "fastest": 0.000035212,
    "average": 0.0006159376207364118,
    "requestsPerSec": 81012.9305503713,
    "totalData": 10532210,
    "sizePerRequest": 13,
    "sizePerSec": 1053168.0971548269
  },
  "responseTimeHistogram": {
    "0.000035212": 1,
    "0.0005422425": 362627,
    "0.001049273": 410252,
    "0.0015563035000000002": 31734,
    "0.0020633340000000004": 5443,
    "0.0025703645000000005": 74,
    "0.0030773950000000006": 30,
    "0.0035844255000000006": 8,
    "0.004091456": 0,
    "0.0045984865": 0,
    "0.005105517": 1
  },
  "latencyPercentiles": {
    "p10": 0.000368958,
    "p25": 0.000456181,
    "p50": 0.000565692,
    "p75": 0.000733927,
    "p90": 0.000926071,
    "p95": 0.001034854,
    "p99": 0.001468159
  },
  "rps": {
    "mean": 81002.19060655776,
    "stddev": 16111.268522286498,
    "max": 101739.13784350028,
    "percentiles": {
      "p10": 57515.8513686371,
      "p25": 63846.62080250985,
      "p50": 86086.56865343048,
      "p75": 95892.22195718481,
      "p90": 98737.51038019471,
      "p95": 99805.02019250768,
      "p99": 100755.85904826266
    }
  },
  "details": {
    "DNSDialup": {
      "average": 0.0007990116000000001,
      "fastest": 0.000088114,
      "slowest": 0.001572895
    },
    "DNSLookup": {
      "average": 0.000023783280000000002,
      "fastest": 0.000004178,
      "slowest": 0.000860781
    }
  },
  "statusCodeDistribution": {
    "200": 810170
  },
  "errorDistribution": {}
}