{
  "summary": {
    "successRate": 1,
    "total": 10.000439692,
    "slowest": 0.004365861,
    "fastest": 0.00003616,
    "average": 0.0006304848279674602,
    "requestsPerSec": 79132.12062396186,
    "totalData": 10287628,
    "sizePerRequest": 13,
    "sizePerSec": 1028717.5681115042
  },
  "responseTimeHistogram": {
    "0.00003616": 1,
    "0.0004691301": 209067,
    "0.0009021002": 475789,
    "0.0013350703": 92345,
    "0.0017680404": 12427,
    "0.0022010105": 1614,
    "0.0026339806": 59,
    "0.0030669507": 33,
    "0.0034999208": 15,
    "0.0039328909": 3,
    "0.004365861": 3
  },
  "latencyPercentiles": {
    "p10": 0.000374591,
    "p25": 0.000462677,
    "p50": 0.000579315,
    "p75": 0.000759195,
    "p90": 0.000947436,
    "p95": 0.001062982,
    "p99": 0.001490313
  },
  "rps": {
    "mean": 79145.14138393452,
    "stddev": 15067.843588995229,
    "max": 101056.45261050947,
    "percentiles": {
      "p10": 57508.77785330857,
      "p25": 64005.491671180665,
      "p50": 81822.66487817152,
      "p75": 93301.18619323474,
      "p90": 96908.6345994276,
      "p95": 98107.60333926041,
      "p99": 99792.21798863538
    }
  },
  "details": {
    "DNSDialup": {
      "average": 0.0012269023800000004,
      "fastest": 0.000071845,
      "slowest": 0.003009136
    },
    "DNSLookup": {
      "average": 0.00000714766,
      "fastest": 0.000003566,
      "slowest": 0.000034675
    }
  },
  "statusCodeDistribution": {
    "200": 791356
  },
  "errorDistribution": {}
}