{
  "summary": {
    "successRate": 1,
    "total": 10.001799707,
    "slowest": 0.00415022,
    "fastest": 0.000060041,
    "average": 0.000687674769786753,
    "requestsPerSec": 72526.64732851164,
    "totalData": 9430161,
    "sizePerRequest": 13,
    "sizePerSec": 942846.4152706512
  },
  "responseTimeHistogram": {
    "0.000060041": 1,
    "0.00046905889999999993": 123034,
    "0.0008780767999999999": 460273,
    "0.0012870947": 120458,
    "0.0016961125999999998": 17660,
    "0.0021051304999999995": 3661,
    "0.0025141483999999996": 202,
    "0.0029231662999999993": 52,
    "0.0033321841999999994": 30,
    "0.0037412020999999995": 18,
    "0.00415022": 8
  },
  "latencyPercentiles": {
    "p10": 0.00041544,
    "p25": 0.000529614,
    "p50": 0.00062431,
    "p75": 0.000812152,
    "p90": 0.001004995,
    "p95": 0.001180144,
    "p99": 0.001556719
  },
  "rps": {
    "mean": 72527.90106948972,
    "stddev": 9719.362684986647,
    "max": 101143.2286159095,
    "percentiles": {
      "p10": 58797.29187887179,
      "p25": 66338.60788731929,
      "p50": 74102.7879771928,
      "p75": 77403.79074300996,
      "p90": 83731.67717758125,
      "p95": 88532.05106729692,
      "p99": 95248.52244476204
    }
  },
  "details": {
    "DNSDialup": {
      "average": 0.0006942750399999999,
      "fastest": 0.000074301,
      "slowest": 0.001289867
    },
    "DNSLookup": {
      "average": 0.000008142860000000004,
      "fastest": 0.000003627,
      "slowest": 0.000035677
    }
  },
  "statusCodeDistribution": {
    "200": 725397
  },
  "errorDistribution": {}
}