{
  "summary": {
    "successRate": 1,
    "total": 10.000706138,
    "slowest": 0.005159645,
    "fastest": 0.000038379,
    "average": 0.0007573183044045552,
    "requestsPerSec": 65843.25055787376,
    "totalData": 8560227,
    "sizePerRequest": 13,
    "sizePerSec": 855962.2572523588
  },
  "responseTimeHistogram": {
    "0.000038379": 1,
    "0.0005505056": 205195,
    "0.0010626322": 370055,
    "0.0015747588": 69147,
    "0.0020868854": 13024,
    "0.002599012": 949,
    "0.0031111385999999996": 67,
    "0.0036232651999999997": 13,
    "0.0041353918": 21,
    "0.0046475184": 6,
    "0.005159645": 1
  },
  "latencyPercentiles": {
    "p10": 0.000421682,
    "p25": 0.000512326,
    "p50": 0.000717564,
    "p75": 0.000950798,
    "p90": 0.001097577,
    "p95": 0.00129483,
    "p99": 0.00177752
  },
  "rps": {
    "mean": 65821.96948155802,
    "stddev": 10325.789866466592,
    "max": 90969.58263376304,
    "percentiles": {
      "p10": 52669.982605888545,
      "p25": 58192.287148188945,
      "p50": 65222.80189154081,
      "p75": 73458.06125161037,
      "p90": 80224.54013320511,
      "p95": 83055.51314281243,
      "p99": 87641.63854247022
    }
  },
  "details": {
    "DNSDialup": {
      "average": 0.00102550108,
      "fastest": 0.000117481,
      "slowest": 0.002107349
    },
    "DNSLookup": {
      "average": 0.000009423340000000003,
      "fastest": 0.000005119,
      "slowest": 0.000059801
    }
  },
  "statusCodeDistribution": {
    "200": 658479
  },
  "errorDistribution": {}
}