{
  "summary": {
    "successRate": 1,
    "total": 10.000889206,
    "slowest": 0.00517001,
    "fastest": 0.000036208,
    "average": 0.0006310767386301212,
    "requestsPerSec": 79037.2719583551,
    "totalData": 10275759,
    "sizePerRequest": 13,
    "sizePerSec": 1027484.5354586163
  },
  "responseTimeHistogram": {
    "0.000036208": 1,
    "0.0005495882": 345893,
    "0.0010629684": 399531,
    "0.0015763486": 39303,
    "0.0020897287999999997": 5440,
    "0.0026031089999999997": 204,
    "0.0031164891999999997": 43,
    "0.0036298693999999997": 26,
    "0.0041432496": 0,
    "0.0046566298": 0,
    "0.00517001": 2
  },
  "latencyPercentiles": {
    "p10": 0.000375551,
    "p25": 0.000465935,
    "p50": 0.000578677,
    "p75": 0.000740661,
    "p90": 0.000961309,
    "p95": 0.001088586,
    "p99": 0.001506384
  },
  "rps": {
    "mean": 79050.04504282471,
    "stddev": 12435.162504408727,
    "max": 100359.67888306743,
    "percentiles": {
      "p10": 59268.62516545777,
      "p25": 71115.9726474596,
      "p50": 82007.28192621532,
      "p75": 88662.58057400222,
      "p90": 92933.34075731953,
      "p95": 95209.33051438647,
      "p99": 98050.68239772938
    }
  },
  "details": {
    "DNSDialup": {
      "average": 0.0005750022200000001,
      "fastest": 0.000080213,
      "slowest": 0.000983879
    },
    "DNSLookup": {
      "average": 0.000007229340000000001,
      "fastest": 0.000004017,
      "slowest": 0.000031418
    }
  },
  "statusCodeDistribution": {
    "200": 790443
  },
  "errorDistribution": {}
}