{
  "summary": {
    "successRate": 1,
    "total": 10.000907144,
    "slowest": 0.005208451,
    "fastest": 0.000039598,
    "average": 0.0006569164315893927,
    "requestsPerSec": 75966.70872559799,
    "totalData": 9876568,
    "sizePerRequest": 13,
    "sizePerSec": 987567.2134327738
  },
  "responseTimeHistogram": {
    "0.000039598": 1,
    "0.0005564833": 261360,
    "0.0010733686": 462332,
    "0.0015902539000000001": 33637,
    "0.0021071392": 2079,
    "0.0026240245": 183,
    "0.0031409098": 56,
    "0.0036577951": 31,
    "0.0041746804": 14,
    "0.004691565700000001": 12,
    "0.005208451": 31
  },
  "latencyPercentiles": {
    "p10": 0.00040107,
    "p25": 0.0005169,
    "p50": 0.000634202,
    "p75": 0.000769763,
    "p90": 0.000913063,
    "p95": 0.001060861,
    "p99": 0.001397005
  },
  "rps": {
    "mean": 75964.08484203888,
    "stddev": 7056.216857967442,
    "max": 94236.24434344131,
    "percentiles": {
      "p10": 67631.52302282171,
      "p25": 71709.2965378289,
      "p50": 76316.49962721701,
      "p75": 80604.62289567676,
      "p90": 84135.79978280852,
      "p95": 86049.68872504059,
      "p99": 90511.31002024919
    }
  },
  "details": {
    "DNSDialup": {
      "average": 0.00108411442,
      "fastest": 0.000089091,
      "slowest": 0.001509921
    },
    "DNSLookup": {
      "average": 0.000004560500000000002,
      "fastest": 0.000001772,
      "slowest": 0.000029774
    }
  },
  "statusCodeDistribution": {
    "200": 759736
  },
  "errorDistribution": {}
}