{
  "summary": {
    "successRate": 1,
    "total": 10.000526863,
    "slowest": 0.003917069,
    "fastest": 0.000031889,
    "average": 0.0006216723943031498,
    "requestsPerSec": 80257.37153604605,
    "totalData": 10434008,
    "sizePerRequest": 13,
    "sizePerSec": 1043345.8299685986
  },
  "responseTimeHistogram": {
    "0.000031889": 1,
    "0.000420407": 138554,
    "0.0008089249999999999": 500010,
    "0.0011974429999999999": 140644,
    "0.0015859609999999999": 18372,
    "0.001974479": 4741,
    "0.0023629969999999995": 159,
    "0.0027515149999999995": 90,
    "0.0031400329999999995": 38,
    "0.0035285509999999996": 6,
    "0.003917069": 1
  },
  "latencyPercentiles": {
    "p10": 0.000368932,
    "p25": 0.000456585,
    "p50": 0.000569685,
    "p75": 0.000744533,
    "p90": 0.000940615,
    "p95": 0.00105013,
    "p99": 0.001482522
  },
  "rps": {
    "mean": 80215.31370923869,
    "stddev": 16112.139503756434,
    "max": 101763.87036043557,
    "percentiles": {
      "p10": 57112.353402040804,
      "p25": 63213.059818158166,
      "p50": 84321.31828513306,
      "p75": 94726.57649832188,
      "p90": 98244.98637926302,
      "p95": 99302.5450640419,
      "p99": 100707.82499800793
    }
  },
  "details": {
    "DNSDialup": {
      "average": 0.0008592984199999997,
      "fastest": 0.000087242,
      "slowest": 0.001990293
    },
    "DNSLookup": {
      "average": 0.000009025139999999999,
      "fastest": 0.000004148,
      "slowest": 0.000038341
    }
  },
  "statusCodeDistribution": {
    "200": 802616
  },
  "errorDistribution": {}
}