{
  "summary": {
    "successRate": 1,
    "total": 10.000853592,
    "slowest": 0.005834338,
    "fastest": 0.000038625,
    "average": 0.0006463011228745788,
    "requestsPerSec": 77177.81216369595,
    "totalData": 10033972,
    "sizePerRequest": 13,
    "sizePerSec": 1003311.5581280474
  },
  "responseTimeHistogram": {
    "0.000038625": 1,
    "0.0006181963": 419570,
    "0.0011977676": 326595,
    "0.0017773389": 23186,
    "0.0023569102": 2424,
    "0.0029364814999999996": 38,
    "0.0035160528": 14,
    "0.0040956241": 9,
    "0.004675195399999999": 6,
    "0.005254766699999999": 0,
    "0.005834337999999999": 1
  },
  "latencyPercentiles": {
    "p10": 0.000369601,
    "p25": 0.000466862,
    "p50": 0.000594043,
    "p75": 0.000784819,
    "p90": 0.000982359,
    "p95": 0.001098686,
    "p99": 0.001521475
  },
  "rps": {
    "mean": 77110.86729687775,
    "stddev": 12416.295609224118,
    "max": 97955.85402650278,
    "percentiles": {
      "p10": 56824.73614899577,
      "p25": 68564.56039006579,
      "p50": 79744.8165869221,
      "p75": 86757.37265053314,
      "p90": 91348.35068201048,
      "p95": 93309.93750834424,
      "p99": 95555.29090651852
    }
  },
  "details": {
    "DNSDialup": {
      "average": 0.0007799636400000003,
      "fastest": 0.000148931,
      "slowest": 0.00125137
    },
    "DNSLookup": {
      "average": 0.000006713640000000001,
      "fastest": 0.000003987,
      "slowest": 0.00003234
    }
  },
  "statusCodeDistribution": {
    "200": 771844
  },
  "errorDistribution": {}
}