{
  "summary": {
    "successRate": 1,
    "total": 10.000599443,
    "slowest": 0.004351825,
    "fastest": 0.000044881,
    "average": 0.000722855707842841,
    "requestsPerSec": 68979.96504428139,
    "totalData": 8967933,
    "sizePerRequest": 13,
    "sizePerSec": 896739.5455756581
  },
  "responseTimeHistogram": {
    "0.000044881": 1,
    "0.0004755754": 157316,
    "0.0009062698": 357191,
    "0.0013369642": 149082,
    "0.0017676586": 20977,
    "0.002198353": 4978,
    "0.0026290474": 187,
    "0.0030597418": 63,
    "0.0034904362": 15,
    "0.0039211305999999994": 21,
    "0.004351825": 10
  },
  "latencyPercentiles": {
    "p10": 0.000398385,
    "p25": 0.000488474,
    "p50": 0.000683823,
    "p75": 0.000910083,
    "p90": 0.001053224,
    "p95": 0.001232905,
    "p99": 0.00170379
  },
  "rps": {
    "mean": 68976.48751770315,
    "stddev": 10876.981406306128,
    "max": 98504.10762128857,
    "percentiles": {
      "p10": 55485.21663112057,
      "p25": 60714.227748090125,
      "p50": 68606.3392257464,
      "p75": 76696.17700596503,
      "p90": 83530.33821883988,
      "p95": 87740.08582102206,
      "p99": 92850.84512279229
    }
  },
  "details": {
    "DNSDialup": {
      "average": 0.00065509402,
      "fastest": 0.000073669,
      "slowest": 0.001038766
    },
    "DNSLookup": {
      "average": 0.000007206419999999999,
      "fastest": 0.000003437,
      "slowest": 0.00003709
    }
  },
  "statusCodeDistribution": {
    "200": 689841
  },
  "errorDistribution": {}
}