{
  "summary": {
    "successRate": 1,
    "total": 10.000348282,
    "slowest": 0.005155178,
    "fastest": 0.000036106,
    "average": 0.0006012939681058474,
    "requestsPerSec": 82987.20970486297,
    "totalData": 10788713,
    "sizePerRequest": 13,
    "sizePerSec": 1078833.7261632185
  },
  "responseTimeHistogram": {
    "0.000036106": 1,
    "0.0005480132": 396852,
    "0.0010599204": 399595,
    "0.0015718276": 28964,
    "0.0020837348": 4275,
    "0.002595642": 147,
    "0.0031075492000000003": 47,
    "0.0036194564": 4,
    "0.0041313636": 6,
    "0.0046432708": 7,
    "0.005155178": 3
  },
  "latencyPercentiles": {
    "p10": 0.000358157,
    "p25": 0.00045132,
    "p50": 0.000557578,
    "p75": 0.000691398,
    "p90": 0.000917097,
    "p95": 0.001024681,
    "p99": 0.001424065
  },
  "rps": {
    "mean": 82948.81029183809,
    "stddev": 15354.904890055195,
    "max": 101056.19735134068,
    "percentiles": {
      "p10": 58007.35533265805,
      "p25": 70975.41847967733,
      "p50": 88706.61751366443,
      "p75": 95807.6262870558,
      "p90": 98363.72986057498,
      "p95": 99249.06552994762,
      "p99": 100117.59066067946
    }
  },
  "details": {
    "DNSDialup": {
      "average": 0.00116342452,
      "fastest": 0.000090178,
      "slowest": 0.002893513
    },
    "DNSLookup": {
      "average": 0.000010758740000000002,
      "fastest": 0.000003847,
      "slowest": 0.000177111
    }
  },
  "statusCodeDistribution": {
    "200": 829901
  },
  "errorDistribution": {}
}