{
  "summary": {
    "successRate": 1,
    "total": 10.000628158,
    "slowest": 0.005737157,
    "fastest": 0.000042709,
    "average": 0.0006354319741703265,
    "requestsPerSec": 78501.66885486955,
    "totalData": 10205858,
    "sizePerRequest": 13,
    "sizePerSec": 1020521.6951133042
  },
  "responseTimeHistogram": {
    "0.000042709": 1,
    "0.0006121538": 452677,
    "0.0011815985999999998": 305084,
    "0.0017510433999999998": 24799,
    "0.0023204882": 2324,
    "0.002889933": 105,
    "0.0034593778": 38,
    "0.0040288226": 29,
    "0.0045982674": 4,
    "0.0051677122": 0,
    "0.005737157": 5
  },
  "latencyPercentiles": {
    "p10": 0.0003858,
    "p25": 0.000479285,
    "p50": 0.000586047,
    "p75": 0.000728103,
    "p90": 0.000964941,
    "p95": 0.001107297,
    "p99": 0.001501628
  },
  "rps": {
    "mean": 78486.25592690763,
    "stddev": 12650.812757211625,
    "max": 99454.23239292587,
    "percentiles": {
      "p10": 57816.442996389094,
      "p25": 71210.09046982112,
      "p50": 80724.12844198907,
      "p75": 88235.43862087175,
      "p90": 93110.36318342996,
      "p95": 94812.06957645564,
      "p99": 97243.0689552302
    }
  },
  "details": {
    "DNSDialup": {
      "average": 0.0007773177000000003,
      "fastest": 0.000130136,
      "slowest": 0.001219115
    },
    "DNSLookup": {
      "average": 0.000008027160000000002,
      "fastest": 0.000004027,
      "slowest": 0.000034885
    }
  },
  "statusCodeDistribution": {
    "200": 785066
  },
  "errorDistribution": {}
}