{
  "summary": {
    "successRate": 1,
    "total": 10.000619857,
    "slowest": 0.01286844,
    "fastest": 0.000181168,
    "average": 0.00296340655127968,
    "requestsPerSec": 16835.056467240338,
    "totalData": 2188693,
    "sizePerRequest": 13,
    "sizePerSec": 218855.7340741244
  },
  "responseTimeHistogram": {
    "0.000181168": 1,
    "0.0014498952": 0,
    "0.0027186223999999997": 23717,
    "0.0039873496": 141168,
    "0.0052560767999999996": 1917,
    "0.0065248039999999995": 294,
    "0.0077935311999999994": 393,
    "0.0090622584": 820,
    "0.0103309856": 8,
    "0.0115997128": 9,
    "0.01286844": 34
  },
  "latencyPercentiles": {
    "p10": 0.002695747,
    "p25": 0.002759951,
    "p50": 0.002823906,
    "p75": 0.00289635,
    "p90": 0.003593377,
    "p95": 0.003729343,
    "p99": 0.005031878
  },
  "rps": {
    "mean": 16842.767512287344,
    "stddev": 2011.468263324007,
    "max": 19863.245779033485,
    "percentiles": {
      "p10": 15340.534986426726,
      "p25": 16188.09561634395,
      "p50": 17156.635770342175,
      "p75": 18134.346452181464,
      "p90": 18622.78172839748,
      "p95": 18821.656197621163,
      "p99": 19330.466748641666
    }
  },
  "details": {
    "DNSDialup": {
      "average": 0.0007108994399999998,
      "fastest": 0.000100839,
      "slowest": 0.001273659
    },
    "DNSLookup": {
      "average": 0.000007307679999999998,
      "fastest": 0.000003576,
      "slowest": 0.000029655
    }
  },
  "statusCodeDistribution": {
    "200": 168361
  },
  "errorDistribution": {}
}