{
  "summary": {
    "successRate": 1,
    "total": 10.000602558,
    "slowest": 0.014027603,
    "fastest": 0.00097642,
    "average": 0.003072377878225617,
    "requestsPerSec": 16236.421661423652,
    "totalData": 2110862,
    "sizePerRequest": 13,
    "sizePerSec": 211073.4815985075
  },
  "responseTimeHistogram": {
    "0.00097642": 1,
    "0.0022815383": 633,
    "0.0035866566": 140205,
    "0.0048917749": 19273,
    "0.006196893199999999": 1010,
    "0.007502011499999999": 101,
    "0.0088071298": 933,
    "0.0101122481": 158,
    "0.0114173664": 24,
    "0.0127224847": 17,
    "0.014027603": 19
  },
  "latencyPercentiles": {
    "p10": 0.002713767,
    "p25": 0.002800933,
    "p50": 0.002903319,
    "p75": 0.003053008,
    "p90": 0.00375913,
    "p95": 0.004006844,
    "p99": 0.005434587
  },
  "rps": {
    "mean": 16243.015601309104,
    "stddev": 2139.3454509767366,
    "max": 20031.240388656035,
    "percentiles": {
      "p10": 14901.3768872248,
      "p25": 15610.004451853589,
      "p50": 16547.104519450684,
      "p75": 17435.648927797676,
      "p90": 18141.344123256575,
      "p95": 18485.22427801162,
      "p99": 19132.236225411572
    }
  },
  "details": {
    "DNSDialup": {
      "average": 0.0007263429399999999,
      "fastest": 0.000092162,
      "slowest": 0.001301307
    },
    "DNSLookup": {
      "average": 0.00000724218,
      "fastest": 0.000003517,
      "slowest": 0.000035627
    }
  },
  "statusCodeDistribution": {
    "200": 162374
  },
  "errorDistribution": {}
}