{
  "summary": {
    "successRate": 1,
    "total": 10.000322395,
    "slowest": 0.013802159,
    "fastest": 0.001582202,
    "average": 0.0030728454494649885,
    "requestsPerSec": 16232.77666339676,
    "totalData": 2110329,
    "sizePerRequest": 13,
    "sizePerSec": 211026.0966241579
  },
  "responseTimeHistogram": {
    "0.001582202": 1,
    "0.0028041977000000003": 30070,
    "0.0040261934": 126143,
    "0.0052481891": 4562,
    "0.006470184800000001": 300,
    "0.0076921805": 47,
    "0.0089141762": 1091,
    "0.0101361719": 74,
    "0.0113581676": 8,
    "0.0125801633": 15,
    "0.013802159": 22
  },
  "latencyPercentiles": {
    "p10": 0.002744671,
    "p25": 0.002837002,
    "p50": 0.00293232,
    "p75": 0.003037047,
    "p90": 0.003760724,
    "p95": 0.003957994,
    "p99": 0.005171316
  },
  "rps": {
    "mean": 16239.50679946069,
    "stddev": 2073.62801302224,
    "max": 20273.722282442002,
    "percentiles": {
      "p10": 14970.210286244243,
      "p25": 15628.602303452011,
      "p50": 16550.56694719299,
      "p75": 17454.093727280164,
      "p90": 18041.544263978867,
      "p95": 18348.007875126226,
      "p99": 18839.58643878245
    }
  },
  "details": {
    "DNSDialup": {
      "average": 0.0010801627999999998,
      "fastest": 0.000114203,
      "slowest": 0.002674327
    },
    "DNSLookup": {
      "average": 0.00001129574,
      "fastest": 0.000004178,
      "slowest": 0.000189293
    }
  },
  "statusCodeDistribution": {
    "200": 162333
  },
  "errorDistribution": {}
}