{
  "summary": {
    "successRate": 1,
    "total": 10.000786171,
    "slowest": 0.015666333,
    "fastest": 0.001602072,
    "average": 0.0033591293465678857,
    "requestsPerSec": 14851.332431313114,
    "totalData": 1930825,
    "sizePerRequest": 13,
    "sizePerSec": 193067.32160707048
  },
  "responseTimeHistogram": {
    "0.001602072": 1,
    "0.0030084981": 17397,
    "0.0044149242": 120480,
    "0.0058213503": 9408,
    "0.0072277764": 137,
    "0.0086342025": 48,
    "0.0100406286": 975,
    "0.0114470547": 31,
    "0.0128534808": 10,
    "0.014259906900000001": 20,
    "0.015666333": 18
  },
  "latencyPercentiles": {
    "p10": 0.00299529,
    "p25": 0.003076515,
    "p50": 0.003165406,
    "p75": 0.003276262,
    "p90": 0.004243653,
    "p95": 0.004545959,
    "p99": 0.005502226
  },
  "rps": {
    "mean": 14860.03523469508,
    "stddev": 2065.334772128792,
    "max": 17872.790513926084,
    "percentiles": {
      "p10": 12820.746532038102,
      "p25": 13840.355709174997,
      "p50": 15621.054056657305,
      "p75": 16063.058749734288,
      "p90": 16465.25871318977,
      "p95": 16705.360457828097,
      "p99": 17209.869360436536
    }
  },
  "details": {
    "DNSDialup": {
      "average": 0.0007377398600000001,
      "fastest": 0.000105478,
      "slowest": 0.001289902
    },
    "DNSLookup": {
      "average": 0.0000076061000000000024,
      "fastest": 0.000003617,
      "slowest": 0.000039434
    }
  },
  "statusCodeDistribution": {
    "200": 148525
  },
  "errorDistribution": {}
}