{
  "summary": {
    "successRate": 1,
    "total": 10.000621366,
    "slowest": 0.013578375,
    "fastest": 0.000920088,
    "average": 0.0030477720300215046,
    "requestsPerSec": 16370.582787645557,
    "totalData": 2128308,
    "sizePerRequest": 13,
    "sizePerSec": 212817.57623939222
  },
  "responseTimeHistogram": {
    "0.000920088": 1,
    "0.0021859167000000002": 251,
    "0.0034517454": 141081,
    "0.004717574100000001": 20409,
    "0.005983402800000001": 728,
    "0.007249231500000001": 102,
    "0.0085150602": 990,
    "0.0097808889": 108,
    "0.0110467176": 9,
    "0.012312546300000001": 16,
    "0.013578375": 21
  },
  "latencyPercentiles": {
    "p10": 0.002771757,
    "p25": 0.002834919,
    "p50": 0.002899923,
    "p75": 0.002975886,
    "p90": 0.003718686,
    "p95": 0.003864638,
    "p99": 0.005088926
  },
  "rps": {
    "mean": 16379.494414666073,
    "stddev": 1908.3630721331363,
    "max": 21505.99444421795,
    "percentiles": {
      "p10": 15186.132553738,
      "p25": 15827.80946122339,
      "p50": 16616.342172527333,
      "p75": 17516.90907232672,
      "p90": 18000.064156653574,
      "p95": 18190.729801973353,
      "p99": 18609.20597419558
    }
  },
  "details": {
    "DNSDialup": {
      "average": 0.0007371774199999999,
      "fastest": 0.000077945,
      "slowest": 0.00159754
    },
    "DNSLookup": {
      "average": 0.000007115379999999999,
      "fastest": 0.000003747,
      "slowest": 0.000033923
    }
  },
  "statusCodeDistribution": {
    "200": 163716
  },
  "errorDistribution": {}
}