{
  "summary": {
    "successRate": 1,
    "total": 10.000625008,
    "slowest": 0.014120182,
    "fastest": 0.001772615,
    "average": 0.003095827275389398,
    "requestsPerSec": 16113.992862554896,
    "totalData": 2094950,
    "sizePerRequest": 13,
    "sizePerSec": 209481.90721321365
  },
  "responseTimeHistogram": {
    "0.001772615": 1,
    "0.0030073717": 113103,
    "0.0042421284": 44373,
    "0.0054768851": 2322,
    "0.0067116418": 172,
    "0.0079463985": 113,
    "0.0091811552": 1014,
    "0.0104159119": 10,
    "0.0116506686": 7,
    "0.012885425300000001": 16,
    "0.014120182": 19
  },
  "latencyPercentiles": {
    "p10": 0.002793887,
    "p25": 0.002866875,
    "p50": 0.002942384,
    "p75": 0.003029539,
    "p90": 0.003813154,
    "p95": 0.003986383,
    "p99": 0.005113478
  },
  "rps": {
    "mean": 16113.538281161895,
    "stddev": 2029.9168349654822,
    "max": 21148.51970936276,
    "percentiles": {
      "p10": 14918.760341129228,
      "p25": 15487.78164882953,
      "p50": 16416.355615099495,
      "p75": 17312.96144091817,
      "p90": 17854.04598259265,
      "p95": 18069.695120344666,
      "p99": 18499.706015539792
    }
  },
  "details": {
    "DNSDialup": {
      "average": 0.0007981085600000001,
      "fastest": 0.000095589,
      "slowest": 0.001250662
    },
    "DNSLookup": {
      "average": 0.000006401760000000001,
      "fastest": 0.000003336,
      "slowest": 0.000027431
    }
  },
  "statusCodeDistribution": {
    "200": 161150
  },
  "errorDistribution": {}
}