{
  "summary": {
    "successRate": 1,
    "total": 10.0024541,
    "slowest": 0.013824511,
    "fastest": 0.000934055,
    "average": 0.002915684291134672,
    "requestsPerSec": 17100.603340934103,
    "totalData": 2223624,
    "sizePerRequest": 13,
    "sizePerSec": 222307.84343214333
  },
  "responseTimeHistogram": {
    "0.000934055": 1,
    "0.0022231005999999998": 344,
    "0.0035121462": 152827,
    "0.0048011918": 15795,
    "0.0060902374": 813,
    "0.007379283": 77,
    "0.008668328599999999": 1084,
    "0.009957374199999999": 57,
    "0.011246419799999999": 5,
    "0.0125354654": 11,
    "0.013824511": 34
  },
  "latencyPercentiles": {
    "p10": 0.002572384,
    "p25": 0.002664885,
    "p50": 0.002773948,
    "p75": 0.002913898,
    "p90": 0.003535026,
    "p95": 0.003745208,
    "p99": 0.00508136
  },
  "rps": {
    "mean": 17118.320475394168,
    "stddev": 2233.661791686831,
    "max": 22747.332649776967,
    "percentiles": {
      "p10": 15403.567216379955,
      "p25": 16340.72107692329,
      "p50": 17506.83116552077,
      "p75": 18445.355284106266,
      "p90": 19168.708318096018,
      "p95": 19575.03867665965,
      "p99": 20129.504605701066
    }
  },
  "details": {
    "DNSDialup": {
      "average": 0.00101867338,
      "fastest": 0.000102551,
      "slowest": 0.00222358
    },
    "DNSLookup": {
      "average": 0.00001041496,
      "fastest": 0.000004568,
      "slowest": 0.000041116
    }
  },
  "statusCodeDistribution": {
    "200": 171048
  },
  "errorDistribution": {}
}