{
  "summary": {
    "successRate": 1,
    "total": 10.000887728,
    "slowest": 0.014722682,
    "fastest": 0.000365237,
    "average": 0.0030293643683385963,
    "requestsPerSec": 16466.538219295966,
    "totalData": 2140840,
    "sizePerRequest": 13,
    "sizePerSec": 214064.99685084756
  },
  "responseTimeHistogram": {
    "0.000365237": 1,
    "0.0018009815": 267,
    "0.003236726": 139515,
    "0.0046724705": 22288,
    "0.006108215": 1292,
    "0.0075439595": 116,
    "0.008979704000000002": 1125,
    "0.0104154485": 31,
    "0.011851193": 9,
    "0.013286937500000002": 16,
    "0.014722682": 20
  },
  "latencyPercentiles": {
    "p10": 0.002653372,
    "p25": 0.002756642,
    "p50": 0.002879055,
    "p75": 0.003027104,
    "p90": 0.003703784,
    "p95": 0.003971815,
    "p99": 0.00529727
  },
  "rps": {
    "mean": 16476.78580632178,
    "stddev": 2198.8704086122953,
    "max": 22633.070347582892,
    "percentiles": {
      "p10": 14905.929578786865,
      "p25": 15709.064130002675,
      "p50": 16831.09713506737,
      "p75": 17712.01760394477,
      "p90": 18443.5609337051,
      "p95": 19005.90683037404,
      "p99": 19695.366215639224
    }
  },
  "details": {
    "DNSDialup": {
      "average": 0.00097814378,
      "fastest": 0.000136505,
      "slowest": 0.001396448
    },
    "DNSLookup": {
      "average": 0.0000070944,
      "fastest": 0.000003567,
      "slowest": 0.000031619
    }
  },
  "statusCodeDistribution": {
    "200": 164680
  },
  "errorDistribution": {}
}