{
  "summary": {
    "successRate": 1,
    "total": 10.000561593,
    "slowest": 0.015202097,
    "fastest": 0.001453614,
    "average": 0.003053307266930658,
    "requestsPerSec": 16339.282397338062,
    "totalData": 2124226,
    "sizePerRequest": 13,
    "sizePerSec": 212410.6711653948
  },
  "responseTimeHistogram": {
    "0.001453614": 1,
    "0.0028284623": 31327,
    "0.004203310599999999": 128952,
    "0.005578158899999999": 1779,
    "0.006953007199999999": 194,
    "0.0083278555": 983,
    "0.009702703799999999": 116,
    "0.011077552099999999": 0,
    "0.012452400399999999": 9,
    "0.0138272487": 13,
    "0.015202097": 28
  },
  "latencyPercentiles": {
    "p10": 0.002774632,
    "p25": 0.002850934,
    "p50": 0.002919975,
    "p75": 0.002992066,
    "p90": 0.003677885,
    "p95": 0.0038271,
    "p99": 0.005028812
  },
  "rps": {
    "mean": 16348.24562336769,
    "stddev": 1856.5973476593515,
    "max": 19914.796693942535,
    "percentiles": {
      "p10": 15243.090693081227,
      "p25": 15810.547216048799,
      "p50": 16533.75200133546,
      "p75": 17449.855983530295,
      "p90": 17937.156820353353,
      "p95": 18147.83588059811,
      "p99": 18723.601099183008
    }
  },
  "details": {
    "DNSDialup": {
      "average": 0.00061718224,
      "fastest": 0.000062726,
      "slowest": 0.001237292
    },
    "DNSLookup": {
      "average": 0.000005464879999999999,
      "fastest": 0.000002585,
      "slowest": 0.000034555
    }
  },
  "statusCodeDistribution": {
    "200": 163402
  },
  "errorDistribution": {}
}