{
  "summary": {
    "successRate": 1,
    "total": 10.000657025,
    "slowest": 0.023438402,
    "fastest": 0.000499102,
    "average": 0.004840799586187224,
    "requestsPerSec": 10315.822224690282,
    "totalData": 1341145,
    "sizePerRequest": 13,
    "sizePerSec": 134105.68892097365
  },
  "responseTimeHistogram": {
    "0.000499102": 1,
    "0.002793032": 400,
    "0.005086962": 74249,
    "0.007380892": 23765,
    "0.009674822": 3326,
    "0.011968752": 545,
    "0.014262682": 354,
    "0.016556612000000002": 343,
    "0.018850542": 72,
    "0.021144472": 58,
    "0.023438402": 52
  },
  "latencyPercentiles": {
    "p10": 0.003760216,
    "p25": 0.004036418,
    "p50": 0.004388719,
    "p75": 0.005257122,
    "p90": 0.006313427,
    "p95": 0.007235731,
    "p99": 0.010883247
  },
  "rps": {
    "mean": 10385.869588199452,
    "stddev": 2460.605090227407,
    "max": 16789.47314633432,
    "percentiles": {
      "p10": 7398.089772120338,
      "p25": 9239.876535162912,
      "p50": 10739.259510994145,
      "p75": 11931.328088161375,
      "p90": 12965.28800427464,
      "p95": 13717.223274940894,
      "p99": 15081.2113107462
    }
  },
  "details": {
    "DNSDialup": {
      "average": 0.005450765700000001,
      "fastest": 0.0000807,
      "slowest": 0.007371632
    },
    "DNSLookup": {
      "average": 0.000007442019999999998,
      "fastest": 0.0000053,
      "slowest": 0.0000569
    }
  },
  "statusCodeDistribution": {
    "200": 103165
  },
  "errorDistribution": {}
}