{
  "summary": {
    "successRate": 1,
    "total": 10.000200119,
    "slowest": 0.014529041,
    "fastest": 0.00031612,
    "average": 0.003061514977064586,
    "requestsPerSec": 16293.273940631227,
    "totalData": 2118168,
    "sizePerRequest": 13,
    "sizePerSec": 211812.56122820594
  },
  "responseTimeHistogram": {
    "0.00031612": 1,
    "0.0017374121": 165,
    "0.0031587042": 113683,
    "0.0045799963": 23524,
    "0.0060012884": 23132,
    "0.0074225804999999995": 1683,
    "0.0088438726": 359,
    "0.0102651647": 295,
    "0.0116864568": 52,
    "0.0131077489": 23,
    "0.014529041": 19
  },
  "latencyPercentiles": {
    "p10": 0.002278317,
    "p25": 0.002370967,
    "p50": 0.002488923,
    "p75": 0.003460212,
    "p90": 0.004769214,
    "p95": 0.005025325,
    "p99": 0.00690772
  },
  "rps": {
    "mean": 16297.406441162522,
    "stddev": 2055.904217013113,
    "max": 20182.975491980793,
    "percentiles": {
      "p10": 14905.482236365044,
      "p25": 15610.996303087966,
      "p50": 16622.989594609317,
      "p75": 17518.99935479955,
      "p90": 18166.3671892534,
      "p95": 18455.33462981957,
      "p99": 19054.92391268577
    }
  },
  "details": {
    "DNSDialup": {
      "average": 0.00118009456,
      "fastest": 0.000113212,
      "slowest": 0.0025533
    },
    "DNSLookup": {
      "average": 0.000006677440000000002,
      "fastest": 0.000003687,
      "slowest": 0.000031699
    }
  },
  "statusCodeDistribution": {
    "200": 162936
  },
  "errorDistribution": {}
}