{
  "summary": {
    "successRate": 1,
    "total": 10.000969748,
    "slowest": 0.015692411,
    "fastest": 0.000565552,
    "average": 0.00323253782311139,
    "requestsPerSec": 15434.203271224615,
    "totalData": 2006641,
    "sizePerRequest": 13,
    "sizePerSec": 200644.64252592
  },
  "responseTimeHistogram": {
    "0.000565552": 1,
    "0.0020782379": 181,
    "0.0035909238": 132640,
    "0.005103609700000001": 19590,
    "0.0066162956000000005": 769,
    "0.0081289815": 152,
    "0.009641667400000001": 941,
    "0.011154353300000001": 34,
    "0.0126670392": 11,
    "0.0141797251": 16,
    "0.015692411": 22
  },
  "latencyPercentiles": {
    "p10": 0.00293863,
    "p25": 0.00299999,
    "p50": 0.003066884,
    "p75": 0.003160574,
    "p90": 0.00392278,
    "p95": 0.004171754,
    "p99": 0.005610652
  },
  "rps": {
    "mean": 15444.100563616154,
    "stddev": 1956.2379472177834,
    "max": 20327.539750855067,
    "percentiles": {
      "p10": 14018.348616504238,
      "p25": 14930.47907999384,
      "p50": 15801.196005000675,
      "p75": 16564.03157686732,
      "p90": 17030.29348605348,
      "p95": 17250.616759695786,
      "p99": 17888.774451480742
    }
  },
  "details": {
    "DNSDialup": {
      "average": 0.0007512353200000001,
      "fastest": 0.000071731,
      "slowest": 0.002113564
    },
    "DNSLookup": {
      "average": 0.000008177619999999997,
      "fastest": 0.000003616,
      "slowest": 0.00003197
    }
  },
  "statusCodeDistribution": {
    "200": 154357
  },
  "errorDistribution": {}
}