{
  "summary": {
    "successRate": 1,
    "total": 10.000573721,
    "slowest": 0.014698303,
    "fastest": 0.001048628,
    "average": 0.003048714041131393,
    "requestsPerSec": 16361.261320079419,
    "totalData": 2127086,
    "sizePerRequest": 13,
    "sizePerSec": 212696.39716103242
  },
  "responseTimeHistogram": {
    "0.001048628": 1,
    "0.0024135955": 1082,
    "0.0037785630000000004": 144273,
    "0.005143530500000001": 16320,
    "0.006508498000000001": 663,
    "0.0078734655": 76,
    "0.009238433": 1079,
    "0.0106034005": 81,
    "0.011968368": 10,
    "0.0133333355": 12,
    "0.014698303": 25
  },
  "latencyPercentiles": {
    "p10": 0.002670981,
    "p25": 0.002763497,
    "p50": 0.002870542,
    "p75": 0.003018339,
    "p90": 0.003840912,
    "p95": 0.004074289,
    "p99": 0.005624856
  },
  "rps": {
    "mean": 16382.970317288122,
    "stddev": 2322.9068039911913,
    "max": 24846.201511712134,
    "percentiles": {
      "p10": 14801.367646370942,
      "p25": 15600.53041803444,
      "p50": 16768.20635617514,
      "p75": 17736.46439715326,
      "p90": 18430.50248160705,
      "p95": 18816.40414112921,
      "p99": 19528.749574163478
    }
  },
  "details": {
    "DNSDialup": {
      "average": 0.0010591075800000006,
      "fastest": 0.000152532,
      "slowest": 0.00152217
    },
    "DNSLookup": {
      "average": 0.000009888019999999997,
      "fastest": 0.000004789,
      "slowest": 0.000044653
    }
  },
  "statusCodeDistribution": {
    "200": 163622
  },
  "errorDistribution": {}
}