{
  "summary": {
    "successRate": 1,
    "total": 10.000611329,
    "slowest": 0.013650584,
    "fastest": 0.000642504,
    "average": 0.002702249008022591,
    "requestsPerSec": 18484.07001519617,
    "totalData": 2403076,
    "sizePerRequest": 13,
    "sizePerSec": 240292.9101975502
  },
  "responseTimeHistogram": {
    "0.000642504": 1,
    "0.001943312": 971,
    "0.00324412": 167092,
    "0.004544928": 7903,
    "0.005845736000000001": 7839,
    "0.007146544000000001": 215,
    "0.008447352": 31,
    "0.00974816": 0,
    "0.011048968000000001": 50,
    "0.012349776000000002": 378,
    "0.013650584000000002": 372
  },
  "latencyPercentiles": {
    "p10": 0.002433915,
    "p25": 0.002460516,
    "p50": 0.002488215,
    "p75": 0.002523616,
    "p90": 0.003038819,
    "p95": 0.004529828,
    "p99": 0.004989931
  },
  "rps": {
    "mean": 18566.981017709662,
    "stddev": 3460.285864402947,
    "max": 45248.868776865726,
    "percentiles": {
      "p10": 15250.994751148253,
      "p25": 15992.734607284388,
      "p50": 20018.292715883796,
      "p75": 20280.14793556696,
      "p90": 20489.544092041837,
      "p95": 20692.23813455165,
      "p99": 22314.58927846888
    }
  },
  "details": {
    "DNSDialup": {
      "average": 0.002140625240000001,
      "fastest": 0.000186601,
      "slowest": 0.004039325
    },
    "DNSLookup": {
      "average": 0.000005580019999999998,
      "fastest": 0.000003701,
      "slowest": 0.0000484
    }
  },
  "statusCodeDistribution": {
    "200": 184852
  },
  "errorDistribution": {}
}