{
  "summary": {
    "successRate": 1,
    "total": 10.000347901,
    "slowest": 0.014587385,
    "fastest": 0.001000905,
    "average": 0.003000123747389779,
    "requestsPerSec": 16626.62155817333,
    "totalData": 2161536,
    "sizePerRequest": 13,
    "sizePerSec": 216146.08025625328
  },
  "responseTimeHistogram": {
    "0.001000905": 1,
    "0.0023595530000000003": 55597,
    "0.003718201": 72435,
    "0.005076849": 31285,
    "0.006435497": 5224,
    "0.007794145000000001": 1198,
    "0.009152793": 240,
    "0.010511441": 224,
    "0.011870089": 31,
    "0.013228737": 17,
    "0.014587385000000001": 20
  },
  "latencyPercentiles": {
    "p10": 0.002226408,
    "p25": 0.00232089,
    "p50": 0.002435658,
    "p75": 0.003443391,
    "p90": 0.004629137,
    "p95": 0.004952803,
    "p99": 0.006646494
  },
  "rps": {
    "mean": 16634.79506277141,
    "stddev": 2119.3806646235607,
    "max": 20237.90713899511,
    "percentiles": {
      "p10": 15064.75384602124,
      "p25": 15733.638701498947,
      "p50": 16989.3418519965,
      "p75": 17994.44909883684,
      "p90": 18585.99591416399,
      "p95": 18936.956674126373,
      "p99": 19702.732675198793
    }
  },
  "details": {
    "DNSDialup": {
      "average": 0.0011312410999999999,
      "fastest": 0.000457416,
      "slowest": 0.001892466
    },
    "DNSLookup": {
      "average": 0.000007280340000000001,
      "fastest": 0.000004047,
      "slowest": 0.000036008
    }
  },
  "statusCodeDistribution": {
    "200": 166272
  },
  "errorDistribution": {}
}