{
  "summary": {
    "successRate": 1,
    "total": 10.001004893,
    "slowest": 0.031937851,
    "fastest": 0.000633499,
    "average": 0.0044708912829369936,
    "requestsPerSec": 11170.977436297111,
    "totalData": 1452373,
    "sizePerRequest": 13,
    "sizePerSec": 145222.70667186246
  },
  "responseTimeHistogram": {
    "0.000633499": 1,
    "0.0037639342": 60385,
    "0.0068943694": 41784,
    "0.0100248046": 7631,
    "0.0131552398": 1061,
    "0.016285675": 536,
    "0.0194161102": 137,
    "0.0225465454": 142,
    "0.0256769806": 29,
    "0.0288074158": 4,
    "0.031937851": 11
  },
  "latencyPercentiles": {
    "p10": 0.003094295,
    "p25": 0.003224614,
    "p50": 0.003603815,
    "p75": 0.005449392,
    "p90": 0.006607228,
    "p95": 0.007756888,
    "p99": 0.011723882
  },
  "rps": {
    "mean": 11277.358286317936,
    "stddev": 2737.778653262242,
    "max": 21447.210075433486,
    "percentiles": {
      "p10": 7630.486847149099,
      "p25": 10125.308796605215,
      "p50": 11711.075163782627,
      "p75": 13022.996006347097,
      "p90": 14310.972365622558,
      "p95": 14821.836276129108,
      "p99": 15545.71792619646
    }
  },
  "details": {
    "DNSDialup": {
      "average": 0.0025020354800000004,
      "fastest": 0.000137701,
      "slowest": 0.002674512
    },
    "DNSLookup": {
      "average": 0.000009252040000000002,
      "fastest": 0.0000057,
      "slowest": 0.0000892
    }
  },
  "statusCodeDistribution": {
    "200": 111721
  },
  "errorDistribution": {}
}