{
  "summary": {
    "successRate": 1,
    "total": 10.00036127,
    "slowest": 0.014728422,
    "fastest": 0.00096661,
    "average": 0.0030947877166414774,
    "requestsPerSec": 16118.217697149254,
    "totalData": 2095444,
    "sizePerRequest": 13,
    "sizePerSec": 209536.8300629403
  },
  "responseTimeHistogram": {
    "0.00096661": 1,
    "0.0023427912": 463,
    "0.0037189724": 142359,
    "0.0050951536": 16402,
    "0.0064713348": 704,
    "0.007847516": 46,
    "0.0092236972": 1060,
    "0.0105998784": 78,
    "0.0119760596": 43,
    "0.0133522408": 14,
    "0.014728422": 18
  },
  "latencyPercentiles": {
    "p10": 0.002743065,
    "p25": 0.002840239,
    "p50": 0.002940166,
    "p75": 0.003053749,
    "p90": 0.003813497,
    "p95": 0.00408185,
    "p99": 0.005347137
  },
  "rps": {
    "mean": 16133.734506004765,
    "stddev": 2167.978552283349,
    "max": 20423.129002443933,
    "percentiles": {
      "p10": 14641.16363154992,
      "p25": 15495.85272741566,
      "p50": 16525.06687394159,
      "p75": 17398.867260810544,
      "p90": 18025.462768706566,
      "p95": 18314.37678577769,
      "p99": 18858.67310376032
    }
  },
  "details": {
    "DNSDialup": {
      "average": 0.00112925668,
      "fastest": 0.000094154,
      "slowest": 0.002737244
    },
    "DNSLookup": {
      "average": 0.000008168799999999999,
      "fastest": 0.000003887,
      "slowest": 0.000036768
    }
  },
  "statusCodeDistribution": {
    "200": 161188
  },
  "errorDistribution": {}
}