{
  "summary": {
    "successRate": 1,
    "total": 10.000391902,
    "slowest": 0.013741775,
    "fastest": 0.000867657,
    "average": 0.0030369218720694155,
    "requestsPerSec": 16425.456283083175,
    "totalData": 2135393,
    "sizePerRequest": 13,
    "sizePerSec": 213530.93168008127
  },
  "responseTimeHistogram": {
    "0.000867657": 1,
    "0.0021550688": 180,
    "0.0034424806": 142171,
    "0.0047298924000000004": 19323,
    "0.0060173042": 1242,
    "0.007304716": 122,
    "0.008592127800000002": 857,
    "0.0098795396": 320,
    "0.0111669514": 11,
    "0.012454363200000002": 15,
    "0.013741775000000001": 19
  },
  "latencyPercentiles": {
    "p10": 0.002703654,
    "p25": 0.002784721,
    "p50": 0.002875311,
    "p75": 0.002984224,
    "p90": 0.003742823,
    "p95": 0.003977175,
    "p99": 0.005270954
  },
  "rps": {
    "mean": 16430.18952177857,
    "stddev": 2195.7186737446123,
    "max": 20166.37681001098,
    "percentiles": {
      "p10": 14947.81357127051,
      "p25": 15736.233506992767,
      "p50": 16876.643589195806,
      "p75": 17755.838561106735,
      "p90": 18335.20542794375,
      "p95": 18599.73817624478,
      "p99": 19004.5249773972
    }
  },
  "details": {
    "DNSDialup": {
      "average": 0.0007434951600000001,
      "fastest": 0.000077264,
      "slowest": 0.00170985
    },
    "DNSLookup": {
      "average": 0.000007422059999999999,
      "fastest": 0.000003577,
      "slowest": 0.00003234
    }
  },
  "statusCodeDistribution": {
    "200": 164261
  },
  "errorDistribution": {}
}