{
  "summary": {
    "successRate": 1,
    "total": 10.000658498,
    "slowest": 0.01405914,
    "fastest": 0.000293148,
    "average": 0.00292576181473499,
    "requestsPerSec": 17076.575510917923,
    "totalData": 2220101,
    "sizePerRequest": 13,
    "sizePerSec": 221995.48164193297
  },
  "responseTimeHistogram": {
    "0.000293148": 1,
    "0.0016697472": 643,
    "0.0030463464": 139053,
    "0.0044229455999999995": 26895,
    "0.0057995448": 2702,
    "0.007176144": 221,
    "0.008552743199999999": 1001,
    "0.009929342399999999": 216,
    "0.0113059416": 8,
    "0.0126825408": 17,
    "0.01405914": 20
  },
  "latencyPercentiles": {
    "p10": 0.002564581,
    "p25": 0.002648509,
    "p50": 0.002750195,
    "p75": 0.002915505,
    "p90": 0.003580594,
    "p95": 0.003898635,
    "p99": 0.005488185
  },
  "rps": {
    "mean": 17088.92900834095,
    "stddev": 2471.8044294987762,
    "max": 22059.010508361545,
    "percentiles": {
      "p10": 15217.14211058779,
      "p25": 16355.29561895784,
      "p50": 17520.21657790934,
      "p75": 18538.911320970794,
      "p90": 19281.686048370495,
      "p95": 19698.541071563104,
      "p99": 20617.34153762716
    }
  },
  "details": {
    "DNSDialup": {
      "average": 0.0007969068800000002,
      "fastest": 0.000083426,
      "slowest": 0.00146288
    },
    "DNSLookup": {
      "average": 0.0000120744,
      "fastest": 0.000003356,
      "slowest": 0.000261589
    }
  },
  "statusCodeDistribution": {
    "200": 170777
  },
  "errorDistribution": {}
}