{
  "summary": {
    "successRate": 1,
    "total": 10.000620787,
    "slowest": 0.014311786,
    "fastest": 0.000732407,
    "average": 0.0029752420724445884,
    "requestsPerSec": 16766.25917242671,
    "totalData": 2179749,
    "sizePerRequest": 13,
    "sizePerSec": 217961.36924154725
  },
  "responseTimeHistogram": {
    "0.000732407": 1,
    "0.0020903449": 231,
    "0.0034482828": 145216,
    "0.0048062207": 19935,
    "0.0061641586": 1010,
    "0.0075220964999999996": 77,
    "0.0088800344": 1059,
    "0.010237972299999998": 99,
    "0.0115959102": 8,
    "0.012953848099999998": 17,
    "0.014311786": 20
  },
  "latencyPercentiles": {
    "p10": 0.002619628,
    "p25": 0.002708808,
    "p50": 0.002816779,
    "p75": 0.002956576,
    "p90": 0.003677603,
    "p95": 0.003903413,
    "p99": 0.005286787
  },
  "rps": {
    "mean": 16779.845541276623,
    "stddev": 2232.910643380543,
    "max": 20685.068793366754,
    "percentiles": {
      "p10": 15123.374687917754,
      "p25": 15922.557487192105,
      "p50": 17141.442866418147,
      "p75": 18154.792297829703,
      "p90": 18825.687282196737,
      "p95": 19183.598284604395,
      "p99": 19945.081697508143
    }
  },
  "details": {
    "DNSDialup": {
      "average": 0.00069498764,
      "fastest": 0.000077986,
      "slowest": 0.001067254
    },
    "DNSLookup": {
      "average": 0.0000070113,
      "fastest": 0.000003696,
      "slowest": 0.000027791
    }
  },
  "statusCodeDistribution": {
    "200": 167673
  },
  "errorDistribution": {}
}