{
  "summary": {
    "successRate": 1,
    "total": 10.000183663,
    "slowest": 0.014142822,
    "fastest": 0.001244158,
    "average": 0.002917636929382016,
    "requestsPerSec": 17095.88601182874,
    "totalData": 2222506,
    "sizePerRequest": 13,
    "sizePerSec": 222246.51815377365
  },
  "responseTimeHistogram": {
    "0.001244158": 1,
    "0.0025340244": 8820,
    "0.0038238907999999998": 154633,
    "0.005113757199999999": 5843,
    "0.0064036236": 357,
    "0.007693489999999999": 1094,
    "0.0089833564": 163,
    "0.0102732228": 2,
    "0.0115630892": 12,
    "0.012852955599999999": 12,
    "0.014142822": 25
  },
  "latencyPercentiles": {
    "p10": 0.002592368,
    "p25": 0.002683731,
    "p50": 0.002781338,
    "p75": 0.00290052,
    "p90": 0.003554022,
    "p95": 0.003787024,
    "p99": 0.005056278
  },
  "rps": {
    "mean": 17106.080443466642,
    "stddev": 2177.0672783137084,
    "max": 21128.655490436468,
    "percentiles": {
      "p10": 15362.727552871058,
      "p25": 16332.583504090631,
      "p50": 17444.55338935561,
      "p75": 18448.175565672118,
      "p90": 19144.92548213684,
      "p95": 19537.815665510705,
      "p99": 19973.67551092865
    }
  },
  "details": {
    "DNSDialup": {
      "average": 0.0010319258200000001,
      "fastest": 0.000097291,
      "slowest": 0.002524229
    },
    "DNSLookup": {
      "average": 0.000022057440000000006,
      "fastest": 0.000003026,
      "slowest": 0.000770379
    }
  },
  "statusCodeDistribution": {
    "200": 170962
  },
  "errorDistribution": {}
}