{
  "summary": {
    "successRate": 1,
    "total": 10.000443706,
    "slowest": 0.013732724,
    "fastest": 0.000936165,
    "average": 0.0029151150856822267,
    "requestsPerSec": 17110.140812786052,
    "totalData": 2224417,
    "sizePerRequest": 13,
    "sizePerSec": 222431.83056621868
  },
  "responseTimeHistogram": {
    "0.000936165": 1,
    "0.0022158209": 381,
    "0.0034954768000000002": 151898,
    "0.0047751327": 16822,
    "0.0060547886": 696,
    "0.0073344445000000005": 115,
    "0.0086141004": 1020,
    "0.0098937563": 130,
    "0.0111734122": 11,
    "0.012453068099999999": 18,
    "0.013732724": 17
  },
  "latencyPercentiles": {
    "p10": 0.002585543,
    "p25": 0.002670914,
    "p50": 0.002776444,
    "p75": 0.002902571,
    "p90": 0.00353878,
    "p95": 0.003733786,
    "p99": 0.005024514
  },
  "rps": {
    "mean": 17118.80758399663,
    "stddev": 2157.837630241923,
    "max": 20709.85824995567,
    "percentiles": {
      "p10": 15452.777415987852,
      "p25": 16433.47086137548,
      "p50": 17511.508563425505,
      "p75": 18394.8716732875,
      "p90": 19084.93091819467,
      "p95": 19382.193123748817,
      "p99": 20037.899662657066
    }
  },
  "details": {
    "DNSDialup": {
      "average": 0.00075302698,
      "fastest": 0.000076143,
      "slowest": 0.001895212
    },
    "DNSLookup": {
      "average": 0.000007668820000000002,
      "fastest": 0.000003937,
      "slowest": 0.000035066
    }
  },
  "statusCodeDistribution": {
    "200": 171109
  },
  "errorDistribution": {}
}