{
  "summary": {
    "successRate": 1,
    "total": 10.000630884,
    "slowest": 0.014224492,
    "fastest": 0.000479226,
    "average": 0.0029873731696596073,
    "requestsPerSec": 16699.44645864204,
    "totalData": 2171065,
    "sizePerRequest": 13,
    "sizePerSec": 217092.80396234652
  },
  "responseTimeHistogram": {
    "0.000479226": 1,
    "0.0018537526": 69,
    "0.0032282792": 143133,
    "0.0046028058": 21633,
    "0.0059773324": 887,
    "0.0073518590000000005": 96,
    "0.008726385599999999": 1134,
    "0.0101009122": 4,
    "0.0114754388": 10,
    "0.0128499654": 17,
    "0.014224492": 21
  },
  "latencyPercentiles": {
    "p10": 0.002708059,
    "p25": 0.002778689,
    "p50": 0.002846253,
    "p75": 0.002922698,
    "p90": 0.003636314,
    "p95": 0.003781139,
    "p99": 0.004964669
  },
  "rps": {
    "mean": 16706.62914164622,
    "stddev": 1979.85731453969,
    "max": 19649.569970164295,
    "percentiles": {
      "p10": 15228.939553834163,
      "p25": 16004.165884377897,
      "p50": 17023.466849052045,
      "p75": 17933.915840986196,
      "p90": 18480.157651768528,
      "p95": 18762.74414087954,
      "p99": 19175.86162617871
    }
  },
  "details": {
    "DNSDialup": {
      "average": 0.00048820754,
      "fastest": 0.000069791,
      "slowest": 0.000807081
    },
    "DNSLookup": {
      "average": 0.000006490920000000001,
      "fastest": 0.000003317,
      "slowest": 0.000030477
    }
  },
  "statusCodeDistribution": {
    "200": 167005
  },
  "errorDistribution": {}
}