{
  "summary": {
    "successRate": 1,
    "total": 10.000712562,
    "slowest": 0.01397992,
    "fastest": 0.001085425,
    "average": 0.003131134024674939,
    "requestsPerSec": 15929.964891235717,
    "totalData": 2071043,
    "sizePerRequest": 13,
    "sizePerSec": 207089.5435860643
  },
  "responseTimeHistogram": {
    "0.001085425": 1,
    "0.0023748745": 245,
    "0.003664324": 138702,
    "0.0049537735": 18289,
    "0.006243223": 840,
    "0.0075326724999999995": 100,
    "0.008822122": 848,
    "0.0101115715": 237,
    "0.011401021": 11,
    "0.012690470499999999": 12,
    "0.01397992": 26
  },
  "latencyPercentiles": {
    "p10": 0.002762014,
    "p25": 0.002858634,
    "p50": 0.002967073,
    "p75": 0.003096607,
    "p90": 0.003881754,
    "p95": 0.004152917,
    "p99": 0.005385617
  },
  "rps": {
    "mean": 15928.369924822093,
    "stddev": 2148.721972106915,
    "max": 21082.56790069051,
    "percentiles": {
      "p10": 14454.137973780731,
      "p25": 15255.871578482476,
      "p50": 16280.509755613803,
      "p75": 17139.918871050486,
      "p90": 17809.428311347892,
      "p95": 18148.342642408523,
      "p99": 18890.63102486123
    }
  },
  "details": {
    "DNSDialup": {
      "average": 0.0005539389799999998,
      "fastest": 0.00008593,
      "slowest": 0.000918583
    },
    "DNSLookup": {
      "average": 0.000007686700000000004,
      "fastest": 0.000004048,
      "slowest": 0.000035335
    }
  },
  "statusCodeDistribution": {
    "200": 159311
  },
  "errorDistribution": {}
}