{
  "summary": {
    "successRate": 1,
    "total": 10.000369102,
    "slowest": 0.01416143,
    "fastest": 0.001271736,
    "average": 0.0028031931179214884,
    "requestsPerSec": 17792.54327366926,
    "totalData": 2313116,
    "sizePerRequest": 13,
    "sizePerSec": 231303.06255770038
  },
  "responseTimeHistogram": {
    "0.001271736": 1,
    "0.0025607054": 43306,
    "0.0038496747999999994": 130486,
    "0.0051386442": 3097,
    "0.006427613599999999": 314,
    "0.007716582999999998": 665,
    "0.009005552399999998": 13,
    "0.0102945218": 1,
    "0.011583491199999999": 9,
    "0.012872460599999998": 23,
    "0.014161429999999997": 17
  },
  "latencyPercentiles": {
    "p10": 0.002486026,
    "p25": 0.002563442,
    "p50": 0.00265962,
    "p75": 0.002800591,
    "p90": 0.003461286,
    "p95": 0.003624234,
    "p99": 0.0045385
  },
  "rps": {
    "mean": 17808.71287202355,
    "stddev": 2022.153619406129,
    "max": 21261.1253120651,
    "percentiles": {
      "p10": 16106.363624268384,
      "p25": 16864.295125164488,
      "p50": 18173.767321557392,
      "p75": 19133.976201540114,
      "p90": 19743.344538600777,
      "p95": 20101.993281914234,
      "p99": 20550.40771373238
    }
  },
  "details": {
    "DNSDialup": {
      "average": 0.0007973747399999999,
      "fastest": 0.000161912,
      "slowest": 0.001578016
    },
    "DNSLookup": {
      "average": 0.000010852459999999995,
      "fastest": 0.000003978,
      "slowest": 0.000180906
    }
  },
  "statusCodeDistribution": {
    "200": 177932
  },
  "errorDistribution": {}
}