{
  "summary": {
    "successRate": 1,
    "total": 10.000644413,
    "slowest": 0.016072119,
    "fastest": 0.00057457,
    "average": 0.002914941931904754,
    "requestsPerSec": 17111.697299980784,
    "totalData": 2224664,
    "sizePerRequest": 13,
    "sizePerSec": 222452.06489975017
  },
  "responseTimeHistogram": {
    "0.00057457": 1,
    "0.0021243249": 257,
    "0.0036740797999999996": 160598,
    "0.005223834699999999": 8658,
    "0.006773589599999999": 332,
    "0.0083233445": 1141,
    "0.009873099399999998": 91,
    "0.011422854299999998": 1,
    "0.012972609199999999": 11,
    "0.014522364099999999": 16,
    "0.016072119": 22
  },
  "latencyPercentiles": {
    "p10": 0.002583952,
    "p25": 0.002667366,
    "p50": 0.002770777,
    "p75": 0.002903825,
    "p90": 0.003516027,
    "p95": 0.003721822,
    "p99": 0.005130822
  },
  "rps": {
    "mean": 17112.11183453923,
    "stddev": 2240.9212447560485,
    "max": 22409.484272052927,
    "percentiles": {
      "p10": 15382.899986315686,
      "p25": 16429.85304297896,
      "p50": 17510.565875449014,
      "p75": 18409.73875179977,
      "p90": 19120.765150953815,
      "p95": 19472.8062261037,
      "p99": 20040.08443271358
    }
  },
  "details": {
    "DNSDialup": {
      "average": 0.00056750218,
      "fastest": 0.000080087,
      "slowest": 0.000885922
    },
    "DNSLookup": {
      "average": 0.000007947420000000003,
      "fastest": 0.000004017,
      "slowest": 0.000034344
    }
  },
  "statusCodeDistribution": {
    "200": 171128
  },
  "errorDistribution": {}
}