{
  "summary": {
    "successRate": 1,
    "total": 10.000608592,
    "slowest": 0.013868822,
    "fastest": 0.001727743,
    "average": 0.003103281042651626,
    "requestsPerSec": 16078.121498388104,
    "totalData": 2090283,
    "sizePerRequest": 13,
    "sizePerSec": 209015.57947904535
  },
  "responseTimeHistogram": {
    "0.001727743": 1,
    "0.0029418509": 76814,
    "0.0041559588": 79461,
    "0.0053700667": 2996,
    "0.006584174599999999": 308,
    "0.0077982825": 122,
    "0.0090123904": 1038,
    "0.0102264983": 7,
    "0.0114406062": 6,
    "0.0126547141": 21,
    "0.013868822": 17
  },
  "latencyPercentiles": {
    "p10": 0.002794957,
    "p25": 0.002868645,
    "p50": 0.002948498,
    "p75": 0.003046914,
    "p90": 0.003798594,
    "p95": 0.003976498,
    "p99": 0.005230229
  },
  "rps": {
    "mean": 16093.371864151559,
    "stddev": 1930.3655503408463,
    "max": 19779.088188156384,
    "percentiles": {
      "p10": 14834.31324997861,
      "p25": 15510.87312205894,
      "p50": 16413.535884337165,
      "p75": 17221.906264769095,
      "p90": 17804.79839316743,
      "p95": 18101.080051221765,
      "p99": 18468.15487876479
    }
  },
  "details": {
    "DNSDialup": {
      "average": 0.0008054549199999997,
      "fastest": 0.000145353,
      "slowest": 0.001033146
    },
    "DNSLookup": {
      "average": 0.000006441579999999999,
      "fastest": 0.000002965,
      "slowest": 0.000031238
    }
  },
  "statusCodeDistribution": {
    "200": 160791
  },
  "errorDistribution": {}
}