{
  "summary": {
    "successRate": 1,
    "total": 10.000505296,
    "slowest": 0.013849424,
    "fastest": 0.000944543,
    "average": 0.0032031909204551833,
    "requestsPerSec": 15570.313238300194,
    "totalData": 2024243,
    "sizePerRequest": 13,
    "sizePerSec": 202414.07209790254
  },
  "responseTimeHistogram": {
    "0.000944543": 1,
    "0.0022350311": 3991,
    "0.0035255192": 105967,
    "0.0048160073": 24167,
    "0.0061064954": 17932,
    "0.0073969835": 2186,
    "0.008687471600000002": 1007,
    "0.0099779597": 169,
    "0.011268447800000001": 202,
    "0.012558935900000002": 60,
    "0.013849424": 29
  },
  "latencyPercentiles": {
    "p10": 0.00236825,
    "p25": 0.002467114,
    "p50": 0.002581529,
    "p75": 0.003882726,
    "p90": 0.004924549,
    "p95": 0.005185096,
    "p99": 0.007139973
  },
  "rps": {
    "mean": 15577.741944899313,
    "stddev": 2213.0801119696084,
    "max": 28621.577024298476,
    "percentiles": {
      "p10": 13755.03112854063,
      "p25": 14821.204697560855,
      "p50": 16029.295139798613,
      "p75": 16844.493043924576,
      "p90": 17409.644943298328,
      "p95": 17726.778070953154,
      "p99": 18712.298114675425
    }
  },
  "details": {
    "DNSDialup": {
      "average": 0.0008195591199999998,
      "fastest": 0.000105545,
      "slowest": 0.001887545
    },
    "DNSLookup": {
      "average": 0.00002099622,
      "fastest": 0.000003346,
      "slowest": 0.000339694
    }
  },
  "statusCodeDistribution": {
    "200": 155711
  },
  "errorDistribution": {}
}