{
  "summary": {
    "successRate": 1,
    "total": 10.0006385,
    "slowest": 0.014648492,
    "fastest": 0.001162039,
    "average": 0.0028323420458814057,
    "requestsPerSec": 17611.675494519674,
    "totalData": 2289664,
    "sizePerRequest": 13,
    "sizePerSec": 228951.78142875576
  },
  "responseTimeHistogram": {
    "0.001162039": 1,
    "0.0025106842999999997": 16243,
    "0.0038593296": 155254,
    "0.0052079749000000005": 2960,
    "0.0065566202": 371,
    "0.0079052655": 902,
    "0.009253910800000001": 331,
    "0.0106025561": 20,
    "0.0119512014": 9,
    "0.0132998467": 17,
    "0.014648491999999999": 20
  },
  "latencyPercentiles": {
    "p10": 0.002516923,
    "p25": 0.002594712,
    "p50": 0.002682289,
    "p75": 0.002807172,
    "p90": 0.003451622,
    "p95": 0.003648,
    "p99": 0.00503698
  },
  "rps": {
    "mean": 17629.236105994827,
    "stddev": 2304.9198245166594,
    "max": 22267.59648404256,
    "percentiles": {
      "p10": 15905.460344536348,
      "p25": 16811.27110124031,
      "p50": 18107.112473779962,
      "p75": 18968.129728358766,
      "p90": 19714.820920738355,
      "p95": 20025.432299018943,
      "p99": 20641.712942017806
    }
  },
  "details": {
    "DNSDialup": {
      "average": 0.0009938662399999996,
      "fastest": 0.000149243,
      "slowest": 0.001459533
    },
    "DNSLookup": {
      "average": 0.000007337880000000004,
      "fastest": 0.000003847,
      "slowest": 0.000030637
    }
  },
  "statusCodeDistribution": {
    "200": 176128
  },
  "errorDistribution": {}
}