{
  "summary": {
    "successRate": 1,
    "total": 10.000606092,
    "slowest": 0.013160337,
    "fastest": 0.001069675,
    "average": 0.002888446018580777,
    "requestsPerSec": 17269.553306189755,
    "totalData": 2245178,
    "sizePerRequest": 13,
    "sizePerSec": 224504.19298046682
  },
  "responseTimeHistogram": {
    "0.001069675": 1,
    "0.0022787412": 1569,
    "0.0034878073999999996": 152894,
    "0.004696873599999999": 16116,
    "0.005905939799999999": 790,
    "0.007115005999999999": 82,
    "0.008324072199999998": 1024,
    "0.009533138399999998": 129,
    "0.0107422046": 59,
    "0.011951270799999997": 11,
    "0.013160336999999998": 31
  },
  "latencyPercentiles": {
    "p10": 0.002559892,
    "p25": 0.002645963,
    "p50": 0.002748967,
    "p75": 0.002884885,
    "p90": 0.003509476,
    "p95": 0.003698799,
    "p99": 0.004919726
  },
  "rps": {
    "mean": 17280.901912107427,
    "stddev": 2284.8881886467098,
    "max": 28413.772155363135,
    "percentiles": {
      "p10": 15545.208575579421,
      "p25": 16543.64544541397,
      "p50": 17628.560030104745,
      "p75": 18534.683954084092,
      "p90": 19291.424307665588,
      "p95": 19646.243327542586,
      "p99": 20380.179854547965
    }
  },
  "details": {
    "DNSDialup": {
      "average": 0.0008386103200000004,
      "fastest": 0.000121159,
      "slowest": 0.001365743
    },
    "DNSLookup": {
      "average": 0.000007644639999999999,
      "fastest": 0.000004358,
      "slowest": 0.000028303
    }
  },
  "statusCodeDistribution": {
    "200": 172706
  },
  "errorDistribution": {}
}