{
  "summary": {
    "successRate": 1,
    "total": 10.000130802,
    "slowest": 0.026689134,
    "fastest": 0.000209205,
    "average": 0.0033092704020927927,
    "requestsPerSec": 15089.602624979745,
    "totalData": 1961674,
    "sizePerRequest": 13,
    "sizePerSec": 196164.8341247367
  },
  "responseTimeHistogram": {
    "0.000209205": 1,
    "0.0028571979": 84837,
    "0.0055051907999999995": 55063,
    "0.0081531837": 8452,
    "0.0108011766": 1289,
    "0.0134491695": 375,
    "0.0160971624": 580,
    "0.0187451553": 172,
    "0.0213931482": 48,
    "0.0240411411": 73,
    "0.026689134": 8
  },
  "latencyPercentiles": {
    "p10": 0.002219961,
    "p25": 0.002382066,
    "p50": 0.002568172,
    "p75": 0.003823907,
    "p90": 0.004936638,
    "p95": 0.006107968,
    "p99": 0.009714467
  },
  "rps": {
    "mean": 15321.537526167847,
    "stddev": 4471.873861250718,
    "max": 38377.464752694556,
    "percentiles": {
      "p10": 10135.229296893589,
      "p25": 13126.789427525158,
      "p50": 16116.519674413968,
      "p75": 18588.718376193832,
      "p90": 20271.020487993243,
      "p95": 20641.292812919553,
      "p99": 21340.410800731268
    }
  },
  "details": {
    "DNSDialup": {
      "average": 0.00218404812,
      "fastest": 0.000098603,
      "slowest": 0.004432722
    },
    "DNSLookup": {
      "average": 0.000048195379999999995,
      "fastest": 0.0000039,
      "slowest": 0.002139958
    }
  },
  "statusCodeDistribution": {
    "200": 150898
  },
  "errorDistribution": {}
}