{
  "summary": {
    "successRate": 1,
    "total": 10.00071855,
    "slowest": 0.011432403,
    "fastest": 0.000668124,
    "average": 0.0020325339671518764,
    "requestsPerSec": 24553.635698506885,
    "totalData": 3192202,
    "sizePerRequest": 13,
    "sizePerSec": 319197.26408058946
  },
  "responseTimeHistogram": {
    "0.000668124": 1,
    "0.0017445519": 2860,
    "0.0028209798": 216745,
    "0.0038974077": 23739,
    "0.0049738356000000004": 453,
    "0.006050263500000001": 48,
    "0.0071266914": 8,
    "0.0082031193": 1609,
    "0.009279547200000002": 40,
    "0.010355975100000001": 28,
    "0.011432403": 23
  },
  "latencyPercentiles": {
    "p10": 0.001800227,
    "p25": 0.001832342,
    "p50": 0.001867373,
    "p75": 0.001910381,
    "p90": 0.002840713,
    "p95": 0.002948799,
    "p99": 0.003633388
  },
  "rps": {
    "mean": 24587.582251272575,
    "stddev": 3620.6339873163106,
    "max": 29362.389204580977,
    "percentiles": {
      "p10": 22520.511682041437,
      "p25": 23356.707750748057,
      "p50": 24466.02646562338,
      "p75": 27316.871373521764,
      "p90": 27782.898612880792,
      "p95": 28024.275204153557,
      "p99": 28530.276605632316
    }
  },
  "details": {
    "DNSDialup": {
      "average": 0.0004725858,
      "fastest": 0.00005054,
      "slowest": 0.001054504
    },
    "DNSLookup": {
      "average": 0.000005400820000000001,
      "fastest": 0.000003044,
      "slowest": 0.000033962
    }
  },
  "statusCodeDistribution": {
    "200": 245554
  },
  "errorDistribution": {}
}