{
  "summary": {
    "successRate": 1,
    "total": 10.00068796,
    "slowest": 0.014173691,
    "fastest": 0.00026265,
    "average": 0.0029131271706313174,
    "requestsPerSec": 17129.321571193188,
    "totalData": 2226965,
    "sizePerRequest": 13,
    "sizePerSec": 222681.18042551144
  },
  "responseTimeHistogram": {
    "0.00026265": 1,
    "0.0016537541": 317,
    "0.0030448582": 144136,
    "0.0044359622999999996": 24168,
    "0.0058270664": 1343,
    "0.0072181705": 130,
    "0.0086092746": 1095,
    "0.0100003787": 65,
    "0.0113914828": 8,
    "0.0127825869": 9,
    "0.014173691": 33
  },
  "latencyPercentiles": {
    "p10": 0.002617963,
    "p25": 0.002689627,
    "p50": 0.002763168,
    "p75": 0.002848695,
    "p90": 0.003566202,
    "p95": 0.003767725,
    "p99": 0.005067623
  },
  "rps": {
    "mean": 17153.883345950122,
    "stddev": 2165.7970981046583,
    "max": 23301.64309870385,
    "percentiles": {
      "p10": 15434.763718320612,
      "p25": 16540.81280150615,
      "p50": 17575.61910118246,
      "p75": 18323.872340885533,
      "p90": 19107.373535448576,
      "p95": 19368.444476954122,
      "p99": 20022.49723551806
    }
  },
  "details": {
    "DNSDialup": {
      "average": 0.0007117754000000002,
      "fastest": 0.000063286,
      "slowest": 0.001569493
    },
    "DNSLookup": {
      "average": 0.000007458720000000001,
      "fastest": 0.000003336,
      "slowest": 0.000050114
    }
  },
  "statusCodeDistribution": {
    "200": 171305
  },
  "errorDistribution": {}
}