{
  "summary": {
    "successRate": 1,
    "total": 10.001169653,
    "slowest": 0.015831749,
    "fastest": 0.000773219,
    "average": 0.002963827071897505,
    "requestsPerSec": 16830.331435234577,
    "totalData": 2188199,
    "sizePerRequest": 13,
    "sizePerSec": 218794.30865804953
  },
  "responseTimeHistogram": {
    "0.000773219": 1,
    "0.002279072": 581,
    "0.0037849249999999997": 158080,
    "0.005290778": 8145,
    "0.006796631": 282,
    "0.008302483999999999": 1090,
    "0.009808337": 94,
    "0.01131419": 1,
    "0.012820043": 11,
    "0.014325896": 17,
    "0.015831749": 21
  },
  "latencyPercentiles": {
    "p10": 0.002631052,
    "p25": 0.002717294,
    "p50": 0.002819236,
    "p75": 0.002951672,
    "p90": 0.003606971,
    "p95": 0.003822116,
    "p99": 0.004986502
  },
  "rps": {
    "mean": 16841.94908869367,
    "stddev": 2092.5731404635326,
    "max": 20562.821380205012,
    "percentiles": {
      "p10": 15149.472116142997,
      "p25": 16110.932879052305,
      "p50": 17151.660802335326,
      "p75": 18060.4628174201,
      "p90": 18808.41300313619,
      "p95": 19160.239793912242,
      "p99": 19755.309291087
    }
  },
  "details": {
    "DNSDialup": {
      "average": 0.0005105880599999998,
      "fastest": 0.00008519,
      "slowest": 0.00076474
    },
    "DNSLookup": {
      "average": 0.000006780660000000002,
      "fastest": 0.000003998,
      "slowest": 0.000036087
    }
  },
  "statusCodeDistribution": {
    "200": 168323
  },
  "errorDistribution": {}
}