{
  "summary": {
    "successRate": 1,
    "total": 10.000654883,
    "slowest": 0.014132317,
    "fastest": 0.000977188,
    "average": 0.0030097185811740895,
    "requestsPerSec": 16575.014530475924,
    "totalData": 2154893,
    "sizePerRequest": 13,
    "sizePerSec": 215475.18889618703
  },
  "responseTimeHistogram": {
    "0.000977188": 1,
    "0.0022927009": 792,
    "0.0036082137999999997": 146421,
    "0.0049237267000000005": 16493,
    "0.0062392396": 778,
    "0.007554752499999999": 107,
    "0.0088702654": 1065,
    "0.0101857783": 59,
    "0.0115012912": 7,
    "0.012816804099999999": 18,
    "0.014132316999999998": 20
  },
  "latencyPercentiles": {
    "p10": 0.002648468,
    "p25": 0.002753284,
    "p50": 0.002870632,
    "p75": 0.00300659,
    "p90": 0.003668016,
    "p95": 0.003889623,
    "p99": 0.005191214
  },
  "rps": {
    "mean": 16584.165743561447,
    "stddev": 2169.2156701078475,
    "max": 25688.7312827536,
    "percentiles": {
      "p10": 15042.97477032394,
      "p25": 15805.024417262792,
      "p50": 16862.138667202784,
      "p75": 17804.22259707615,
      "p90": 18580.59332354076,
      "p95": 19094.479484488686,
      "p99": 20013.88189757859
    }
  },
  "details": {
    "DNSDialup": {
      "average": 0.00088381366,
      "fastest": 0.00012272,
      "slowest": 0.001421565
    },
    "DNSLookup": {
      "average": 0.000008086379999999998,
      "fastest": 0.000003727,
      "slowest": 0.000034435
    }
  },
  "statusCodeDistribution": {
    "200": 165761
  },
  "errorDistribution": {}
}