{
  "summary": {
    "successRate": 1,
    "total": 10.000733247,
    "slowest": 0.014324016,
    "fastest": 0.000274934,
    "average": 0.0030053807044661852,
    "requestsPerSec": 16596.883038530264,
    "totalData": 2157753,
    "sizePerRequest": 13,
    "sizePerSec": 215759.47950089345
  },
  "responseTimeHistogram": {
    "0.000274934": 1,
    "0.0016798422": 126,
    "0.0030847504000000004": 137256,
    "0.004489658600000001": 25891,
    "0.005894566800000001": 1343,
    "0.007299475000000001": 156,
    "0.0087043832": 1142,
    "0.0101092914": 16,
    "0.0115141996": 10,
    "0.012919107800000001": 17,
    "0.014324016": 23
  },
  "latencyPercentiles": {
    "p10": 0.002656832,
    "p25": 0.002755334,
    "p50": 0.002864539,
    "p75": 0.002992563,
    "p90": 0.003660786,
    "p95": 0.003878115,
    "p99": 0.005063878
  },
  "rps": {
    "mean": 16593.252194465527,
    "stddev": 2148.026093961618,
    "max": 21843.98462465088,
    "percentiles": {
      "p10": 15125.287968954945,
      "p25": 15925.381873630167,
      "p50": 16917.48252644272,
      "p75": 17828.58635536207,
      "p90": 18580.863974992786,
      "p95": 18928.616161091548,
      "p99": 19577.604786333293
    }
  },
  "details": {
    "DNSDialup": {
      "average": 0.00099061042,
      "fastest": 0.000136405,
      "slowest": 0.001434781
    },
    "DNSLookup": {
      "average": 0.00000706776,
      "fastest": 0.000003617,
      "slowest": 0.000036919
    }
  },
  "statusCodeDistribution": {
    "200": 165981
  },
  "errorDistribution": {}
}