{
  "summary": {
    "successRate": 1,
    "total": 10.001290854,
    "slowest": 0.019313848,
    "fastest": 0.000377505,
    "average": 0.0029186025640171227,
    "requestsPerSec": 17114.29079492702,
    "totalData": 2225145,
    "sizePerRequest": 13,
    "sizePerSec": 222485.78033405126
  },
  "responseTimeHistogram": {
    "0.000377505": 1,
    "0.0022711393": 1733,
    "0.0041647736": 155382,
    "0.0060584079": 12465,
    "0.0079520422": 416,
    "0.0098456765": 19,
    "0.0117393108": 742,
    "0.0136329451": 314,
    "0.0155265794": 29,
    "0.0174202137": 63,
    "0.019313848": 1
  },
  "latencyPercentiles": {
    "p10": 0.002562233,
    "p25": 0.002587733,
    "p50": 0.002621734,
    "p75": 0.002698835,
    "p90": 0.004105552,
    "p95": 0.004307355,
    "p99": 0.005686974
  },
  "rps": {
    "mean": 17233.327003798204,
    "stddev": 3398.8597730183574,
    "max": 34873.12720409649,
    "percentiles": {
      "p10": 15119.611648269756,
      "p25": 16411.77052181878,
      "p50": 17939.23490065111,
      "p75": 18735.54319900371,
      "p90": 20033.291468580817,
      "p95": 20446.076843752053,
      "p99": 21504.04942021537
    }
  },
  "details": {
    "DNSDialup": {
      "average": 0.0015884604600000002,
      "fastest": 0.000080601,
      "slowest": 0.003333643
    },
    "DNSLookup": {
      "average": 0.000006630079999999998,
      "fastest": 0.0000039,
      "slowest": 0.000093001
    }
  },
  "statusCodeDistribution": {
    "200": 171165
  },
  "errorDistribution": {}
}