{
  "summary": {
    "successRate": 1,
    "total": 10.000528236,
    "slowest": 0.014727113,
    "fastest": 0.001422484,
    "average": 0.0030023859480401926,
    "requestsPerSec": 16615.822292449553,
    "totalData": 2160171,
    "sizePerRequest": 13,
    "sizePerSec": 216005.68980184422
  },
  "responseTimeHistogram": {
    "0.001422484": 1,
    "0.0027529469": 28873,
    "0.0040834098": 133425,
    "0.0054138727": 2320,
    "0.0067443356": 293,
    "0.0080747985": 1074,
    "0.0094052614": 129,
    "0.0107357243": 8,
    "0.0120661872": 8,
    "0.013396650099999999": 18,
    "0.014727113": 18
  },
  "latencyPercentiles": {
    "p10": 0.002708867,
    "p25": 0.002785414,
    "p50": 0.002862302,
    "p75": 0.002949759,
    "p90": 0.00362866,
    "p95": 0.003794958,
    "p99": 0.005232092
  },
  "rps": {
    "mean": 16625.953119313133,
    "stddev": 2040.431204755484,
    "max": 21115.058062890457,
    "percentiles": {
      "p10": 15223.933331024095,
      "p25": 15999.084810521366,
      "p50": 16865.641075064035,
      "p75": 17831.92628081258,
      "p90": 18459.837667505966,
      "p95": 18775.73379985482,
      "p99": 19534.645670830527
    }
  },
  "details": {
    "DNSDialup": {
      "average": 0.0009889730000000004,
      "fastest": 0.000083973,
      "slowest": 0.001943311
    },
    "DNSLookup": {
      "average": 0.000007510519999999998,
      "fastest": 0.000003036,
      "slowest": 0.000038942
    }
  },
  "statusCodeDistribution": {
    "200": 166167
  },
  "errorDistribution": {}
}