{
  "summary": {
    "successRate": 1,
    "total": 10.000606626,
    "slowest": 0.014904082,
    "fastest": 0.001701351,
    "average": 0.0030892894377658286,
    "requestsPerSec": 16150.120291712792,
    "totalData": 2099643,
    "sizePerRequest": 13,
    "sizePerSec": 209951.5637922663
  },
  "responseTimeHistogram": {
    "0.001701351": 1,
    "0.0030216241": 126034,
    "0.0043418972": 32248,
    "0.005662170300000001": 1761,
    "0.006982443400000001": 261,
    "0.0083027165": 221,
    "0.009622989600000001": 933,
    "0.010943262700000001": 10,
    "0.012263535800000001": 8,
    "0.013583808900000001": 16,
    "0.014904082": 18
  },
  "latencyPercentiles": {
    "p10": 0.002784308,
    "p25": 0.002849923,
    "p50": 0.002920927,
    "p75": 0.003004261,
    "p90": 0.003843782,
    "p95": 0.004027075,
    "p99": 0.005328272
  },
  "rps": {
    "mean": 16159.788940000843,
    "stddev": 2041.4538170031988,
    "max": 19400.950131836486,
    "percentiles": {
      "p10": 14937.325388681313,
      "p25": 15513.888032567009,
      "p50": 16528.026574662523,
      "p75": 17399.2979383286,
      "p90": 17895.335610933857,
      "p95": 18090.942748477646,
      "p99": 18479.07144180626
    }
  },
  "details": {
    "DNSDialup": {
      "average": 0.00075802402,
      "fastest": 0.000075973,
      "slowest": 0.001641067
    },
    "DNSLookup": {
      "average": 0.000006630180000000002,
      "fastest": 0.000003195,
      "slowest": 0.000036368
    }
  },
  "statusCodeDistribution": {
    "200": 161511
  },
  "errorDistribution": {}
}