{
  "summary": {
    "successRate": 1,
    "total": 10.001480084,
    "slowest": 0.031168091,
    "fastest": 0.000180202,
    "average": 0.003036257097093213,
    "requestsPerSec": 16448.765444544577,
    "totalData": 2138656,
    "sizePerRequest": 13,
    "sizePerSec": 213833.9507790795
  },
  "responseTimeHistogram": {
    "0.000180202": 1,
    "0.0032789908999999997": 114361,
    "0.0063777797999999995": 47092,
    "0.0094765687": 1626,
    "0.0125753576": 465,
    "0.0156741465": 706,
    "0.0187729354": 234,
    "0.0218717243": 11,
    "0.0249705132": 5,
    "0.0280693021": 1,
    "0.031168091": 10
  },
  "latencyPercentiles": {
    "p10": 0.002265927,
    "p25": 0.002338228,
    "p50": 0.002439731,
    "p75": 0.003657044,
    "p90": 0.004311652,
    "p95": 0.00510666,
    "p99": 0.007892899
  },
  "rps": {
    "mean": 16630.98352570774,
    "stddev": 3949.9047351982354,
    "max": 34469.122847032275,
    "percentiles": {
      "p10": 12230.675757868004,
      "p25": 15115.063420286864,
      "p50": 17607.71393947667,
      "p75": 19216.307062045373,
      "p90": 20312.395134290287,
      "p95": 20873.17491535836,
      "p99": 21618.859722571706
    }
  },
  "details": {
    "DNSDialup": {
      "average": 0.0006587041800000001,
      "fastest": 0.0000484,
      "slowest": 0.001046113
    },
    "DNSLookup": {
      "average": 0.000006426059999999999,
      "fastest": 0.0000039,
      "slowest": 0.0000472
    }
  },
  "statusCodeDistribution": {
    "200": 164512
  },
  "errorDistribution": {}
}