{
  "summary": {
    "successRate": 1,
    "total": 10.000878666,
    "slowest": 0.015558049,
    "fastest": 0.000933467,
    "average": 0.0030153693046526867,
    "requestsPerSec": 16541.646541759972,
    "totalData": 2150603,
    "sizePerRequest": 13,
    "sizePerSec": 215041.40504287966
  },
  "responseTimeHistogram": {
    "0.000933467": 1,
    "0.0023959251999999998": 62021,
    "0.0038583833999999997": 66026,
    "0.0053208416": 31942,
    "0.0067832998": 3831,
    "0.008245757999999999": 1235,
    "0.0097082162": 260,
    "0.0111706744": 46,
    "0.0126331326": 35,
    "0.014095590799999998": 14,
    "0.015558049": 20
  },
  "latencyPercentiles": {
    "p10": 0.002244341,
    "p25": 0.002339027,
    "p50": 0.002447649,
    "p75": 0.003425627,
    "p90": 0.004687918,
    "p95": 0.004920844,
    "p99": 0.006712948
  },
  "rps": {
    "mean": 16541.50639722987,
    "stddev": 2081.042160029754,
    "max": 21416.509987550144,
    "percentiles": {
      "p10": 15083.409747563048,
      "p25": 15809.335412560182,
      "p50": 16852.027263771874,
      "p75": 17818.27959028034,
      "p90": 18425.77779020403,
      "p95": 18741.069178998343,
      "p99": 19454.18285302119
    }
  },
  "details": {
    "DNSDialup": {
      "average": 0.0013762197600000001,
      "fastest": 0.000106739,
      "slowest": 0.002883646
    },
    "DNSLookup": {
      "average": 0.000010885760000000004,
      "fastest": 0.000003947,
      "slowest": 0.000187348
    }
  },
  "statusCodeDistribution": {
    "200": 165431
  },
  "errorDistribution": {}
}