{
  "summary": {
    "successRate": 1,
    "total": 10.000867389,
    "slowest": 0.019264559,
    "fastest": 0.000262924,
    "average": 0.0029580373642216,
    "requestsPerSec": 16883.03558406478,
    "totalData": 2194985,
    "sizePerRequest": 13,
    "sizePerSec": 219479.46259284212
  },
  "responseTimeHistogram": {
    "0.000262924": 1,
    "0.0021630875": 1877,
    "0.004063251": 151964,
    "0.005963414500000001": 12889,
    "0.007863578": 861,
    "0.009763741499999999": 130,
    "0.011663905": 119,
    "0.0135640685": 651,
    "0.015464232": 280,
    "0.0173643955": 20,
    "0.019264559": 53
  },
  "latencyPercentiles": {
    "p10": 0.002324312,
    "p25": 0.002356715,
    "p50": 0.002397619,
    "p75": 0.003772344,
    "p90": 0.004021968,
    "p95": 0.004342697,
    "p99": 0.006624005
  },
  "rps": {
    "mean": 17055.391833386187,
    "stddev": 3424.934434811264,
    "max": 35743.676278667546,
    "percentiles": {
      "p10": 15046.926850770218,
      "p25": 15670.581804825535,
      "p50": 17513.634364351823,
      "p75": 18647.823910836614,
      "p90": 20387.650565026255,
      "p95": 20795.705642540197,
      "p99": 21291.44157542026
    }
  },
  "details": {
    "DNSDialup": {
      "average": 0.0012330485800000001,
      "fastest": 0.000074107,
      "slowest": 0.002169298
    },
    "DNSLookup": {
      "average": 0.000009044800000000002,
      "fastest": 0.0000041,
      "slowest": 0.000062906
    }
  },
  "statusCodeDistribution": {
    "200": 168845
  },
  "errorDistribution": {}
}