{
  "summary": {
    "successRate": 1,
    "total": 10.000633374,
    "slowest": 0.014696557,
    "fastest": 0.001209463,
    "average": 0.0028860242062633003,
    "requestsPerSec": 17283.605301377585,
    "totalData": 2247011,
    "sizePerRequest": 13,
    "sizePerSec": 224686.8689179086
  },
  "responseTimeHistogram": {
    "0.001209463": 1,
    "0.0025581724": 17731,
    "0.0039068818": 150197,
    "0.0052555912000000005": 3265,
    "0.006604300600000001": 342,
    "0.00795301": 989,
    "0.009301719400000002": 271,
    "0.0106504288": 10,
    "0.011999138200000002": 13,
    "0.0133478476": 21,
    "0.014696557000000002": 7
  },
  "latencyPercentiles": {
    "p10": 0.002556374,
    "p25": 0.002632872,
    "p50": 0.002726296,
    "p75": 0.002865224,
    "p90": 0.003532086,
    "p95": 0.003716067,
    "p99": 0.005098294
  },
  "rps": {
    "mean": 17296.37981263258,
    "stddev": 2259.2445664647003,
    "max": 21339.63968355189,
    "percentiles": {
      "p10": 15427.697345043824,
      "p25": 16564.009960090087,
      "p50": 17743.524866496555,
      "p75": 18664.857677242155,
      "p90": 19423.45574438335,
      "p95": 19720.6810673402,
      "p99": 20215.139358771747
    }
  },
  "details": {
    "DNSDialup": {
      "average": 0.0008509205400000004,
      "fastest": 0.000119173,
      "slowest": 0.001796134
    },
    "DNSLookup": {
      "average": 0.00004101252,
      "fastest": 0.000003917,
      "slowest": 0.00169992
    }
  },
  "statusCodeDistribution": {
    "200": 172847
  },
  "errorDistribution": {}
}