{
  "summary": {
    "successRate": 1,
    "total": 10.000668227,
    "slowest": 0.015080081,
    "fastest": 0.001331343,
    "average": 0.002872501860470168,
    "requestsPerSec": 17365.73957439414,
    "totalData": 2257697,
    "sizePerRequest": 13,
    "sizePerSec": 225754.61446712384
  },
  "responseTimeHistogram": {
    "0.001331343": 1,
    "0.0027062168000000003": 81540,
    "0.0040810906": 88580,
    "0.005455964400000001": 2090,
    "0.0068308382": 189,
    "0.008205712": 1089,
    "0.009580585800000001": 129,
    "0.0109554596": 7,
    "0.0123303334": 8,
    "0.013705207200000001": 20,
    "0.015080081": 16
  },
  "latencyPercentiles": {
    "p10": 0.00255527,
    "p25": 0.0026299,
    "p50": 0.002717123,
    "p75": 0.002846308,
    "p90": 0.003503554,
    "p95": 0.00368831,
    "p99": 0.005004886
  },
  "rps": {
    "mean": 17381.43459686143,
    "stddev": 2214.4717925351683,
    "max": 22692.4945247897,
    "percentiles": {
      "p10": 15575.79806369669,
      "p25": 16626.727464398646,
      "p50": 17865.483120946625,
      "p75": 18658.15186190747,
      "p90": 19350.391326919493,
      "p95": 19721.537921752573,
      "p99": 20167.595824007432
    }
  },
  "details": {
    "DNSDialup": {
      "average": 0.0008031357799999998,
      "fastest": 0.000174466,
      "slowest": 0.001169795
    },
    "DNSLookup": {
      "average": 0.000006597259999999998,
      "fastest": 0.000003747,
      "slowest": 0.000031479
    }
  },
  "statusCodeDistribution": {
    "200": 173669
  },
  "errorDistribution": {}
}