{
  "summary": {
    "successRate": 1,
    "total": 10.00051222,
    "slowest": 0.02192576,
    "fastest": 0.000238801,
    "average": 0.004358046342354157,
    "requestsPerSec": 11458.013097653113,
    "totalData": 1489618,
    "sizePerRequest": 13,
    "sizePerSec": 148954.17026949048
  },
  "responseTimeHistogram": {
    "0.000238801": 1,
    "0.0024074968999999997": 328,
    "0.0045761928": 94155,
    "0.0067448887": 15655,
    "0.0089135846": 3067,
    "0.0110822805": 706,
    "0.0132509764": 78,
    "0.0154196723": 438,
    "0.0175883682": 97,
    "0.0197570641": 35,
    "0.02192576": 26
  },
  "latencyPercentiles": {
    "p10": 0.003647626,
    "p25": 0.003807427,
    "p50": 0.003991829,
    "p75": 0.004288031,
    "p90": 0.005788041,
    "p95": 0.006469848,
    "p99": 0.009339367
  },
  "rps": {
    "mean": 11503.693396506786,
    "stddev": 2361.625932540994,
    "max": 18337.506675416254,
    "percentiles": {
      "p10": 8951.757352037643,
      "p25": 10521.02226703552,
      "p50": 11884.411408914018,
      "p75": 13059.850683713854,
      "p90": 13951.66020741561,
      "p95": 14262.04506870187,
      "p99": 14898.887926456699
    }
  },
  "details": {
    "DNSDialup": {
      "average": 0.0037182152199999995,
      "fastest": 0.000572904,
      "slowest": 0.00409213
    },
    "DNSLookup": {
      "average": 0.00000971614,
      "fastest": 0.000006601,
      "slowest": 0.000108301
    }
  },
  "statusCodeDistribution": {
    "200": 114586
  },
  "errorDistribution": {}
}