{
  "summary": {
    "successRate": 1,
    "total": 10.001526433,
    "slowest": 0.017642631,
    "fastest": 0.000166704,
    "average": 0.002718050465186432,
    "requestsPerSec": 18376.49495116822,
    "totalData": 2389309,
    "sizePerRequest": 13,
    "sizePerSec": 238894.43436518684
  },
  "responseTimeHistogram": {
    "0.000166704": 1,
    "0.0019142966999999998": 2134,
    "0.0036618894": 157756,
    "0.0054094821": 19310,
    "0.0071570748": 2624,
    "0.0089046675": 593,
    "0.0106522602": 110,
    "0.0123998529": 483,
    "0.0141474456": 731,
    "0.0158950383": 41,
    "0.017642631": 10
  },
  "latencyPercentiles": {
    "p10": 0.002070051,
    "p25": 0.002100851,
    "p50": 0.002144253,
    "p75": 0.003346682,
    "p90": 0.004022998,
    "p95": 0.004359006,
    "p99": 0.007708488
  },
  "rps": {
    "mean": 18491.886398277,
    "stddev": 4342.503748526769,
    "max": 24867.76955597987,
    "percentiles": {
      "p10": 15106.730048235491,
      "p25": 16162.52518121459,
      "p50": 20784.325625536378,
      "p75": 21240.823035162583,
      "p90": 21731.195130610984,
      "p95": 22248.84734434354,
      "p99": 23280.298007626996
    }
  },
  "details": {
    "DNSDialup": {
      "average": 0.0014302409799999997,
      "fastest": 0.000076102,
      "slowest": 0.00164864
    },
    "DNSLookup": {
      "average": 0.000006270159999999999,
      "fastest": 0.0000033,
      "slowest": 0.000070102
    }
  },
  "statusCodeDistribution": {
    "200": 183793
  },
  "errorDistribution": {}
}