{
  "summary": {
    "successRate": 1,
    "total": 10.000314066,
    "slowest": 0.016034663,
    "fastest": 0.001114475,
    "average": 0.003042646606457664,
    "requestsPerSec": 16392.38517091589,
    "totalData": 2131077,
    "sizePerRequest": 13,
    "sizePerSec": 213101.0072219066
  },
  "responseTimeHistogram": {
    "0.001114475": 1,
    "0.0026064938": 110598,
    "0.0040985126000000005": 16533,
    "0.005590531400000001": 32677,
    "0.007082550200000001": 3075,
    "0.008574569": 661,
    "0.010066587800000002": 294,
    "0.011558606600000002": 39,
    "0.013050625400000002": 22,
    "0.014542644200000001": 22,
    "0.016034663": 7
  },
  "latencyPercentiles": {
    "p10": 0.002269255,
    "p25": 0.002357816,
    "p50": 0.002463605,
    "p75": 0.003445251,
    "p90": 0.004728268,
    "p95": 0.004972557,
    "p99": 0.006759356
  },
  "rps": {
    "mean": 16387.12419033226,
    "stddev": 2035.8619626895188,
    "max": 20808.231736474987,
    "percentiles": {
      "p10": 15020.406724575843,
      "p25": 15690.65274624128,
      "p50": 16714.30410144925,
      "p75": 17664.50396437412,
      "p90": 18176.87180856554,
      "p95": 18499.054381193662,
      "p99": 19010.341625844485
    }
  },
  "details": {
    "DNSDialup": {
      "average": 0.00143365134,
      "fastest": 0.000069188,
      "slowest": 0.002862284
    },
    "DNSLookup": {
      "average": 0.000031244799999999996,
      "fastest": 0.000003075,
      "slowest": 0.001262545
    }
  },
  "statusCodeDistribution": {
    "200": 163929
  },
  "errorDistribution": {}
}