{
  "summary": {
    "successRate": 0.03657648597555614,
    "total": 10.000622875,
    "slowest": 0.021867395,
    "fastest": 0.000685583,
    "average": 0.0032534998233482277,
    "requestsPerSec": 72782.6665496573,
    "totalData": 346099,
    "sizePerRequest": 13,
    "sizePerSec": 34607.74437012255
  },
  "responseTimeHistogram": {
    "0.000685583": 1,
    "0.0028037642000000003": 4617,
    "0.004921945400000001": 20919,
    "0.007040126600000001": 807,
    "0.009158307800000001": 224,
    "0.011276489": 5,
    "0.013394670200000002": 0,
    "0.015512851400000003": 1,
    "0.017631032600000002": 13,
    "0.019749213800000002": 35,
    "0.021867395": 1
  },
  "latencyPercentiles": {
    "p10": 0.002747364,
    "p25": 0.002849716,
    "p50": 0.002945129,
    "p75": 0.003266583,
    "p90": 0.004029555,
    "p95": 0.004756759,
    "p99": 0.0072901
  },
  "rps": {
    "mean": 15353.884937134166,
    "stddev": 2963.9796121921913,
    "max": 20947.348092449487,
    "percentiles": {
      "p10": 10602.188067099509,
      "p25": 14833.291840207563,
      "p50": 16232.515351500988,
      "p75": 17173.106099701676,
      "p90": 17956.21912646129,
      "p95": 18332.687181242913,
      "p99": 19384.53012049395
    }
  },
  "details": {
    "DNSDialup": {
      "average": 0.0009075353599999996,
      "fastest": 0.000090166,
      "slowest": 0.003832506
    },
    "DNSLookup": {
      "average": 0.00006671746000000001,
      "fastest": 0.000004168,
      "slowest": 0.003019293
    }
  },
  "statusCodeDistribution": {
    "200": 26623
  },
  "errorDistribution": {
    "Connection refused (os error 111)": 701249
  }
}