{
  "summary": {
    "successRate": 1,
    "total": 10.000645128,
    "slowest": 0.025141231,
    "fastest": 0.000434598,
    "average": 0.004839488415477912,
    "requestsPerSec": 10317.334399869327,
    "totalData": 1341340,
    "sizePerRequest": 13,
    "sizePerSec": 134125.34719830126
  },
  "responseTimeHistogram": {
    "0.000434598": 1,
    "0.0029052613": 421,
    "0.0053759246": 88434,
    "0.007846587899999998": 11257,
    "0.010317251199999999": 1773,
    "0.012787914499999999": 693,
    "0.015258577799999997": 177,
    "0.0177292411": 389,
    "0.0201999044": 23,
    "0.022670567699999998": 7,
    "0.025141231": 5
  },
  "latencyPercentiles": {
    "p10": 0.004068389,
    "p25": 0.004244988,
    "p50": 0.004470087,
    "p75": 0.004832287,
    "p90": 0.006132083,
    "p95": 0.007181481,
    "p99": 0.01094577
  },
  "rps": {
    "mean": 10392.414779646017,
    "stddev": 2103.8546510802726,
    "max": 17410.266398831292,
    "percentiles": {
      "p10": 7523.116279391477,
      "p25": 10040.089071654138,
      "p50": 10975.532793519878,
      "p75": 11578.167365566682,
      "p90": 12191.789266992508,
      "p95": 12621.996353044668,
      "p99": 13215.775860440865
    }
  },
  "details": {
    "DNSDialup": {
      "average": 0.00339700668,
      "fastest": 0.002102994,
      "slowest": 0.004678188
    },
    "DNSLookup": {
      "average": 0.000008227979999999997,
      "fastest": 0.0000052,
      "slowest": 0.0000534
    }
  },
  "statusCodeDistribution": {
    "200": 103180
  },
  "errorDistribution": {}
}