{
  "summary": {
    "successRate": 1,
    "total": 10.000747323,
    "slowest": 0.015006756,
    "fastest": 0.0002463,
    "average": 0.0023269700377859387,
    "requestsPerSec": 21466.695744453616,
    "totalData": 2790879,
    "sizePerRequest": 13,
    "sizePerSec": 279067.044677897
  },
  "responseTimeHistogram": {
    "0.0002463": 1,
    "0.0017223456000000001": 2258,
    "0.0031983912": 187725,
    "0.0046744368": 20850,
    "0.0061504824": 1678,
    "0.007626528": 608,
    "0.0091025736": 130,
    "0.0105786192": 447,
    "0.0120546648": 864,
    "0.0135307104": 102,
    "0.015006756": 20
  },
  "latencyPercentiles": {
    "p10": 0.001780605,
    "p25": 0.001802407,
    "p50": 0.001836306,
    "p75": 0.002874508,
    "p90": 0.00324341,
    "p95": 0.003640711,
    "p99": 0.006185923
  },
  "rps": {
    "mean": 21627.51326153479,
    "stddev": 5002.797334556853,
    "max": 47258.979206128344,
    "percentiles": {
      "p10": 16240.912938529009,
      "p25": 20970.57611234285,
      "p50": 21732.315953824283,
      "p75": 24431.685452863596,
      "p90": 25021.944245102357,
      "p95": 25363.89581323594,
      "p99": 27641.65597555546
    }
  },
  "details": {
    "DNSDialup": {
      "average": 0.0012656767,
      "fastest": 0.000068901,
      "slowest": 0.00270861
    },
    "DNSLookup": {
      "average": 0.000004330040000000001,
      "fastest": 0.0000029,
      "slowest": 0.0000399
    }
  },
  "statusCodeDistribution": {
    "200": 214683
  },
  "errorDistribution": {}
}