{
  "summary": {
    "successRate": 1,
    "total": 10.000610922,
    "slowest": 0.014800383,
    "fastest": 0.000361915,
    "average": 0.0030714489171036865,
    "requestsPerSec": 16244.60758118473,
    "totalData": 2111928,
    "sizePerRequest": 13,
    "sizePerSec": 211179.89855540148
  },
  "responseTimeHistogram": {
    "0.000361915": 1,
    "0.0018057618": 888,
    "0.0032496086": 136467,
    "0.0046934554": 22464,
    "0.0061373022": 1426,
    "0.007581149": 50,
    "0.009024995800000001": 1043,
    "0.0104688426": 76,
    "0.011912689399999999": 14,
    "0.013356536200000001": 21,
    "0.014800383": 6
  },
  "latencyPercentiles": {
    "p10": 0.00274372,
    "p25": 0.00284537,
    "p50": 0.002939264,
    "p75": 0.003035369,
    "p90": 0.003750984,
    "p95": 0.003952391,
    "p99": 0.005277718
  },
  "rps": {
    "mean": 16258.633404879445,
    "stddev": 2051.0089096260704,
    "max": 20915.310006924887,
    "percentiles": {
      "p10": 14944.182475489366,
      "p25": 15638.434580668589,
      "p50": 16507.213652366212,
      "p75": 17440.69405729441,
      "p90": 18051.747138346687,
      "p95": 18404.041527519956,
      "p99": 19504.893777848814
    }
  },
  "details": {
    "DNSDialup": {
      "average": 0.0010028075600000002,
      "fastest": 0.000057888,
      "slowest": 0.002561275
    },
    "DNSLookup": {
      "average": 0.00004578957999999999,
      "fastest": 0.000002485,
      "slowest": 0.002006842
    }
  },
  "statusCodeDistribution": {
    "200": 162456
  },
  "errorDistribution": {}
}