{
  "summary": {
    "successRate": 1,
    "total": 10.001012513,
    "slowest": 0.013726048,
    "fastest": 0.000945614,
    "average": 0.0029998137627593444,
    "requestsPerSec": 16631.21606775256,
    "totalData": 2162277,
    "sizePerRequest": 13,
    "sizePerSec": 216205.8088807833
  },
  "responseTimeHistogram": {
    "0.000945614": 1,
    "0.0022236574": 303,
    "0.0035017008000000002": 144449,
    "0.0047797442": 19618,
    "0.0060577876000000004": 685,
    "0.007335831": 84,
    "0.0086138744": 1058,
    "0.0098919178": 81,
    "0.011169961200000002": 10,
    "0.0124480046": 14,
    "0.013726048000000001": 26
  },
  "latencyPercentiles": {
    "p10": 0.002699054,
    "p25": 0.002769133,
    "p50": 0.002844507,
    "p75": 0.002945169,
    "p90": 0.003673138,
    "p95": 0.003846787,
    "p99": 0.005104277
  },
  "rps": {
    "mean": 16644.065060954777,
    "stddev": 2053.35156662071,
    "max": 21543.341844883238,
    "percentiles": {
      "p10": 15180.119150866349,
      "p25": 15918.810221712763,
      "p50": 16936.22998318162,
      "p75": 17918.030710690065,
      "p90": 18542.51799376025,
      "p95": 18771.67150367477,
      "p99": 19292.893352200954
    }
  },
  "details": {
    "DNSDialup": {
      "average": 0.0008422737200000003,
      "fastest": 0.000141295,
      "slowest": 0.001309534
    },
    "DNSLookup": {
      "average": 0.000006730799999999999,
      "fastest": 0.000003857,
      "slowest": 0.000028934
    }
  },
  "statusCodeDistribution": {
    "200": 166329
  },
  "errorDistribution": {}
}