{
  "summary": {
    "successRate": 1,
    "total": 10.000623333,
    "slowest": 0.014678068,
    "fastest": 0.000371293,
    "average": 0.002995608011061446,
    "requestsPerSec": 16651.362065652953,
    "totalData": 2164812,
    "sizePerRequest": 13,
    "sizePerSec": 216467.7068534884
  },
  "responseTimeHistogram": {
    "0.000371293": 1,
    "0.0018019705000000001": 821,
    "0.0032326480000000003": 141495,
    "0.004663325500000001": 21541,
    "0.006094003000000001": 1399,
    "0.0075246805": 58,
    "0.008955358000000002": 1056,
    "0.010386035500000002": 101,
    "0.011816713000000001": 9,
    "0.013247390500000001": 13,
    "0.014678068": 30
  },
  "latencyPercentiles": {
    "p10": 0.002644524,
    "p25": 0.002741821,
    "p50": 0.002847039,
    "p75": 0.002973746,
    "p90": 0.003685582,
    "p95": 0.003927143,
    "p99": 0.005336751
  },
  "rps": {
    "mean": 16670.147436592935,
    "stddev": 2317.4462999625525,
    "max": 30437.284389627086,
    "percentiles": {
      "p10": 15165.950653010059,
      "p25": 15827.847772037767,
      "p50": 17003.03164054051,
      "p75": 17936.05865231633,
      "p90": 18722.200785691508,
      "p95": 19154.14685775168,
      "p99": 20355.86871728152
    }
  },
  "details": {
    "DNSDialup": {
      "average": 0.0009313417000000002,
      "fastest": 0.000215175,
      "slowest": 0.001379727
    },
    "DNSLookup": {
      "average": 0.000008454200000000001,
      "fastest": 0.000003867,
      "slowest": 0.000039363
    }
  },
  "statusCodeDistribution": {
    "200": 166524
  },
  "errorDistribution": {}
}