{
  "summary": {
    "successRate": 1,
    "total": 10.000350057,
    "slowest": 0.014551197,
    "fastest": 0.000455731,
    "average": 0.003008019729244049,
    "requestsPerSec": 16582.619513796086,
    "totalData": 2155816,
    "sizePerRequest": 13,
    "sizePerSec": 215574.0536793491
  },
  "responseTimeHistogram": {
    "0.000455731": 1,
    "0.0018652776": 82,
    "0.0032748242": 143620,
    "0.0046843708": 19794,
    "0.0060939174": 1053,
    "0.0075034640000000005": 76,
    "0.0089130106": 1029,
    "0.010322557199999999": 130,
    "0.011732103800000001": 13,
    "0.0131416504": 13,
    "0.014551197000000002": 21
  },
  "latencyPercentiles": {
    "p10": 0.002674864,
    "p25": 0.002764559,
    "p50": 0.002866639,
    "p75": 0.002999293,
    "p90": 0.003643712,
    "p95": 0.003851834,
    "p99": 0.005168384
  },
  "rps": {
    "mean": 16590.09862165338,
    "stddev": 2157.1986928825686,
    "max": 19852.88688876508,
    "percentiles": {
      "p10": 15120.404082144347,
      "p25": 15871.82795742142,
      "p50": 16950.79815190159,
      "p75": 17815.099511501972,
      "p90": 18505.857103775124,
      "p95": 18789.072611261585,
      "p99": 19391.13725963939
    }
  },
  "details": {
    "DNSDialup": {
      "average": 0.0013432215399999997,
      "fastest": 0.00008024,
      "slowest": 0.003179178
    },
    "DNSLookup": {
      "average": 0.000007239680000000001,
      "fastest": 0.000003898,
      "slowest": 0.000029305
    }
  },
  "statusCodeDistribution": {
    "200": 165832
  },
  "errorDistribution": {}
}