{
  "summary": {
    "successRate": 1,
    "total": 10.000263504,
    "slowest": 0.014522198,
    "fastest": 0.001229033,
    "average": 0.0030135750825716124,
    "requestsPerSec": 16551.263867576585,
    "totalData": 2151721,
    "sizePerRequest": 13,
    "sizePerSec": 215166.4302784956
  },
  "responseTimeHistogram": {
    "0.001229033": 1,
    "0.0025583495": 108845,
    "0.0038876659999999997": 18915,
    "0.005216982499999999": 31505,
    "0.006546298999999999": 4426,
    "0.007875615499999999": 1339,
    "0.009204931999999999": 172,
    "0.0105342485": 238,
    "0.011863565": 35,
    "0.0131928815": 9,
    "0.014522198": 32
  },
  "latencyPercentiles": {
    "p10": 0.002227926,
    "p25": 0.002323664,
    "p50": 0.002441514,
    "p75": 0.003462164,
    "p90": 0.004677411,
    "p95": 0.004946169,
    "p99": 0.0067492
  },
  "rps": {
    "mean": 16558.214146614617,
    "stddev": 2099.446832862311,
    "max": 21068.100528147104,
    "percentiles": {
      "p10": 14940.810824767632,
      "p25": 15746.641552277933,
      "p50": 16925.50882575353,
      "p75": 17852.37708914165,
      "p90": 18510.03289051765,
      "p95": 18940.075305337483,
      "p99": 19549.064241433676
    }
  },
  "details": {
    "DNSDialup": {
      "average": 0.0013069397599999998,
      "fastest": 0.000084558,
      "slowest": 0.002991094
    },
    "DNSLookup": {
      "average": 0.000010404400000000003,
      "fastest": 0.000003697,
      "slowest": 0.000163663
    }
  },
  "statusCodeDistribution": {
    "200": 165517
  },
  "errorDistribution": {}
}