{
  "summary": {
    "successRate": 1,
    "total": 10.000607604,
    "slowest": 0.013405763,
    "fastest": 0.00081494,
    "average": 0.0032204822145719906,
    "requestsPerSec": 15493.158629484407,
    "totalData": 2014233,
    "sizePerRequest": 13,
    "sizePerSec": 201411.0621832973
  },
  "responseTimeHistogram": {
    "0.00081494": 1,
    "0.0020740223": 284,
    "0.0033331046": 131704,
    "0.0045921869": 20258,
    "0.0058512692": 1424,
    "0.007110351500000001": 156,
    "0.0083694338": 534,
    "0.0096285161": 531,
    "0.0108875984": 11,
    "0.0121466807": 13,
    "0.013405763000000001": 25
  },
  "latencyPercentiles": {
    "p10": 0.002951408,
    "p25": 0.00301117,
    "p50": 0.003066471,
    "p75": 0.003135992,
    "p90": 0.003901973,
    "p95": 0.004065643,
    "p99": 0.005245725
  },
  "rps": {
    "mean": 15501.177891566833,
    "stddev": 1838.9490411227735,
    "max": 23041.606228367345,
    "percentiles": {
      "p10": 14402.830156126056,
      "p25": 14943.903694663371,
      "p50": 15721.536933444291,
      "p75": 16602.762744291846,
      "p90": 16968.397915155176,
      "p95": 17136.8339108057,
      "p99": 17630.72778269057
    }
  },
  "details": {
    "DNSDialup": {
      "average": 0.0007999030399999998,
      "fastest": 0.000146762,
      "slowest": 0.001788859
    },
    "DNSLookup": {
      "average": 0.000006937320000000001,
      "fastest": 0.000002785,
      "slowest": 0.000036989
    }
  },
  "statusCodeDistribution": {
    "200": 154941
  },
  "errorDistribution": {}
}