{
  "summary": {
    "successRate": 1,
    "total": 10.001091928,
    "slowest": 0.015571217,
    "fastest": 0.000979013,
    "average": 0.0030187058053673596,
    "requestsPerSec": 16527.795283755142,
    "totalData": 2148848,
    "sizePerRequest": 13,
    "sizePerSec": 214861.33868881685
  },
  "responseTimeHistogram": {
    "0.000979013": 1,
    "0.0024382334": 383,
    "0.0038974538": 158507,
    "0.005356674200000001": 4990,
    "0.0068158946000000005": 201,
    "0.008275115": 1040,
    "0.009734335400000002": 123,
    "0.011193555800000001": 2,
    "0.0126527762": 11,
    "0.014111996600000003": 17,
    "0.015571217000000002": 21
  },
  "latencyPercentiles": {
    "p10": 0.002732078,
    "p25": 0.002796491,
    "p50": 0.002866792,
    "p75": 0.002959745,
    "p90": 0.003671132,
    "p95": 0.003845023,
    "p99": 0.00499814
  },
  "rps": {
    "mean": 16545.204108713864,
    "stddev": 1996.1127990603875,
    "max": 20268.988682009407,
    "percentiles": {
      "p10": 15213.308602365594,
      "p25": 15905.417385161434,
      "p50": 16859.532695903585,
      "p75": 17702.756319159344,
      "p90": 18310.24513145781,
      "p95": 18547.555933412932,
      "p99": 19005.276702334046
    }
  },
  "details": {
    "DNSDialup": {
      "average": 0.0006171533199999999,
      "fastest": 0.000074936,
      "slowest": 0.001031171
    },
    "DNSLookup": {
      "average": 0.000005825660000000001,
      "fastest": 0.000003157,
      "slowest": 0.000031298
    }
  },
  "statusCodeDistribution": {
    "200": 165296
  },
  "errorDistribution": {}
}