{
  "summary": {
    "successRate": 1,
    "total": 10.000374224,
    "slowest": 0.013961265,
    "fastest": 0.000935882,
    "average": 0.0029957018283988225,
    "requestsPerSec": 16650.77688796699,
    "totalData": 2164682,
    "sizePerRequest": 13,
    "sizePerSec": 216460.09954357083
  },
  "responseTimeHistogram": {
    "0.000935882": 1,
    "0.0022384202999999997": 226,
    "0.0035409585999999996": 146592,
    "0.0048434969": 17756,
    "0.006146035199999999": 631,
    "0.007448573499999999": 98,
    "0.008751111800000001": 1108,
    "0.0100536501": 58,
    "0.0113561884": 7,
    "0.0126587267": 19,
    "0.013961264999999999": 18
  },
  "latencyPercentiles": {
    "p10": 0.00267018,
    "p25": 0.00276325,
    "p50": 0.002857059,
    "p75": 0.002965601,
    "p90": 0.003622079,
    "p95": 0.003801601,
    "p99": 0.005087693
  },
  "rps": {
    "mean": 16658.675805726816,
    "stddev": 2067.778700064765,
    "max": 20971.142503830946,
    "percentiles": {
      "p10": 15235.883552944277,
      "p25": 15989.23270990769,
      "p50": 16956.36635303071,
      "p75": 17878.28608355302,
      "p90": 18536.54770650419,
      "p95": 18866.03050142537,
      "p99": 19531.744189195117
    }
  },
  "details": {
    "DNSDialup": {
      "average": 0.0010369684000000002,
      "fastest": 0.000132999,
      "slowest": 0.001756937
    },
    "DNSLookup": {
      "average": 0.00000797206,
      "fastest": 0.000004118,
      "slowest": 0.000027682
    }
  },
  "statusCodeDistribution": {
    "200": 166514
  },
  "errorDistribution": {}
}