{
  "summary": {
    "successRate": 1,
    "total": 10.000898692,
    "slowest": 0.013571603,
    "fastest": 0.000430716,
    "average": 0.0030252540596567043,
    "requestsPerSec": 16491.21794743604,
    "totalData": 2144051,
    "sizePerRequest": 13,
    "sizePerSec": 214385.8333166685
  },
  "responseTimeHistogram": {
    "0.000430716": 1,
    "0.0017448047": 23,
    "0.0030588933999999997": 136336,
    "0.0043729821": 25593,
    "0.0056870708": 1620,
    "0.0070011595000000005": 134,
    "0.008315248199999998": 1024,
    "0.009629336899999999": 149,
    "0.010943425599999999": 10,
    "0.0122575143": 17,
    "0.013571603": 20
  },
  "latencyPercentiles": {
    "p10": 0.002732198,
    "p25": 0.002800098,
    "p50": 0.002869839,
    "p75": 0.002957002,
    "p90": 0.003693179,
    "p95": 0.003857877,
    "p99": 0.005018548
  },
  "rps": {
    "mean": 16500.5152428328,
    "stddev": 2008.764750328309,
    "max": 19732.7974737109,
    "percentiles": {
      "p10": 15125.463718169598,
      "p25": 15861.511661278071,
      "p50": 16812.032371568283,
      "p75": 17737.32465226663,
      "p90": 18256.03300860553,
      "p95": 18509.632840075003,
      "p99": 19148.724710545077
    }
  },
  "details": {
    "DNSDialup": {
      "average": 0.0009272345999999995,
      "fastest": 0.000115161,
      "slowest": 0.001843889
    },
    "DNSLookup": {
      "average": 0.00000695918,
      "fastest": 0.000002705,
      "slowest": 0.000038622
    }
  },
  "statusCodeDistribution": {
    "200": 164927
  },
  "errorDistribution": {}
}