{
  "summary": {
    "successRate": 1,
    "total": 10.000679015,
    "slowest": 0.015330883,
    "fastest": 0.001075658,
    "average": 0.0030678442607145287,
    "requestsPerSec": 16264.195636719975,
    "totalData": 2114489,
    "sizePerRequest": 13,
    "sizePerSec": 211434.54327735965
  },
  "responseTimeHistogram": {
    "0.001075658": 1,
    "0.0025011805": 838,
    "0.003926703": 154531,
    "0.0053522255": 5636,
    "0.006777748": 456,
    "0.0082032705": 899,
    "0.009628793": 242,
    "0.0110543155": 5,
    "0.012479838": 8,
    "0.0139053605": 18,
    "0.015330883": 19
  },
  "latencyPercentiles": {
    "p10": 0.002718848,
    "p25": 0.00281854,
    "p50": 0.002928992,
    "p75": 0.00304994,
    "p90": 0.00370262,
    "p95": 0.00389757,
    "p99": 0.005365773
  },
  "rps": {
    "mean": 16279.893619876686,
    "stddev": 2029.988564084287,
    "max": 20274.14430578895,
    "percentiles": {
      "p10": 15073.122733002328,
      "p25": 15693.424525542998,
      "p50": 16612.55426440327,
      "p75": 17416.235414653776,
      "p90": 18018.860341119558,
      "p95": 18337.459429629485,
      "p99": 18943.686034363916
    }
  },
  "details": {
    "DNSDialup": {
      "average": 0.0007473822599999998,
      "fastest": 0.000090542,
      "slowest": 0.001435736
    },
    "DNSLookup": {
      "average": 0.00000681712,
      "fastest": 0.000003446,
      "slowest": 0.00002711
    }
  },
  "statusCodeDistribution": {
    "200": 162653
  },
  "errorDistribution": {}
}