{
  "summary": {
    "successRate": 1,
    "total": 10.001639458,
    "slowest": 0.016460038,
    "fastest": 0.000456604,
    "average": 0.002677419121451535,
    "requestsPerSec": 18656.24138758072,
    "totalData": 2425709,
    "sizePerRequest": 13,
    "sizePerSec": 242531.13803854937
  },
  "responseTimeHistogram": {
    "0.000456604": 1,
    "0.0020569474": 1485,
    "0.0036572908": 168923,
    "0.005257634200000001": 14890,
    "0.0068579776000000005": 361,
    "0.008458321": 83,
    "0.0100586644": 0,
    "0.0116590078": 1,
    "0.0132593512": 116,
    "0.0148596946": 656,
    "0.016460038": 77
  },
  "latencyPercentiles": {
    "p10": 0.002378022,
    "p25": 0.00240112,
    "p50": 0.00242862,
    "p75": 0.002469423,
    "p90": 0.003170027,
    "p95": 0.004618042,
    "p99": 0.004983545
  },
  "rps": {
    "mean": 18759.70427035323,
    "stddev": 3582.402514186212,
    "max": 29154.51895040108,
    "percentiles": {
      "p10": 15311.775306434223,
      "p25": 15962.916654739161,
      "p50": 20503.800943359438,
      "p75": 20753.98110485421,
      "p90": 20943.11013562733,
      "p95": 21136.54142350009,
      "p99": 22304.728546408776
    }
  },
  "details": {
    "DNSDialup": {
      "average": 0.0021099176400000007,
      "fastest": 0.000338703,
      "slowest": 0.00237572
    },
    "DNSLookup": {
      "average": 0.000007312040000000001,
      "fastest": 0.0000039,
      "slowest": 0.0001051
    }
  },
  "statusCodeDistribution": {
    "200": 186593
  },
  "errorDistribution": {}
}