{
  "summary": {
    "successRate": 1,
    "total": 10.00017341,
    "slowest": 0.014682464,
    "fastest": 0.001040162,
    "average": 0.0030253313855545523,
    "requestsPerSec": 16487.914083081883,
    "totalData": 2143466,
    "sizePerRequest": 13,
    "sizePerSec": 214342.8830800645
  },
  "responseTimeHistogram": {
    "0.001040162": 1,
    "0.0024043922": 903,
    "0.0037686223999999994": 151297,
    "0.005132852599999999": 11767,
    "0.006497082799999999": 276,
    "0.007861313": 573,
    "0.009225543199999998": 16,
    "0.010589773399999999": 14,
    "0.011954003599999999": 20,
    "0.013318233799999999": 14,
    "0.014682464": 1
  },
  "latencyPercentiles": {
    "p10": 0.0026984,
    "p25": 0.002792496,
    "p50": 0.002897843,
    "p75": 0.003034454,
    "p90": 0.003691963,
    "p95": 0.003868762,
    "p99": 0.004517602
  },
  "rps": {
    "mean": 16493.336042228206,
    "stddev": 1657.4769306200983,
    "max": 21053.702366519406,
    "percentiles": {
      "p10": 15086.85874051003,
      "p25": 15731.70095058546,
      "p50": 16718.853851489475,
      "p75": 17486.361642880456,
      "p90": 18154.014603129926,
      "p95": 18499.13873439088,
      "p99": 19129.68782727148
    }
  },
  "details": {
    "DNSDialup": {
      "average": 0.0010299347600000001,
      "fastest": 0.000129672,
      "slowest": 0.002208086
    },
    "DNSLookup": {
      "average": 0.00005072118,
      "fastest": 0.000004178,
      "slowest": 0.002079999
    }
  },
  "statusCodeDistribution": {
    "200": 164882
  },
  "errorDistribution": {}
}