{
  "summary": {
    "successRate": 1,
    "total": 10.001245509,
    "slowest": 0.014082776,
    "fastest": 0.000387695,
    "average": 0.003037137822950315,
    "requestsPerSec": 16423.85439415374,
    "totalData": 2135367,
    "sizePerRequest": 13,
    "sizePerSec": 213510.1071239986
  },
  "responseTimeHistogram": {
    "0.000387695": 1,
    "0.0017572031": 62,
    "0.0031267112": 139280,
    "0.004496219300000001": 22538,
    "0.0058657274": 1085,
    "0.0072352355": 81,
    "0.0086047436": 826,
    "0.0099742517": 337,
    "0.0113437598": 13,
    "0.0127132679": 15,
    "0.014082776": 21
  },
  "latencyPercentiles": {
    "p10": 0.002745727,
    "p25": 0.002814092,
    "p50": 0.002882947,
    "p75": 0.002962527,
    "p90": 0.003728985,
    "p95": 0.003903344,
    "p99": 0.004937661
  },
  "rps": {
    "mean": 16431.8746300498,
    "stddev": 2041.942279705113,
    "max": 19966.133393990884,
    "percentiles": {
      "p10": 15167.31100952915,
      "p25": 15862.116197074438,
      "p50": 16712.94083008556,
      "p75": 17615.998373615952,
      "p90": 18206.6272123042,
      "p95": 18452.245688442086,
      "p99": 18944.30892199039
    }
  },
  "details": {
    "DNSDialup": {
      "average": 0.0007727508399999999,
      "fastest": 0.000073888,
      "slowest": 0.001887087
    },
    "DNSLookup": {
      "average": 0.000007635220000000002,
      "fastest": 0.000003968,
      "slowest": 0.000040175
    }
  },
  "statusCodeDistribution": {
    "200": 164259
  },
  "errorDistribution": {}
}