{
  "summary": {
    "successRate": 1,
    "total": 10.000334514,
    "slowest": 0.01410922,
    "fastest": 0.001026399,
    "average": 0.0029157078708335156,
    "requestsPerSec": 17106.02777942234,
    "totalData": 2223858,
    "sizePerRequest": 13,
    "sizePerSec": 222378.3611324904
  },
  "responseTimeHistogram": {
    "0.001026399": 1,
    "0.0023346811000000004": 608,
    "0.0036429632": 157210,
    "0.0049512453": 12144,
    "0.0062595274": 432,
    "0.007567809500000001": 603,
    "0.0088760916": 18,
    "0.0101843737": 0,
    "0.011492655800000001": 11,
    "0.012800937900000002": 28,
    "0.014109220000000002": 11
  },
  "latencyPercentiles": {
    "p10": 0.002582256,
    "p25": 0.002667952,
    "p50": 0.002779348,
    "p75": 0.002945923,
    "p90": 0.003557991,
    "p95": 0.003767316,
    "p99": 0.004467483
  },
  "rps": {
    "mean": 17119.334311512284,
    "stddev": 1881.2912552911266,
    "max": 20907.063399101793,
    "percentiles": {
      "p10": 15379.13487641976,
      "p25": 16136.631767776036,
      "p50": 17220.509626966857,
      "p75": 18439.907648132667,
      "p90": 19228.115350264965,
      "p95": 19575.20319645963,
      "p99": 20078.41725726324
    }
  },
  "details": {
    "DNSDialup": {
      "average": 0.0010103573600000004,
      "fastest": 0.000145178,
      "slowest": 0.002208641
    },
    "DNSLookup": {
      "average": 0.000009925420000000001,
      "fastest": 0.000004428,
      "slowest": 0.000047549
    }
  },
  "statusCodeDistribution": {
    "200": 171066
  },
  "errorDistribution": {}
}