{
  "summary": {
    "successRate": 1,
    "total": 10.000639109,
    "slowest": 0.013911401,
    "fastest": 0.001056885,
    "average": 0.002792423895921849,
    "requestsPerSec": 17862.358400598496,
    "totalData": 2322255,
    "sizePerRequest": 13,
    "sizePerSec": 232210.65920778044
  },
  "responseTimeHistogram": {
    "0.001056885": 1,
    "0.0023423365999999998": 2571,
    "0.0036277882": 168534,
    "0.0049132398": 5612,
    "0.006198691399999999": 536,
    "0.007484143": 297,
    "0.0087695946": 1032,
    "0.0100550462": 8,
    "0.0113404978": 7,
    "0.0126259494": 18,
    "0.013911401": 19
  },
  "latencyPercentiles": {
    "p10": 0.002478674,
    "p25": 0.002554,
    "p50": 0.002641246,
    "p75": 0.002768573,
    "p90": 0.003406529,
    "p95": 0.003585912,
    "p99": 0.005039697
  },
  "rps": {
    "mean": 17875.584595811208,
    "stddev": 2300.6548839894917,
    "max": 22583.686673931043,
    "percentiles": {
      "p10": 16013.512119405765,
      "p25": 17044.7373220497,
      "p50": 18454.050067241908,
      "p75": 19276.049799273205,
      "p90": 19866.65664755834,
      "p95": 20108.383184947328,
      "p99": 20573.77962059994
    }
  },
  "details": {
    "DNSDialup": {
      "average": 0.00087845484,
      "fastest": 0.000110087,
      "slowest": 0.001467082
    },
    "DNSLookup": {
      "average": 0.000006990279999999998,
      "fastest": 0.000003637,
      "slowest": 0.000028944
    }
  },
  "statusCodeDistribution": {
    "200": 178635
  },
  "errorDistribution": {}
}