{
  "summary": {
    "successRate": 1,
    "total": 10.000648841,
    "slowest": 0.014421425,
    "fastest": 0.001540215,
    "average": 0.003000700250664556,
    "requestsPerSec": 16625.521268015495,
    "totalData": 2161458,
    "sizePerRequest": 13,
    "sizePerSec": 216131.77648420143
  },
  "responseTimeHistogram": {
    "0.001540215": 1,
    "0.002828336": 67081,
    "0.0041164570000000004": 95627,
    "0.005404578": 2011,
    "0.006692699000000001": 331,
    "0.00798082": 582,
    "0.009268941000000001": 570,
    "0.010557062": 13,
    "0.011845183": 10,
    "0.013133304": 12,
    "0.014421425": 28
  },
  "latencyPercentiles": {
    "p10": 0.00270621,
    "p25": 0.002780027,
    "p50": 0.002854334,
    "p75": 0.002939657,
    "p90": 0.003657753,
    "p95": 0.003830526,
    "p99": 0.005088162
  },
  "rps": {
    "mean": 16625.593711429377,
    "stddev": 2041.7476646352188,
    "max": 19823.95917606399,
    "percentiles": {
      "p10": 15240.409946973463,
      "p25": 15972.61630550896,
      "p50": 16956.197926788387,
      "p75": 17876.197705246865,
      "p90": 18440.7016573658,
      "p95": 18682.355559778287,
      "p99": 19282.646371010695
    }
  },
  "details": {
    "DNSDialup": {
      "average": 0.0008379831000000001,
      "fastest": 0.000111694,
      "slowest": 0.001155474
    },
    "DNSLookup": {
      "average": 0.0000065867200000000005,
      "fastest": 0.000003206,
      "slowest": 0.000028133
    }
  },
  "statusCodeDistribution": {
    "200": 166266
  },
  "errorDistribution": {}
}